source_text,proposed_ar,translated_text,proposed_disposition,quorum_decision,disposition_rationale,decision_ref,locations,notes
Debit Amount in Reporting Currency,مبلغ المدين بعملة التقارير,مبلغ المدين بعملة التقارير,preserved-site-override,preserved-site-override,Preserve the exact live v16.localhost Site Override; do not import or replace.,stage6-W6-1 Accounts Batch 02 pending-owner-approval 2026-09-26,erpnext/accounts/doctype/account_closing_balance/account_closing_balance.json:None; erpnext/accounts/doctype/gl_entry/gl_entry.json:None,Preserved verbatim from live v16.localhost; not imported
Debit Amount in Transaction Currency,مبلغ المدين بعملة المعاملة,مبلغ المدين بعملة المعاملة,preserved-site-override,preserved-site-override,Preserve the exact live v16.localhost Site Override; do not import or replace.,stage6-W6-1 Accounts Batch 02 pending-owner-approval 2026-09-26,erpnext/accounts/doctype/gl_entry/gl_entry.json:None,Preserved verbatim from live v16.localhost; not imported
"Debit Note will update it's own outstanding amount, even if 'Return Against' is specified.",سيقوم إشعار المدين بتحديث المبلغ المستحق الخاص به، حتى في حال تحديد 'مرتجع مقابل'.,سيقوم إشعار المدين بتحديث المبلغ المستحق الخاص به، حتى في حال تحديد 'مرتجع مقابل'.,PROPOSED-payload,quorum-confirmed-payload,AI draft; requires independent A1/A2/A3 quorum before release.,content:docs/translation/stage6_w601_accounts_batch02_content_evidence_2026-09-27.txt,erpnext/accounts/doctype/purchase_invoice/purchase_invoice.json:None,Released and imported into catalog under version 1.12
Debit-Credit Mismatch,عدم تطابق بين المدين والدائن,عدم تطابق بين المدين والدائن,PROPOSED-payload,quorum-confirmed-payload,AI draft; requires independent A1/A2/A3 quorum before release.,content:docs/translation/stage6_w601_accounts_batch02_content_evidence_2026-09-27.txt,erpnext/accounts/doctype/ledger_health_monitor/ledger_health_monitor.json:None,Released and imported into catalog under version 1.12
Debit-Credit mismatch,عدم تطابق بين المدين والدائن,عدم تطابق بين المدين والدائن,PROPOSED-payload,quorum-confirmed-payload,AI draft; requires independent A1/A2/A3 quorum before release.,content:docs/translation/stage6_w601_accounts_batch02_content_evidence_2026-09-27.txt,erpnext/accounts/doctype/ledger_health/ledger_health.json:None,Released and imported into catalog under version 1.12
Debt Equity Ratio,نسبة الدين إلى حقوق الملكية,نسبة الدين إلى حقوق الملكية,preserved-site-override,preserved-site-override,Preserve the exact live v16.localhost Site Override; do not import or replace.,stage6-W6-1 Accounts Batch 02 pending-owner-approval 2026-09-26,erpnext/accounts/report/financial_ratios/financial_ratios.py:170,Preserved verbatim from live v16.localhost; not imported
Debtor Turnover Ratio,معدل دوران المدينين,معدل دوران المدينين,preserved-site-override,preserved-site-override,Preserve the exact live v16.localhost Site Override; do not import or replace.,stage6-W6-1 Accounts Batch 02 pending-owner-approval 2026-09-26,erpnext/accounts/report/financial_ratios/financial_ratios.py:212,Preserved verbatim from live v16.localhost; not imported
Debtor/Creditor,مدين/دائن,مدين/دائن,PROPOSED-payload,quorum-confirmed-payload,AI draft; requires independent A1/A2/A3 quorum before release.,content:docs/translation/stage6_w601_accounts_batch02_content_evidence_2026-09-27.txt,erpnext/accounts/party.py:617,Released and imported into catalog under version 1.12
Debtor/Creditor Advance,دفعة مقدمة لمدين/دائن,دفعة مقدمة لمدين/دائن,PROPOSED-payload,quorum-confirmed-payload,AI draft; requires independent A1/A2/A3 quorum before release.,content:docs/translation/stage6_w601_accounts_batch02_content_evidence_2026-09-27.txt,erpnext/accounts/party.py:620,Released and imported into catalog under version 1.12
Default Account,الحساب الافتراضي,الحساب الافتراضي,preserved-site-override,preserved-site-override,Preserve the exact live v16.localhost Site Override; do not import or replace.,stage6-W6-1 Accounts Batch 02 pending-owner-approval 2026-09-26,erpnext/accounts/doctype/mode_of_payment_account/mode_of_payment_account.json:None; erpnext/accounts/doctype/party_account/party_account.json:None,Preserved verbatim from live v16.localhost; not imported
Default Advance Account,حساب الدفعة المقدمة الافتراضي,حساب الدفعة المقدمة الافتراضي,preserved-site-override,preserved-site-override,Preserve the exact live v16.localhost Site Override; do not import or replace.,stage6-W6-1 Accounts Batch 02 pending-owner-approval 2026-09-26,erpnext/accounts/doctype/payment_reconciliation/payment_reconciliation.json:None; erpnext/accounts/doctype/process_payment_reconciliation/process_payment_reconciliation.json:None,Preserved verbatim from live v16.localhost; not imported
Deferred Expense Account,حساب المصروف المؤجل,حساب المصروف المؤجل,preserved-site-override,preserved-site-override,Preserve the exact live v16.localhost Site Override; do not import or replace.,stage6-W6-1 Accounts Batch 02 pending-owner-approval 2026-09-26,erpnext/accounts/doctype/purchase_invoice_item/purchase_invoice_item.json:None; erpnext/stock/doctype/item_default/item_default.json:None,Preserved verbatim from live v16.localhost; not imported
Deferred Revenue and Expense,الإيرادات والمصروفات المؤجلة,الإيرادات والمصروفات المؤجلة,preserved-site-override,preserved-site-override,Preserve the exact live v16.localhost Site Override; do not import or replace.,stage6-W6-1 Accounts Batch 02 pending-owner-approval 2026-09-26,erpnext/accounts/report/deferred_revenue_and_expense/deferred_revenue_and_expense.json:None,Preserved verbatim from live v16.localhost; not imported
Deferred accounting failed for some invoices:,فشلت المحاسبة المؤجلة لبعض الفواتير:,فشلت المحاسبة المؤجلة لبعض الفواتير:,PROPOSED-payload,quorum-confirmed-payload,AI draft; requires independent A1/A2/A3 quorum before release.,content:docs/translation/stage6_w601_accounts_batch02_content_evidence_2026-09-27.txt,erpnext/accounts/deferred_revenue.py:543,Released and imported into catalog under version 1.12
Delete Accounting and Stock Ledger Entries on deletion of Transaction,حذف قيود المحاسبة والمخزون عند حذف المعاملة,حذف قيود المحاسبة والمخزون عند حذف المعاملة,preserved-site-override,preserved-site-override,Preserve the exact live v16.localhost Site Override; do not import or replace.,stage6-W6-1 Accounts Batch 02 pending-owner-approval 2026-09-26,erpnext/accounts/doctype/accounts_settings/accounts_settings.json:None,Preserved verbatim from live v16.localhost; not imported
Delete Cancelled Ledger Entries,حذف قيود دفتر الأستاذ الملغاة,حذف قيود دفتر الأستاذ الملغاة,preserved-site-override,preserved-site-override,Preserve the exact live v16.localhost Site Override; do not import or replace.,stage6-W6-1 Accounts Batch 02 pending-owner-approval 2026-09-26,erpnext/accounts/doctype/repost_accounting_ledger/repost_accounting_ledger.json:None,Preserved verbatim from live v16.localhost; not imported
Delimiter options,خيارات الفاصل,خيارات الفاصل,preserved-site-override,preserved-site-override,Preserve the exact live v16.localhost Site Override; do not import or replace.,stage6-W6-1 Accounts Batch 02 pending-owner-approval 2026-09-26,erpnext/accounts/doctype/bank_statement_import/bank_statement_import.json:None,Preserved verbatim from live v16.localhost; not imported
Deposit,إيداع,إيداع,preserved-site-override,preserved-site-override,Preserve the exact live v16.localhost Site Override; do not import or replace.,stage6-W6-1 Accounts Batch 02 pending-owner-approval 2026-09-26,erpnext/accounts/doctype/bank_transaction/bank_transaction.json:None; erpnext/public/js/bank_reconciliation_tool/data_table_manager.js:60,Preserved verbatim from live v16.localhost; not imported
Depreciation eliminated via reversal,تم استبعاد الإهلاك عبر القيد العكسي,تم استبعاد الإهلاك عبر القيد العكسي,PROPOSED-payload,quorum-confirmed-payload,AI draft; requires independent A1/A2/A3 quorum before release.,content:docs/translation/stage6_w601_accounts_batch02_content_evidence_2026-09-27.txt,erpnext/accounts/report/asset_depreciations_and_balances/asset_depreciations_and_balances.py:659,Released and imported into catalog under version 1.12
"Descriptive name for your template (e.g., 'Standard P&L', 'Detailed Balance Sheet')",اسم وصفي لنموذجك (مثال: 'قائمة الأرباح والخسائر القياسية'، 'الميزانية العمومية التفصيلية'),اسم وصفي لنموذجك (مثال: 'قائمة الأرباح والخسائر القياسية'، 'الميزانية العمومية التفصيلية'),PROPOSED-payload,quorum-confirmed-payload,AI draft; requires independent A1/A2/A3 quorum before release.,content:docs/translation/stage6_w601_accounts_batch02_content_evidence_2026-09-27.txt,erpnext/accounts/doctype/financial_report_template/financial_report_template.json:None,Released and imported into catalog under version 1.12
Difference Posting Date,تاريخ ترحيل الفرق,تاريخ ترحيل الفرق,preserved-site-override,preserved-site-override,Preserve the exact live v16.localhost Site Override; do not import or replace.,stage6-W6-1 Accounts Batch 02 pending-owner-approval 2026-09-26,erpnext/accounts/doctype/payment_reconciliation_allocation/payment_reconciliation_allocation.json:None; erpnext/accounts/doctype/process_payment_reconciliation_log_allocations/process_payment_reconciliation_log_allocations.json:None; erpnext/accounts/doctype/purchase_invoice_advance/purchase_invoice_advance.json:None; erpnext/accounts/doctype/sales_invoice_advance/sales_invoice_advance.json:None,Preserved verbatim from live v16.localhost; not imported
Dimension Filter Help,مساعدة تصفية البُعد,مساعدة تصفية البُعد,preserved-site-override,preserved-site-override,Preserve the exact live v16.localhost Site Override; do not import or replace.,stage6-W6-1 Accounts Batch 02 pending-owner-approval 2026-09-26,erpnext/accounts/doctype/accounting_dimension_filter/accounting_dimension_filter.json:None,Preserved verbatim from live v16.localhost; not imported
Dimension-wise Accounts Balance Report,تقرير رصيد الحسابات حسب البُعد,تقرير رصيد الحسابات حسب البُعد,preserved-site-override,preserved-site-override,Preserve the exact live v16.localhost Site Override; do not import or replace.,stage6-W6-1 Accounts Batch 02 pending-owner-approval 2026-09-26,erpnext/accounts/report/dimension_wise_accounts_balance_report/dimension_wise_accounts_balance_report.json:None,Preserved verbatim from live v16.localhost; not imported
Dimensions,الأبعاد,الأبعاد,preserved-site-override,preserved-site-override,Preserve the exact live v16.localhost Site Override; do not import or replace.,stage6-W6-1 Accounts Batch 02 pending-owner-approval 2026-09-26,erpnext/accounts/doctype/gl_entry/gl_entry.json:None,Preserved verbatim from live v16.localhost; not imported
Direct Expense,مصروف مباشر,مصروف مباشر,preserved-site-override,preserved-site-override,Preserve the exact live v16.localhost Site Override; do not import or replace.,stage6-W6-1 Accounts Batch 02 pending-owner-approval 2026-09-26,erpnext/accounts/doctype/account/account.json:None,Preserved verbatim from live v16.localhost; not imported
Disable,تعطيل,تعطيل,preserved-site-override,preserved-site-override,Preserve the exact live v16.localhost Site Override; do not import or replace.,stage6-W6-1 Accounts Batch 02 pending-owner-approval 2026-09-26,erpnext/accounts/doctype/account/account.json:None; erpnext/accounts/doctype/accounting_dimension/accounting_dimension.json:None; erpnext/accounts/doctype/pricing_rule/pricing_rule.json:None; erpnext/accounts/doctype/promotional_scheme/promotional_scheme.json:None; erpnext/accounts/doctype/promotional_scheme_price_discount/promotional_scheme_price_discount.json:None; erpnext/accounts/doctype/promotional_scheme_product_discount/promotional_scheme_product_discount.json:None; erpnext/stock/doctype/putaway_rule/putaway_rule.json:None,Preserved verbatim from live v16.localhost; not imported
Disable Rounded Total,تعطيل الإجمالي المقرب,تعطيل الإجمالي المقرب,preserved-site-override,preserved-site-override,Preserve the exact live v16.localhost Site Override; do not import or replace.,stage6-W6-1 Accounts Batch 02 pending-owner-approval 2026-09-26,erpnext/accounts/doctype/pos_profile/pos_profile.json:None; erpnext/accounts/doctype/purchase_invoice/purchase_invoice.json:None; erpnext/accounts/doctype/sales_invoice/sales_invoice.json:None; erpnext/buying/doctype/purchase_order/purchase_order.json:None; erpnext/buying/doctype/supplier_quotation/supplier_quotation.json:None; erpnext/selling/doctype/quotation/quotation.json:None; erpnext/selling/doctype/sales_order/sales_order.json:None; erpnext/setup/doctype/global_defaults/global_defaults.json:None; erpnext/stock/doctype/delivery_note/delivery_note.json:None; erpnext/stock/doctype/purchase_receipt/purchase_receipt.json:None,Preserved verbatim from live v16.localhost; not imported
Disable template to prevent use in reports,تعطيل النموذج لمنع استخدامه في التقارير,تعطيل النموذج لمنع استخدامه في التقارير,PROPOSED-payload,quorum-confirmed-payload,AI draft; requires independent A1/A2/A3 quorum before release.,content:docs/translation/stage6_w601_accounts_batch02_content_evidence_2026-09-27.txt,erpnext/accounts/doctype/financial_report_template/financial_report_template.json:None,Released and imported into catalog under version 1.12
Discard Changes and Load New Invoice,تجاهل التغييرات وتحميل فاتورة جديدة,تجاهل التغييرات وتحميل فاتورة جديدة,preserved-site-override,preserved-site-override,Preserve the exact live v16.localhost Site Override; do not import or replace.,stage6-W6-1 Accounts Batch 02 pending-owner-approval 2026-09-26,erpnext/accounts/doctype/pos_profile/pos_profile.json:None,Preserved verbatim from live v16.localhost; not imported
Discount (%) on Price List Rate with Margin,نسبة الخصم (%) على سعر قائمة الأسعار مع هامش الربح,نسبة الخصم (%) على سعر قائمة الأسعار مع هامش الربح,PROPOSED-payload,quorum-confirmed-payload,AI draft; requires independent A1/A2/A3 quorum before release.,content:docs/translation/stage6_w601_accounts_batch02_content_evidence_2026-09-27.txt,erpnext/accounts/doctype/pos_invoice_item/pos_invoice_item.json:None; erpnext/accounts/doctype/sales_invoice_item/sales_invoice_item.json:None; erpnext/selling/doctype/quotation_item/quotation_item.json:None; erpnext/selling/doctype/sales_order_item/sales_order_item.json:None; erpnext/stock/doctype/delivery_note_item/delivery_note_item.json:None,Released and imported into catalog under version 1.12
Discount Account,حساب الخصم,حساب الخصم,preserved-site-override,preserved-site-override,Preserve the exact live v16.localhost Site Override; do not import or replace.,stage6-W6-1 Accounts Batch 02 pending-owner-approval 2026-09-26,erpnext/accounts/doctype/sales_invoice/sales_invoice.json:None; erpnext/accounts/doctype/sales_invoice_item/sales_invoice_item.json:None,Preserved verbatim from live v16.localhost; not imported
Discount Amount in Transaction,مبلغ الخصم في المعاملة,مبلغ الخصم في المعاملة,preserved-site-override,preserved-site-override,Preserve the exact live v16.localhost Site Override; do not import or replace.,stage6-W6-1 Accounts Batch 02 pending-owner-approval 2026-09-26,erpnext/accounts/report/calculated_discount_mismatch/calculated_discount_mismatch.py:58,Preserved verbatim from live v16.localhost; not imported
Discount Date,تاريخ الخصم,تاريخ الخصم,preserved-site-override,preserved-site-override,Preserve the exact live v16.localhost Site Override; do not import or replace.,stage6-W6-1 Accounts Batch 02 pending-owner-approval 2026-09-26,erpnext/accounts/doctype/payment_schedule/payment_schedule.json:None,Preserved verbatim from live v16.localhost; not imported
Discount Percentage can be applied either against a Price List or for all Price List.,يمكن تطبيق نسبة الخصم إما على قائمة أسعار محددة أو على جميع قوائم الأسعار.,يمكن تطبيق نسبة الخصم إما على قائمة أسعار محددة أو على جميع قوائم الأسعار.,PROPOSED-payload,quorum-confirmed-payload,AI draft; requires independent A1/A2/A3 quorum before release.,content:docs/translation/stage6_w601_accounts_batch02_content_evidence_2026-09-27.txt,erpnext/accounts/doctype/pricing_rule/pricing_rule.js:42,Released and imported into catalog under version 1.12
Discount Percentage in Transaction,نسبة الخصم في المعاملة,نسبة الخصم في المعاملة,preserved-site-override,preserved-site-override,Preserve the exact live v16.localhost Site Override; do not import or replace.,stage6-W6-1 Accounts Batch 02 pending-owner-approval 2026-09-26,erpnext/accounts/report/calculated_discount_mismatch/calculated_discount_mismatch.py:52,Preserved verbatim from live v16.localhost; not imported
Discount Settings,إعدادات الخصم,إعدادات الخصم,preserved-site-override,preserved-site-override,Preserve the exact live v16.localhost Site Override; do not import or replace.,stage6-W6-1 Accounts Batch 02 pending-owner-approval 2026-09-26,erpnext/accounts/doctype/payment_term/payment_term.json:None; erpnext/accounts/doctype/payment_terms_template_detail/payment_terms_template_detail.json:None,Preserved verbatim from live v16.localhost; not imported
Discount Validity,صلاحية الخصم,صلاحية الخصم,preserved-site-override,preserved-site-override,Preserve the exact live v16.localhost Site Override; do not import or replace.,stage6-W6-1 Accounts Batch 02 pending-owner-approval 2026-09-26,erpnext/accounts/doctype/payment_schedule/payment_schedule.json:None; erpnext/accounts/doctype/payment_term/payment_term.json:None; erpnext/accounts/doctype/payment_terms_template_detail/payment_terms_template_detail.json:None,Preserved verbatim from live v16.localhost; not imported
Discount Validity Based On,صلاحية الخصم بناء على,صلاحية الخصم بناء على,preserved-site-override,preserved-site-override,Preserve the exact live v16.localhost Site Override; do not import or replace.,stage6-W6-1 Accounts Batch 02 pending-owner-approval 2026-09-26,erpnext/accounts/doctype/payment_schedule/payment_schedule.json:None; erpnext/accounts/doctype/payment_term/payment_term.json:None; erpnext/accounts/doctype/payment_terms_template_detail/payment_terms_template_detail.json:None,Preserved verbatim from live v16.localhost; not imported
Discount on Price List Rate (%),الخصم على سعر قائمة الأسعار (%),الخصم على سعر قائمة الأسعار (%),PROPOSED-payload,quorum-confirmed-payload,AI draft; requires independent A1/A2/A3 quorum before release.,content:docs/translation/stage6_w601_accounts_batch02_content_evidence_2026-09-27.txt,erpnext/accounts/doctype/purchase_invoice_item/purchase_invoice_item.json:None; erpnext/buying/doctype/purchase_order_item/purchase_order_item.json:None; erpnext/buying/doctype/supplier_quotation_item/supplier_quotation_item.json:None; erpnext/stock/doctype/purchase_receipt_item/purchase_receipt_item.json:None,Released and imported into catalog under version 1.12
Discounted Amount,المبلغ المخصوم,المبلغ المخصوم,preserved-site-override,preserved-site-override,Preserve the exact live v16.localhost Site Override; do not import or replace.,stage6-W6-1 Accounts Batch 02 pending-owner-approval 2026-09-26,erpnext/accounts/doctype/overdue_payment/overdue_payment.json:None; erpnext/accounts/doctype/payment_schedule/payment_schedule.json:None,Preserved verbatim from live v16.localhost; not imported
"Discounts to be applied in sequential ranges like buy 1 get 1, buy 2 get 2, buy 3 get 3 and so on",خصومات تُطبق في نطاقات متسلسلة مثل اشترِ 1 واحصل على 1، اشترِ 2 واحصل على 2، اشترِ 3 واحصل على 3 وهكذا,خصومات تُطبق في نطاقات متسلسلة مثل اشترِ 1 واحصل على 1، اشترِ 2 واحصل على 2، اشترِ 3 واحصل على 3 وهكذا,PROPOSED-payload,quorum-confirmed-payload,AI draft; requires independent A1/A2/A3 quorum before release.,content:docs/translation/stage6_w601_accounts_batch02_content_evidence_2026-09-27.txt,erpnext/accounts/doctype/pricing_rule/pricing_rule.json:None; erpnext/accounts/doctype/promotional_scheme_product_discount/promotional_scheme_product_discount.json:None,Released and imported into catalog under version 1.12
Discrepancy between General and Payment Ledger,تضارب بين دفتر الأستاذ العام ودفتر أستاذ المدفوعات,تضارب بين دفتر الأستاذ العام ودفتر أستاذ المدفوعات,PROPOSED-payload,quorum-confirmed-payload,AI draft; requires independent A1/A2/A3 quorum before release.,content:docs/translation/stage6_w601_accounts_batch02_content_evidence_2026-09-27.txt,erpnext/accounts/doctype/ledger_health_monitor/ledger_health_monitor.json:None,Released and imported into catalog under version 1.12
Discretionary Reason,سبب تقديري,سبب تقديري,preserved-site-override,preserved-site-override,Preserve the exact live v16.localhost Site Override; do not import or replace.,stage6-W6-1 Accounts Batch 02 pending-owner-approval 2026-09-26,erpnext/accounts/doctype/loyalty_point_entry/loyalty_point_entry.json:None,Preserved verbatim from live v16.localhost; not imported
Dispatch Address,عنوان الإرسال,عنوان الإرسال,preserved-site-override,preserved-site-override,Preserve the exact live v16.localhost Site Override; do not import or replace.,stage6-W6-1 Accounts Batch 02 pending-owner-approval 2026-09-26,erpnext/accounts/doctype/purchase_invoice/purchase_invoice.json:None; erpnext/accounts/doctype/sales_invoice/sales_invoice.json:None; erpnext/buying/doctype/purchase_order/purchase_order.json:None; erpnext/selling/doctype/sales_order/sales_order.json:None; erpnext/stock/doctype/delivery_note/delivery_note.json:None; erpnext/stock/doctype/purchase_receipt/purchase_receipt.json:None,Preserved verbatim from live v16.localhost; not imported
Dispatch Address Name,اسم عنوان الإرسال,اسم عنوان الإرسال,preserved-site-override,preserved-site-override,Preserve the exact live v16.localhost Site Override; do not import or replace.,stage6-W6-1 Accounts Batch 02 pending-owner-approval 2026-09-26,erpnext/accounts/doctype/sales_invoice/sales_invoice.json:None; erpnext/selling/doctype/sales_order/sales_order.json:None; erpnext/stock/doctype/delivery_note/delivery_note.json:None,Preserved verbatim from live v16.localhost; not imported
Display Name,اسم العرض,اسم العرض,preserved-site-override,preserved-site-override,Preserve the exact live v16.localhost Site Override; do not import or replace.,stage6-W6-1 Accounts Batch 02 pending-owner-approval 2026-09-26,erpnext/accounts/doctype/financial_report_row/financial_report_row.json:None,Preserved verbatim from live v16.localhost; not imported
Distribute Equally,توزيع بالتساوي,توزيع بالتساوي,PROPOSED-payload,quorum-confirmed-payload,AI draft; requires independent A1/A2/A3 quorum before release.,content:docs/translation/stage6_w601_accounts_batch02_content_evidence_2026-09-27.txt,erpnext/accounts/doctype/budget/budget.json:None,Released and imported into catalog under version 1.12
Distributed Discount Amount,مبلغ الخصم الموزع,مبلغ الخصم الموزع,preserved-site-override,preserved-site-override,Preserve the exact live v16.localhost Site Override; do not import or replace.,stage6-W6-1 Accounts Batch 02 pending-owner-approval 2026-09-26,erpnext/accounts/doctype/pos_invoice_item/pos_invoice_item.json:None; erpnext/accounts/doctype/purchase_invoice_item/purchase_invoice_item.json:None; erpnext/accounts/doctype/sales_invoice_item/sales_invoice_item.json:None; erpnext/buying/doctype/purchase_order_item/purchase_order_item.json:None; erpnext/buying/doctype/supplier_quotation_item/supplier_quotation_item.json:None; erpnext/selling/doctype/quotation_item/quotation_item.json:None; erpnext/selling/doctype/sales_order_item/sales_order_item.json:None; erpnext/stock/doctype/delivery_note_item/delivery_note_item.json:None; erpnext/stock/doctype/purchase_receipt_item/purchase_receipt_item.json:None,Preserved verbatim from live v16.localhost; not imported
Distribution Frequency,تكرار التوزيع,تكرار التوزيع,preserved-site-override,preserved-site-override,Preserve the exact live v16.localhost Site Override; do not import or replace.,stage6-W6-1 Accounts Batch 02 pending-owner-approval 2026-09-26,erpnext/accounts/doctype/budget/budget.json:None,Preserved verbatim from live v16.localhost; not imported
Do you still want to enable immutable ledger?,هل ما زلت ترغب في تفعيل دفتر الأستاذ غير القابل للتعديل؟,هل ما زلت ترغب في تفعيل دفتر الأستاذ غير القابل للتعديل؟,PROPOSED-payload,quorum-confirmed-payload,AI draft; requires independent A1/A2/A3 quorum before release.,content:docs/translation/stage6_w601_accounts_batch02_content_evidence_2026-09-27.txt,erpnext/accounts/doctype/accounts_settings/accounts_settings.js:15,Released and imported into catalog under version 1.12
Document Type already used as a dimension,نوع المستند مستخدم بالفعل كبُعد,نوع المستند مستخدم بالفعل كبُعد,PROPOSED-payload,quorum-confirmed-payload,AI draft; requires independent A1/A2/A3 quorum before release.,content:docs/translation/stage6_w601_accounts_batch02_content_evidence_2026-09-27.txt,erpnext/accounts/doctype/accounting_dimension/accounting_dimension.py:65,Released and imported into catalog under version 1.12
Documents Processed on each trigger. Queue Size should be between 5 and 100,المستندات المعالجة عند كل مشغل. يجب أن يكون حجم قائمة الانتظار بين 5 و100,المستندات المعالجة عند كل مشغل. يجب أن يكون حجم قائمة الانتظار بين 5 و100,PROPOSED-payload,quorum-confirmed-payload,AI draft; requires independent A1/A2/A3 quorum before release.,content:docs/translation/stage6_w601_accounts_batch02_content_evidence_2026-09-27.txt,erpnext/accounts/doctype/accounts_settings/accounts_settings.json:None,Released and imported into catalog under version 1.12
Documents: {0} have deferred revenue/expense enabled for them. Cannot repost.,المستندات: {0} مفعل لها الإيراد/المصروف المؤجل. لا يمكن إعادة الترحيل.,المستندات: {0} مفعل لها الإيراد/المصروف المؤجل. لا يمكن إعادة الترحيل.,PROPOSED-payload,quorum-confirmed-payload,AI draft; requires independent A1/A2/A3 quorum before release.,content:docs/translation/stage6_w601_accounts_batch02_content_evidence_2026-09-27.txt,erpnext/accounts/doctype/repost_accounting_ledger/repost_accounting_ledger.py:257,Released and imported into catalog under version 1.12
Don't Create Loyalty Points,عدم إنشاء نقاط ولاء,عدم إنشاء نقاط ولاء,PROPOSED-payload,quorum-confirmed-payload,AI draft; requires independent A1/A2/A3 quorum before release.,content:docs/translation/stage6_w601_accounts_batch02_content_evidence_2026-09-27.txt,erpnext/accounts/doctype/sales_invoice/sales_invoice.json:None,Released and imported into catalog under version 1.12
Don't Enforce Free Item Qty,عدم إلزام كمية الصنف المجاني,عدم إلزام كمية الصنف المجاني,PROPOSED-payload,quorum-confirmed-payload,AI draft; requires independent A1/A2/A3 quorum before release.,content:docs/translation/stage6_w601_accounts_batch02_content_evidence_2026-09-27.txt,erpnext/accounts/doctype/pricing_rule/pricing_rule.json:None,Released and imported into catalog under version 1.12
Dont Recompute tax,عدم إعادة احتساب الضريبة,عدم إعادة احتساب الضريبة,PROPOSED-payload,quorum-confirmed-payload,AI draft; requires independent A1/A2/A3 quorum before release.,content:docs/translation/stage6_w601_accounts_batch02_content_evidence_2026-09-27.txt,erpnext/accounts/doctype/sales_taxes_and_charges/sales_taxes_and_charges.json:None,Released and imported into catalog under version 1.12
Dr/Cr,مدين/دائن,مدين/دائن,preserved-site-override,preserved-site-override,Preserve the exact live v16.localhost Site Override; do not import or replace.,stage6-W6-1 Accounts Batch 02 pending-owner-approval 2026-09-26,erpnext/accounts/report/customer_ledger_summary/customer_ledger_summary.py:248,Preserved verbatim from live v16.localhost; not imported
Drop Procedures,إسقاط الإجراءات,إسقاط الإجراءات,preserved-site-override,preserved-site-override,Preserve the exact live v16.localhost Site Override; do not import or replace.,stage6-W6-1 Accounts Batch 02 pending-owner-approval 2026-09-26,erpnext/accounts/doctype/accounts_settings/accounts_settings.json:None,Preserved verbatim from live v16.localhost; not imported
Drops existing SQL Procedures and Function setup by Accounts Receivable report,حذف الإجراءات والدوال المخزنة الحالية في SQL الخاصة بتقرير الذمم المدينة,حذف الإجراءات والدوال المخزنة الحالية في SQL الخاصة بتقرير الذمم المدينة,PROPOSED-payload,quorum-confirmed-payload,AI draft; requires independent A1/A2/A3 quorum before release.,content:docs/translation/stage6_w601_accounts_batch02_content_evidence_2026-09-27.txt,erpnext/accounts/doctype/accounts_settings/accounts_settings.json:None,Released and imported into catalog under version 1.12
Due Date cannot be after {0},لا يمكن أن يكون تاريخ الاستحقاق بعد {0},لا يمكن أن يكون تاريخ الاستحقاق بعد {0},preserved-site-override,preserved-site-override,Preserve the exact live v16.localhost Site Override; do not import or replace.,stage6-W6-1 Accounts Batch 02 pending-owner-approval 2026-09-26,erpnext/accounts/party.py:703,Preserved verbatim from live v16.localhost; not imported
Due Date cannot be before {0},لا يمكن أن يكون تاريخ الاستحقاق قبل {0},لا يمكن أن يكون تاريخ الاستحقاق قبل {0},preserved-site-override,preserved-site-override,Preserve the exact live v16.localhost Site Override; do not import or replace.,stage6-W6-1 Accounts Batch 02 pending-owner-approval 2026-09-26,erpnext/accounts/party.py:679,Preserved verbatim from live v16.localhost; not imported
Dunning Amount (Company Currency),مبلغ المطالبة (عملة الشركة),مبلغ المطالبة (عملة الشركة),preserved-site-override,preserved-site-override,Preserve the exact live v16.localhost Site Override; do not import or replace.,stage6-W6-1 Accounts Batch 02 pending-owner-approval 2026-09-26,erpnext/accounts/doctype/dunning/dunning.json:None,Preserved verbatim from live v16.localhost; not imported
Dunning Level,مستوى المطالبة,مستوى المطالبة,preserved-site-override,preserved-site-override,Preserve the exact live v16.localhost Site Override; do not import or replace.,stage6-W6-1 Accounts Batch 02 pending-owner-approval 2026-09-26,erpnext/accounts/doctype/overdue_payment/overdue_payment.json:None,Preserved verbatim from live v16.localhost; not imported
Duplicate Customer Group,مجموعة عملاء مكررة,مجموعة عملاء مكررة,preserved-site-override,preserved-site-override,Preserve the exact live v16.localhost Site Override; do not import or replace.,stage6-W6-1 Accounts Batch 02 pending-owner-approval 2026-09-26,erpnext/accounts/doctype/pos_profile/pos_profile.py:170,Preserved verbatim from live v16.localhost; not imported
Duplicate Item Group,مجموعة أصناف مكررة,مجموعة أصناف مكررة,preserved-site-override,preserved-site-override,Preserve the exact live v16.localhost Site Override; do not import or replace.,stage6-W6-1 Accounts Batch 02 pending-owner-approval 2026-09-26,erpnext/accounts/doctype/pos_profile/pos_profile.py:164,Preserved verbatim from live v16.localhost; not imported
Duplicate POS Fields,حقول نقطة بيع مكررة,حقول نقطة بيع مكررة,preserved-site-override,preserved-site-override,Preserve the exact live v16.localhost Site Override; do not import or replace.,stage6-W6-1 Accounts Batch 02 pending-owner-approval 2026-09-26,erpnext/accounts/doctype/pos_settings/pos_settings.py:43,Preserved verbatim from live v16.localhost; not imported
Duplicate POS Invoices found,تم العثور على فواتير نقطة بيع مكررة,تم العثور على فواتير نقطة بيع مكررة,preserved-site-override,preserved-site-override,Preserve the exact live v16.localhost Site Override; do not import or replace.,stage6-W6-1 Accounts Batch 02 pending-owner-approval 2026-09-26,erpnext/accounts/doctype/pos_closing_entry/pos_closing_entry.py:104; erpnext/accounts/doctype/pos_invoice_merge_log/pos_invoice_merge_log.py:64,Preserved verbatim from live v16.localhost; not imported
Duplicate Sales Invoices found,تم العثور على فواتير مبيعات مكررة,تم العثور على فواتير مبيعات مكررة,preserved-site-override,preserved-site-override,Preserve the exact live v16.localhost Site Override; do not import or replace.,stage6-W6-1 Accounts Batch 02 pending-owner-approval 2026-09-26,erpnext/accounts/doctype/pos_closing_entry/pos_closing_entry.py:157,Preserved verbatim from live v16.localhost; not imported
Duplicate customer group found in the customer group table,تم العثور على مجموعة عملاء مكررة في جدول مجموعات العملاء,تم العثور على مجموعة عملاء مكررة في جدول مجموعات العملاء,PROPOSED-payload,quorum-confirmed-payload,AI draft; requires independent A1/A2/A3 quorum before release.,content:docs/translation/stage6_w601_accounts_batch02_content_evidence_2026-09-27.txt,erpnext/accounts/doctype/pos_profile/pos_profile.py:169,Released and imported into catalog under version 1.12
Dynamic Condition,شرط ديناميكي,شرط ديناميكي,preserved-site-override,preserved-site-override,Preserve the exact live v16.localhost Site Override; do not import or replace.,stage6-W6-1 Accounts Batch 02 pending-owner-approval 2026-09-26,erpnext/accounts/doctype/pricing_rule/pricing_rule.json:None,Preserved verbatim from live v16.localhost; not imported
Either 'Selling' or 'Buying' must be selected,يجب اختيار إما 'بيع' أو 'شراء',يجب اختيار إما 'بيع' أو 'شراء',PROPOSED-payload,quorum-confirmed-payload,AI draft; requires independent A1/A2/A3 quorum before release.,content:docs/translation/stage6_w601_accounts_batch02_content_evidence_2026-09-27.txt,erpnext/accounts/doctype/promotional_scheme/promotional_scheme.py:147,Released and imported into catalog under version 1.12
Electronic Equipment,معدات إلكترونية,معدات إلكترونية,preserved-site-override,preserved-site-override,Preserve the exact live v16.localhost Site Override; do not import or replace.,stage6-W6-1 Accounts Batch 02 pending-owner-approval 2026-09-26,erpnext/accounts/doctype/account/chart_of_accounts/verified/standard_chart_of_accounts.py:48; erpnext/accounts/doctype/account/chart_of_accounts/verified/standard_chart_of_accounts_with_account_number.py:82,Preserved verbatim from live v16.localhost; not imported
Employee Benefits Obligation,التزام مزايا الموظفين,التزام مزايا الموظفين,preserved-site-override,preserved-site-override,Preserve the exact live v16.localhost Site Override; do not import or replace.,stage6-W6-1 Accounts Batch 02 pending-owner-approval 2026-09-26,erpnext/accounts/doctype/account/chart_of_accounts/verified/standard_chart_of_accounts.py:184; erpnext/accounts/doctype/account/chart_of_accounts/verified/standard_chart_of_accounts_with_account_number.py:322,Preserved verbatim from live v16.localhost; not imported
Enable Automatic Party Matching,تمكين مطابقة الجهات تلقائيا,تمكين مطابقة الجهات تلقائيا,preserved-site-override,preserved-site-override,Preserve the exact live v16.localhost Site Override; do not import or replace.,stage6-W6-1 Accounts Batch 02 pending-owner-approval 2026-09-26,erpnext/accounts/doctype/accounts_settings/accounts_settings.json:None,Preserved verbatim from live v16.localhost; not imported
Enable Common Party Accounting,تمكين محاسبة الجهة المشتركة,تمكين محاسبة الجهة المشتركة,preserved-site-override,preserved-site-override,Preserve the exact live v16.localhost Site Override; do not import or replace.,stage6-W6-1 Accounts Batch 02 pending-owner-approval 2026-09-26,erpnext/accounts/doctype/accounts_settings/accounts_settings.json:None,Preserved verbatim from live v16.localhost; not imported
Enable Fuzzy Matching,تمكين المطابقة التقريبية,تمكين المطابقة التقريبية,preserved-site-override,preserved-site-override,Preserve the exact live v16.localhost Site Override; do not import or replace.,stage6-W6-1 Accounts Batch 02 pending-owner-approval 2026-09-26,erpnext/accounts/doctype/accounts_settings/accounts_settings.json:None,Preserved verbatim from live v16.localhost; not imported
Enable Health Monitor,تمكين مراقب الصحة,تمكين مراقب الصحة,preserved-site-override,preserved-site-override,Preserve the exact live v16.localhost Site Override; do not import or replace.,stage6-W6-1 Accounts Batch 02 pending-owner-approval 2026-09-26,erpnext/accounts/doctype/ledger_health_monitor/ledger_health_monitor.json:None,Preserved verbatim from live v16.localhost; not imported
Enable Immutable Ledger,تمكين دفتر الأستاذ غير القابل للتغيير,تمكين دفتر الأستاذ غير القابل للتغيير,preserved-site-override,preserved-site-override,Preserve the exact live v16.localhost Site Override; do not import or replace.,stage6-W6-1 Accounts Batch 02 pending-owner-approval 2026-09-26,erpnext/accounts/doctype/accounts_settings/accounts_settings.json:None,Preserved verbatim from live v16.localhost; not imported
Enable this checkbox even if you want to set the zero priority,فعّل خانة الاختيار هذه حتى لو كنت ترغب في ضبط الأولوية على صفر,فعّل خانة الاختيار هذه حتى لو كنت ترغب في ضبط الأولوية على صفر,PROPOSED-payload,quorum-confirmed-payload,AI draft; requires independent A1/A2/A3 quorum before release.,content:docs/translation/stage6_w601_accounts_batch02_content_evidence_2026-09-27.txt,erpnext/accounts/doctype/pricing_rule/pricing_rule.json:None,Released and imported into catalog under version 1.12
Enabling this will allow creation of multi-currency invoices against single party account in company currency,تفعيل هذا الخيار سيسمح بإنشاء فواتير متعددة العملات مقابل حساب طرف واحد بعملة الشركة,تفعيل هذا الخيار سيسمح بإنشاء فواتير متعددة العملات مقابل حساب طرف واحد بعملة الشركة,PROPOSED-payload,quorum-confirmed-payload,AI draft; requires independent A1/A2/A3 quorum before release.,content:docs/translation/stage6_w601_accounts_batch02_content_evidence_2026-09-27.txt,erpnext/accounts/doctype/accounts_settings/accounts_settings.json:None,Released and imported into catalog under version 1.12
Enabling this will change the way how cancelled transactions are handled.,تفعيل هذا الخيار سيغير طريقة معالجة المعاملات الملغاة.,تفعيل هذا الخيار سيغير طريقة معالجة المعاملات الملغاة.,PROPOSED-payload,quorum-confirmed-payload,AI draft; requires independent A1/A2/A3 quorum before release.,content:docs/translation/stage6_w601_accounts_batch02_content_evidence_2026-09-27.txt,erpnext/accounts/doctype/accounts_settings/accounts_settings.js:11,Released and imported into catalog under version 1.12
End of the current subscription period,نهاية فترة الاشتراك الحالية,نهاية فترة الاشتراك الحالية,preserved-site-override,preserved-site-override,Preserve the exact live v16.localhost Site Override; do not import or replace.,stage6-W6-1 Accounts Batch 02 pending-owner-approval 2026-09-26,erpnext/accounts/doctype/subscription/subscription.json:None,Preserved verbatim from live v16.localhost; not imported
Enter the Bank Guarantee Number before submitting.,أدخل رقم خطاب الضمان البنكي قبل الإرسال.,أدخل رقم خطاب الضمان البنكي قبل الإرسال.,PROPOSED-payload,quorum-confirmed-payload,AI draft; requires independent A1/A2/A3 quorum before release.,content:docs/translation/stage6_w601_accounts_batch02_content_evidence_2026-09-27.txt,erpnext/accounts/doctype/bank_guarantee/bank_guarantee.py:51,Released and imported into catalog under version 1.12
Enter the name of the Beneficiary before submitting.,أدخل اسم المستفيد قبل الإرسال.,أدخل اسم المستفيد قبل الإرسال.,PROPOSED-payload,quorum-confirmed-payload,AI draft; requires independent A1/A2/A3 quorum before release.,content:docs/translation/stage6_w601_accounts_batch02_content_evidence_2026-09-27.txt,erpnext/accounts/doctype/bank_guarantee/bank_guarantee.py:53,Released and imported into catalog under version 1.12
Enter the name of the bank or lending institution before submitting.,أدخل اسم البنك أو مؤسسة الإقراض قبل الإرسال.,أدخل اسم البنك أو مؤسسة الإقراض قبل الإرسال.,PROPOSED-payload,quorum-confirmed-payload,AI draft; requires independent A1/A2/A3 quorum before release.,content:docs/translation/stage6_w601_accounts_batch02_content_evidence_2026-09-27.txt,erpnext/accounts/doctype/bank_guarantee/bank_guarantee.py:55,Released and imported into catalog under version 1.12
Error Occurred,حدث خطأ,حدث خطأ,preserved-site-override,preserved-site-override,Preserve the exact live v16.localhost Site Override; do not import or replace.,stage6-W6-1 Accounts Batch 02 pending-owner-approval 2026-09-26,erpnext/accounts/doctype/opening_invoice_creation_tool/opening_invoice_creation_tool.py:277,Preserved verbatim from live v16.localhost; not imported
Error in party matching for Bank Transaction {0},خطأ في مطابقة الطرف للمعاملة البنكية {0},خطأ في مطابقة الطرف للمعاملة البنكية {0},PROPOSED-payload,quorum-confirmed-payload,AI draft; requires independent A1/A2/A3 quorum before release.,content:docs/translation/stage6_w601_accounts_batch02_content_evidence_2026-09-27.txt,erpnext/accounts/doctype/bank_transaction/bank_transaction.py:307,Released and imported into catalog under version 1.12
Error while processing deferred accounting for {0},خطأ أثناء معالجة المحاسبة المؤجلة لـ {0},خطأ أثناء معالجة المحاسبة المؤجلة لـ {0},PROPOSED-payload,quorum-confirmed-payload,AI draft; requires independent A1/A2/A3 quorum before release.,content:docs/translation/stage6_w601_accounts_batch02_content_evidence_2026-09-27.txt,erpnext/accounts/deferred_revenue.py:541,Released and imported into catalog under version 1.12
"Even if there are multiple Pricing Rules with highest priority, then following internal priorities are applied:",حتى لو وُجدت قواعد تسعير متعددة بأعلى أولوية، يتم تطبيق الأولويات الداخلية التالية:,حتى لو وُجدت قواعد تسعير متعددة بأعلى أولوية، يتم تطبيق الأولويات الداخلية التالية:,PROPOSED-payload,quorum-confirmed-payload,AI draft; requires independent A1/A2/A3 quorum before release.,content:docs/translation/stage6_w601_accounts_batch02_content_evidence_2026-09-27.txt,erpnext/accounts/doctype/pricing_rule/pricing_rule.js:48,Released and imported into catalog under version 1.12
Example URL,مثال رابط,مثال رابط,preserved-site-override,preserved-site-override,Preserve the exact live v16.localhost Site Override; do not import or replace.,stage6-W6-1 Accounts Batch 02 pending-owner-approval 2026-09-26,erpnext/accounts/doctype/currency_exchange_settings/currency_exchange_settings.json:None,Preserved verbatim from live v16.localhost; not imported
Excluded Fee,رسوم مستثناة,رسوم مستثناة,preserved-site-override,preserved-site-override,Preserve the exact live v16.localhost Site Override; do not import or replace.,stage6-W6-1 Accounts Batch 02 pending-owner-approval 2026-09-26,erpnext/accounts/doctype/bank_transaction/bank_transaction.json:None,Preserved verbatim from live v16.localhost; not imported
Exempted Role,الدور المعفى,الدور المعفى,PROPOSED-payload,quorum-confirmed-payload,AI draft; requires independent A1/A2/A3 quorum before release.,content:docs/translation/stage6_w601_accounts_batch02_content_evidence_2026-09-27.txt,erpnext/accounts/doctype/accounting_period/accounting_period.json:None,Released and imported into catalog under version 1.12
Expected,المتوقع,المتوقع,preserved-site-override,preserved-site-override,Preserve the exact live v16.localhost Site Override; do not import or replace.,stage6-W6-1 Accounts Batch 02 pending-owner-approval 2026-09-26,erpnext/accounts/report/deferred_revenue_and_expense/deferred_revenue_and_expense.py:444,Preserved verbatim from live v16.localhost; not imported
Extended Bank Statement,كشف بنك موسع,كشف بنك موسع,preserved-site-override,preserved-site-override,Preserve the exact live v16.localhost Site Override; do not import or replace.,stage6-W6-1 Accounts Batch 02 pending-owner-approval 2026-09-26,erpnext/accounts/doctype/bank_transaction/bank_transaction.json:None,Preserved verbatim from live v16.localhost; not imported
Failed to parse MT940 format. Error: {0},فشل تحليل تنسيق MT940. الخطأ: {0},فشل تحليل تنسيق MT940. الخطأ: {0},PROPOSED-payload,quorum-confirmed-payload,AI draft; requires independent A1/A2/A3 quorum before release.,content:docs/translation/stage6_w601_accounts_batch02_content_evidence_2026-09-27.txt,erpnext/accounts/doctype/bank_statement_import/bank_statement_import.py:164,Released and imported into catalog under version 1.12
Failure Description,وصف الفشل,وصف الفشل,preserved-site-override,preserved-site-override,Preserve the exact live v16.localhost Site Override; do not import or replace.,stage6-W6-1 Accounts Batch 02 pending-owner-approval 2026-09-26,erpnext/accounts/doctype/pos_closing_entry/pos_closing_entry.json:None,Preserved verbatim from live v16.localhost; not imported
Failure: {0},فشل: {0},فشل: {0},preserved-site-override,preserved-site-override,Preserve the exact live v16.localhost Site Override; do not import or replace.,stage6-W6-1 Accounts Batch 02 pending-owner-approval 2026-09-26,erpnext/accounts/doctype/payment_request/payment_request.js:37,Preserved verbatim from live v16.localhost; not imported
Fetch Overdue Payments,جلب المدفوعات المتأخرة,جلب المدفوعات المتأخرة,preserved-site-override,preserved-site-override,Preserve the exact live v16.localhost Site Override; do not import or replace.,stage6-W6-1 Accounts Batch 02 pending-owner-approval 2026-09-26,erpnext/accounts/doctype/dunning/dunning.js:61,Preserved verbatim from live v16.localhost; not imported
Fetch Timesheet,جلب جدول الساعات,جلب جدول الساعات,preserved-site-override,preserved-site-override,Preserve the exact live v16.localhost Site Override; do not import or replace.,stage6-W6-1 Accounts Batch 02 pending-owner-approval 2026-09-26,erpnext/accounts/doctype/sales_invoice/sales_invoice.js:1047,Preserved verbatim from live v16.localhost; not imported
Fetch Valuation Rate for Internal Transaction,جلب سعر التقييم للمعاملة الداخلية,جلب سعر التقييم للمعاملة الداخلية,preserved-site-override,preserved-site-override,Preserve the exact live v16.localhost Site Override; do not import or replace.,stage6-W6-1 Accounts Batch 02 pending-owner-approval 2026-09-26,erpnext/accounts/doctype/accounts_settings/accounts_settings.json:None,Preserved verbatim from live v16.localhost; not imported
Fetching exchange rates ...,جار جلب أسعار الصرف ...,جار جلب أسعار الصرف ...,preserved-site-override,preserved-site-override,Preserve the exact live v16.localhost Site Override; do not import or replace.,stage6-W6-1 Accounts Batch 02 pending-owner-approval 2026-09-26,erpnext/accounts/doctype/dunning/dunning.js:135; erpnext/public/js/controllers/transaction.js:1476,Preserved verbatim from live v16.localhost; not imported
Filter by Reference Date,تصفية حسب تاريخ المرجع,تصفية حسب تاريخ المرجع,preserved-site-override,preserved-site-override,Preserve the exact live v16.localhost Site Override; do not import or replace.,stage6-W6-1 Accounts Batch 02 pending-owner-approval 2026-09-26,erpnext/accounts/doctype/bank_reconciliation_tool/bank_reconciliation_tool.json:None,Preserved verbatim from live v16.localhost; not imported
Filter on Invoice,تصفية حسب الفاتورة,تصفية حسب الفاتورة,preserved-site-override,preserved-site-override,Preserve the exact live v16.localhost Site Override; do not import or replace.,stage6-W6-1 Accounts Batch 02 pending-owner-approval 2026-09-26,erpnext/accounts/doctype/payment_reconciliation/payment_reconciliation.json:None,Preserved verbatim from live v16.localhost; not imported
Filter on Payment,تصفية حسب الدفع,تصفية حسب الدفع,preserved-site-override,preserved-site-override,Preserve the exact live v16.localhost Site Override; do not import or replace.,stage6-W6-1 Accounts Batch 02 pending-owner-approval 2026-09-26,erpnext/accounts/doctype/payment_reconciliation/payment_reconciliation.json:None,Preserved verbatim from live v16.localhost; not imported
Filters missing,عوامل التصفية مفقودة,عوامل التصفية مفقودة,preserved-site-override,preserved-site-override,Preserve the exact live v16.localhost Site Override; do not import or replace.,stage6-W6-1 Accounts Batch 02 pending-owner-approval 2026-09-26,erpnext/accounts/report/invalid_ledger_entries/invalid_ledger_entries.py:74,Preserved verbatim from live v16.localhost; not imported
Financial Ratios,النسب المالية,النسب المالية,preserved-site-override,preserved-site-override,Preserve the exact live v16.localhost Site Override; do not import or replace.,stage6-W6-1 Accounts Batch 02 pending-owner-approval 2026-09-26,erpnext/accounts/report/financial_ratios/financial_ratios.json:None,Preserved verbatim from live v16.localhost; not imported
Financial Report Row,صف التقرير المالي,صف التقرير المالي,preserved-site-override,preserved-site-override,Preserve the exact live v16.localhost Site Override; do not import or replace.,stage6-W6-1 Accounts Batch 02 pending-owner-approval 2026-09-26,erpnext/accounts/doctype/financial_report_row/financial_report_row.json:None,Preserved verbatim from live v16.localhost; not imported
Financial Report Template,قالب التقرير المالي,قالب التقرير المالي,preserved-site-override,preserved-site-override,Preserve the exact live v16.localhost Site Override; do not import or replace.,stage6-W6-1 Accounts Batch 02 pending-owner-approval 2026-09-26,erpnext/accounts/doctype/financial_report_template/financial_report_template.json:None,Preserved verbatim from live v16.localhost; not imported
Financial Report Template {0} is disabled,نموذج التقرير المالي {0} معطل,نموذج التقرير المالي {0} معطل,PROPOSED-payload,quorum-confirmed-payload,AI draft; requires independent A1/A2/A3 quorum before release.,content:docs/translation/stage6_w601_accounts_batch02_content_evidence_2026-09-27.txt,erpnext/accounts/doctype/financial_report_template/financial_report_engine.py:242,Released and imported into catalog under version 1.12
Financial Report Template {0} not found,لم يتم العثور على نموذج التقرير المالي {0},لم يتم العثور على نموذج التقرير المالي {0},PROPOSED-payload,quorum-confirmed-payload,AI draft; requires independent A1/A2/A3 quorum before release.,content:docs/translation/stage6_w601_accounts_batch02_content_evidence_2026-09-27.txt,erpnext/accounts/doctype/financial_report_template/financial_report_engine.py:239,Released and imported into catalog under version 1.12
Financial Reports,التقارير المالية,التقارير المالية,preserved-site-override,preserved-site-override,Preserve the exact live v16.localhost Site Override; do not import or replace.,stage6-W6-1 Accounts Batch 02 pending-owner-approval 2026-09-26,erpnext/accounts/workspace/financial_reports/financial_reports.json:None,Preserved verbatim from live v16.localhost; not imported
Fiscal Year {0} is not available for Company {1}.,السنة المالية {0} غير متاحة للشركة {1}.,السنة المالية {0} غير متاحة للشركة {1}.,preserved-site-override,preserved-site-override,Preserve the exact live v16.localhost Site Override; do not import or replace.,stage6-W6-1 Accounts Batch 02 pending-owner-approval 2026-09-26,erpnext/accounts/doctype/budget/budget.py:97,Preserved verbatim from live v16.localhost; not imported
Fixed Asset Turnover Ratio,معدل دوران الأصول الثابتة,معدل دوران الأصول الثابتة,preserved-site-override,preserved-site-override,Preserve the exact live v16.localhost Site Override; do not import or replace.,stage6-W6-1 Accounts Batch 02 pending-owner-approval 2026-09-26,erpnext/accounts/report/financial_ratios/financial_ratios.py:211,Preserved verbatim from live v16.localhost; not imported
For dunning fee and interest,لرسوم التذكير بالدفع والفائدة,لرسوم التذكير بالدفع والفائدة,PROPOSED-payload,quorum-confirmed-payload,AI draft; requires independent A1/A2/A3 quorum before release.,content:docs/translation/stage6_w601_accounts_batch02_content_evidence_2026-09-27.txt,erpnext/accounts/doctype/dunning/dunning.json:None,Released and imported into catalog under version 1.12
Force-Fetch Subscription Updates,فرض جلب تحديثات الاشتراك,فرض جلب تحديثات الاشتراك,PROPOSED-payload,quorum-confirmed-payload,AI draft; requires independent A1/A2/A3 quorum before release.,content:docs/translation/stage6_w601_accounts_batch02_content_evidence_2026-09-27.txt,erpnext/accounts/doctype/subscription/subscription.js:42,Released and imported into catalog under version 1.12
Formula or Account Filter,صيغة أو عامل تصفية الحساب,صيغة أو عامل تصفية الحساب,preserved-site-override,preserved-site-override,Preserve the exact live v16.localhost Site Override; do not import or replace.,stage6-W6-1 Accounts Batch 02 pending-owner-approval 2026-09-26,erpnext/accounts/doctype/financial_report_row/financial_report_row.json:None,Preserved verbatim from live v16.localhost; not imported
Free Item Rate,سعر الصنف المجاني,سعر الصنف المجاني,PROPOSED-payload,quorum-confirmed-payload,AI draft; requires independent A1/A2/A3 quorum before release.,content:docs/translation/stage6_w601_accounts_batch02_content_evidence_2026-09-27.txt,erpnext/accounts/doctype/pricing_rule/pricing_rule.json:None,Released and imported into catalog under version 1.12
From Date and To Date are mandatory,تاريخ من وتاريخ إلى إلزاميان,تاريخ من وتاريخ إلى إلزاميان,preserved-site-override,preserved-site-override,Preserve the exact live v16.localhost Site Override; do not import or replace.,stage6-W6-1 Accounts Batch 02 pending-owner-approval 2026-09-26,erpnext/accounts/report/financial_statements.py:138,Preserved verbatim from live v16.localhost; not imported
From Date: {0} cannot be greater than To date: {1},من تاريخ: {0} لا يمكن أن يكون أكبر من إلى تاريخ: {1},من تاريخ: {0} لا يمكن أن يكون أكبر من إلى تاريخ: {1},PROPOSED-payload,quorum-confirmed-payload,AI draft; requires independent A1/A2/A3 quorum before release.,content:docs/translation/stage6_w601_accounts_batch02_content_evidence_2026-09-27.txt,erpnext/accounts/doctype/bisect_accounting_statements/bisect_accounting_statements.py:43,Released and imported into catalog under version 1.12
From External Ecomm Platform,من منصة تجارة إلكترونية خارجية,من منصة تجارة إلكترونية خارجية,PROPOSED-payload,quorum-confirmed-payload,AI draft; requires independent A1/A2/A3 quorum before release.,content:docs/translation/stage6_w601_accounts_batch02_content_evidence_2026-09-27.txt,erpnext/accounts/doctype/coupon_code/coupon_code.json:None,Released and imported into catalog under version 1.12
From Fiscal Year cannot be greater than To Fiscal Year,السنة المالية 'من' لا يمكن أن تكون أكبر من السنة المالية 'إلى',السنة المالية 'من' لا يمكن أن تكون أكبر من السنة المالية 'إلى',PROPOSED-payload,quorum-confirmed-payload,AI draft; requires independent A1/A2/A3 quorum before release.,content:docs/translation/stage6_w601_accounts_batch02_content_evidence_2026-09-27.txt,erpnext/accounts/doctype/budget/budget.py:110,Released and imported into catalog under version 1.12
From Payment Date,من تاريخ الدفع,من تاريخ الدفع,preserved-site-override,preserved-site-override,Preserve the exact live v16.localhost Site Override; do not import or replace.,stage6-W6-1 Accounts Batch 02 pending-owner-approval 2026-09-26,erpnext/accounts/doctype/payment_reconciliation/payment_reconciliation.json:None; erpnext/accounts/doctype/process_payment_reconciliation/process_payment_reconciliation.json:None,Preserved verbatim from live v16.localhost; not imported
From Reference Date,من تاريخ المرجع,من تاريخ المرجع,preserved-site-override,preserved-site-override,Preserve the exact live v16.localhost Site Override; do not import or replace.,stage6-W6-1 Accounts Batch 02 pending-owner-approval 2026-09-26,erpnext/accounts/doctype/bank_reconciliation_tool/bank_reconciliation_tool.json:None,Preserved verbatim from live v16.localhost; not imported
Furniture and Fixtures,الأثاث والتجهيزات,الأثاث والتجهيزات,preserved-site-override,preserved-site-override,Preserve the exact live v16.localhost Site Override; do not import or replace.,stage6-W6-1 Accounts Batch 02 pending-owner-approval 2026-09-26,erpnext/accounts/doctype/account/chart_of_accounts/verified/standard_chart_of_accounts.py:52; erpnext/accounts/doctype/account/chart_of_accounts/verified/standard_chart_of_accounts_with_account_number.py:87,Preserved verbatim from live v16.localhost; not imported
Further cost centers can be made under Groups but entries can be made against non-Groups,يمكن إنشاء مراكز تكلفة فرعية تحت المجموعات ولكن يمكن إجراء القيود على الحسابات غير التابعة لمجموعات,يمكن إنشاء مراكز تكلفة فرعية تحت المجموعات ولكن يمكن إجراء القيود على الحسابات غير التابعة لمجموعات,PROPOSED-payload,quorum-confirmed-payload,AI draft; requires independent A1/A2/A3 quorum before release.,content:docs/translation/stage6_w601_accounts_batch02_content_evidence_2026-09-27.txt,erpnext/accounts/doctype/cost_center/cost_center_tree.js:31,Released and imported into catalog under version 1.12
GENERAL LEDGER,دفتر الأستاذ العام,دفتر الأستاذ العام,preserved-site-override,preserved-site-override,Preserve the exact live v16.localhost Site Override; do not import or replace.,stage6-W6-1 Accounts Batch 02 pending-owner-approval 2026-09-26,erpnext/accounts/doctype/process_statement_of_accounts/process_statement_of_accounts.html:16,Preserved verbatim from live v16.localhost; not imported
GL Entry Processing Status,حالة معالجة قيد دفتر الأستاذ العام,حالة معالجة قيد دفتر الأستاذ العام,preserved-site-override,preserved-site-override,Preserve the exact live v16.localhost Site Override; do not import or replace.,stage6-W6-1 Accounts Batch 02 pending-owner-approval 2026-09-26,erpnext/accounts/doctype/period_closing_voucher/period_closing_voucher.json:None,Preserved verbatim from live v16.localhost; not imported
Gain/Loss accumulated in foreign currency account. Accounts with '0' balance in either Base or Account currency,الأرباح/الخسائر المتراكمة في حساب العملة الأجنبية. الحسابات ذات الرصيد '0' إما بالعملة الأساسية أو بعملة الحساب,الأرباح/الخسائر المتراكمة في حساب العملة الأجنبية. الحسابات ذات الرصيد '0' إما بالعملة الأساسية أو بعملة الحساب,PROPOSED-payload,quorum-confirmed-payload,AI draft; requires independent A1/A2/A3 quorum before release.,content:docs/translation/stage6_w601_accounts_batch02_content_evidence_2026-09-27.txt,erpnext/accounts/doctype/exchange_rate_revaluation/exchange_rate_revaluation.json:None,Released and imported into catalog under version 1.12
Gain/Loss already booked,ربح/خسارة مسجلة مسبقا,ربح/خسارة مسجلة مسبقا,preserved-site-override,preserved-site-override,Preserve the exact live v16.localhost Site Override; do not import or replace.,stage6-W6-1 Accounts Batch 02 pending-owner-approval 2026-09-26,erpnext/accounts/doctype/exchange_rate_revaluation/exchange_rate_revaluation.json:None,Preserved verbatim from live v16.localhost; not imported
Gain/Loss from Revaluation,ربح/خسارة من إعادة التقييم,ربح/خسارة من إعادة التقييم,preserved-site-override,preserved-site-override,Preserve the exact live v16.localhost Site Override; do not import or replace.,stage6-W6-1 Accounts Batch 02 pending-owner-approval 2026-09-26,erpnext/accounts/doctype/exchange_rate_revaluation/exchange_rate_revaluation.json:None,Preserved verbatim from live v16.localhost; not imported
General and Payment Ledger Comparison,مقارنة دفتر الأستاذ العام ودفتر أستاذ الدفع,مقارنة دفتر الأستاذ العام ودفتر أستاذ الدفع,preserved-site-override,preserved-site-override,Preserve the exact live v16.localhost Site Override; do not import or replace.,stage6-W6-1 Accounts Batch 02 pending-owner-approval 2026-09-26,erpnext/accounts/report/general_and_payment_ledger_comparison/general_and_payment_ledger_comparison.json:None,Preserved verbatim from live v16.localhost; not imported
General and Payment Ledger mismatch,عدم تطابق دفتر الأستاذ العام ودفتر أستاذ الدفع,عدم تطابق دفتر الأستاذ العام ودفتر أستاذ الدفع,preserved-site-override,preserved-site-override,Preserve the exact live v16.localhost Site Override; do not import or replace.,stage6-W6-1 Accounts Batch 02 pending-owner-approval 2026-09-26,erpnext/accounts/doctype/ledger_health/ledger_health.json:None,Preserved verbatim from live v16.localhost; not imported
Generate E-Invoice,إنشاء فاتورة إلكترونية,إنشاء فاتورة إلكترونية,PROPOSED-payload,quorum-confirmed-payload,AI draft; requires independent A1/A2/A3 quorum before release.,content:docs/translation/stage6_w601_accounts_batch02_content_evidence_2026-09-27.txt,erpnext/accounts/doctype/sales_invoice/regional/italy.js:4,Released and imported into catalog under version 1.12
Generate Invoice At,إنشاء الفاتورة عند,إنشاء الفاتورة عند,preserved-site-override,preserved-site-override,Preserve the exact live v16.localhost Site Override; do not import or replace.,stage6-W6-1 Accounts Batch 02 pending-owner-approval 2026-09-26,erpnext/accounts/doctype/subscription/subscription.json:None,Preserved verbatim from live v16.localhost; not imported
Generated,تم إنشاؤه,تم إنشاؤه,preserved-site-override,preserved-site-override,Preserve the exact live v16.localhost Site Override; do not import or replace.,stage6-W6-1 Accounts Batch 02 pending-owner-approval 2026-09-26,erpnext/accounts/doctype/bisect_nodes/bisect_nodes.json:None,Preserved verbatim from live v16.localhost; not imported
Generating Preview,جار إنشاء المعاينة,جار إنشاء المعاينة,preserved-site-override,preserved-site-override,Preserve the exact live v16.localhost Site Override; do not import or replace.,stage6-W6-1 Accounts Batch 02 pending-owner-approval 2026-09-26,erpnext/accounts/doctype/repost_accounting_ledger/repost_accounting_ledger.js:30,Preserved verbatim from live v16.localhost; not imported
Get Allocations,جلب التخصيصات,جلب التخصيصات,preserved-site-override,preserved-site-override,Preserve the exact live v16.localhost Site Override; do not import or replace.,stage6-W6-1 Accounts Batch 02 pending-owner-approval 2026-09-26,erpnext/accounts/doctype/unreconcile_payment/unreconcile_payment.json:None,Preserved verbatim from live v16.localhost; not imported
Get Timesheets,جلب جداول الساعات,جلب جداول الساعات,preserved-site-override,preserved-site-override,Preserve the exact live v16.localhost Site Override; do not import or replace.,stage6-W6-1 Accounts Batch 02 pending-owner-approval 2026-09-26,erpnext/accounts/doctype/sales_invoice/sales_invoice.js:1099,Preserved verbatim from live v16.localhost; not imported
Give free item for every N quantity,منح صنف مجاني لكل كمية N,منح صنف مجاني لكل كمية N,preserved-site-override,preserved-site-override,Preserve the exact live v16.localhost Site Override; do not import or replace.,stage6-W6-1 Accounts Batch 02 pending-owner-approval 2026-09-26,erpnext/accounts/doctype/pricing_rule/pricing_rule.json:None; erpnext/accounts/doctype/promotional_scheme_product_discount/promotional_scheme_product_discount.json:None,Preserved verbatim from live v16.localhost; not imported
Grant Commission,منح عمولة,منح عمولة,preserved-site-override,preserved-site-override,Preserve the exact live v16.localhost Site Override; do not import or replace.,stage6-W6-1 Accounts Batch 02 pending-owner-approval 2026-09-26,erpnext/accounts/doctype/pos_invoice_item/pos_invoice_item.json:None; erpnext/accounts/doctype/sales_invoice_item/sales_invoice_item.json:None; erpnext/selling/doctype/sales_order_item/sales_order_item.json:None; erpnext/stock/doctype/delivery_note_item/delivery_note_item.json:None; erpnext/stock/doctype/item/item.json:None,Preserved verbatim from live v16.localhost; not imported
Gross Profit Percent,نسبة إجمالي الربح,نسبة إجمالي الربح,preserved-site-override,preserved-site-override,Preserve the exact live v16.localhost Site Override; do not import or replace.,stage6-W6-1 Accounts Batch 02 pending-owner-approval 2026-09-26,erpnext/accounts/report/gross_profit/gross_profit.py:371,Preserved verbatim from live v16.localhost; not imported
Gross Profit Ratio,نسبة إجمالي الربح,نسبة إجمالي الربح,preserved-site-override,preserved-site-override,Preserve the exact live v16.localhost Site Override; do not import or replace.,stage6-W6-1 Accounts Batch 02 pending-owner-approval 2026-09-26,erpnext/accounts/report/financial_ratios/financial_ratios.py:171,Preserved verbatim from live v16.localhost; not imported
Growth View,عرض النمو,عرض النمو,preserved-site-override,preserved-site-override,Preserve the exact live v16.localhost Site Override; do not import or replace.,stage6-W6-1 Accounts Batch 02 pending-owner-approval 2026-09-26,erpnext/accounts/report/balance_sheet/balance_sheet.js:32; erpnext/accounts/report/profit_and_loss_statement/profit_and_loss_statement.js:32,Preserved verbatim from live v16.localhost; not imported
Handle Employee Advances,معالجة سلف الموظفين,معالجة سلف الموظفين,preserved-site-override,preserved-site-override,Preserve the exact live v16.localhost Site Override; do not import or replace.,stage6-W6-1 Accounts Batch 02 pending-owner-approval 2026-09-26,erpnext/accounts/report/accounts_payable/accounts_payable.js:150,Preserved verbatim from live v16.localhost; not imported
Has Item Scanned,تم مسح الصنف,تم مسح الصنف,preserved-site-override,preserved-site-override,Preserve the exact live v16.localhost Site Override; do not import or replace.,stage6-W6-1 Accounts Batch 02 pending-owner-approval 2026-09-26,erpnext/accounts/doctype/pos_invoice_item/pos_invoice_item.json:None; erpnext/accounts/doctype/sales_invoice_item/sales_invoice_item.json:None; erpnext/stock/doctype/delivery_note_item/delivery_note_item.json:None; erpnext/stock/doctype/purchase_receipt_item/purchase_receipt_item.json:None; erpnext/stock/doctype/stock_entry_detail/stock_entry_detail.json:None; erpnext/stock/doctype/stock_reconciliation_item/stock_reconciliation_item.json:None,Preserved verbatim from live v16.localhost; not imported
Has Priority,له أولوية,له أولوية,preserved-site-override,preserved-site-override,Preserve the exact live v16.localhost Site Override; do not import or replace.,stage6-W6-1 Accounts Batch 02 pending-owner-approval 2026-09-26,erpnext/accounts/doctype/pricing_rule/pricing_rule.json:None,Preserved verbatim from live v16.localhost; not imported
Has Subcontracted,يوجد مقاولات باطن,يوجد مقاولات باطن,preserved-site-override,preserved-site-override,Preserve the exact live v16.localhost Site Override; do not import or replace.,stage6-W6-1 Accounts Batch 02 pending-owner-approval 2026-09-26,erpnext/accounts/doctype/sales_invoice/sales_invoice.json:None,Preserved verbatim from live v16.localhost; not imported
Heads (or groups) against which Accounting Entries are made and balances are maintained.,الحسابات الرئيسية (أو المجموعات) التي يتم إنشاء القيود المحاسبية مقابلها والاحتفاظ بأرصدتها.,الحسابات الرئيسية (أو المجموعات) التي يتم إنشاء القيود المحاسبية مقابلها والاحتفاظ بأرصدتها.,PROPOSED-payload,quorum-confirmed-payload,AI draft; requires independent A1/A2/A3 quorum before release.,content:docs/translation/stage6_w601_accounts_batch02_content_evidence_2026-09-27.txt,erpnext/accounts/doctype/account/account.json:None,Released and imported into catalog under version 1.12
Helps you distribute the Budget/Target across months if you have seasonality in your business.,يساعدك على توزيع الميزانية/المستهدف عبر الأشهر إذا كانت أعمالك تتسم بالموسمية.,يساعدك على توزيع الميزانية/المستهدف عبر الأشهر إذا كانت أعمالك تتسم بالموسمية.,PROPOSED-payload,quorum-confirmed-payload,AI draft; requires independent A1/A2/A3 quorum before release.,content:docs/translation/stage6_w601_accounts_batch02_content_evidence_2026-09-27.txt,erpnext/accounts/doctype/monthly_distribution/monthly_distribution.json:None,Released and imported into catalog under version 1.12
Hidden Line (Internal Use Only),سطر مخفي (للاستخدام الداخلي فقط),سطر مخفي (للاستخدام الداخلي فقط),preserved-site-override,preserved-site-override,Preserve the exact live v16.localhost Site Override; do not import or replace.,stage6-W6-1 Accounts Batch 02 pending-owner-approval 2026-09-26,erpnext/accounts/doctype/financial_report_row/financial_report_row.json:None,Preserved verbatim from live v16.localhost; not imported
Hide If Zero,إخفاء إذا كان صفرا,إخفاء إذا كان صفرا,preserved-site-override,preserved-site-override,Preserve the exact live v16.localhost Site Override; do not import or replace.,stage6-W6-1 Accounts Batch 02 pending-owner-approval 2026-09-26,erpnext/accounts/doctype/financial_report_row/financial_report_row.json:None,Preserved verbatim from live v16.localhost; not imported
Hide Images,إخفاء الصور,إخفاء الصور,preserved-site-override,preserved-site-override,Preserve the exact live v16.localhost Site Override; do not import or replace.,stage6-W6-1 Accounts Batch 02 pending-owner-approval 2026-09-26,erpnext/accounts/doctype/pos_profile/pos_profile.json:None,Preserved verbatim from live v16.localhost; not imported
Hide this line if amount is zero,إخفاء هذا السطر إذا كان المبلغ صفراً,إخفاء هذا السطر إذا كان المبلغ صفراً,PROPOSED-payload,quorum-confirmed-payload,AI draft; requires independent A1/A2/A3 quorum before release.,content:docs/translation/stage6_w601_accounts_batch02_content_evidence_2026-09-27.txt,erpnext/accounts/doctype/financial_report_row/financial_report_row.json:None,Released and imported into catalog under version 1.12
How Pricing Rule is applied?,كيف يتم تطبيق قاعدة التسعير؟,كيف يتم تطبيق قاعدة التسعير؟,PROPOSED-payload,quorum-confirmed-payload,AI draft; requires independent A1/A2/A3 quorum before release.,content:docs/translation/stage6_w601_accounts_batch02_content_evidence_2026-09-27.txt,erpnext/accounts/doctype/pricing_rule/pricing_rule.js:44,Released and imported into catalog under version 1.12
How this line gets its data,كيف يحصل هذا السطر على بياناته,كيف يحصل هذا السطر على بياناته,PROPOSED-payload,quorum-confirmed-payload,AI draft; requires independent A1/A2/A3 quorum before release.,content:docs/translation/stage6_w601_accounts_batch02_content_evidence_2026-09-27.txt,erpnext/accounts/doctype/financial_report_row/financial_report_row.json:None,Released and imported into catalog under version 1.12
How to format and present values in the financial report (only if different from column fieldtype),كيفية تنسيق وعرض القيم في التقرير المالي (فقط إذا كانت مختلفة عن نوع حقل العمود),كيفية تنسيق وعرض القيم في التقرير المالي (فقط إذا كانت مختلفة عن نوع حقل العمود),PROPOSED-payload,quorum-confirmed-payload,AI draft; requires independent A1/A2/A3 quorum before release.,content:docs/translation/stage6_w601_accounts_batch02_content_evidence_2026-09-27.txt,erpnext/accounts/doctype/financial_report_row/financial_report_row.json:None,Released and imported into catalog under version 1.12
"If Auto Opt In is checked, then the customers will be automatically linked with the concerned Loyalty Program (on save)",إذا تم تحديد الانضمام التلقائي، فسيتم ربط العملاء تلقائياً ببرنامج الولاء المعني (عند الحفظ),إذا تم تحديد الانضمام التلقائي، فسيتم ربط العملاء تلقائياً ببرنامج الولاء المعني (عند الحفظ),PROPOSED-payload,quorum-confirmed-payload,AI draft; requires independent A1/A2/A3 quorum before release.,content:docs/translation/stage6_w601_accounts_batch02_content_evidence_2026-09-27.txt,erpnext/accounts/doctype/loyalty_program/loyalty_program.js:14,Released and imported into catalog under version 1.12
"If checked, the tax amount will be considered as already included in the Paid Amount in Payment Entry",إذا تم التحديد، فسيُعتبر مبلغ الضريبة مشمولاً بالفعل في المبلغ المدفوع في سند الصرف/القبض,إذا تم التحديد، فسيُعتبر مبلغ الضريبة مشمولاً بالفعل في المبلغ المدفوع في سند الصرف/القبض,PROPOSED-payload,quorum-confirmed-payload,AI draft; requires independent A1/A2/A3 quorum before release.,content:docs/translation/stage6_w601_accounts_batch02_content_evidence_2026-09-27.txt,erpnext/accounts/doctype/purchase_taxes_and_charges/purchase_taxes_and_charges.json:None; erpnext/accounts/doctype/sales_taxes_and_charges/sales_taxes_and_charges.json:None,Released and imported into catalog under version 1.12
"If enabled, ledger entries will be posted for change amount in POS transactions",إذا تم التفعيل، فسيتم ترحيل قيود دفتر الأستاذ لمبلغ الباقي في معاملات نقطة البيع,إذا تم التفعيل، فسيتم ترحيل قيود دفتر الأستاذ لمبلغ الباقي في معاملات نقطة البيع,PROPOSED-payload,quorum-confirmed-payload,AI draft; requires independent A1/A2/A3 quorum before release.,content:docs/translation/stage6_w601_accounts_batch02_content_evidence_2026-09-27.txt,erpnext/accounts/doctype/accounts_settings/accounts_settings.json:None,Released and imported into catalog under version 1.12
"If enabled, the consolidated invoices will have rounded total disabled",إذا تم التفعيل، فسيتم تعطيل تقريب الإجمالي في الفواتير المجمعة,إذا تم التفعيل، فسيتم تعطيل تقريب الإجمالي في الفواتير المجمعة,PROPOSED-payload,quorum-confirmed-payload,AI draft; requires independent A1/A2/A3 quorum before release.,content:docs/translation/stage6_w601_accounts_batch02_content_evidence_2026-09-27.txt,erpnext/accounts/doctype/pos_profile/pos_profile.json:None,Released and imported into catalog under version 1.12
"If enabled, this row's values will be displayed on financial charts",إذا تم التفعيل، فستُعرض قيم هذا السطر في المخططات البيانية المالية,إذا تم التفعيل، فستُعرض قيم هذا السطر في المخططات البيانية المالية,PROPOSED-payload,quorum-confirmed-payload,AI draft; requires independent A1/A2/A3 quorum before release.,content:docs/translation/stage6_w601_accounts_batch02_content_evidence_2026-09-27.txt,erpnext/accounts/doctype/financial_report_row/financial_report_row.json:None,Released and imported into catalog under version 1.12
"If enabled, user will be alerted before resetting posting date to current date in relevant transactions",إذا تم التفعيل، فسيتم تنبيه المستخدم قبل إعادة ضبط تاريخ الترحيل إلى التاريخ الحالي في المعاملات ذات الصلة,إذا تم التفعيل، فسيتم تنبيه المستخدم قبل إعادة ضبط تاريخ الترحيل إلى التاريخ الحالي في المعاملات ذات الصلة,PROPOSED-payload,quorum-confirmed-payload,AI draft; requires independent A1/A2/A3 quorum before release.,content:docs/translation/stage6_w601_accounts_batch02_content_evidence_2026-09-27.txt,erpnext/accounts/doctype/accounts_settings/accounts_settings.json:None,Released and imported into catalog under version 1.12
"If multiple Pricing Rules continue to prevail, users are asked to set Priority manually to resolve conflict.",إذا استمر تعارض قواعد تسعير متعددة، يُطلب من المستخدمين تحديد الأولوية يدوياً لحل التعارض.,إذا استمر تعارض قواعد تسعير متعددة، يُطلب من المستخدمين تحديد الأولوية يدوياً لحل التعارض.,PROPOSED-payload,quorum-confirmed-payload,AI draft; requires independent A1/A2/A3 quorum before release.,content:docs/translation/stage6_w601_accounts_batch02_content_evidence_2026-09-27.txt,erpnext/accounts/doctype/pricing_rule/pricing_rule.js:50,Released and imported into catalog under version 1.12
"If rate is zero then item will be treated as ""Free Item""","إذا كان السعر صفراً، فسيُعامل الصنف على أنه ""صنف مجاني""","إذا كان السعر صفراً، فسيُعامل الصنف على أنه ""صنف مجاني""",PROPOSED-payload,quorum-confirmed-payload,AI draft; requires independent A1/A2/A3 quorum before release.,content:docs/translation/stage6_w601_accounts_batch02_content_evidence_2026-09-27.txt,erpnext/accounts/doctype/pricing_rule/pricing_rule.json:None,Released and imported into catalog under version 1.12
"If unlimited expiry for the Loyalty Points, keep the Expiry Duration empty or 0.",إذا كانت نقاط الولاء غير محددة الصلاحية، اترك مدة انتهاء الصلاحية فارغة أو 0.,إذا كانت نقاط الولاء غير محددة الصلاحية، اترك مدة انتهاء الصلاحية فارغة أو 0.,PROPOSED-payload,quorum-confirmed-payload,AI draft; requires independent A1/A2/A3 quorum before release.,content:docs/translation/stage6_w601_accounts_batch02_content_evidence_2026-09-27.txt,erpnext/accounts/doctype/loyalty_program/loyalty_program.js:14,Released and imported into catalog under version 1.12
Ignore Account Closing Balance,تجاهل رصيد إغلاق الحساب,تجاهل رصيد إغلاق الحساب,preserved-site-override,preserved-site-override,Preserve the exact live v16.localhost Site Override; do not import or replace.,stage6-W6-1 Accounts Batch 02 pending-owner-approval 2026-09-26,erpnext/accounts/doctype/accounts_settings/accounts_settings.json:None,Preserved verbatim from live v16.localhost; not imported
Ignore Default Payment Terms Template,تجاهل قالب شروط الدفع الافتراضي,تجاهل قالب شروط الدفع الافتراضي,preserved-site-override,preserved-site-override,Preserve the exact live v16.localhost Site Override; do not import or replace.,stage6-W6-1 Accounts Batch 02 pending-owner-approval 2026-09-26,erpnext/accounts/doctype/purchase_invoice/purchase_invoice.json:None; erpnext/accounts/doctype/sales_invoice/sales_invoice.json:None,Preserved verbatim from live v16.localhost; not imported
Ignore Is Opening check for reporting,تجاهل علامة 'رصيد افتتاحي' لإعداد التقارير,تجاهل علامة 'رصيد افتتاحي' لإعداد التقارير,PROPOSED-payload,quorum-confirmed-payload,AI draft; requires independent A1/A2/A3 quorum before release.,content:docs/translation/stage6_w601_accounts_batch02_content_evidence_2026-09-27.txt,erpnext/accounts/doctype/accounts_settings/accounts_settings.json:None,Released and imported into catalog under version 1.12
Ignore Voucher Type filter and Select Vouchers Manually,تجاهل تصفية نوع السند وتحديد السندات يدوياً,تجاهل تصفية نوع السند وتحديد السندات يدوياً,PROPOSED-payload,quorum-confirmed-payload,AI draft; requires independent A1/A2/A3 quorum before release.,content:docs/translation/stage6_w601_accounts_batch02_content_evidence_2026-09-27.txt,erpnext/accounts/doctype/repost_payment_ledger/repost_payment_ledger.json:None,Released and imported into catalog under version 1.12
Impairment,اضمحلال القيمة,اضمحلال القيمة,PROPOSED-payload,quorum-confirmed-payload,AI draft; requires independent A1/A2/A3 quorum before release.,content:docs/translation/stage6_w601_accounts_batch02_content_evidence_2026-09-27.txt,erpnext/accounts/doctype/account/chart_of_accounts/verified/standard_chart_of_accounts.py:135; erpnext/accounts/doctype/account/chart_of_accounts/verified/standard_chart_of_accounts_with_account_number.py:229,Released and imported into catalog under version 1.12
Import Chart of Accounts from a csv file,استيراد شجرة الحسابات من ملف csv,استيراد شجرة الحسابات من ملف csv,PROPOSED-payload,quorum-confirmed-payload,AI draft; requires independent A1/A2/A3 quorum before release.,content:docs/translation/stage6_w601_accounts_batch02_content_evidence_2026-09-27.txt,erpnext/accounts/doctype/chart_of_accounts_importer/chart_of_accounts_importer.json:None,Released and imported into catalog under version 1.12
Import MT940 Fromat,استيراد بتنسيق MT940,استيراد بتنسيق MT940,PROPOSED-payload,quorum-confirmed-payload,AI draft; requires independent A1/A2/A3 quorum before release.,content:docs/translation/stage6_w601_accounts_batch02_content_evidence_2026-09-27.txt,erpnext/accounts/doctype/bank_statement_import/bank_statement_import.json:None,Released and imported into catalog under version 1.12
"In the case of multi-tier program, Customers will be auto assigned to the concerned tier as per their spent",في حالة البرامج متعددة المستويات، سيتم تعيين العملاء تلقائياً للمستوى المعني وفقاً لحجم إنفاقهم,في حالة البرامج متعددة المستويات، سيتم تعيين العملاء تلقائياً للمستوى المعني وفقاً لحجم إنفاقهم,PROPOSED-payload,quorum-confirmed-payload,AI draft; requires independent A1/A2/A3 quorum before release.,content:docs/translation/stage6_w601_accounts_batch02_content_evidence_2026-09-27.txt,erpnext/accounts/doctype/loyalty_program/loyalty_program.js:12,Released and imported into catalog under version 1.12
Include Account Currency,تضمين عملة الحساب,تضمين عملة الحساب,preserved-site-override,preserved-site-override,Preserve the exact live v16.localhost Site Override; do not import or replace.,stage6-W6-1 Accounts Batch 02 pending-owner-approval 2026-09-26,erpnext/accounts/report/payment_ledger/payment_ledger.js:77,Preserved verbatim from live v16.localhost; not imported
Include Default FB Assets,تضمين أصول دفتر المالية الافتراضي,تضمين أصول دفتر المالية الافتراضي,PROPOSED-payload,quorum-confirmed-payload,AI draft; requires independent A1/A2/A3 quorum before release.,content:docs/translation/stage6_w601_accounts_batch02_content_evidence_2026-09-27.txt,erpnext/accounts/report/asset_depreciation_ledger/asset_depreciation_ledger.js:54; erpnext/assets/report/fixed_asset_register/fixed_asset_register.js:54,Released and imported into catalog under version 1.12
Include Payment,تضمين الدفع,تضمين الدفع,preserved-site-override,preserved-site-override,Preserve the exact live v16.localhost Site Override; do not import or replace.,stage6-W6-1 Accounts Batch 02 pending-owner-approval 2026-09-26,erpnext/accounts/doctype/pos_invoice/pos_invoice.py:204,Preserved verbatim from live v16.localhost; not imported
Include Returned Invoices (Stand-alone),تضمين فواتير المرتجعات (المستقلة),تضمين فواتير المرتجعات (المستقلة),PROPOSED-payload,quorum-confirmed-payload,AI draft; requires independent A1/A2/A3 quorum before release.,content:docs/translation/stage6_w601_accounts_batch02_content_evidence_2026-09-27.txt,erpnext/accounts/report/gross_profit/gross_profit.js:90,Released and imported into catalog under version 1.12
Include in Charts,تضمين في الرسوم البيانية,تضمين في الرسوم البيانية,preserved-site-override,preserved-site-override,Preserve the exact live v16.localhost Site Override; do not import or replace.,stage6-W6-1 Accounts Batch 02 pending-owner-approval 2026-09-26,erpnext/accounts/doctype/financial_report_row/financial_report_row.json:None,Preserved verbatim from live v16.localhost; not imported
Included Fee,رسوم مضمنة,رسوم مضمنة,preserved-site-override,preserved-site-override,Preserve the exact live v16.localhost Site Override; do not import or replace.,stage6-W6-1 Accounts Batch 02 pending-owner-approval 2026-09-26,erpnext/accounts/doctype/bank_transaction/bank_transaction.json:None,Preserved verbatim from live v16.localhost; not imported
Included fee is bigger than the withdrawal itself.,الرسوم المشمولة أكبر من مبلغ السحب نفسه.,الرسوم المشمولة أكبر من مبلغ السحب نفسه.,PROPOSED-payload,quorum-confirmed-payload,AI draft; requires independent A1/A2/A3 quorum before release.,content:docs/translation/stage6_w601_accounts_batch02_content_evidence_2026-09-27.txt,erpnext/accounts/doctype/bank_transaction/bank_transaction.py:322,Released and imported into catalog under version 1.12
Incoming Rate (Costing),السعر الوارد (التكلفة),السعر الوارد (التكلفة),preserved-site-override,preserved-site-override,Preserve the exact live v16.localhost Site Override; do not import or replace.,stage6-W6-1 Accounts Batch 02 pending-owner-approval 2026-09-26,erpnext/accounts/doctype/sales_invoice_item/sales_invoice_item.json:None,Preserved verbatim from live v16.localhost; not imported
Incoterm,مصطلح تجاري دولي,مصطلح تجاري دولي,preserved-site-override,preserved-site-override,Preserve the exact live v16.localhost Site Override; do not import or replace.,stage6-W6-1 Accounts Batch 02 pending-owner-approval 2026-09-26,erpnext/accounts/doctype/purchase_invoice/purchase_invoice.json:None; erpnext/accounts/doctype/sales_invoice/sales_invoice.json:None; erpnext/buying/doctype/purchase_order/purchase_order.json:None; erpnext/buying/doctype/request_for_quotation/request_for_quotation.json:None; erpnext/buying/doctype/supplier_quotation/supplier_quotation.json:None; erpnext/selling/doctype/quotation/quotation.json:None; erpnext/selling/doctype/sales_order/sales_order.json:None; erpnext/setup/doctype/incoterm/incoterm.json:None; erpnext/stock/doctype/delivery_note/delivery_note.json:None; erpnext/stock/doctype/purchase_receipt/purchase_receipt.json:None; erpnext/stock/doctype/shipment/shipment.json:None,Preserved verbatim from live v16.localhost; not imported
Indent Level,مستوى الإزاحة,مستوى الإزاحة,preserved-site-override,preserved-site-override,Preserve the exact live v16.localhost Site Override; do not import or replace.,stage6-W6-1 Accounts Batch 02 pending-owner-approval 2026-09-26,erpnext/accounts/doctype/financial_report_row/financial_report_row.json:None,Preserved verbatim from live v16.localhost; not imported
"Indentation level: 0 = Main heading, 1 = Sub-category, 2 = Individual accounts, etc.",مستوى الإزاحة: 0 = العنوان الرئيسي، 1 = الفئة الفرعية، 2 = الحسابات الفردية، إلخ.,مستوى الإزاحة: 0 = العنوان الرئيسي، 1 = الفئة الفرعية، 2 = الحسابات الفردية، إلخ.,PROPOSED-payload,quorum-confirmed-payload,AI draft; requires independent A1/A2/A3 quorum before release.,content:docs/translation/stage6_w601_accounts_batch02_content_evidence_2026-09-27.txt,erpnext/accounts/doctype/financial_report_row/financial_report_row.json:None,Released and imported into catalog under version 1.12
Indirect Expense,مصروف غير مباشر,مصروف غير مباشر,preserved-site-override,preserved-site-override,Preserve the exact live v16.localhost Site Override; do not import or replace.,stage6-W6-1 Accounts Batch 02 pending-owner-approval 2026-09-26,erpnext/accounts/doctype/account/account.json:None,Preserved verbatim from live v16.localhost; not imported
Individual GL Entry cannot be cancelled.,لا يمكن إلغاء قيد دفتر أستاذ عام فردي.,لا يمكن إلغاء قيد دفتر أستاذ عام فردي.,PROPOSED-payload,quorum-confirmed-payload,AI draft; requires independent A1/A2/A3 quorum before release.,content:docs/translation/stage6_w601_accounts_batch02_content_evidence_2026-09-27.txt,erpnext/accounts/doctype/gl_entry/gl_entry.py:327,Released and imported into catalog under version 1.12
Insufficient Stock for Product Bundle Items,مخزون غير كاف لأصناف مجموعة المنتج,مخزون غير كاف لأصناف مجموعة المنتج,preserved-site-override,preserved-site-override,Preserve the exact live v16.localhost Site Override; do not import or replace.,stage6-W6-1 Accounts Batch 02 pending-owner-approval 2026-09-26,erpnext/accounts/doctype/pos_invoice/pos_invoice.py:440,Preserved verbatim from live v16.localhost; not imported
Interest,الفائدة,الفائدة,preserved-site-override,preserved-site-override,Preserve the exact live v16.localhost Site Override; do not import or replace.,stage6-W6-1 Accounts Batch 02 pending-owner-approval 2026-09-26,erpnext/accounts/doctype/overdue_payment/overdue_payment.json:None,Preserved verbatim from live v16.localhost; not imported
Interest Expense,مصروف الفائدة,مصروف الفائدة,preserved-site-override,preserved-site-override,Preserve the exact live v16.localhost Site Override; do not import or replace.,stage6-W6-1 Accounts Batch 02 pending-owner-approval 2026-09-26,erpnext/accounts/doctype/account/chart_of_accounts/verified/standard_chart_of_accounts.py:132; erpnext/accounts/doctype/account/chart_of_accounts/verified/standard_chart_of_accounts_with_account_number.py:218,Preserved verbatim from live v16.localhost; not imported
Interest Income,إيراد الفائدة,إيراد الفائدة,preserved-site-override,preserved-site-override,Preserve the exact live v16.localhost Site Override; do not import or replace.,stage6-W6-1 Accounts Batch 02 pending-owner-approval 2026-09-26,erpnext/accounts/doctype/account/chart_of_accounts/verified/standard_chart_of_accounts.py:146; erpnext/accounts/doctype/account/chart_of_accounts/verified/standard_chart_of_accounts_with_account_number.py:243,Preserved verbatim from live v16.localhost; not imported
Interest on Fixed Deposits,فوائد الودائع لأجل,فوائد الودائع لأجل,PROPOSED-payload,quorum-confirmed-payload,AI draft; requires independent A1/A2/A3 quorum before release.,content:docs/translation/stage6_w601_accounts_batch02_content_evidence_2026-09-27.txt,erpnext/accounts/doctype/account/chart_of_accounts/verified/standard_chart_of_accounts.py:147; erpnext/accounts/doctype/account/chart_of_accounts/verified/standard_chart_of_accounts_with_account_number.py:244,Released and imported into catalog under version 1.12
Internal Transfers,تحويلات داخلية,تحويلات داخلية,preserved-site-override,preserved-site-override,Preserve the exact live v16.localhost Site Override; do not import or replace.,stage6-W6-1 Accounts Batch 02 pending-owner-approval 2026-09-26,erpnext/accounts/doctype/sales_invoice/sales_invoice_dashboard.py:37,Preserved verbatim from live v16.localhost; not imported
Interval should be between 1 to 59 MInutes,يجب أن تكون الفترة بين 1 إلى 59 دقيقة,يجب أن تكون الفترة بين 1 إلى 59 دقيقة,PROPOSED-payload,quorum-confirmed-payload,AI draft; requires independent A1/A2/A3 quorum before release.,content:docs/translation/stage6_w601_accounts_batch02_content_evidence_2026-09-27.txt,erpnext/accounts/doctype/accounts_settings/accounts_settings.json:None,Released and imported into catalog under version 1.12
Invalid Amount,مبلغ غير صالح,مبلغ غير صالح,preserved-site-override,preserved-site-override,Preserve the exact live v16.localhost Site Override; do not import or replace.,stage6-W6-1 Accounts Batch 02 pending-owner-approval 2026-09-26,erpnext/accounts/doctype/payment_request/payment_request.py:121,Preserved verbatim from live v16.localhost; not imported
Invalid Ledger Entries,قيود دفتر الأستاذ غير صالحة,قيود دفتر الأستاذ غير صالحة,preserved-site-override,preserved-site-override,Preserve the exact live v16.localhost Site Override; do not import or replace.,stage6-W6-1 Accounts Batch 02 pending-owner-approval 2026-09-26,erpnext/accounts/report/invalid_ledger_entries/invalid_ledger_entries.json:None,Preserved verbatim from live v16.localhost; not imported
Invalid Primary Role,الدور الأساسي غير صالح,الدور الأساسي غير صالح,PROPOSED-payload,quorum-confirmed-payload,AI draft; requires independent A1/A2/A3 quorum before release.,content:docs/translation/stage6_w601_accounts_batch02_content_evidence_2026-09-27.txt,erpnext/accounts/doctype/party_link/party_link.py:30,Released and imported into catalog under version 1.12
Invalid Print Format,تنسيق طباعة غير صالح,تنسيق طباعة غير صالح,preserved-site-override,preserved-site-override,Preserve the exact live v16.localhost Site Override; do not import or replace.,stage6-W6-1 Accounts Batch 02 pending-owner-approval 2026-09-26,erpnext/accounts/doctype/process_statement_of_accounts/process_statement_of_accounts.py:121; erpnext/accounts/doctype/process_statement_of_accounts/process_statement_of_accounts.py:123; erpnext/accounts/doctype/process_statement_of_accounts/process_statement_of_accounts.py:126,Preserved verbatim from live v16.localhost; not imported
Invalid Sales Invoices,فواتير مبيعات غير صالحة,فواتير مبيعات غير صالحة,PROPOSED-payload,quorum-confirmed-payload,AI draft; requires independent A1/A2/A3 quorum before release.,content:docs/translation/stage6_w601_accounts_batch02_content_evidence_2026-09-27.txt,erpnext/accounts/doctype/pos_closing_entry/pos_closing_entry.py:207,Released and imported into catalog under version 1.12
Invalid amount in accounting entries of {} {} for Account {}: {},مبلغ غير صالح في القيود المحاسبية لـ {} {} للحساب {}: {},مبلغ غير صالح في القيود المحاسبية لـ {} {} للحساب {}: {},PROPOSED-payload,quorum-confirmed-payload,AI draft; requires independent A1/A2/A3 quorum before release.,content:docs/translation/stage6_w601_accounts_batch02_content_evidence_2026-09-27.txt,erpnext/accounts/doctype/bank_transaction/bank_transaction.py:393,Released and imported into catalog under version 1.12
Invalid filter formula. Please check the syntax.,صيغة التصفية غير صالحة. يرجى التحقق من بناء الجملة.,صيغة التصفية غير صالحة. يرجى التحقق من بناء الجملة.,PROPOSED-payload,quorum-confirmed-payload,AI draft; requires independent A1/A2/A3 quorum before release.,content:docs/translation/stage6_w601_accounts_batch02_content_evidence_2026-09-27.txt,erpnext/accounts/doctype/financial_report_template/financial_report_template.js:93,Released and imported into catalog under version 1.12
Invalid parameter. 'dn' should be of type str,معلمة غير صالحة. يجب أن يكون 'dn' من النوع str,معلمة غير صالحة. يجب أن يكون 'dn' من النوع str,PROPOSED-payload,quorum-confirmed-payload,AI draft; requires independent A1/A2/A3 quorum before release.,content:docs/translation/stage6_w601_accounts_batch02_content_evidence_2026-09-27.txt,erpnext/accounts/doctype/payment_request/payment_request.py:544,Released and imported into catalog under version 1.12
Invalid result key. Response:,مفتاح النتيجة غير صالح. الاستجابة:,مفتاح النتيجة غير صالح. الاستجابة:,PROPOSED-payload,quorum-confirmed-payload,AI draft; requires independent A1/A2/A3 quorum before release.,content:docs/translation/stage6_w601_accounts_batch02_content_evidence_2026-09-27.txt,erpnext/accounts/doctype/currency_exchange_settings/currency_exchange_settings.py:99,Released and imported into catalog under version 1.12
Inventory Turnover Ratio,معدل دوران المخزون,معدل دوران المخزون,preserved-site-override,preserved-site-override,Preserve the exact live v16.localhost Site Override; do not import or replace.,stage6-W6-1 Accounts Batch 02 pending-owner-approval 2026-09-26,erpnext/accounts/report/financial_ratios/financial_ratios.py:214,Preserved verbatim from live v16.localhost; not imported
Invoice Cancellation,إلغاء الفاتورة,إلغاء الفاتورة,preserved-site-override,preserved-site-override,Preserve the exact live v16.localhost Site Override; do not import or replace.,stage6-W6-1 Accounts Batch 02 pending-owner-approval 2026-09-26,erpnext/accounts/doctype/accounts_settings/accounts_settings.json:None,Preserved verbatim from live v16.localhost; not imported
Invoice Document Type Selection Error,خطأ في اختيار نوع مستند الفاتورة,خطأ في اختيار نوع مستند الفاتورة,PROPOSED-payload,quorum-confirmed-payload,AI draft; requires independent A1/A2/A3 quorum before release.,content:docs/translation/stage6_w601_accounts_batch02_content_evidence_2026-09-27.txt,erpnext/accounts/doctype/pos_settings/pos_settings.py:55,Released and imported into catalog under version 1.12
Invoice ID,معرف الفاتورة,معرف الفاتورة,preserved-site-override,preserved-site-override,Preserve the exact live v16.localhost Site Override; do not import or replace.,stage6-W6-1 Accounts Batch 02 pending-owner-approval 2026-09-26,erpnext/accounts/print_format/sales_invoice_print/sales_invoice_print.html:64,Preserved verbatim from live v16.localhost; not imported
Invoice Limit,حد الفاتورة,حد الفاتورة,preserved-site-override,preserved-site-override,Preserve the exact live v16.localhost Site Override; do not import or replace.,stage6-W6-1 Accounts Batch 02 pending-owner-approval 2026-09-26,erpnext/accounts/doctype/payment_reconciliation/payment_reconciliation.json:None,Preserved verbatim from live v16.localhost; not imported
Invoice Paid,الفاتورة مدفوعة,الفاتورة مدفوعة,preserved-site-override,preserved-site-override,Preserve the exact live v16.localhost Site Override; do not import or replace.,stage6-W6-1 Accounts Batch 02 pending-owner-approval 2026-09-26,erpnext/accounts/doctype/pos_invoice/pos_invoice.py:865,Preserved verbatim from live v16.localhost; not imported
Invoice Portion (%),جزء الفاتورة (%),جزء الفاتورة (%),preserved-site-override,preserved-site-override,Preserve the exact live v16.localhost Site Override; do not import or replace.,stage6-W6-1 Accounts Batch 02 pending-owner-approval 2026-09-26,erpnext/accounts/doctype/payment_term/payment_term.json:None; erpnext/accounts/doctype/payment_terms_template_detail/payment_terms_template_detail.json:None,Preserved verbatim from live v16.localhost; not imported
Invoice Type Created via POS Screen,نوع الفاتورة المنشأة عبر شاشة نقطة البيع,نوع الفاتورة المنشأة عبر شاشة نقطة البيع,preserved-site-override,preserved-site-override,Preserve the exact live v16.localhost Site Override; do not import or replace.,stage6-W6-1 Accounts Batch 02 pending-owner-approval 2026-09-26,erpnext/accounts/doctype/pos_settings/pos_settings.json:None,Preserved verbatim from live v16.localhost; not imported
Invoice and Billing,الفواتير والفوترة,الفواتير والفوترة,preserved-site-override,preserved-site-override,Preserve the exact live v16.localhost Site Override; do not import or replace.,stage6-W6-1 Accounts Batch 02 pending-owner-approval 2026-09-26,erpnext/accounts/doctype/accounts_settings/accounts_settings.json:None,Preserved verbatim from live v16.localhost; not imported
Invoiced Qty,الكمية المفوترة,الكمية المفوترة,preserved-site-override,preserved-site-override,Preserve the exact live v16.localhost Site Override; do not import or replace.,stage6-W6-1 Accounts Batch 02 pending-owner-approval 2026-09-26,erpnext/accounts/report/billed_items_to_be_received/billed_items_to_be_received.py:76,Preserved verbatim from live v16.localhost; not imported
Invoices and Payments have been Fetched and Allocated,تم جلب الفواتير والمدفوعات وتخصيصها,تم جلب الفواتير والمدفوعات وتخصيصها,PROPOSED-payload,quorum-confirmed-payload,AI draft; requires independent A1/A2/A3 quorum before release.,content:docs/translation/stage6_w601_accounts_batch02_content_evidence_2026-09-27.txt,erpnext/accounts/doctype/process_payment_reconciliation_log/process_payment_reconciliation_log.json:None,Released and imported into catalog under version 1.12
Invoicing,الفوترة,الفوترة,preserved-site-override,preserved-site-override,Preserve the exact live v16.localhost Site Override; do not import or replace.,stage6-W6-1 Accounts Batch 02 pending-owner-approval 2026-09-26,erpnext/accounts/workspace/payables/payables.json:None; erpnext/accounts/workspace/receivables/receivables.json:None,Preserved verbatim from live v16.localhost; not imported
Invoicing Features,ميزات الفوترة,ميزات الفوترة,preserved-site-override,preserved-site-override,Preserve the exact live v16.localhost Site Override; do not import or replace.,stage6-W6-1 Accounts Batch 02 pending-owner-approval 2026-09-26,erpnext/accounts/doctype/accounts_settings/accounts_settings.json:None,Preserved verbatim from live v16.localhost; not imported
Is Cash or Non Trade Discount,خصم نقدي أو غير تجاري,خصم نقدي أو غير تجاري,preserved-site-override,preserved-site-override,Preserve the exact live v16.localhost Site Override; do not import or replace.,stage6-W6-1 Accounts Batch 02 pending-owner-approval 2026-09-26,erpnext/accounts/doctype/sales_invoice/sales_invoice.json:None,Preserved verbatim from live v16.localhost; not imported
Is Mandatory,إلزامي,إلزامي,preserved-site-override,preserved-site-override,Preserve the exact live v16.localhost Site Override; do not import or replace.,stage6-W6-1 Accounts Batch 02 pending-owner-approval 2026-09-26,erpnext/accounts/doctype/applicable_on_account/applicable_on_account.json:None,Preserved verbatim from live v16.localhost; not imported
Is Old Subcontracting Flow,التدفق القديم لمقاولات الباطن,التدفق القديم لمقاولات الباطن,preserved-site-override,preserved-site-override,Preserve the exact live v16.localhost Site Override; do not import or replace.,stage6-W6-1 Accounts Batch 02 pending-owner-approval 2026-09-26,erpnext/accounts/doctype/purchase_invoice/purchase_invoice.json:None; erpnext/buying/doctype/purchase_order/purchase_order.json:None; erpnext/stock/doctype/purchase_receipt/purchase_receipt.json:None,Preserved verbatim from live v16.localhost; not imported
Is Paid,مدفوع,مدفوع,preserved-site-override,preserved-site-override,Preserve the exact live v16.localhost Site Override; do not import or replace.,stage6-W6-1 Accounts Batch 02 pending-owner-approval 2026-09-26,erpnext/accounts/doctype/purchase_invoice/purchase_invoice.json:None,Preserved verbatim from live v16.localhost; not imported
Is Period Closing Voucher Entry,قيد سند إغلاق فترة,قيد سند إغلاق فترة,preserved-site-override,preserved-site-override,Preserve the exact live v16.localhost Site Override; do not import or replace.,stage6-W6-1 Accounts Batch 02 pending-owner-approval 2026-09-26,erpnext/accounts/doctype/account_closing_balance/account_closing_balance.json:None,Preserved verbatim from live v16.localhost; not imported
Is Rate Adjustment Entry (Debit Note),قيد تعديل سعر (إشعار مدين),قيد تعديل سعر (إشعار مدين),preserved-site-override,preserved-site-override,Preserve the exact live v16.localhost Site Override; do not import or replace.,stage6-W6-1 Accounts Batch 02 pending-owner-approval 2026-09-26,erpnext/accounts/doctype/sales_invoice/sales_invoice.json:None,Preserved verbatim from live v16.localhost; not imported
Is Recursive,تكراري,تكراري,preserved-site-override,preserved-site-override,Preserve the exact live v16.localhost Site Override; do not import or replace.,stage6-W6-1 Accounts Batch 02 pending-owner-approval 2026-09-26,erpnext/accounts/doctype/pricing_rule/pricing_rule.json:None; erpnext/accounts/doctype/promotional_scheme_product_discount/promotional_scheme_product_discount.json:None,Preserved verbatim from live v16.localhost; not imported
Is Short/Long Year,سنة قصيرة/طويلة,سنة قصيرة/طويلة,preserved-site-override,preserved-site-override,Preserve the exact live v16.localhost Site Override; do not import or replace.,stage6-W6-1 Accounts Batch 02 pending-owner-approval 2026-09-26,erpnext/accounts/doctype/fiscal_year/fiscal_year.json:None,Preserved verbatim from live v16.localhost; not imported
Is Your Company Address,عنوان شركتك,عنوان شركتك,preserved-site-override,preserved-site-override,Preserve the exact live v16.localhost Site Override; do not import or replace.,stage6-W6-1 Accounts Batch 02 pending-owner-approval 2026-09-26,erpnext/accounts/custom/address.json:None,Preserved verbatim from live v16.localhost; not imported
Is created using POS,تم إنشاؤه باستخدام نقطة البيع,تم إنشاؤه باستخدام نقطة البيع,PROPOSED-payload,quorum-confirmed-payload,AI draft; requires independent A1/A2/A3 quorum before release.,content:docs/translation/stage6_w601_accounts_batch02_content_evidence_2026-09-27.txt,erpnext/accounts/doctype/sales_invoice/sales_invoice.json:None,Released and imported into catalog under version 1.12
Issue a debit note with 0 qty against an existing Sales Invoice,إصدار إشعار مدين بكمية 0 مقابل فاتورة مبيعات موجودة,إصدار إشعار مدين بكمية 0 مقابل فاتورة مبيعات موجودة,PROPOSED-payload,quorum-confirmed-payload,AI draft; requires independent A1/A2/A3 quorum before release.,content:docs/translation/stage6_w601_accounts_batch02_content_evidence_2026-09-27.txt,erpnext/accounts/doctype/sales_invoice/sales_invoice.json:None,Released and imported into catalog under version 1.12
Italic Text,نص مائل,نص مائل,PROPOSED-payload,quorum-confirmed-payload,AI draft; requires independent A1/A2/A3 quorum before release.,content:docs/translation/stage6_w601_accounts_batch02_content_evidence_2026-09-27.txt,erpnext/accounts/doctype/financial_report_row/financial_report_row.json:None,Released and imported into catalog under version 1.12
Italic text for subtotals or notes,نص مائل للمجاميع الفرعية أو الملاحظات,نص مائل للمجاميع الفرعية أو الملاحظات,PROPOSED-payload,quorum-confirmed-payload,AI draft; requires independent A1/A2/A3 quorum before release.,content:docs/translation/stage6_w601_accounts_batch02_content_evidence_2026-09-27.txt,erpnext/accounts/doctype/financial_report_row/financial_report_row.json:None,Released and imported into catalog under version 1.12
Item Code > Item Group > Brand,كود الصنف > مجموعة الأصناف > العلامة التجارية,كود الصنف > مجموعة الأصناف > العلامة التجارية,PROPOSED-payload,quorum-confirmed-payload,AI draft; requires independent A1/A2/A3 quorum before release.,content:docs/translation/stage6_w601_accounts_batch02_content_evidence_2026-09-27.txt,erpnext/accounts/doctype/pricing_rule/pricing_rule.js:50,Released and imported into catalog under version 1.12
Item Out of Stock,الصنف غير متوفر في المخزون,الصنف غير متوفر في المخزون,preserved-site-override,preserved-site-override,Preserve the exact live v16.localhost Site Override; do not import or replace.,stage6-W6-1 Accounts Batch 02 pending-owner-approval 2026-09-26,erpnext/accounts/doctype/pos_invoice/pos_invoice.py:451,Preserved verbatim from live v16.localhost; not imported
Item Price Settings,إعدادات سعر الصنف,إعدادات سعر الصنف,preserved-site-override,preserved-site-override,Preserve the exact live v16.localhost Site Override; do not import or replace.,stage6-W6-1 Accounts Batch 02 pending-owner-approval 2026-09-26,erpnext/accounts/doctype/accounts_settings/accounts_settings.json:None; erpnext/selling/doctype/selling_settings/selling_settings.json:None,Preserved verbatim from live v16.localhost; not imported
Item Row,صف الصنف,صف الصنف,preserved-site-override,preserved-site-override,Preserve the exact live v16.localhost Site Override; do not import or replace.,stage6-W6-1 Accounts Batch 02 pending-owner-approval 2026-09-26,erpnext/accounts/doctype/item_wise_tax_detail/item_wise_tax_detail.json:None,Preserved verbatim from live v16.localhost; not imported
Item Tax Row {0}: Account must belong to Company - {1},سطر ضريبة الصنف {0}: يجب أن ينتمي الحساب إلى الشركة - {1},سطر ضريبة الصنف {0}: يجب أن ينتمي الحساب إلى الشركة - {1},PROPOSED-payload,quorum-confirmed-payload,AI draft; requires independent A1/A2/A3 quorum before release.,content:docs/translation/stage6_w601_accounts_batch02_content_evidence_2026-09-27.txt,erpnext/accounts/doctype/item_tax_template/item_tax_template.py:48,Released and imported into catalog under version 1.12
Item Wise Tax Details,تفاصيل الضريبة حسب الصنف,تفاصيل الضريبة حسب الصنف,preserved-site-override,preserved-site-override,Preserve the exact live v16.localhost Site Override; do not import or replace.,stage6-W6-1 Accounts Batch 02 pending-owner-approval 2026-09-26,erpnext/accounts/doctype/pos_invoice/pos_invoice.json:None; erpnext/accounts/doctype/purchase_invoice/purchase_invoice.json:None; erpnext/accounts/doctype/sales_invoice/sales_invoice.json:None; erpnext/buying/doctype/purchase_order/purchase_order.json:None; erpnext/buying/doctype/supplier_quotation/supplier_quotation.json:None; erpnext/selling/doctype/quotation/quotation.json:None; erpnext/selling/doctype/sales_order/sales_order.json:None; erpnext/stock/doctype/delivery_note/delivery_note.json:None; erpnext/stock/doctype/purchase_receipt/purchase_receipt.json:None,Preserved verbatim from live v16.localhost; not imported
Job Paused,تم إيقاف العمل مؤقتا,تم إيقاف العمل مؤقتا,preserved-site-override,preserved-site-override,Preserve the exact live v16.localhost Site Override; do not import or replace.,stage6-W6-1 Accounts Batch 02 pending-owner-approval 2026-09-26,erpnext/accounts/doctype/process_payment_reconciliation/process_payment_reconciliation.js:106,Preserved verbatim from live v16.localhost; not imported
Journal Entries,قيود اليومية,قيود اليومية,preserved-site-override,preserved-site-override,Preserve the exact live v16.localhost Site Override; do not import or replace.,stage6-W6-1 Accounts Batch 02 pending-owner-approval 2026-09-26,erpnext/accounts/doctype/exchange_rate_revaluation/exchange_rate_revaluation.js:30,Preserved verbatim from live v16.localhost; not imported
Journal entries have been created,تم إنشاء قيود اليومية,تم إنشاء قيود اليومية,preserved-site-override,preserved-site-override,Preserve the exact live v16.localhost Site Override; do not import or replace.,stage6-W6-1 Accounts Batch 02 pending-owner-approval 2026-09-26,erpnext/accounts/doctype/exchange_rate_revaluation/exchange_rate_revaluation.js:97,Preserved verbatim from live v16.localhost; not imported
Journals,اليوميات,اليوميات,preserved-site-override,preserved-site-override,Preserve the exact live v16.localhost Site Override; do not import or replace.,stage6-W6-1 Accounts Batch 02 pending-owner-approval 2026-09-26,erpnext/accounts/doctype/accounts_settings/accounts_settings.json:None,Preserved verbatim from live v16.localhost; not imported
Last Scanned Warehouse,آخر مستودع ممسوح,آخر مستودع ممسوح,preserved-site-override,preserved-site-override,Preserve the exact live v16.localhost Site Override; do not import or replace.,stage6-W6-1 Accounts Batch 02 pending-owner-approval 2026-09-26,erpnext/accounts/doctype/pos_invoice/pos_invoice.json:None; erpnext/accounts/doctype/purchase_invoice/purchase_invoice.json:None; erpnext/accounts/doctype/sales_invoice/sales_invoice.json:None; erpnext/buying/doctype/purchase_order/purchase_order.json:None; erpnext/selling/doctype/quotation/quotation.json:None; erpnext/selling/doctype/sales_order/sales_order.json:None; erpnext/stock/doctype/delivery_note/delivery_note.json:None; erpnext/stock/doctype/material_request/material_request.json:None; erpnext/stock/doctype/purchase_receipt/purchase_receipt.json:None; erpnext/stock/doctype/stock_entry/stock_entry.json:None; erpnext/stock/doctype/stock_reconciliation/stock_reconciliation.json:None,Preserved verbatim from live v16.localhost; not imported
Ledger Health,صحة دفتر الأستاذ,صحة دفتر الأستاذ,preserved-site-override,preserved-site-override,Preserve the exact live v16.localhost Site Override; do not import or replace.,stage6-W6-1 Accounts Batch 02 pending-owner-approval 2026-09-26,erpnext/accounts/doctype/ledger_health/ledger_health.json:None,Preserved verbatim from live v16.localhost; not imported
Ledger Health Monitor,مراقب صحة دفتر الأستاذ,مراقب صحة دفتر الأستاذ,preserved-site-override,preserved-site-override,Preserve the exact live v16.localhost Site Override; do not import or replace.,stage6-W6-1 Accounts Batch 02 pending-owner-approval 2026-09-26,erpnext/accounts/doctype/ledger_health_monitor/ledger_health_monitor.json:None,Preserved verbatim from live v16.localhost; not imported
Ledger Health Monitor Company,شركة مراقب صحة دفتر الأستاذ,شركة مراقب صحة دفتر الأستاذ,preserved-site-override,preserved-site-override,Preserve the exact live v16.localhost Site Override; do not import or replace.,stage6-W6-1 Accounts Batch 02 pending-owner-approval 2026-09-26,erpnext/accounts/doctype/ledger_health_monitor_company/ledger_health_monitor_company.json:None,Preserved verbatim from live v16.localhost; not imported
Ledger Merge,دمج دفتر الأستاذ,دمج دفتر الأستاذ,preserved-site-override,preserved-site-override,Preserve the exact live v16.localhost Site Override; do not import or replace.,stage6-W6-1 Accounts Batch 02 pending-owner-approval 2026-09-26,erpnext/accounts/doctype/ledger_merge/ledger_merge.json:None,Preserved verbatim from live v16.localhost; not imported
Ledger Merge Accounts,حسابات دمج دفتر الأستاذ,حسابات دمج دفتر الأستاذ,preserved-site-override,preserved-site-override,Preserve the exact live v16.localhost Site Override; do not import or replace.,stage6-W6-1 Accounts Batch 02 pending-owner-approval 2026-09-26,erpnext/accounts/doctype/ledger_merge_accounts/ledger_merge_accounts.json:None,Preserved verbatim from live v16.localhost; not imported
Ledgers,دفاتر الأستاذ,دفاتر الأستاذ,preserved-site-override,preserved-site-override,Preserve the exact live v16.localhost Site Override; do not import or replace.,stage6-W6-1 Accounts Batch 02 pending-owner-approval 2026-09-26,erpnext/accounts/workspace/financial_reports/financial_reports.json:None,Preserved verbatim from live v16.localhost; not imported
Left Child,الفرع الأيسر,الفرع الأيسر,preserved-site-override,preserved-site-override,Preserve the exact live v16.localhost Site Override; do not import or replace.,stage6-W6-1 Accounts Batch 02 pending-owner-approval 2026-09-26,erpnext/accounts/doctype/bisect_nodes/bisect_nodes.json:None,Preserved verbatim from live v16.localhost; not imported
Legacy Fields,حقول قديمة,حقول قديمة,preserved-site-override,preserved-site-override,Preserve the exact live v16.localhost Site Override; do not import or replace.,stage6-W6-1 Accounts Batch 02 pending-owner-approval 2026-09-26,erpnext/accounts/doctype/accounts_settings/accounts_settings.json:None,Preserved verbatim from live v16.localhost; not imported
Lft,,,EXCEPTION-technical,EXCEPTION-technical,Internal NestedSet tree column name (lft); preserved untranslated.,stage6-W6-1 Accounts Batch 02 pending-owner-approval 2026-09-26,erpnext/accounts/doctype/account/account.json:None; erpnext/setup/doctype/company/company.json:None,Internal NestedSet tree column name; untranslated exception
Line Reference,مرجع السطر,مرجع السطر,preserved-site-override,preserved-site-override,Preserve the exact live v16.localhost Site Override; do not import or replace.,stage6-W6-1 Accounts Batch 02 pending-owner-approval 2026-09-26,erpnext/accounts/doctype/financial_report_row/financial_report_row.json:None,Preserved verbatim from live v16.localhost; not imported
Liquidity Ratios,نسب السيولة,نسب السيولة,preserved-site-override,preserved-site-override,Preserve the exact live v16.localhost Site Override; do not import or replace.,stage6-W6-1 Accounts Batch 02 pending-owner-approval 2026-09-26,erpnext/accounts/report/financial_ratios/financial_ratios.js:55; erpnext/accounts/report/financial_ratios/financial_ratios.py:150,Preserved verbatim from live v16.localhost; not imported
