source_text,proposed_ar,translated_text,proposed_disposition,quorum_decision,disposition_rationale,decision_ref,locations,notes
Loading Invoices! Please Wait...,جار تحميل الفواتير! يرجى الانتظار...,جار تحميل الفواتير! يرجى الانتظار...,preserved-site-override,preserved-site-override,Preserve the exact live v16.localhost Site Override; do not import or replace.,stage6-W6-1 Accounts Batch 03 pending-owner-approval 2026-09-27,erpnext/accounts/doctype/pos_closing_entry/pos_closing_entry.js:81,Preserved verbatim from live v16.localhost; not imported
Long-term Provisions,مخصصات طويلة الأجل,مخصصات طويلة الأجل,PROPOSED-payload,quorum-confirmed-payload,AI draft; requires independent A1/A2/A3 quorum before release.,content:docs/translation/stage6_w601_accounts_batch03_content_evidence_2026-09-27.txt,erpnext/accounts/doctype/account/chart_of_accounts/verified/standard_chart_of_accounts.py:183; erpnext/accounts/doctype/account/chart_of_accounts/verified/standard_chart_of_accounts_with_account_number.py:318,Released and imported into catalog under version 1.13
"Loyalty Points will be calculated from the spent done (via the Sales Invoice), based on collection factor mentioned.",سيتم احتساب نقاط الولاء من الإنفاق المحقق (عبر فاتورة المبيعات)، بناءً على عامل التحصيل المذكور.,سيتم احتساب نقاط الولاء من الإنفاق المحقق (عبر فاتورة المبيعات)، بناءً على عامل التحصيل المذكور.,PROPOSED-payload,quorum-confirmed-payload,AI draft; requires independent A1/A2/A3 quorum before release.,content:docs/translation/stage6_w601_accounts_batch03_content_evidence_2026-09-27.txt,erpnext/accounts/doctype/loyalty_program/loyalty_program.js:8,Released and imported into catalog under version 1.13
MT940 file detected. Please enable 'Import MT940 Format' to proceed.,تم اكتشاف ملف MT940. يرجى تمكين 'استيراد تنسيق MT940' للمتابعة.,تم اكتشاف ملف MT940. يرجى تمكين 'استيراد تنسيق MT940' للمتابعة.,preserved-site-override,preserved-site-override,Preserve the exact live v16.localhost Site Override; do not import or replace.,stage6-W6-1 Accounts Batch 03 pending-owner-approval 2026-09-27,erpnext/accounts/doctype/bank_statement_import/bank_statement_import.py:157,Preserved verbatim from live v16.localhost; not imported
Main Cost Center,مركز التكلفة الرئيسي,مركز التكلفة الرئيسي,preserved-site-override,preserved-site-override,Preserve the exact live v16.localhost Site Override; do not import or replace.,stage6-W6-1 Accounts Batch 03 pending-owner-approval 2026-09-27,erpnext/accounts/doctype/cost_center_allocation/cost_center_allocation.json:None,Preserved verbatim from live v16.localhost; not imported
Main Cost Center {0} cannot be entered in the child table,لا يمكن إدخال مركز التكلفة الرئيسي {0} في الجدول الفرعي,لا يمكن إدخال مركز التكلفة الرئيسي {0} في الجدول الفرعي,PROPOSED-payload,quorum-confirmed-payload,AI draft; requires independent A1/A2/A3 quorum before release.,content:docs/translation/stage6_w601_accounts_batch03_content_evidence_2026-09-27.txt,erpnext/accounts/doctype/cost_center_allocation/cost_center_allocation.py:123,Released and imported into catalog under version 1.13
Maintain Same Rate Throughout Internal Transaction,الحفاظ على نفس السعر طوال المعاملة الداخلية,الحفاظ على نفس السعر طوال المعاملة الداخلية,PROPOSED-payload,quorum-confirmed-payload,AI draft; requires independent A1/A2/A3 quorum before release.,content:docs/translation/stage6_w601_accounts_batch03_content_evidence_2026-09-27.txt,erpnext/accounts/doctype/accounts_settings/accounts_settings.json:None,Released and imported into catalog under version 1.13
Mandatory Accounting Dimension,بُعد محاسبي إلزامي,بُعد محاسبي إلزامي,preserved-site-override,preserved-site-override,Preserve the exact live v16.localhost Site Override; do not import or replace.,stage6-W6-1 Accounts Batch 03 pending-owner-approval 2026-09-27,erpnext/accounts/doctype/pos_profile/pos_profile.py:100,Preserved verbatim from live v16.localhost; not imported
Mandatory Field,حقل إلزامي,حقل إلزامي,preserved-site-override,preserved-site-override,Preserve the exact live v16.localhost Site Override; do not import or replace.,stage6-W6-1 Accounts Batch 03 pending-owner-approval 2026-09-27,erpnext/accounts/doctype/sales_invoice/sales_invoice.py:1805,Preserved verbatim from live v16.localhost; not imported
Margin View,عرض الهامش,عرض الهامش,preserved-site-override,preserved-site-override,Preserve the exact live v16.localhost Site Override; do not import or replace.,stage6-W6-1 Accounts Batch 03 pending-owner-approval 2026-09-27,erpnext/accounts/report/profit_and_loss_statement/profit_and_loss_statement.js:33,Preserved verbatim from live v16.localhost; not imported
Max Qty (As Per Stock UOM),أقصى كمية (حسب وحدة قياس المخزون),أقصى كمية (حسب وحدة قياس المخزون),preserved-site-override,preserved-site-override,Preserve the exact live v16.localhost Site Override; do not import or replace.,stage6-W6-1 Accounts Batch 03 pending-owner-approval 2026-09-27,erpnext/accounts/doctype/pricing_rule/pricing_rule.json:None,Preserved verbatim from live v16.localhost; not imported
Max discount allowed for item: {0} is {1}%,الحد الأقصى للخصم المسموح به للصنف: {0} هو {1}%,الحد الأقصى للخصم المسموح به للصنف: {0} هو {1}%,PROPOSED-payload,quorum-confirmed-payload,AI draft; requires independent A1/A2/A3 quorum before release.,content:docs/translation/stage6_w601_accounts_batch03_content_evidence_2026-09-27.txt,erpnext/accounts/doctype/pricing_rule/pricing_rule.py:292,Released and imported into catalog under version 1.13
Maximum Payment Amount,أقصى مبلغ دفع,أقصى مبلغ دفع,preserved-site-override,preserved-site-override,Preserve the exact live v16.localhost Site Override; do not import or replace.,stage6-W6-1 Accounts Batch 03 pending-owner-approval 2026-09-27,erpnext/accounts/doctype/payment_reconciliation/payment_reconciliation.json:None,Preserved verbatim from live v16.localhost; not imported
Merge Invoices Based On,دمج الفواتير بناء على,دمج الفواتير بناء على,preserved-site-override,preserved-site-override,Preserve the exact live v16.localhost Site Override; do not import or replace.,stage6-W6-1 Accounts Batch 03 pending-owner-approval 2026-09-27,erpnext/accounts/doctype/pos_invoice_merge_log/pos_invoice_merge_log.json:None,Preserved verbatim from live v16.localhost; not imported
Merge Progress,تقدم الدمج,تقدم الدمج,preserved-site-override,preserved-site-override,Preserve the exact live v16.localhost Site Override; do not import or replace.,stage6-W6-1 Accounts Batch 03 pending-owner-approval 2026-09-27,erpnext/accounts/doctype/ledger_merge/ledger_merge.js:18,Preserved verbatim from live v16.localhost; not imported
Merge Similar Account Heads,دمج رؤوس الحسابات المتشابهة,دمج رؤوس الحسابات المتشابهة,preserved-site-override,preserved-site-override,Preserve the exact live v16.localhost Site Override; do not import or replace.,stage6-W6-1 Accounts Batch 03 pending-owner-approval 2026-09-27,erpnext/accounts/doctype/accounts_settings/accounts_settings.json:None,Preserved verbatim from live v16.localhost; not imported
Merged,مدمج,مدمج,preserved-site-override,preserved-site-override,Preserve the exact live v16.localhost Site Override; do not import or replace.,stage6-W6-1 Accounts Batch 03 pending-owner-approval 2026-09-27,erpnext/accounts/doctype/ledger_merge_accounts/ledger_merge_accounts.json:None,Preserved verbatim from live v16.localhost; not imported
Merging {0} of {1},دمج {0} من {1},دمج {0} من {1},PROPOSED-payload,quorum-confirmed-payload,AI draft; requires independent A1/A2/A3 quorum before release.,content:docs/translation/stage6_w601_accounts_batch03_content_evidence_2026-09-27.txt,erpnext/accounts/doctype/ledger_merge/ledger_merge.js:16,Released and imported into catalog under version 1.13
Min Qty (As Per Stock UOM),الحد الأدنى للكمية (وفقاً لوحدة قياس المخزون),الحد الأدنى للكمية (وفقاً لوحدة قياس المخزون),PROPOSED-payload,quorum-confirmed-payload,AI draft; requires independent A1/A2/A3 quorum before release.,content:docs/translation/stage6_w601_accounts_batch03_content_evidence_2026-09-27.txt,erpnext/accounts/doctype/pricing_rule/pricing_rule.json:None,Released and imported into catalog under version 1.13
Min Qty should be greater than Recurse Over Qty,يجب أن يكون الحد الأدنى للكمية أكبر من كمية التكرار,يجب أن يكون الحد الأدنى للكمية أكبر من كمية التكرار,PROPOSED-payload,quorum-confirmed-payload,AI draft; requires independent A1/A2/A3 quorum before release.,content:docs/translation/stage6_w601_accounts_batch03_content_evidence_2026-09-27.txt,erpnext/accounts/doctype/pricing_rule/pricing_rule.py:238,Released and imported into catalog under version 1.13
Minimum Payment Amount,أدنى مبلغ دفع,أدنى مبلغ دفع,preserved-site-override,preserved-site-override,Preserve the exact live v16.localhost Site Override; do not import or replace.,stage6-W6-1 Accounts Batch 03 pending-owner-approval 2026-09-27,erpnext/accounts/doctype/payment_reconciliation/payment_reconciliation.json:None,Preserved verbatim from live v16.localhost; not imported
Missing Asset,أصل مفقود,أصل مفقود,preserved-site-override,preserved-site-override,Preserve the exact live v16.localhost Site Override; do not import or replace.,stage6-W6-1 Accounts Batch 03 pending-owner-approval 2026-09-27,erpnext/accounts/doctype/sales_invoice/sales_invoice.py:405,Preserved verbatim from live v16.localhost; not imported
Missing Cost Center,مركز تكلفة مفقود,مركز تكلفة مفقود,preserved-site-override,preserved-site-override,Preserve the exact live v16.localhost Site Override; do not import or replace.,stage6-W6-1 Accounts Batch 03 pending-owner-approval 2026-09-27,erpnext/accounts/doctype/gl_entry/gl_entry.py:186; erpnext/assets/doctype/asset/asset.py:372,Preserved verbatim from live v16.localhost; not imported
Missing required filter: {0},عنصر التصفية الإلزامي مفقود: {0},عنصر التصفية الإلزامي مفقود: {0},PROPOSED-payload,quorum-confirmed-payload,AI draft; requires independent A1/A2/A3 quorum before release.,content:docs/translation/stage6_w601_accounts_batch03_content_evidence_2026-09-27.txt,erpnext/accounts/doctype/financial_report_template/financial_report_engine.py:223,Released and imported into catalog under version 1.13
Module (for Export),الوحدة (للتصدير),الوحدة (للتصدير),preserved-site-override,preserved-site-override,Preserve the exact live v16.localhost Site Override; do not import or replace.,stage6-W6-1 Accounts Batch 03 pending-owner-approval 2026-09-27,erpnext/accounts/doctype/financial_report_template/financial_report_template.json:None,Preserved verbatim from live v16.localhost; not imported
Monitor for Last 'X' days,المراقبة لآخر 'X' أيام,المراقبة لآخر 'X' أيام,preserved-site-override,preserved-site-override,Preserve the exact live v16.localhost Site Override; do not import or replace.,stage6-W6-1 Accounts Batch 03 pending-owner-approval 2026-09-27,erpnext/accounts/doctype/ledger_health_monitor/ledger_health_monitor.json:None,Preserved verbatim from live v16.localhost; not imported
More/Less than 12 months.,أكثر/أقل من 12 شهراً.,أكثر/أقل من 12 شهراً.,PROPOSED-payload,quorum-confirmed-payload,AI draft; requires independent A1/A2/A3 quorum before release.,content:docs/translation/stage6_w601_accounts_batch03_content_evidence_2026-09-27.txt,erpnext/accounts/doctype/fiscal_year/fiscal_year.json:None,Released and imported into catalog under version 1.13
Moving up in tree ...,الانتقال لأعلى في الشجرة...,الانتقال لأعلى في الشجرة...,PROPOSED-payload,quorum-confirmed-payload,AI draft; requires independent A1/A2/A3 quorum before release.,content:docs/translation/stage6_w601_accounts_batch03_content_evidence_2026-09-27.txt,erpnext/accounts/doctype/bisect_accounting_statements/bisect_accounting_statements.js:82,Released and imported into catalog under version 1.13
Multiple POS Opening Entry,قيود افتتاحية متعددة لنقطة البيع,قيود افتتاحية متعددة لنقطة البيع,PROPOSED-payload,quorum-confirmed-payload,AI draft; requires independent A1/A2/A3 quorum before release.,content:docs/translation/stage6_w601_accounts_batch03_content_evidence_2026-09-27.txt,erpnext/accounts/doctype/sales_invoice/sales_invoice.py:1170,Released and imported into catalog under version 1.13
Named Place,المكان المحدد,المكان المحدد,preserved-site-override,preserved-site-override,Preserve the exact live v16.localhost Site Override; do not import or replace.,stage6-W6-1 Accounts Batch 03 pending-owner-approval 2026-09-27,erpnext/accounts/doctype/purchase_invoice/purchase_invoice.json:None; erpnext/accounts/doctype/sales_invoice/sales_invoice.json:None; erpnext/buying/doctype/purchase_order/purchase_order.json:None; erpnext/buying/doctype/request_for_quotation/request_for_quotation.json:None; erpnext/buying/doctype/supplier_quotation/supplier_quotation.json:None; erpnext/selling/doctype/quotation/quotation.json:None; erpnext/selling/doctype/sales_order/sales_order.json:None; erpnext/stock/doctype/delivery_note/delivery_note.json:None; erpnext/stock/doctype/purchase_receipt/purchase_receipt.json:None,Preserved verbatim from live v16.localhost; not imported
Net Profit Ratio,نسبة صافي الربح,نسبة صافي الربح,preserved-site-override,preserved-site-override,Preserve the exact live v16.localhost Site Override; do not import or replace.,stage6-W6-1 Accounts Batch 03 pending-owner-approval 2026-09-27,erpnext/accounts/report/financial_ratios/financial_ratios.py:172,Preserved verbatim from live v16.localhost; not imported
New Balance In Account Currency,الرصيد الجديد بعملة الحساب,الرصيد الجديد بعملة الحساب,preserved-site-override,preserved-site-override,Preserve the exact live v16.localhost Site Override; do not import or replace.,stage6-W6-1 Accounts Batch 03 pending-owner-approval 2026-09-27,erpnext/accounts/doctype/exchange_rate_revaluation_account/exchange_rate_revaluation_account.json:None,Preserved verbatim from live v16.localhost; not imported
New Journal Entry will be posted for the difference amount. The Posting Date can be modified.,سيتم ترحيل قيد يومية جديد لمبلغ الفرق. يمكن تعديل تاريخ الترحيل.,سيتم ترحيل قيد يومية جديد لمبلغ الفرق. يمكن تعديل تاريخ الترحيل.,PROPOSED-payload,quorum-confirmed-payload,AI draft; requires independent A1/A2/A3 quorum before release.,content:docs/translation/stage6_w601_accounts_batch03_content_evidence_2026-09-27.txt,erpnext/accounts/doctype/payment_reconciliation/payment_reconciliation.js:337,Released and imported into catalog under version 1.13
New fiscal year created :- ,تم إنشاء سنة مالية جديدة :- ,تم إنشاء سنة مالية جديدة :- ,PROPOSED-payload,quorum-confirmed-payload,AI draft; requires independent A1/A2/A3 quorum before release.,content:docs/translation/stage6_w601_accounts_batch03_content_evidence_2026-09-27.txt,erpnext/accounts/notification/notification_for_new_fiscal_year/notification_for_new_fiscal_year.html:3,Released and imported into catalog under version 1.13
New revised budget created successfully,تم إنشاء الميزانية التقديرية المعدلة الجديدة بنجاح,تم إنشاء الميزانية التقديرية المعدلة الجديدة بنجاح,PROPOSED-payload,quorum-confirmed-payload,AI draft; requires independent A1/A2/A3 quorum before release.,content:docs/translation/stage6_w601_accounts_batch03_content_evidence_2026-09-27.txt,erpnext/accounts/doctype/budget/budget.js:91,Released and imported into catalog under version 1.13
No Customers found with selected options.,لم يتم العثور على أي عملاء بالخيارات المحددة.,لم يتم العثور على أي عملاء بالخيارات المحددة.,PROPOSED-payload,quorum-confirmed-payload,AI draft; requires independent A1/A2/A3 quorum before release.,content:docs/translation/stage6_w601_accounts_batch03_content_evidence_2026-09-27.txt,erpnext/accounts/doctype/process_statement_of_accounts/process_statement_of_accounts.js:164; erpnext/accounts/doctype/process_statement_of_accounts/process_statement_of_accounts.py:430,Released and imported into catalog under version 1.13
No Matching Bank Transactions Found,لم يتم العثور على معاملات بنكية مطابقة,لم يتم العثور على معاملات بنكية مطابقة,preserved-site-override,preserved-site-override,Preserve the exact live v16.localhost Site Override; do not import or replace.,stage6-W6-1 Accounts Batch 03 pending-owner-approval 2026-09-27,erpnext/accounts/doctype/bank_reconciliation_tool/bank_reconciliation_tool.js:15,Preserved verbatim from live v16.localhost; not imported
No Outstanding Invoices found for this party,لم يتم العثور على فواتير مستحقة لهذه الجهة,لم يتم العثور على فواتير مستحقة لهذه الجهة,preserved-site-override,preserved-site-override,Preserve the exact live v16.localhost Site Override; do not import or replace.,stage6-W6-1 Accounts Batch 03 pending-owner-approval 2026-09-27,erpnext/accounts/doctype/payment_reconciliation/payment_reconciliation.js:239,Preserved verbatim from live v16.localhost; not imported
No POS Profile found. Please create a New POS Profile first,لم يتم العثور على ملف تعريف نقطة بيع. يرجى إنشاء ملف تعريف نقطة بيع جديد أولاً,لم يتم العثور على ملف تعريف نقطة بيع. يرجى إنشاء ملف تعريف نقطة بيع جديد أولاً,PROPOSED-payload,quorum-confirmed-payload,AI draft; requires independent A1/A2/A3 quorum before release.,content:docs/translation/stage6_w601_accounts_batch03_content_evidence_2026-09-27.txt,erpnext/accounts/doctype/pos_invoice/pos_invoice.py:669,Released and imported into catalog under version 1.13
No Records for these settings.,لا توجد سجلات لهذه الإعدادات.,لا توجد سجلات لهذه الإعدادات.,PROPOSED-payload,quorum-confirmed-payload,AI draft; requires independent A1/A2/A3 quorum before release.,content:docs/translation/stage6_w601_accounts_batch03_content_evidence_2026-09-27.txt,erpnext/accounts/doctype/process_statement_of_accounts/process_statement_of_accounts.js:22; erpnext/accounts/doctype/process_statement_of_accounts/process_statement_of_accounts.js:39,Released and imported into catalog under version 1.13
No Tax Withholding data found for the current posting date.,لم يتم العثور على بيانات استقطاع ضريبي لتاريخ الترحيل الحالي.,لم يتم العثور على بيانات استقطاع ضريبي لتاريخ الترحيل الحالي.,PROPOSED-payload,quorum-confirmed-payload,AI draft; requires independent A1/A2/A3 quorum before release.,content:docs/translation/stage6_w601_accounts_batch03_content_evidence_2026-09-27.txt,erpnext/accounts/doctype/tax_withholding_category/tax_withholding_category.py:224,Released and imported into catalog under version 1.13
No Terms,لا توجد شروط,لا توجد شروط,preserved-site-override,preserved-site-override,Preserve the exact live v16.localhost Site Override; do not import or replace.,stage6-W6-1 Accounts Batch 03 pending-owner-approval 2026-09-27,erpnext/accounts/report/gross_profit/gross_profit.py:893,Preserved verbatim from live v16.localhost; not imported
No Unreconciled Invoices and Payments found for this party and account,لم يتم العثور على فواتير ومدفوعات غير مسواة لهذا الطرف وهذا الحساب,لم يتم العثور على فواتير ومدفوعات غير مسواة لهذا الطرف وهذا الحساب,PROPOSED-payload,quorum-confirmed-payload,AI draft; requires independent A1/A2/A3 quorum before release.,content:docs/translation/stage6_w601_accounts_batch03_content_evidence_2026-09-27.txt,erpnext/accounts/doctype/payment_reconciliation/payment_reconciliation.js:236,Released and imported into catalog under version 1.13
No Unreconciled Payments found for this party,لم يتم العثور على مدفوعات غير مسواة لهذا الطرف,لم يتم العثور على مدفوعات غير مسواة لهذا الطرف,PROPOSED-payload,quorum-confirmed-payload,AI draft; requires independent A1/A2/A3 quorum before release.,content:docs/translation/stage6_w601_accounts_batch03_content_evidence_2026-09-27.txt,erpnext/accounts/doctype/payment_reconciliation/payment_reconciliation.js:241,Released and imported into catalog under version 1.13
No billing email found for customer: {0},لم يتم العثور على بريد إلكتروني للفوترة للعميل: {0},لم يتم العثور على بريد إلكتروني للفوترة للعميل: {0},PROPOSED-payload,quorum-confirmed-payload,AI draft; requires independent A1/A2/A3 quorum before release.,content:docs/translation/stage6_w601_accounts_batch03_content_evidence_2026-09-27.txt,erpnext/accounts/doctype/process_statement_of_accounts/process_statement_of_accounts.py:495,Released and imported into catalog under version 1.13
No data found. Seems like you uploaded a blank file,لم يتم العثور على بيانات. يبدو أنك رفعت ملفا فارغا,لم يتم العثور على بيانات. يبدو أنك رفعت ملفا فارغا,preserved-site-override,preserved-site-override,Preserve the exact live v16.localhost Site Override; do not import or replace.,stage6-W6-1 Accounts Batch 03 pending-owner-approval 2026-09-27,erpnext/accounts/doctype/chart_of_accounts_importer/chart_of_accounts_importer.py:46,Preserved verbatim from live v16.localhost; not imported
No matches occurred via auto reconciliation,لم تحدث أي مطابقات عبر التسوية التلقائية,لم تحدث أي مطابقات عبر التسوية التلقائية,PROPOSED-payload,quorum-confirmed-payload,AI draft; requires independent A1/A2/A3 quorum before release.,content:docs/translation/stage6_w601_accounts_batch03_content_evidence_2026-09-27.txt,erpnext/accounts/doctype/bank_reconciliation_tool/bank_reconciliation_tool.py:452,Released and imported into catalog under version 1.13
No more children on Left,لا توجد عناصر تابعة أخرى على اليسار,لا توجد عناصر تابعة أخرى على اليسار,PROPOSED-payload,quorum-confirmed-payload,AI draft; requires independent A1/A2/A3 quorum before release.,content:docs/translation/stage6_w601_accounts_batch03_content_evidence_2026-09-27.txt,erpnext/accounts/doctype/bisect_accounting_statements/bisect_accounting_statements.py:199,Released and imported into catalog under version 1.13
No more children on Right,لا توجد عناصر تابعة أخرى على اليمين,لا توجد عناصر تابعة أخرى على اليمين,PROPOSED-payload,quorum-confirmed-payload,AI draft; requires independent A1/A2/A3 quorum before release.,content:docs/translation/stage6_w601_accounts_batch03_content_evidence_2026-09-27.txt,erpnext/accounts/doctype/bisect_accounting_statements/bisect_accounting_statements.py:213,Released and imported into catalog under version 1.13
No of Docs,عدد المستندات,عدد المستندات,PROPOSED-payload,quorum-confirmed-payload,AI draft; requires independent A1/A2/A3 quorum before release.,content:docs/translation/stage6_w601_accounts_batch03_content_evidence_2026-09-27.txt,erpnext/accounts/doctype/transaction_deletion_record_details/transaction_deletion_record_details.json:None,Released and imported into catalog under version 1.13
No open POS Opening Entry found for POS Profile {0}.,لم يتم العثور على قيد افتتاحي مفتوح لنقطة البيع لملف تعريف نقطة البيع {0}.,لم يتم العثور على قيد افتتاحي مفتوح لنقطة البيع لملف تعريف نقطة البيع {0}.,PROPOSED-payload,quorum-confirmed-payload,AI draft; requires independent A1/A2/A3 quorum before release.,content:docs/translation/stage6_w601_accounts_batch03_content_evidence_2026-09-27.txt,erpnext/accounts/doctype/sales_invoice/sales_invoice.py:1164,Released and imported into catalog under version 1.13
No primary email found for customer: {0},لم يتم العثور على بريد إلكتروني أساسي للعميل: {0},لم يتم العثور على بريد إلكتروني أساسي للعميل: {0},PROPOSED-payload,quorum-confirmed-payload,AI draft; requires independent A1/A2/A3 quorum before release.,content:docs/translation/stage6_w601_accounts_batch03_content_evidence_2026-09-27.txt,erpnext/accounts/doctype/process_statement_of_accounts/process_statement_of_accounts.py:502,Released and imported into catalog under version 1.13
No records found in Allocation table,لم يتم العثور على سجلات في جدول التخصيص,لم يتم العثور على سجلات في جدول التخصيص,PROPOSED-payload,quorum-confirmed-payload,AI draft; requires independent A1/A2/A3 quorum before release.,content:docs/translation/stage6_w601_accounts_batch03_content_evidence_2026-09-27.txt,erpnext/accounts/doctype/payment_reconciliation/payment_reconciliation.py:711,Released and imported into catalog under version 1.13
No records found in the Invoices table,لم يتم العثور على سجلات في جدول الفواتير,لم يتم العثور على سجلات في جدول الفواتير,PROPOSED-payload,quorum-confirmed-payload,AI draft; requires independent A1/A2/A3 quorum before release.,content:docs/translation/stage6_w601_accounts_batch03_content_evidence_2026-09-27.txt,erpnext/accounts/doctype/payment_reconciliation/payment_reconciliation.py:610,Released and imported into catalog under version 1.13
No records found in the Payments table,لم يتم العثور على سجلات في جدول المدفوعات,لم يتم العثور على سجلات في جدول المدفوعات,PROPOSED-payload,quorum-confirmed-payload,AI draft; requires independent A1/A2/A3 quorum before release.,content:docs/translation/stage6_w601_accounts_batch03_content_evidence_2026-09-27.txt,erpnext/accounts/doctype/payment_reconciliation/payment_reconciliation.py:613,Released and imported into catalog under version 1.13
No {0} Accounts found for this company.,لم يتم العثور على حسابات {0} لهذه الشركة.,لم يتم العثور على حسابات {0} لهذه الشركة.,PROPOSED-payload,quorum-confirmed-payload,AI draft; requires independent A1/A2/A3 quorum before release.,content:docs/translation/stage6_w601_accounts_batch03_content_evidence_2026-09-27.txt,erpnext/accounts/report/tax_withholding_details/tax_withholding_details.py:361,Released and imported into catalog under version 1.13
Non-Current Liabilities,التزامات غير متداولة,التزامات غير متداولة,preserved-site-override,preserved-site-override,Preserve the exact live v16.localhost Site Override; do not import or replace.,stage6-W6-1 Accounts Batch 03 pending-owner-approval 2026-09-27,erpnext/accounts/doctype/account/chart_of_accounts/verified/standard_chart_of_accounts.py:182; erpnext/accounts/doctype/account/chart_of_accounts/verified/standard_chart_of_accounts_with_account_number.py:317,Preserved verbatim from live v16.localhost; not imported
Not able to find the earliest Fiscal Year for the given company.,تعذر العثور على أقرب سنة مالية للشركة المحددة.,تعذر العثور على أقرب سنة مالية للشركة المحددة.,PROPOSED-payload,quorum-confirmed-payload,AI draft; requires independent A1/A2/A3 quorum before release.,content:docs/translation/stage6_w601_accounts_batch03_content_evidence_2026-09-27.txt,erpnext/accounts/report/cash_flow/cash_flow.py:405,Released and imported into catalog under version 1.13
Note: Due Date exceeds allowed {0} credit days by {1} day(s),ملاحظة: تاريخ الاستحقاق يتجاوز أيام الائتمان المسموحة {0} بمقدار {1} يوم,ملاحظة: تاريخ الاستحقاق يتجاوز أيام الائتمان المسموحة {0} بمقدار {1} يوم,preserved-site-override,preserved-site-override,Preserve the exact live v16.localhost Site Override; do not import or replace.,stage6-W6-1 Accounts Batch 03 pending-owner-approval 2026-09-27,erpnext/accounts/party.py:698,Preserved verbatim from live v16.localhost; not imported
Number of Days,عدد الأيام,عدد الأيام,preserved-site-override,preserved-site-override,Preserve the exact live v16.localhost Site Override; do not import or replace.,stage6-W6-1 Accounts Batch 03 pending-owner-approval 2026-09-27,erpnext/accounts/doctype/subscription/subscription.json:None,Preserved verbatim from live v16.localhost; not imported
Office Equipment,معدات مكتبية,معدات مكتبية,preserved-site-override,preserved-site-override,Preserve the exact live v16.localhost Site Override; do not import or replace.,stage6-W6-1 Accounts Batch 03 pending-owner-approval 2026-09-27,erpnext/accounts/doctype/account/chart_of_accounts/verified/standard_chart_of_accounts.py:56; erpnext/accounts/doctype/account/chart_of_accounts/verified/standard_chart_of_accounts_with_account_number.py:92,Preserved verbatim from live v16.localhost; not imported
Offsetting Account,حساب المقاصة,حساب المقاصة,preserved-site-override,preserved-site-override,Preserve the exact live v16.localhost Site Override; do not import or replace.,stage6-W6-1 Accounts Batch 03 pending-owner-approval 2026-09-27,erpnext/accounts/doctype/accounting_dimension_detail/accounting_dimension_detail.json:None,Preserved verbatim from live v16.localhost; not imported
Old Parent,الأصل السابق,الأصل السابق,preserved-site-override,preserved-site-override,Preserve the exact live v16.localhost Site Override; do not import or replace.,stage6-W6-1 Accounts Batch 03 pending-owner-approval 2026-09-27,erpnext/accounts/doctype/account/account.json:None; erpnext/assets/doctype/location/location.json:None; erpnext/projects/doctype/task/task.json:None; erpnext/setup/doctype/department/department.json:None; erpnext/setup/doctype/employee/employee.json:None; erpnext/setup/doctype/supplier_group/supplier_group.json:None; erpnext/stock/doctype/warehouse/warehouse.json:None,Preserved verbatim from live v16.localhost; not imported
On Paid Amount,على المبلغ المدفوع,على المبلغ المدفوع,preserved-site-override,preserved-site-override,Preserve the exact live v16.localhost Site Override; do not import or replace.,stage6-W6-1 Accounts Batch 03 pending-owner-approval 2026-09-27,erpnext/accounts/doctype/advance_taxes_and_charges/advance_taxes_and_charges.json:None,Preserved verbatim from live v16.localhost; not imported
"On save, the Excluded Fee will be converted to an Included Fee.",عند الحفظ، سيتم تحويل الرسوم المستبعدة إلى رسوم مشمولة.,عند الحفظ، سيتم تحويل الرسوم المستبعدة إلى رسوم مشمولة.,PROPOSED-payload,quorum-confirmed-payload,AI draft; requires independent A1/A2/A3 quorum before release.,content:docs/translation/stage6_w601_accounts_batch03_content_evidence_2026-09-27.txt,erpnext/accounts/doctype/bank_transaction/bank_transaction.json:None,Released and imported into catalog under version 1.13
One customer can be part of only single Loyalty Program.,يمكن لعميل واحد أن يكون جزءاً من برنامج ولاء واحد فقط.,يمكن لعميل واحد أن يكون جزءاً من برنامج ولاء واحد فقط.,PROPOSED-payload,quorum-confirmed-payload,AI draft; requires independent A1/A2/A3 quorum before release.,content:docs/translation/stage6_w601_accounts_batch03_content_evidence_2026-09-27.txt,erpnext/accounts/doctype/loyalty_program/loyalty_program.js:16,Released and imported into catalog under version 1.13
Only 'Payment Entries' made against this advance account are supported.,"يتم دعم ""قيود الدفع"" المنشأة مقابل حساب الدفعة المقدمة هذا فقط.","يتم دعم ""قيود الدفع"" المنشأة مقابل حساب الدفعة المقدمة هذا فقط.",PROPOSED-payload,quorum-confirmed-payload,AI draft; requires independent A1/A2/A3 quorum before release.,content:docs/translation/stage6_w601_accounts_batch03_content_evidence_2026-09-27.txt,erpnext/accounts/doctype/payment_reconciliation/payment_reconciliation.json:None; erpnext/accounts/doctype/process_payment_reconciliation/process_payment_reconciliation.json:None; erpnext/setup/doctype/company/company.json:None,Released and imported into catalog under version 1.13
Only CSV and Excel files can be used to for importing data. Please check the file format you are trying to upload,يمكن فقط استخدام ملفات CSV وExcel لاستيراد البيانات. يرجى التحقق من تنسيق الملف الذي تحاول تحميله,يمكن فقط استخدام ملفات CSV وExcel لاستيراد البيانات. يرجى التحقق من تنسيق الملف الذي تحاول تحميله,PROPOSED-payload,quorum-confirmed-payload,AI draft; requires independent A1/A2/A3 quorum before release.,content:docs/translation/stage6_w601_accounts_batch03_content_evidence_2026-09-27.txt,erpnext/accounts/doctype/chart_of_accounts_importer/chart_of_accounts_importer.py:105,Released and imported into catalog under version 1.13
Only Deduct Tax On Excess Amount ,خصم الضريبة على المبلغ الزائد فقط ,خصم الضريبة فقط على المبلغ الزائد,PROPOSED-payload,preserved-site-override (strip-collision),AI draft; requires independent A1/A2/A3 quorum before release.,stage6-W6-1 Accounts Batch 03 pending-owner-approval 2026-09-27,erpnext/accounts/doctype/tax_withholding_category/tax_withholding_category.json:None,Reclassified out of Released catalog per Plan §12; strip-collision with runtime Site Override
Only Include Allocated Payments,تضمين المدفوعات المخصصة فقط,تضمين المدفوعات المخصصة فقط,preserved-site-override,preserved-site-override,Preserve the exact live v16.localhost Site Override; do not import or replace.,stage6-W6-1 Accounts Batch 03 pending-owner-approval 2026-09-27,erpnext/accounts/doctype/purchase_invoice/purchase_invoice.json:None; erpnext/accounts/doctype/sales_invoice/sales_invoice.json:None,Preserved verbatim from live v16.localhost; not imported
Only Parent can be of type {0},يمكن فقط للحساب الأصل أن يكون من النوع {0},يمكن فقط للحساب الأصل أن يكون من النوع {0},PROPOSED-payload,quorum-confirmed-payload,AI draft; requires independent A1/A2/A3 quorum before release.,content:docs/translation/stage6_w601_accounts_batch03_content_evidence_2026-09-27.txt,erpnext/accounts/doctype/account/account.py:136,Released and imported into catalog under version 1.13
Only applies for Normal Payments,ينطبق فقط على المدفوعات العادية,ينطبق فقط على المدفوعات العادية,PROPOSED-payload,quorum-confirmed-payload,AI draft; requires independent A1/A2/A3 quorum before release.,content:docs/translation/stage6_w601_accounts_batch03_content_evidence_2026-09-27.txt,erpnext/accounts/doctype/accounts_settings/accounts_settings.json:None,Released and imported into catalog under version 1.13
Only one of Deposit or Withdrawal should be non-zero when applying an Excluded Fee.,يجب أن يكون أحد حقلي الإيداع أو السحب فقط غير صفري عند تطبيق رسوم مستبعدة.,يجب أن يكون أحد حقلي الإيداع أو السحب فقط غير صفري عند تطبيق رسوم مستبعدة.,PROPOSED-payload,quorum-confirmed-payload,AI draft; requires independent A1/A2/A3 quorum before release.,content:docs/translation/stage6_w601_accounts_batch03_content_evidence_2026-09-27.txt,erpnext/accounts/doctype/bank_transaction/bank_transaction.py:337,Released and imported into catalog under version 1.13
Only payment entries with apply tax withholding unchecked will be considered for checking cumulative threshold breach,سيتم فقط أخذ قيود الدفع التي لم يتم تحديد خيار تطبيق الاستقطاع الضريبي لها في الاعتبار للتحقق من تجاوز الحد التراكمي,سيتم فقط أخذ قيود الدفع التي لم يتم تحديد خيار تطبيق الاستقطاع الضريبي لها في الاعتبار للتحقق من تجاوز الحد التراكمي,PROPOSED-payload,quorum-confirmed-payload,AI draft; requires independent A1/A2/A3 quorum before release.,content:docs/translation/stage6_w601_accounts_batch03_content_evidence_2026-09-27.txt,erpnext/accounts/doctype/tax_withholding_category/tax_withholding_category.json:None,Released and imported into catalog under version 1.13
Only {0} are supported,يتم دعم {0} فقط,يتم دعم {0} فقط,PROPOSED-payload,quorum-confirmed-payload,AI draft; requires independent A1/A2/A3 quorum before release.,content:docs/translation/stage6_w601_accounts_batch03_content_evidence_2026-09-27.txt,erpnext/accounts/doctype/unreconcile_payment/unreconcile_payment.py:43,Released and imported into catalog under version 1.13
Opening & Closing,الافتتاح والإغلاق,الافتتاح والإغلاق,preserved-site-override,preserved-site-override,Preserve the exact live v16.localhost Site Override; do not import or replace.,stage6-W6-1 Accounts Batch 03 pending-owner-approval 2026-09-27,erpnext/accounts/doctype/pos_profile/pos_profile.json:None,Preserved verbatim from live v16.localhost; not imported
"Opening Balance = Start of period, Closing Balance = End of period, Period Movement = Net change during period",الرصيد الافتتاحي = بداية الفترة، الرصيد الختامي = نهاية الفترة، حركة الفترة = صافي التغير خلال الفترة,الرصيد الافتتاحي = بداية الفترة، الرصيد الختامي = نهاية الفترة، حركة الفترة = صافي التغير خلال الفترة,PROPOSED-payload,quorum-confirmed-payload,AI draft; requires independent A1/A2/A3 quorum before release.,content:docs/translation/stage6_w601_accounts_batch03_content_evidence_2026-09-27.txt,erpnext/accounts/doctype/financial_report_row/financial_report_row.json:None,Released and imported into catalog under version 1.13
Opening Balances,الأرصدة الافتتاحية,الأرصدة الافتتاحية,preserved-site-override,preserved-site-override,Preserve the exact live v16.localhost Site Override; do not import or replace.,stage6-W6-1 Accounts Batch 03 pending-owner-approval 2026-09-27,erpnext/accounts/doctype/process_period_closing_voucher/process_period_closing_voucher.json:None,Preserved verbatim from live v16.localhost; not imported
Opening Invoices,الفواتير الافتتاحية,الفواتير الافتتاحية,preserved-site-override,preserved-site-override,Preserve the exact live v16.localhost Site Override; do not import or replace.,stage6-W6-1 Accounts Batch 03 pending-owner-approval 2026-09-27,erpnext/accounts/doctype/opening_invoice_creation_tool/opening_invoice_creation_tool_dashboard.html:8,Preserved verbatim from live v16.localhost; not imported
Opening Purchase Invoices have been created.,تم إنشاء فواتير الشراء الافتتاحية.,تم إنشاء فواتير الشراء الافتتاحية.,PROPOSED-payload,quorum-confirmed-payload,AI draft; requires independent A1/A2/A3 quorum before release.,content:docs/translation/stage6_w601_accounts_batch03_content_evidence_2026-09-27.txt,erpnext/accounts/doctype/opening_invoice_creation_tool/opening_invoice_creation_tool.js:35,Released and imported into catalog under version 1.13
Opening Sales Invoices have been created.,تم إنشاء فواتير المبيعات الافتتاحية.,تم إنشاء فواتير المبيعات الافتتاحية.,PROPOSED-payload,quorum-confirmed-payload,AI draft; requires independent A1/A2/A3 quorum before release.,content:docs/translation/stage6_w601_accounts_batch03_content_evidence_2026-09-27.txt,erpnext/accounts/doctype/opening_invoice_creation_tool/opening_invoice_creation_tool.js:33,Released and imported into catalog under version 1.13
Optional. Used with Financial Report Template,اختياري. يُستخدم مع قالب التقرير المالي,اختياري. يُستخدم مع قالب التقرير المالي,PROPOSED-payload,quorum-confirmed-payload,AI draft; requires independent A1/A2/A3 quorum before release.,content:docs/translation/stage6_w601_accounts_batch03_content_evidence_2026-09-27.txt,erpnext/accounts/doctype/account/account_tree.js:169,Released and imported into catalog under version 1.13
Other Details,تفاصيل أخرى,تفاصيل أخرى,preserved-site-override,preserved-site-override,Preserve the exact live v16.localhost Site Override; do not import or replace.,stage6-W6-1 Accounts Batch 03 pending-owner-approval 2026-09-27,erpnext/accounts/doctype/bank_guarantee/bank_guarantee.json:None; erpnext/manufacturing/doctype/production_plan/production_plan.json:None; erpnext/stock/doctype/purchase_receipt/purchase_receipt.json:None; erpnext/subcontracting/doctype/subcontracting_receipt/subcontracting_receipt.json:None,Preserved verbatim from live v16.localhost; not imported
Outdated POS Opening Entry,قيد افتتاحي منتهي الصلاحية لنقطة البيع,قيد افتتاحي منتهي الصلاحية لنقطة البيع,PROPOSED-payload,quorum-confirmed-payload,AI draft; requires independent A1/A2/A3 quorum before release.,content:docs/translation/stage6_w601_accounts_batch03_content_evidence_2026-09-27.txt,erpnext/accounts/doctype/sales_invoice/sales_invoice.py:1177; erpnext/selling/page/point_of_sale/pos_controller.js:208,Released and imported into catalog under version 1.13
Outstanding (Company Currency),المستحق (عملة الشركة),المستحق (عملة الشركة),preserved-site-override,preserved-site-override,Preserve the exact live v16.localhost Site Override; do not import or replace.,stage6-W6-1 Accounts Batch 03 pending-owner-approval 2026-09-27,erpnext/accounts/doctype/payment_schedule/payment_schedule.json:None,Preserved verbatim from live v16.localhost; not imported
Over Billing Allowance (%),نسبة سماحية الفوترة الزائدة,نسبة سماحية الفوترة الزائدة,preserved-site-override,preserved-site-override,Preserve the exact live v16.localhost Site Override; do not import or replace.,stage6-W6-1 Accounts Batch 03 pending-owner-approval 2026-09-27,erpnext/accounts/doctype/accounts_settings/accounts_settings.json:None; erpnext/stock/doctype/item/item.json:None,Preserved verbatim from live v16.localhost; not imported
Overdue Payment,دفع متأخر,دفع متأخر,preserved-site-override,preserved-site-override,Preserve the exact live v16.localhost Site Override; do not import or replace.,stage6-W6-1 Accounts Batch 03 pending-owner-approval 2026-09-27,erpnext/accounts/doctype/overdue_payment/overdue_payment.json:None,Preserved verbatim from live v16.localhost; not imported
Overdue Payments,مدفوعات متأخرة,مدفوعات متأخرة,preserved-site-override,preserved-site-override,Preserve the exact live v16.localhost Site Override; do not import or replace.,stage6-W6-1 Accounts Batch 03 pending-owner-approval 2026-09-27,erpnext/accounts/doctype/dunning/dunning.json:None,Preserved verbatim from live v16.localhost; not imported
P&L Closing Balance,رصيد إغلاق الأرباح والخسائر,رصيد إغلاق الأرباح والخسائر,preserved-site-override,preserved-site-override,Preserve the exact live v16.localhost Site Override; do not import or replace.,stage6-W6-1 Accounts Batch 03 pending-owner-approval 2026-09-27,erpnext/accounts/doctype/process_period_closing_voucher/process_period_closing_voucher.json:None,Preserved verbatim from live v16.localhost; not imported
PCV,سند إقفال الفترة,سند إقفال الفترة,PROPOSED-payload,quorum-confirmed-payload,AI draft; requires independent A1/A2/A3 quorum before release.,content:docs/translation/stage6_w601_accounts_batch03_content_evidence_2026-09-27.txt,erpnext/accounts/doctype/process_period_closing_voucher/process_period_closing_voucher.json:None,Released and imported into catalog under version 1.13
PCV Paused,تم إيقاف سند إقفال الفترة مؤقتاً,تم إيقاف سند إقفال الفترة مؤقتاً,PROPOSED-payload,quorum-confirmed-payload,AI draft; requires independent A1/A2/A3 quorum before release.,content:docs/translation/stage6_w601_accounts_batch03_content_evidence_2026-09-27.txt,erpnext/accounts/doctype/process_period_closing_voucher/process_period_closing_voucher.js:35,Released and imported into catalog under version 1.13
PCV Resumed,تم استئناف سند إقفال الفترة,تم استئناف سند إقفال الفترة,PROPOSED-payload,quorum-confirmed-payload,AI draft; requires independent A1/A2/A3 quorum before release.,content:docs/translation/stage6_w601_accounts_batch03_content_evidence_2026-09-27.txt,erpnext/accounts/doctype/process_period_closing_voucher/process_period_closing_voucher.js:53,Released and imported into catalog under version 1.13
PDF Name,اسم PDF,اسم PDF,preserved-site-override,preserved-site-override,Preserve the exact live v16.localhost Site Override; do not import or replace.,stage6-W6-1 Accounts Batch 03 pending-owner-approval 2026-09-27,erpnext/accounts/doctype/process_statement_of_accounts/process_statement_of_accounts.json:None,Preserved verbatim from live v16.localhost; not imported
POS Additional Fields,حقول نقطة بيع إضافية,حقول نقطة بيع إضافية,preserved-site-override,preserved-site-override,Preserve the exact live v16.localhost Site Override; do not import or replace.,stage6-W6-1 Accounts Batch 03 pending-owner-approval 2026-09-27,erpnext/accounts/doctype/pos_settings/pos_settings.json:None,Preserved verbatim from live v16.localhost; not imported
POS Closing Failed,فشل إغلاق نقطة البيع,فشل إغلاق نقطة البيع,preserved-site-override,preserved-site-override,Preserve the exact live v16.localhost Site Override; do not import or replace.,stage6-W6-1 Accounts Batch 03 pending-owner-approval 2026-09-27,erpnext/accounts/doctype/pos_closing_entry/pos_closing_entry.js:31,Preserved verbatim from live v16.localhost; not imported
POS Closing failed while running in a background process. You can resolve the {0} and retry the process again.,فشل إغلاق نقطة البيع أثناء التشغيل في عملية خلفية. يمكنك معالجة {0} وإعادة محاولة العملية مرة أخرى.,فشل إغلاق نقطة البيع أثناء التشغيل في عملية خلفية. يمكنك معالجة {0} وإعادة محاولة العملية مرة أخرى.,PROPOSED-payload,quorum-confirmed-payload,AI draft; requires independent A1/A2/A3 quorum before release.,content:docs/translation/stage6_w601_accounts_batch03_content_evidence_2026-09-27.txt,erpnext/accounts/doctype/pos_closing_entry/pos_closing_entry.js:53,Released and imported into catalog under version 1.13
POS Invoice is already consolidated,فاتورة نقطة البيع مجمعة بالفعل,فاتورة نقطة البيع مجمعة بالفعل,PROPOSED-payload,quorum-confirmed-payload,AI draft; requires independent A1/A2/A3 quorum before release.,content:docs/translation/stage6_w601_accounts_batch03_content_evidence_2026-09-27.txt,erpnext/accounts/doctype/pos_closing_entry/pos_closing_entry.py:117,Released and imported into catalog under version 1.13
POS Invoice is not submitted,فاتورة نقطة البيع غير مرحلة,فاتورة نقطة البيع غير مرحلة,PROPOSED-payload,quorum-confirmed-payload,AI draft; requires independent A1/A2/A3 quorum before release.,content:docs/translation/stage6_w601_accounts_batch03_content_evidence_2026-09-27.txt,erpnext/accounts/doctype/pos_closing_entry/pos_closing_entry.py:125,Released and imported into catalog under version 1.13
POS Invoice should have the field {0} checked.,يجب تحديد الحقل {0} في فاتورة نقطة البيع.,يجب تحديد الحقل {0} في فاتورة نقطة البيع.,PROPOSED-payload,quorum-confirmed-payload,AI draft; requires independent A1/A2/A3 quorum before release.,content:docs/translation/stage6_w601_accounts_batch03_content_evidence_2026-09-27.txt,erpnext/accounts/doctype/pos_invoice/pos_invoice.py:204,Released and imported into catalog under version 1.13
POS Invoices can't be added when Sales Invoice is enabled,لا يمكن إضافة فواتير نقطة البيع عند تفعيل فاتورة المبيعات,لا يمكن إضافة فواتير نقطة البيع عند تفعيل فاتورة المبيعات,PROPOSED-payload,quorum-confirmed-payload,AI draft; requires independent A1/A2/A3 quorum before release.,content:docs/translation/stage6_w601_accounts_batch03_content_evidence_2026-09-27.txt,erpnext/accounts/doctype/pos_closing_entry/pos_closing_entry.py:86,Released and imported into catalog under version 1.13
POS Invoices will be consolidated in a background process,سيتم تجميع فواتير نقطة البيع في عملية خلفية,سيتم تجميع فواتير نقطة البيع في عملية خلفية,PROPOSED-payload,quorum-confirmed-payload,AI draft; requires independent A1/A2/A3 quorum before release.,content:docs/translation/stage6_w601_accounts_batch03_content_evidence_2026-09-27.txt,erpnext/accounts/doctype/pos_invoice_merge_log/pos_invoice_merge_log.py:662,Released and imported into catalog under version 1.13
POS Invoices will be unconsolidated in a background process,سيتم إلغاء تجميع فواتير نقطة البيع في عملية خلفية,سيتم إلغاء تجميع فواتير نقطة البيع في عملية خلفية,PROPOSED-payload,quorum-confirmed-payload,AI draft; requires independent A1/A2/A3 quorum before release.,content:docs/translation/stage6_w601_accounts_batch03_content_evidence_2026-09-27.txt,erpnext/accounts/doctype/pos_invoice_merge_log/pos_invoice_merge_log.py:664,Released and imported into catalog under version 1.13
POS Opening Entry - {0} is outdated. Please close the POS and create a new POS Opening Entry.,القيد الافتتاحي لنقطة البيع - {0} منتهي الصلاحية. يرجى إغلاق نقطة البيع وإنشاء قيد افتتاحي جديد لنقطة البيع.,القيد الافتتاحي لنقطة البيع - {0} منتهي الصلاحية. يرجى إغلاق نقطة البيع وإنشاء قيد افتتاحي جديد لنقطة البيع.,PROPOSED-payload,quorum-confirmed-payload,AI draft; requires independent A1/A2/A3 quorum before release.,content:docs/translation/stage6_w601_accounts_batch03_content_evidence_2026-09-27.txt,erpnext/accounts/doctype/sales_invoice/sales_invoice.py:1178,Released and imported into catalog under version 1.13
POS Opening Entry Cancellation Error,خطأ في إلغاء القيد الافتتاحي لنقطة البيع,خطأ في إلغاء القيد الافتتاحي لنقطة البيع,PROPOSED-payload,quorum-confirmed-payload,AI draft; requires independent A1/A2/A3 quorum before release.,content:docs/translation/stage6_w601_accounts_batch03_content_evidence_2026-09-27.txt,erpnext/accounts/doctype/pos_opening_entry/pos_opening_entry.py:121,Released and imported into catalog under version 1.13
POS Opening Entry Exists,قيد فتح نقطة البيع موجود,قيد فتح نقطة البيع موجود,preserved-site-override,preserved-site-override,Preserve the exact live v16.localhost Site Override; do not import or replace.,stage6-W6-1 Accounts Batch 03 pending-owner-approval 2026-09-27,erpnext/accounts/doctype/pos_opening_entry/pos_opening_entry.py:67,Preserved verbatim from live v16.localhost; not imported
POS Opening Entry Missing,قيد فتح نقطة البيع مفقود,قيد فتح نقطة البيع مفقود,preserved-site-override,preserved-site-override,Preserve the exact live v16.localhost Site Override; do not import or replace.,stage6-W6-1 Accounts Batch 03 pending-owner-approval 2026-09-27,erpnext/accounts/doctype/sales_invoice/sales_invoice.py:1163,Preserved verbatim from live v16.localhost; not imported
POS Opening Entry cannot be cancelled as unconsolidated Invoices exists.,لا يمكن إلغاء القيد الافتتاحي لنقطة البيع نظراً لوجود فواتير غير مجمعة.,لا يمكن إلغاء القيد الافتتاحي لنقطة البيع نظراً لوجود فواتير غير مجمعة.,PROPOSED-payload,quorum-confirmed-payload,AI draft; requires independent A1/A2/A3 quorum before release.,content:docs/translation/stage6_w601_accounts_batch03_content_evidence_2026-09-27.txt,erpnext/accounts/doctype/pos_opening_entry/pos_opening_entry.py:122,Released and imported into catalog under version 1.13
POS Profile - {0} has multiple open POS Opening Entries. Please close or cancel the existing entries before proceeding.,ملف تعريف نقطة البيع - {0} يحتوي على قيود افتتاحية مفتوحة متعددة لنقطة البيع. يرجى إغلاق أو إلغاء القيود الحالية قبل المتابعة.,ملف تعريف نقطة البيع - {0} يحتوي على قيود افتتاحية مفتوحة متعددة لنقطة البيع. يرجى إغلاق أو إلغاء القيود الحالية قبل المتابعة.,PROPOSED-payload,quorum-confirmed-payload,AI draft; requires independent A1/A2/A3 quorum before release.,content:docs/translation/stage6_w601_accounts_batch03_content_evidence_2026-09-27.txt,erpnext/accounts/doctype/sales_invoice/sales_invoice.py:1171,Released and imported into catalog under version 1.13
POS Profile doesn't match {},ملف تعريف نقطة البيع لا يطابق {},ملف تعريف نقطة البيع لا يطابق {},PROPOSED-payload,quorum-confirmed-payload,AI draft; requires independent A1/A2/A3 quorum before release.,content:docs/translation/stage6_w601_accounts_batch03_content_evidence_2026-09-27.txt,erpnext/accounts/doctype/pos_closing_entry/pos_closing_entry.py:122; erpnext/accounts/doctype/pos_closing_entry/pos_closing_entry.py:187,Released and imported into catalog under version 1.13
POS Profile is mandatory to mark this invoice as POS Transaction.,ملف تعريف نقطة البيع إلزامي لتمييز هذه الفاتورة كمعاملة نقطة بيع.,ملف تعريف نقطة البيع إلزامي لتمييز هذه الفاتورة كمعاملة نقطة بيع.,PROPOSED-payload,quorum-confirmed-payload,AI draft; requires independent A1/A2/A3 quorum before release.,content:docs/translation/stage6_w601_accounts_batch03_content_evidence_2026-09-27.txt,erpnext/accounts/doctype/sales_invoice/sales_invoice.py:1131,Released and imported into catalog under version 1.13
POS Profile {0} cannot be disabled as there are ongoing POS sessions.,لا يمكن تعطيل ملف تعريف نقطة البيع {0} نظراً لوجود جلسات نقطة بيع جارية.,لا يمكن تعطيل ملف تعريف نقطة البيع {0} نظراً لوجود جلسات نقطة بيع جارية.,PROPOSED-payload,quorum-confirmed-payload,AI draft; requires independent A1/A2/A3 quorum before release.,content:docs/translation/stage6_w601_accounts_batch03_content_evidence_2026-09-27.txt,erpnext/accounts/doctype/pos_profile/pos_profile.py:113,Released and imported into catalog under version 1.13
POS Profile {} contains Mode of Payment {}. Please remove them to disable this mode.,يحتوي ملف تعريف نقطة البيع {} على طريقة الدفع {}. يرجى إزالتها لتعطيل هذه الطريقة.,يحتوي ملف تعريف نقطة البيع {} على طريقة الدفع {}. يرجى إزالتها لتعطيل هذه الطريقة.,PROPOSED-payload,quorum-confirmed-payload,AI draft; requires independent A1/A2/A3 quorum before release.,content:docs/translation/stage6_w601_accounts_batch03_content_evidence_2026-09-27.txt,erpnext/accounts/doctype/mode_of_payment/mode_of_payment.py:63,Released and imported into catalog under version 1.13
POS Profile {} does not belong to company {},ملف تعريف نقطة البيع {} لا ينتمي إلى الشركة {},ملف تعريف نقطة البيع {} لا ينتمي إلى الشركة {},PROPOSED-payload,quorum-confirmed-payload,AI draft; requires independent A1/A2/A3 quorum before release.,content:docs/translation/stage6_w601_accounts_batch03_content_evidence_2026-09-27.txt,erpnext/accounts/doctype/pos_opening_entry/pos_opening_entry.py:58,Released and imported into catalog under version 1.13
POS Profile {} does not exist.,ملف تعريف نقطة البيع {} غير موجود.,ملف تعريف نقطة البيع {} غير موجود.,PROPOSED-payload,quorum-confirmed-payload,AI draft; requires independent A1/A2/A3 quorum before release.,content:docs/translation/stage6_w601_accounts_batch03_content_evidence_2026-09-27.txt,erpnext/accounts/doctype/pos_opening_entry/pos_opening_entry.py:47,Released and imported into catalog under version 1.13
POS Profile {} is disabled.,ملف تعريف نقطة البيع {} معطل.,ملف تعريف نقطة البيع {} معطل.,PROPOSED-payload,quorum-confirmed-payload,AI draft; requires independent A1/A2/A3 quorum before release.,content:docs/translation/stage6_w601_accounts_batch03_content_evidence_2026-09-27.txt,erpnext/accounts/doctype/pos_opening_entry/pos_opening_entry.py:54,Released and imported into catalog under version 1.13
POS Search Fields,حقول بحث نقطة البيع,حقول بحث نقطة البيع,preserved-site-override,preserved-site-override,Preserve the exact live v16.localhost Site Override; do not import or replace.,stage6-W6-1 Accounts Batch 03 pending-owner-approval 2026-09-27,erpnext/accounts/doctype/pos_search_fields/pos_search_fields.json:None; erpnext/accounts/doctype/pos_settings/pos_settings.json:None,Preserved verbatim from live v16.localhost; not imported
POS Setting,إعداد نقطة البيع,إعداد نقطة البيع,preserved-site-override,preserved-site-override,Preserve the exact live v16.localhost Site Override; do not import or replace.,stage6-W6-1 Accounts Batch 03 pending-owner-approval 2026-09-27,erpnext/accounts/doctype/accounts_settings/accounts_settings.json:None,Preserved verbatim from live v16.localhost; not imported
Page Break After Each SoA,فاصل صفحة بعد كل كشف حساب,فاصل صفحة بعد كل كشف حساب,preserved-site-override,preserved-site-override,Preserve the exact live v16.localhost Site Override; do not import or replace.,stage6-W6-1 Accounts Batch 03 pending-owner-approval 2026-09-27,erpnext/accounts/doctype/process_statement_of_accounts/process_statement_of_accounts.json:None,Preserved verbatim from live v16.localhost; not imported
Parent Account Missing,الحساب الأب مفقود,الحساب الأب مفقود,preserved-site-override,preserved-site-override,Preserve the exact live v16.localhost Site Override; do not import or replace.,stage6-W6-1 Accounts Batch 03 pending-owner-approval 2026-09-27,erpnext/accounts/doctype/chart_of_accounts_importer/chart_of_accounts_importer.py:379,Preserved verbatim from live v16.localhost; not imported
Parsed file is not in valid MT940 format or contains no transactions.,الملف الذي تم تحليله ليس بتنسيق MT940 صالح أو لا يحتوي على أي معاملات.,الملف الذي تم تحليله ليس بتنسيق MT940 صالح أو لا يحتوي على أي معاملات.,PROPOSED-payload,quorum-confirmed-payload,AI draft; requires independent A1/A2/A3 quorum before release.,content:docs/translation/stage6_w601_accounts_batch03_content_evidence_2026-09-27.txt,erpnext/accounts/doctype/bank_statement_import/bank_statement_import.py:167,Released and imported into catalog under version 1.13
Partial Payment in POS Transactions are not allowed.,الدفع الجزئي في معاملات نقطة البيع غير مسموح.,الدفع الجزئي في معاملات نقطة البيع غير مسموح.,preserved-site-override,preserved-site-override,Preserve the exact live v16.localhost Site Override; do not import or replace.,stage6-W6-1 Accounts Batch 03 pending-owner-approval 2026-09-27,erpnext/accounts/doctype/sales_invoice/sales_invoice.py:1150,Preserved verbatim from live v16.localhost; not imported
Partially Reconciled,مسوى جزئيا,مسوى جزئيا,preserved-site-override,preserved-site-override,Preserve the exact live v16.localhost Site Override; do not import or replace.,stage6-W6-1 Accounts Batch 03 pending-owner-approval 2026-09-27,erpnext/accounts/doctype/process_payment_reconciliation/process_payment_reconciliation.json:None; erpnext/accounts/doctype/process_payment_reconciliation_log/process_payment_reconciliation_log.json:None,Preserved verbatim from live v16.localhost; not imported
Partly Paid,مدفوع جزئيا,مدفوع جزئيا,preserved-site-override,preserved-site-override,Preserve the exact live v16.localhost Site Override; do not import or replace.,stage6-W6-1 Accounts Batch 03 pending-owner-approval 2026-09-27,erpnext/accounts/doctype/pos_invoice/pos_invoice.json:None; erpnext/accounts/doctype/purchase_invoice/purchase_invoice.json:None; erpnext/accounts/doctype/sales_invoice/sales_invoice.json:None,Preserved verbatim from live v16.localhost; not imported
Partly Paid and Discounted,مدفوع جزئيا ومخصوم,مدفوع جزئيا ومخصوم,preserved-site-override,preserved-site-override,Preserve the exact live v16.localhost Site Override; do not import or replace.,stage6-W6-1 Accounts Batch 03 pending-owner-approval 2026-09-27,erpnext/accounts/doctype/pos_invoice/pos_invoice.json:None; erpnext/accounts/doctype/sales_invoice/sales_invoice.json:None,Preserved verbatim from live v16.localhost; not imported
Party Account No. (Bank Statement),رقم حساب الجهة (كشف البنك),رقم حساب الجهة (كشف البنك),preserved-site-override,preserved-site-override,Preserve the exact live v16.localhost Site Override; do not import or replace.,stage6-W6-1 Accounts Batch 03 pending-owner-approval 2026-09-27,erpnext/accounts/doctype/bank_transaction/bank_transaction.json:None,Preserved verbatim from live v16.localhost; not imported
Party IBAN (Bank Statement),آيبان الجهة (كشف البنك),آيبان الجهة (كشف البنك),preserved-site-override,preserved-site-override,Preserve the exact live v16.localhost Site Override; do not import or replace.,stage6-W6-1 Accounts Batch 03 pending-owner-approval 2026-09-27,erpnext/accounts/doctype/bank_transaction/bank_transaction.json:None,Preserved verbatim from live v16.localhost; not imported
Party Link,رابط الجهة,رابط الجهة,preserved-site-override,preserved-site-override,Preserve the exact live v16.localhost Site Override; do not import or replace.,stage6-W6-1 Accounts Batch 03 pending-owner-approval 2026-09-27,erpnext/accounts/doctype/party_link/party_link.json:None,Preserved verbatim from live v16.localhost; not imported
Party Name/Account Holder (Bank Statement),اسم الجهة/صاحب الحساب (كشف البنك),اسم الجهة/صاحب الحساب (كشف البنك),preserved-site-override,preserved-site-override,Preserve the exact live v16.localhost Site Override; do not import or replace.,stage6-W6-1 Accounts Batch 03 pending-owner-approval 2026-09-27,erpnext/accounts/doctype/bank_transaction/bank_transaction.json:None,Preserved verbatim from live v16.localhost; not imported
Party Type and Party is required for Receivable / Payable account {0},نوع الطرف والطرف مطلوبان لحساب المدينين / الدائنين {0},نوع الطرف والطرف مطلوبان لحساب المدينين / الدائنين {0},PROPOSED-payload,quorum-confirmed-payload,AI draft; requires independent A1/A2/A3 quorum before release.,content:docs/translation/stage6_w601_accounts_batch03_content_evidence_2026-09-27.txt,erpnext/accounts/doctype/bank_reconciliation_tool/bank_reconciliation_tool.py:161,Released and imported into catalog under version 1.13
Paused,متوقف مؤقتا,متوقف مؤقتا,preserved-site-override,preserved-site-override,Preserve the exact live v16.localhost Site Override; do not import or replace.,stage6-W6-1 Accounts Batch 03 pending-owner-approval 2026-09-27,erpnext/accounts/doctype/process_payment_reconciliation/process_payment_reconciliation.json:None; erpnext/accounts/doctype/process_payment_reconciliation_log/process_payment_reconciliation_log.json:None; erpnext/accounts/doctype/process_period_closing_voucher/process_period_closing_voucher.json:None; erpnext/accounts/doctype/process_period_closing_voucher_detail/process_period_closing_voucher_detail.json:None,Preserved verbatim from live v16.localhost; not imported
Payment Account,حساب الدفع,حساب الدفع,preserved-site-override,preserved-site-override,Preserve the exact live v16.localhost Site Override; do not import or replace.,stage6-W6-1 Accounts Batch 03 pending-owner-approval 2026-09-27,erpnext/accounts/doctype/payment_gateway_account/payment_gateway_account.json:None; erpnext/accounts/doctype/payment_request/payment_request.json:None,Preserved verbatim from live v16.localhost; not imported
Payment Amount (Company Currency),مبلغ الدفع (عملة الشركة),مبلغ الدفع (عملة الشركة),preserved-site-override,preserved-site-override,Preserve the exact live v16.localhost Site Override; do not import or replace.,stage6-W6-1 Accounts Batch 03 pending-owner-approval 2026-09-27,erpnext/accounts/doctype/payment_schedule/payment_schedule.json:None,Preserved verbatim from live v16.localhost; not imported
Payment Ledger,دفتر أستاذ الدفع,دفتر أستاذ الدفع,preserved-site-override,preserved-site-override,Preserve the exact live v16.localhost Site Override; do not import or replace.,stage6-W6-1 Accounts Batch 03 pending-owner-approval 2026-09-27,erpnext/accounts/report/payment_ledger/payment_ledger.json:None,Preserved verbatim from live v16.localhost; not imported
Payment Ledger Balance,رصيد دفتر أستاذ الدفع,رصيد دفتر أستاذ الدفع,preserved-site-override,preserved-site-override,Preserve the exact live v16.localhost Site Override; do not import or replace.,stage6-W6-1 Accounts Batch 03 pending-owner-approval 2026-09-27,erpnext/accounts/report/general_and_payment_ledger_comparison/general_and_payment_ledger_comparison.py:248,Preserved verbatim from live v16.localhost; not imported
Payment Ledger Entry,قيد دفتر أستاذ الدفع,قيد دفتر أستاذ الدفع,preserved-site-override,preserved-site-override,Preserve the exact live v16.localhost Site Override; do not import or replace.,stage6-W6-1 Accounts Batch 03 pending-owner-approval 2026-09-27,erpnext/accounts/doctype/payment_ledger_entry/payment_ledger_entry.json:None,Preserved verbatim from live v16.localhost; not imported
Payment Limit,حد الدفع,حد الدفع,preserved-site-override,preserved-site-override,Preserve the exact live v16.localhost Site Override; do not import or replace.,stage6-W6-1 Accounts Batch 03 pending-owner-approval 2026-09-27,erpnext/accounts/doctype/payment_reconciliation/payment_reconciliation.json:None,Preserved verbatim from live v16.localhost; not imported
Payment Reconciliation Allocation,تخصيص تسوية الدفع,تخصيص تسوية الدفع,preserved-site-override,preserved-site-override,Preserve the exact live v16.localhost Site Override; do not import or replace.,stage6-W6-1 Accounts Batch 03 pending-owner-approval 2026-09-27,erpnext/accounts/doctype/payment_reconciliation_allocation/payment_reconciliation_allocation.json:None,Preserved verbatim from live v16.localhost; not imported
Payment Reconciliation Job: {0} is running for this party. Can't reconcile now.,مهمة تسوية المدفوعات: {0} قيد التشغيل لهذا الطرف. لا يمكن إجراء التسوية الآن.,مهمة تسوية المدفوعات: {0} قيد التشغيل لهذا الطرف. لا يمكن إجراء التسوية الآن.,PROPOSED-payload,quorum-confirmed-payload,AI draft; requires independent A1/A2/A3 quorum before release.,content:docs/translation/stage6_w601_accounts_batch03_content_evidence_2026-09-27.txt,erpnext/accounts/doctype/payment_reconciliation/payment_reconciliation.js:139,Released and imported into catalog under version 1.13
Payment Reconciliation Settings,إعدادات تسوية الدفع,إعدادات تسوية الدفع,preserved-site-override,preserved-site-override,Preserve the exact live v16.localhost Site Override; do not import or replace.,stage6-W6-1 Accounts Batch 03 pending-owner-approval 2026-09-27,erpnext/accounts/doctype/accounts_settings/accounts_settings.json:None,Preserved verbatim from live v16.localhost; not imported
Payment Request is already created,طلب الدفع تم إنشاؤه بالفعل,طلب الدفع تم إنشاؤه بالفعل,PROPOSED-payload,quorum-confirmed-payload,AI draft; requires independent A1/A2/A3 quorum before release.,content:docs/translation/stage6_w601_accounts_batch03_content_evidence_2026-09-27.txt,erpnext/accounts/doctype/payment_request/payment_request.py:568,Released and imported into catalog under version 1.13
Payment Request took too long to respond. Please try requesting for payment again.,استغرق طلب الدفع وقتاً طويلاً للاستجابة. يرجى محاولة طلب الدفع مرة أخرى.,استغرق طلب الدفع وقتاً طويلاً للاستجابة. يرجى محاولة طلب الدفع مرة أخرى.,PROPOSED-payload,quorum-confirmed-payload,AI draft; requires independent A1/A2/A3 quorum before release.,content:docs/translation/stage6_w601_accounts_batch03_content_evidence_2026-09-27.txt,erpnext/accounts/doctype/pos_invoice/pos_invoice.js:454,Released and imported into catalog under version 1.13
Payment Requests cannot be created against: {0},لا يمكن إنشاء طلبات دفع مقابل: {0},لا يمكن إنشاء طلبات دفع مقابل: {0},PROPOSED-payload,quorum-confirmed-payload,AI draft; requires independent A1/A2/A3 quorum before release.,content:docs/translation/stage6_w601_accounts_batch03_content_evidence_2026-09-27.txt,erpnext/accounts/doctype/payment_request/payment_request.py:541,Released and imported into catalog under version 1.13
Payment Status,حالة الدفع,حالة الدفع,preserved-site-override,preserved-site-override,Preserve the exact live v16.localhost Site Override; do not import or replace.,stage6-W6-1 Accounts Batch 03 pending-owner-approval 2026-09-27,erpnext/accounts/print_format/sales_invoice_print/sales_invoice_print.html:123,Preserved verbatim from live v16.localhost; not imported
Payment Terms from orders will be fetched into the invoices as is,سيتم جلب شروط الدفع من الطلبات إلى الفواتير كما هي,سيتم جلب شروط الدفع من الطلبات إلى الفواتير كما هي,PROPOSED-payload,quorum-confirmed-payload,AI draft; requires independent A1/A2/A3 quorum before release.,content:docs/translation/stage6_w601_accounts_batch03_content_evidence_2026-09-27.txt,erpnext/accounts/doctype/accounts_settings/accounts_settings.json:None,Released and imported into catalog under version 1.13
Payment URL,رابط الدفع,رابط الدفع,preserved-site-override,preserved-site-override,Preserve the exact live v16.localhost Site Override; do not import or replace.,stage6-W6-1 Accounts Batch 03 pending-owner-approval 2026-09-27,erpnext/accounts/doctype/payment_request/payment_request.json:None,Preserved verbatim from live v16.localhost; not imported
Payment Unlink Error,خطأ إلغاء ربط الدفع,خطأ إلغاء ربط الدفع,preserved-site-override,preserved-site-override,Preserve the exact live v16.localhost Site Override; do not import or replace.,stage6-W6-1 Accounts Batch 03 pending-owner-approval 2026-09-27,erpnext/accounts/utils.py:1102,Preserved verbatim from live v16.localhost; not imported
Payment of {0} received successfully.,تم استلام دفعة بقيمة {0} بنجاح.,تم استلام دفعة بقيمة {0} بنجاح.,PROPOSED-payload,quorum-confirmed-payload,AI draft; requires independent A1/A2/A3 quorum before release.,content:docs/translation/stage6_w601_accounts_batch03_content_evidence_2026-09-27.txt,erpnext/accounts/doctype/pos_invoice/pos_invoice.js:466; erpnext/selling/page/point_of_sale/pos_payment.js:366,Released and imported into catalog under version 1.13
Payment request failed,فشل طلب الدفع,فشل طلب الدفع,preserved-site-override,preserved-site-override,Preserve the exact live v16.localhost Site Override; do not import or replace.,stage6-W6-1 Accounts Batch 03 pending-owner-approval 2026-09-27,erpnext/accounts/doctype/pos_invoice/pos_invoice.js:443,Preserved verbatim from live v16.localhost; not imported
Payments could not be updated.,تعذر تحديث المدفوعات.,تعذر تحديث المدفوعات.,preserved-site-override,preserved-site-override,Preserve the exact live v16.localhost Site Override; do not import or replace.,stage6-W6-1 Accounts Batch 03 pending-owner-approval 2026-09-27,erpnext/accounts/doctype/pos_invoice/pos_invoice.js:342,Preserved verbatim from live v16.localhost; not imported
Payments updated.,تم تحديث المدفوعات.,تم تحديث المدفوعات.,preserved-site-override,preserved-site-override,Preserve the exact live v16.localhost Site Override; do not import or replace.,stage6-W6-1 Accounts Batch 03 pending-owner-approval 2026-09-27,erpnext/accounts/doctype/pos_invoice/pos_invoice.js:336,Preserved verbatim from live v16.localhost; not imported
Pegged Against,مربوط مقابل,مربوط مقابل,preserved-site-override,preserved-site-override,Preserve the exact live v16.localhost Site Override; do not import or replace.,stage6-W6-1 Accounts Batch 03 pending-owner-approval 2026-09-27,erpnext/accounts/doctype/pegged_currency_details/pegged_currency_details.json:None,Preserved verbatim from live v16.localhost; not imported
Pegged Currencies,عملات مربوطة,عملات مربوطة,preserved-site-override,preserved-site-override,Preserve the exact live v16.localhost Site Override; do not import or replace.,stage6-W6-1 Accounts Batch 03 pending-owner-approval 2026-09-27,erpnext/accounts/doctype/pegged_currencies/pegged_currencies.json:None,Preserved verbatim from live v16.localhost; not imported
Pegged Currency Details,تفاصيل العملة المربوطة,تفاصيل العملة المربوطة,preserved-site-override,preserved-site-override,Preserve the exact live v16.localhost Site Override; do not import or replace.,stage6-W6-1 Accounts Batch 03 pending-owner-approval 2026-09-27,erpnext/accounts/doctype/pegged_currency_details/pegged_currency_details.json:None,Preserved verbatim from live v16.localhost; not imported
Per Received,نسبة المستلم,نسبة المستلم,preserved-site-override,preserved-site-override,Preserve the exact live v16.localhost Site Override; do not import or replace.,stage6-W6-1 Accounts Batch 03 pending-owner-approval 2026-09-27,erpnext/accounts/doctype/purchase_invoice/purchase_invoice.json:None,Preserved verbatim from live v16.localhost; not imported
Percentage (%),النسبة (%),النسبة (%),preserved-site-override,preserved-site-override,Preserve the exact live v16.localhost Site Override; do not import or replace.,stage6-W6-1 Accounts Batch 03 pending-owner-approval 2026-09-27,erpnext/accounts/doctype/cost_center_allocation_percentage/cost_center_allocation_percentage.json:None,Preserved verbatim from live v16.localhost; not imported
Percentage Allocation should be equal to 100%,يجب أن تكون نسبة التخصيص مساوية لـ 100%,يجب أن تكون نسبة التخصيص مساوية لـ 100%,PROPOSED-payload,quorum-confirmed-payload,AI draft; requires independent A1/A2/A3 quorum before release.,content:docs/translation/stage6_w601_accounts_batch03_content_evidence_2026-09-27.txt,erpnext/accounts/doctype/monthly_distribution/monthly_distribution.py:57,Released and imported into catalog under version 1.13
Period Closing Settings,إعدادات إغلاق الفترة,إعدادات إغلاق الفترة,preserved-site-override,preserved-site-override,Preserve the exact live v16.localhost Site Override; do not import or replace.,stage6-W6-1 Accounts Batch 03 pending-owner-approval 2026-09-27,erpnext/accounts/doctype/accounts_settings/accounts_settings.json:None,Preserved verbatim from live v16.localhost; not imported
Period Closing Voucher {0} GL Entry Cancellation Failed,فشل إلغاء قيد دفتر الأستاذ العام لسند إقفال الفترة {0},فشل إلغاء قيد دفتر الأستاذ العام لسند إقفال الفترة {0},PROPOSED-payload,quorum-confirmed-payload,AI draft; requires independent A1/A2/A3 quorum before release.,content:docs/translation/stage6_w601_accounts_batch03_content_evidence_2026-09-27.txt,erpnext/accounts/doctype/period_closing_voucher/period_closing_voucher.py:499,Released and imported into catalog under version 1.13
Period Closing Voucher {0} GL Entry Processing Failed,فشلت معالجة قيد دفتر الأستاذ العام لسند إقفال الفترة {0},فشلت معالجة قيد دفتر الأستاذ العام لسند إقفال الفترة {0},PROPOSED-payload,quorum-confirmed-payload,AI draft; requires independent A1/A2/A3 quorum before release.,content:docs/translation/stage6_w601_accounts_batch03_content_evidence_2026-09-27.txt,erpnext/accounts/doctype/period_closing_voucher/period_closing_voucher.py:478,Released and imported into catalog under version 1.13
Period Details,تفاصيل الفترة,تفاصيل الفترة,preserved-site-override,preserved-site-override,Preserve the exact live v16.localhost Site Override; do not import or replace.,stage6-W6-1 Accounts Batch 03 pending-owner-approval 2026-09-27,erpnext/accounts/doctype/pos_closing_entry/pos_closing_entry.json:None,Preserved verbatim from live v16.localhost; not imported
Period End Date cannot be greater than Fiscal Year End Date,لا يمكن أن يكون تاريخ نهاية الفترة أكبر من تاريخ نهاية السنة المالية,لا يمكن أن يكون تاريخ نهاية الفترة أكبر من تاريخ نهاية السنة المالية,PROPOSED-payload,quorum-confirmed-payload,AI draft; requires independent A1/A2/A3 quorum before release.,content:docs/translation/stage6_w601_accounts_batch03_content_evidence_2026-09-27.txt,erpnext/accounts/doctype/period_closing_voucher/period_closing_voucher.py:69,Released and imported into catalog under version 1.13
Period Movement (Debits - Credits),حركة الفترة (مدين - دائن),حركة الفترة (مدين - دائن),preserved-site-override,preserved-site-override,Preserve the exact live v16.localhost Site Override; do not import or replace.,stage6-W6-1 Accounts Batch 03 pending-owner-approval 2026-09-27,erpnext/accounts/doctype/financial_report_row/financial_report_row.json:None,Preserved verbatim from live v16.localhost; not imported
Period Start Date cannot be greater than Period End Date,لا يمكن أن يكون تاريخ بداية الفترة أكبر من تاريخ نهاية الفترة,لا يمكن أن يكون تاريخ بداية الفترة أكبر من تاريخ نهاية الفترة,PROPOSED-payload,quorum-confirmed-payload,AI draft; requires independent A1/A2/A3 quorum before release.,content:docs/translation/stage6_w601_accounts_batch03_content_evidence_2026-09-27.txt,erpnext/accounts/doctype/period_closing_voucher/period_closing_voucher.py:66,Released and imported into catalog under version 1.13
Period Start Date must be {0},يجب أن يكون تاريخ بداية الفترة {0},يجب أن يكون تاريخ بداية الفترة {0},PROPOSED-payload,quorum-confirmed-payload,AI draft; requires independent A1/A2/A3 quorum before release.,content:docs/translation/stage6_w601_accounts_batch03_content_evidence_2026-09-27.txt,erpnext/accounts/doctype/period_closing_voucher/period_closing_voucher.py:63,Released and imported into catalog under version 1.13
Period To Date,الفترة إلى تاريخ,الفترة إلى تاريخ,preserved-site-override,preserved-site-override,Preserve the exact live v16.localhost Site Override; do not import or replace.,stage6-W6-1 Accounts Batch 03 pending-owner-approval 2026-09-27,erpnext/accounts/doctype/bisect_nodes/bisect_nodes.json:None,Preserved verbatim from live v16.localhost; not imported
Period_from_date,,,EXCEPTION-technical,EXCEPTION-technical,"Keep vendor code/symbol/markup content untouched — technical column identifier, no translation",stage6-W6-1 Accounts Batch 03 pending-owner-approval 2026-09-27,erpnext/accounts/doctype/bisect_nodes/bisect_nodes.json:None,Un-normalized developer column label; untranslated exception
Pick Serial / Batch No,انتقاء رقم تسلسلي/دفعة,انتقاء رقم تسلسلي/دفعة,preserved-site-override,preserved-site-override,Preserve the exact live v16.localhost Site Override; do not import or replace.,stage6-W6-1 Accounts Batch 03 pending-owner-approval 2026-09-27,erpnext/accounts/doctype/sales_invoice_item/sales_invoice_item.json:None; erpnext/stock/doctype/delivery_note_item/delivery_note_item.json:None; erpnext/stock/doctype/packed_item/packed_item.json:None; erpnext/stock/doctype/pick_list_item/pick_list_item.json:None,Preserved verbatim from live v16.localhost; not imported
Plaid Link Updated,تم تحديث رابط Plaid,تم تحديث رابط Plaid,PROPOSED-payload,quorum-confirmed-payload,AI draft; requires independent A1/A2/A3 quorum before release.,content:docs/translation/stage6_w601_accounts_batch03_content_evidence_2026-09-27.txt,erpnext/accounts/doctype/bank/bank.js:131,Released and imported into catalog under version 1.13
Please Set Priority,يرجى تحديد الأولوية,يرجى تحديد الأولوية,PROPOSED-payload,quorum-confirmed-payload,AI draft; requires independent A1/A2/A3 quorum before release.,content:docs/translation/stage6_w601_accounts_batch03_content_evidence_2026-09-27.txt,erpnext/accounts/doctype/pricing_rule/pricing_rule.py:161,Released and imported into catalog under version 1.13
Please add Root Account for - {0},يرجى إضافة حساب جذر لـ - {0},يرجى إضافة حساب جذر لـ - {0},PROPOSED-payload,quorum-confirmed-payload,AI draft; requires independent A1/A2/A3 quorum before release.,content:docs/translation/stage6_w601_accounts_batch03_content_evidence_2026-09-27.txt,erpnext/accounts/doctype/chart_of_accounts_importer/chart_of_accounts_importer.py:416,Released and imported into catalog under version 1.13
Please add the Bank Account column,يرجى إضافة عمود الحساب البنكي,يرجى إضافة عمود الحساب البنكي,PROPOSED-payload,quorum-confirmed-payload,AI draft; requires independent A1/A2/A3 quorum before release.,content:docs/translation/stage6_w601_accounts_batch03_content_evidence_2026-09-27.txt,erpnext/accounts/doctype/bank_statement_import/bank_statement_import.py:85,Released and imported into catalog under version 1.13
Please add the account to root level Company - {0},يرجى إضافة الحساب إلى الشركة على مستوى الجذر - {0},يرجى إضافة الحساب إلى الشركة على مستوى الجذر - {0},PROPOSED-payload,quorum-confirmed-payload,AI draft; requires independent A1/A2/A3 quorum before release.,content:docs/translation/stage6_w601_accounts_batch03_content_evidence_2026-09-27.txt,erpnext/accounts/doctype/account/account_tree.js:243,Released and imported into catalog under version 1.13
Please cancel and amend the Payment Entry,يرجى إلغاء قيد الدفع وتعديله,يرجى إلغاء قيد الدفع وتعديله,PROPOSED-payload,quorum-confirmed-payload,AI draft; requires independent A1/A2/A3 quorum before release.,content:docs/translation/stage6_w601_accounts_batch03_content_evidence_2026-09-27.txt,erpnext/accounts/doctype/sales_invoice/sales_invoice.py:3085,Released and imported into catalog under version 1.13
Please cancel payment entry manually first,يرجى إلغاء قيد الدفع يدوياً أولاً,يرجى إلغاء قيد الدفع يدوياً أولاً,PROPOSED-payload,quorum-confirmed-payload,AI draft; requires independent A1/A2/A3 quorum before release.,content:docs/translation/stage6_w601_accounts_batch03_content_evidence_2026-09-27.txt,erpnext/accounts/utils.py:1101,Released and imported into catalog under version 1.13
Please cancel related transaction.,يرجى إلغاء المعاملة المرتبطة.,يرجى إلغاء المعاملة المرتبطة.,PROPOSED-payload,quorum-confirmed-payload,AI draft; requires independent A1/A2/A3 quorum before release.,content:docs/translation/stage6_w601_accounts_batch03_content_evidence_2026-09-27.txt,erpnext/accounts/doctype/gl_entry/gl_entry.py:328; erpnext/stock/doctype/stock_ledger_entry/stock_ledger_entry.py:348,Released and imported into catalog under version 1.13
Please check Process Deferred Accounting {0} and submit manually after resolving errors.,يرجى التحقق من معالجة المحاسبة المؤجلة {0} وترحيلها يدوياً بعد حل الأخطاء.,يرجى التحقق من معالجة المحاسبة المؤجلة {0} وترحيلها يدوياً بعد حل الأخطاء.,PROPOSED-payload,quorum-confirmed-payload,AI draft; requires independent A1/A2/A3 quorum before release.,content:docs/translation/stage6_w601_accounts_batch03_content_evidence_2026-09-27.txt,erpnext/accounts/deferred_revenue.py:544,Released and imported into catalog under version 1.13
Please create a new Accounting Dimension if required.,يرجى إنشاء بعد محاسبي جديد إذا لزم الأمر.,يرجى إنشاء بعد محاسبي جديد إذا لزم الأمر.,PROPOSED-payload,quorum-confirmed-payload,AI draft; requires independent A1/A2/A3 quorum before release.,content:docs/translation/stage6_w601_accounts_batch03_content_evidence_2026-09-27.txt,erpnext/accounts/doctype/accounting_dimension/accounting_dimension.py:74,Released and imported into catalog under version 1.13
Please enable only if the understand the effects of enabling this.,يرجى التفعيل فقط إذا كنت تفهم آثار تفعيل هذا الخيار.,يرجى التفعيل فقط إذا كنت تفهم آثار تفعيل هذا الخيار.,PROPOSED-payload,quorum-confirmed-payload,AI draft; requires independent A1/A2/A3 quorum before release.,content:docs/translation/stage6_w601_accounts_batch03_content_evidence_2026-09-27.txt,erpnext/accounts/doctype/accounts_settings/accounts_settings.js:13,Released and imported into catalog under version 1.13
Please ensure {} account is a Balance Sheet account.,يرجى التأكد من أن حساب {} هو حساب ميزانية عمومية.,يرجى التأكد من أن حساب {} هو حساب ميزانية عمومية.,PROPOSED-payload,quorum-confirmed-payload,AI draft; requires independent A1/A2/A3 quorum before release.,content:docs/translation/stage6_w601_accounts_batch03_content_evidence_2026-09-27.txt,erpnext/accounts/doctype/sales_invoice/sales_invoice.py:987,Released and imported into catalog under version 1.13
Please ensure {} account {} is a Receivable account.,يرجى التأكد من أن حساب {} {} هو حساب مدينين.,يرجى التأكد من أن حساب {} {} هو حساب مدينين.,PROPOSED-payload,quorum-confirmed-payload,AI draft; requires independent A1/A2/A3 quorum before release.,content:docs/translation/stage6_w601_accounts_batch03_content_evidence_2026-09-27.txt,erpnext/accounts/doctype/sales_invoice/sales_invoice.py:997,Released and imported into catalog under version 1.13
Please enter Root Type for account- {0},يرجى إدخال نوع الجذر للحساب - {0},يرجى إدخال نوع الجذر للحساب - {0},PROPOSED-payload,quorum-confirmed-payload,AI draft; requires independent A1/A2/A3 quorum before release.,content:docs/translation/stage6_w601_accounts_batch03_content_evidence_2026-09-27.txt,erpnext/accounts/doctype/chart_of_accounts_importer/chart_of_accounts_importer.py:395,Released and imported into catalog under version 1.13
Please enter mobile number first.,يرجى إدخال رقم الجوال أولاً.,يرجى إدخال رقم الجوال أولاً.,PROPOSED-payload,quorum-confirmed-payload,AI draft; requires independent A1/A2/A3 quorum before release.,content:docs/translation/stage6_w601_accounts_batch03_content_evidence_2026-09-27.txt,erpnext/accounts/doctype/pos_invoice/pos_invoice.js:431,Released and imported into catalog under version 1.13
Please import accounts against parent company or enable {} in company master.,يرجى استيراد الحسابات مقابل الشركة الأم أو تفعيل {} في سجل الشركة.,يرجى استيراد الحسابات مقابل الشركة الأم أو تفعيل {} في سجل الشركة.,PROPOSED-payload,quorum-confirmed-payload,AI draft; requires independent A1/A2/A3 quorum before release.,content:docs/translation/stage6_w601_accounts_batch03_content_evidence_2026-09-27.txt,erpnext/accounts/doctype/chart_of_accounts_importer/chart_of_accounts_importer.py:67,Released and imported into catalog under version 1.13
Please make sure the file you are using has 'Parent Account' column present in the header.,"يرجى التأكد من أن الملف الذي تستخدمه يحتوي على عمود ""الحساب الأصل"" في الترويسة.","يرجى التأكد من أن الملف الذي تستخدمه يحتوي على عمود ""الحساب الأصل"" في الترويسة.",PROPOSED-payload,quorum-confirmed-payload,AI draft; requires independent A1/A2/A3 quorum before release.,content:docs/translation/stage6_w601_accounts_batch03_content_evidence_2026-09-27.txt,erpnext/accounts/doctype/chart_of_accounts_importer/chart_of_accounts_importer.py:374,Released and imported into catalog under version 1.13
Please save before proceeding.,يرجى الحفظ قبل المتابعة.,يرجى الحفظ قبل المتابعة.,PROPOSED-payload,quorum-confirmed-payload,AI draft; requires independent A1/A2/A3 quorum before release.,content:docs/translation/stage6_w601_accounts_batch03_content_evidence_2026-09-27.txt,erpnext/accounts/doctype/process_statement_of_accounts/process_statement_of_accounts.js:12; erpnext/accounts/doctype/process_statement_of_accounts/process_statement_of_accounts.js:28,Released and imported into catalog under version 1.13
Please select Bank Account,يرجى تحديد الحساب البنكي,يرجى تحديد الحساب البنكي,preserved-site-override,preserved-site-override,Preserve the exact live v16.localhost Site Override; do not import or replace.,stage6-W6-1 Accounts Batch 03 pending-owner-approval 2026-09-27,erpnext/accounts/doctype/bank_reconciliation_tool/bank_reconciliation_tool.js:68,Preserved verbatim from live v16.localhost; not imported
Please select a customer for fetching payments.,يرجى تحديد عميل لجلب المدفوعات.,يرجى تحديد عميل لجلب المدفوعات.,PROPOSED-payload,quorum-confirmed-payload,AI draft; requires independent A1/A2/A3 quorum before release.,content:docs/translation/stage6_w601_accounts_batch03_content_evidence_2026-09-27.txt,erpnext/accounts/report/sales_register/sales_register.py:36,Released and imported into catalog under version 1.13
Please select a supplier for fetching payments.,يرجى تحديد مورد لجلب المدفوعات.,يرجى تحديد مورد لجلب المدفوعات.,PROPOSED-payload,quorum-confirmed-payload,AI draft; requires independent A1/A2/A3 quorum before release.,content:docs/translation/stage6_w601_accounts_batch03_content_evidence_2026-09-27.txt,erpnext/accounts/report/purchase_register/purchase_register.py:35,Released and imported into catalog under version 1.13
Please set Account,يرجى تعيين الحساب,يرجى تعيين الحساب,preserved-site-override,preserved-site-override,Preserve the exact live v16.localhost Site Override; do not import or replace.,stage6-W6-1 Accounts Batch 03 pending-owner-approval 2026-09-27,erpnext/accounts/doctype/ledger_merge/ledger_merge.js:36,Preserved verbatim from live v16.localhost; not imported
Please set Account for Change Amount,يرجى تعيين حساب لمبلغ الباقي,يرجى تعيين حساب لمبلغ الباقي,preserved-site-override,preserved-site-override,Preserve the exact live v16.localhost Site Override; do not import or replace.,stage6-W6-1 Accounts Batch 03 pending-owner-approval 2026-09-27,erpnext/accounts/doctype/sales_invoice/sales_invoice.py:1805,Preserved verbatim from live v16.localhost; not imported
Please set Accounting Dimension {} in {},يرجى تحديد البعد المحاسبي {} في {},يرجى تحديد البعد المحاسبي {} في {},PROPOSED-payload,quorum-confirmed-payload,AI draft; requires independent A1/A2/A3 quorum before release.,content:docs/translation/stage6_w601_accounts_batch03_content_evidence_2026-09-27.txt,erpnext/accounts/doctype/pos_invoice_merge_log/pos_invoice_merge_log.py:333,Released and imported into catalog under version 1.13
Please set Fixed Asset Account in {} against {}.,يرجى تحديد حساب الأصول الثابتة في {} مقابل {}.,يرجى تحديد حساب الأصول الثابتة في {} مقابل {}.,PROPOSED-payload,quorum-confirmed-payload,AI draft; requires independent A1/A2/A3 quorum before release.,content:docs/translation/stage6_w601_accounts_batch03_content_evidence_2026-09-27.txt,erpnext/accounts/doctype/purchase_invoice/purchase_invoice.py:592,Released and imported into catalog under version 1.13
Please set Root Type,يرجى تعيين نوع الجذر,يرجى تعيين نوع الجذر,preserved-site-override,preserved-site-override,Preserve the exact live v16.localhost Site Override; do not import or replace.,stage6-W6-1 Accounts Batch 03 pending-owner-approval 2026-09-27,erpnext/accounts/doctype/ledger_merge/ledger_merge.js:24; erpnext/accounts/doctype/ledger_merge/ledger_merge.js:35,Preserved verbatim from live v16.localhost; not imported
Please set default Exchange Gain/Loss Account in Company {},يرجى تعيين حساب ربح/خسارة الصرف الافتراضي في الشركة {},يرجى تعيين حساب ربح/خسارة الصرف الافتراضي في الشركة {},preserved-site-override,preserved-site-override,Preserve the exact live v16.localhost Site Override; do not import or replace.,stage6-W6-1 Accounts Batch 03 pending-owner-approval 2026-09-27,erpnext/accounts/utils.py:2385,Preserved verbatim from live v16.localhost; not imported
Please set the cost center field in {0} or setup a default Cost Center for the Company.,يرجى تحديد حقل مركز التكلفة في {0} أو إعداد مركز تكلفة افتراضي للشركة.,يرجى تحديد حقل مركز التكلفة في {0} أو إعداد مركز تكلفة افتراضي للشركة.,PROPOSED-payload,quorum-confirmed-payload,AI draft; requires independent A1/A2/A3 quorum before release.,content:docs/translation/stage6_w601_accounts_batch03_content_evidence_2026-09-27.txt,erpnext/accounts/doctype/gl_entry/gl_entry.py:182,Released and imported into catalog under version 1.13
Posting Date Inheritance for Exchange Gain / Loss,توريث تاريخ الترحيل لربح/خسارة الصرف,توريث تاريخ الترحيل لربح/خسارة الصرف,preserved-site-override,preserved-site-override,Preserve the exact live v16.localhost Site Override; do not import or replace.,stage6-W6-1 Accounts Batch 03 pending-owner-approval 2026-09-27,erpnext/accounts/doctype/accounts_settings/accounts_settings.json:None,Preserved verbatim from live v16.localhost; not imported
Prepaid Expenses,مصروفات مدفوعة مقدما,مصروفات مدفوعة مقدما,preserved-site-override,preserved-site-override,Preserve the exact live v16.localhost Site Override; do not import or replace.,stage6-W6-1 Accounts Batch 03 pending-owner-approval 2026-09-27,erpnext/accounts/doctype/account/chart_of_accounts/verified/standard_chart_of_accounts.py:34; erpnext/accounts/doctype/account/chart_of_accounts/verified/standard_chart_of_accounts_with_account_number.py:51,Preserved verbatim from live v16.localhost; not imported
"Previous Year is not closed, please close it first",السنة السابقة لم يتم إقفالها، يرجى إقفالها أولاً,السنة السابقة لم يتم إقفالها، يرجى إقفالها أولاً,PROPOSED-payload,quorum-confirmed-payload,AI draft; requires independent A1/A2/A3 quorum before release.,content:docs/translation/stage6_w601_accounts_batch03_content_evidence_2026-09-27.txt,erpnext/accounts/doctype/period_closing_voucher/period_closing_voucher.py:100,Released and imported into catalog under version 1.13
"Pricing Rule is first selected based on 'Apply On' field, which can be Item, Item Group or Brand.","يتم تحديد قاعدة التسعير أولاً بناءً على حقل ""تطبيق على""، والذي يمكن أن يكون صنفاً أو مجموعة أصناف أو علامة تجارية.","يتم تحديد قاعدة التسعير أولاً بناءً على حقل ""تطبيق على""، والذي يمكن أن يكون صنفاً أو مجموعة أصناف أو علامة تجارية.",PROPOSED-payload,quorum-confirmed-payload,AI draft; requires independent A1/A2/A3 quorum before release.,content:docs/translation/stage6_w601_accounts_batch03_content_evidence_2026-09-27.txt,erpnext/accounts/doctype/pricing_rule/pricing_rule.js:44,Released and imported into catalog under version 1.13
"Pricing Rule is made to overwrite Price List / define discount percentage, based on some criteria.",تُستخدم قاعدة التسعير لتجاوز قائمة الأسعار / تحديد نسبة الخصم، بناءً على معايير محددة.,تُستخدم قاعدة التسعير لتجاوز قائمة الأسعار / تحديد نسبة الخصم، بناءً على معايير محددة.,PROPOSED-payload,quorum-confirmed-payload,AI draft; requires independent A1/A2/A3 quorum before release.,content:docs/translation/stage6_w601_accounts_batch03_content_evidence_2026-09-27.txt,erpnext/accounts/doctype/pricing_rule/pricing_rule.js:40,Released and imported into catalog under version 1.13
Pricing Rules are further filtered based on quantity.,يتم تصفية قواعد التسعير بشكل إضافي بناءً على الكمية.,يتم تصفية قواعد التسعير بشكل إضافي بناءً على الكمية.,PROPOSED-payload,quorum-confirmed-payload,AI draft; requires independent A1/A2/A3 quorum before release.,content:docs/translation/stage6_w601_accounts_batch03_content_evidence_2026-09-27.txt,erpnext/accounts/doctype/pricing_rule/pricing_rule.js:46,Released and imported into catalog under version 1.13
Primary Party,الجهة الرئيسية,الجهة الرئيسية,preserved-site-override,preserved-site-override,Preserve the exact live v16.localhost Site Override; do not import or replace.,stage6-W6-1 Accounts Batch 03 pending-owner-approval 2026-09-27,erpnext/accounts/doctype/party_link/party_link.json:None,Preserved verbatim from live v16.localhost; not imported
Primary Role,الدور الرئيسي,الدور الرئيسي,preserved-site-override,preserved-site-override,Preserve the exact live v16.localhost Site Override; do not import or replace.,stage6-W6-1 Accounts Batch 03 pending-owner-approval 2026-09-27,erpnext/accounts/doctype/party_link/party_link.json:None,Preserved verbatim from live v16.localhost; not imported
Print Format Type should be Jinja.,يجب أن يكون نوع قالب الطباعة Jinja.,يجب أن يكون نوع قالب الطباعة Jinja.,PROPOSED-payload,quorum-confirmed-payload,AI draft; requires independent A1/A2/A3 quorum before release.,content:docs/translation/stage6_w601_accounts_batch03_content_evidence_2026-09-27.txt,erpnext/accounts/doctype/process_statement_of_accounts/process_statement_of_accounts.py:123,Released and imported into catalog under version 1.13
Print Format must be an enabled Report Print Format matching the selected Report.,يجب أن يكون قالب الطباعة قالب طباعة تقرير مفعلاً ومطابقاً للتقرير المحدد.,يجب أن يكون قالب الطباعة قالب طباعة تقرير مفعلاً ومطابقاً للتقرير المحدد.,PROPOSED-payload,quorum-confirmed-payload,AI draft; requires independent A1/A2/A3 quorum before release.,content:docs/translation/stage6_w601_accounts_batch03_content_evidence_2026-09-27.txt,erpnext/accounts/doctype/process_statement_of_accounts/process_statement_of_accounts.py:127,Released and imported into catalog under version 1.13
Print Receipt on Order Complete,طباعة الإيصال عند إكمال الطلب,طباعة الإيصال عند إكمال الطلب,preserved-site-override,preserved-site-override,Preserve the exact live v16.localhost Site Override; do not import or replace.,stage6-W6-1 Accounts Batch 03 pending-owner-approval 2026-09-27,erpnext/accounts/doctype/pos_profile/pos_profile.json:None,Preserved verbatim from live v16.localhost; not imported
Priority is mandatory,الأولوية إلزامية,الأولوية إلزامية,preserved-site-override,preserved-site-override,Preserve the exact live v16.localhost Site Override; do not import or replace.,stage6-W6-1 Accounts Batch 03 pending-owner-approval 2026-09-27,erpnext/accounts/doctype/pricing_rule/pricing_rule.py:161,Preserved verbatim from live v16.localhost; not imported
Procedures dropped,تم حذف الإجراءات المخزنة,تم حذف الإجراءات المخزنة,PROPOSED-payload,quorum-confirmed-payload,AI draft; requires independent A1/A2/A3 quorum before release.,content:docs/translation/stage6_w601_accounts_batch03_content_evidence_2026-09-27.txt,erpnext/accounts/doctype/accounts_settings/accounts_settings.js:39,Released and imported into catalog under version 1.13
Process Payment Reconciliation,معالجة تسوية الدفع,معالجة تسوية الدفع,preserved-site-override,preserved-site-override,Preserve the exact live v16.localhost Site Override; do not import or replace.,stage6-W6-1 Accounts Batch 03 pending-owner-approval 2026-09-27,erpnext/accounts/doctype/process_payment_reconciliation/process_payment_reconciliation.json:None,Preserved verbatim from live v16.localhost; not imported
Process Payment Reconciliation Log,سجل معالجة تسوية الدفع,سجل معالجة تسوية الدفع,preserved-site-override,preserved-site-override,Preserve the exact live v16.localhost Site Override; do not import or replace.,stage6-W6-1 Accounts Batch 03 pending-owner-approval 2026-09-27,erpnext/accounts/doctype/process_payment_reconciliation_log/process_payment_reconciliation_log.json:None,Preserved verbatim from live v16.localhost; not imported
Process Payment Reconciliation Log Allocations,تخصيصات سجل معالجة تسوية الدفع,تخصيصات سجل معالجة تسوية الدفع,preserved-site-override,preserved-site-override,Preserve the exact live v16.localhost Site Override; do not import or replace.,stage6-W6-1 Accounts Batch 03 pending-owner-approval 2026-09-27,erpnext/accounts/doctype/process_payment_reconciliation_log_allocations/process_payment_reconciliation_log_allocations.json:None,Preserved verbatim from live v16.localhost; not imported
Process Period Closing Voucher,معالجة سند إغلاق الفترة,معالجة سند إغلاق الفترة,preserved-site-override,preserved-site-override,Preserve the exact live v16.localhost Site Override; do not import or replace.,stage6-W6-1 Accounts Batch 03 pending-owner-approval 2026-09-27,erpnext/accounts/doctype/process_period_closing_voucher/process_period_closing_voucher.json:None,Preserved verbatim from live v16.localhost; not imported
Process Period Closing Voucher Detail,تفاصيل معالجة سند إغلاق الفترة,تفاصيل معالجة سند إغلاق الفترة,preserved-site-override,preserved-site-override,Preserve the exact live v16.localhost Site Override; do not import or replace.,stage6-W6-1 Accounts Batch 03 pending-owner-approval 2026-09-27,erpnext/accounts/doctype/process_period_closing_voucher_detail/process_period_closing_voucher_detail.json:None,Preserved verbatim from live v16.localhost; not imported
Process Statement Of Accounts CC,نسخة كشف الحساب,نسخة كشف الحساب,preserved-site-override,preserved-site-override,Preserve the exact live v16.localhost Site Override; do not import or replace.,stage6-W6-1 Accounts Batch 03 pending-owner-approval 2026-09-27,erpnext/accounts/doctype/process_statement_of_accounts_cc/process_statement_of_accounts_cc.json:None,Preserved verbatim from live v16.localhost; not imported
Process Subscription,معالجة الاشتراك,معالجة الاشتراك,preserved-site-override,preserved-site-override,Preserve the exact live v16.localhost Site Override; do not import or replace.,stage6-W6-1 Accounts Batch 03 pending-owner-approval 2026-09-27,erpnext/accounts/doctype/process_subscription/process_subscription.json:None,Preserved verbatim from live v16.localhost; not imported
Processing Date,تاريخ المعالجة,تاريخ المعالجة,preserved-site-override,preserved-site-override,Preserve the exact live v16.localhost Site Override; do not import or replace.,stage6-W6-1 Accounts Batch 03 pending-owner-approval 2026-09-27,erpnext/accounts/doctype/process_period_closing_voucher_detail/process_period_closing_voucher_detail.json:None,Preserved verbatim from live v16.localhost; not imported
Product Price ID,معرف سعر المنتج,معرف سعر المنتج,PROPOSED-payload,quorum-confirmed-payload,AI draft; requires independent A1/A2/A3 quorum before release.,content:docs/translation/stage6_w601_accounts_batch03_content_evidence_2026-09-27.txt,erpnext/accounts/doctype/subscription_plan/subscription_plan.json:None,Released and imported into catalog under version 1.13
Profit and Loss Summary,ملخص الأرباح والخسائر,ملخص الأرباح والخسائر,preserved-site-override,preserved-site-override,Preserve the exact live v16.localhost Site Override; do not import or replace.,stage6-W6-1 Accounts Batch 03 pending-owner-approval 2026-09-27,erpnext/accounts/doctype/bisect_accounting_statements/bisect_accounting_statements.json:None; erpnext/accounts/doctype/bisect_nodes/bisect_nodes.json:None,Preserved verbatim from live v16.localhost; not imported
Qty (Company),الكمية (الشركة),الكمية (الشركة),preserved-site-override,preserved-site-override,Preserve the exact live v16.localhost Site Override; do not import or replace.,stage6-W6-1 Accounts Batch 03 pending-owner-approval 2026-09-27,erpnext/accounts/doctype/sales_invoice_item/sales_invoice_item.json:None; erpnext/selling/doctype/quotation_item/quotation_item.json:None; erpnext/selling/doctype/sales_order_item/sales_order_item.json:None; erpnext/stock/doctype/delivery_note_item/delivery_note_item.json:None; erpnext/stock/doctype/pick_list_item/pick_list_item.json:None,Preserved verbatim from live v16.localhost; not imported
Qty (Warehouse),الكمية (المستودع),الكمية (المستودع),preserved-site-override,preserved-site-override,Preserve the exact live v16.localhost Site Override; do not import or replace.,stage6-W6-1 Accounts Batch 03 pending-owner-approval 2026-09-27,erpnext/accounts/doctype/sales_invoice_item/sales_invoice_item.json:None; erpnext/selling/doctype/quotation_item/quotation_item.json:None; erpnext/selling/doctype/sales_order_item/sales_order_item.json:None; erpnext/stock/doctype/delivery_note_item/delivery_note_item.json:None; erpnext/stock/doctype/pick_list_item/pick_list_item.json:None,Preserved verbatim from live v16.localhost; not imported
Qty for which recursion isn't applicable.,الكمية التي لا ينطبق عليها التكرار.,الكمية التي لا ينطبق عليها التكرار.,PROPOSED-payload,quorum-confirmed-payload,AI draft; requires independent A1/A2/A3 quorum before release.,content:docs/translation/stage6_w601_accounts_batch03_content_evidence_2026-09-27.txt,erpnext/accounts/doctype/pricing_rule/pricing_rule.json:None; erpnext/accounts/doctype/promotional_scheme_product_discount/promotional_scheme_product_discount.json:None,Released and imported into catalog under version 1.13
Queue Size should be between 5 and 100,يجب أن يكون حجم الطابور بين 5 و100,يجب أن يكون حجم الطابور بين 5 و100,preserved-site-override,preserved-site-override,Preserve the exact live v16.localhost Site Override; do not import or replace.,stage6-W6-1 Accounts Batch 03 pending-owner-approval 2026-09-27,erpnext/accounts/doctype/accounts_settings/accounts_settings.py:139,Preserved verbatim from live v16.localhost; not imported
Quick Ratio,نسبة السيولة السريعة,نسبة السيولة السريعة,preserved-site-override,preserved-site-override,Preserve the exact live v16.localhost Site Override; do not import or replace.,stage6-W6-1 Accounts Batch 03 pending-owner-approval 2026-09-27,erpnext/accounts/report/financial_ratios/financial_ratios.py:152,Preserved verbatim from live v16.localhost; not imported
Rate of Interest (%) Yearly,معدل الفائدة (%) سنويا,معدل الفائدة (%) سنويا,preserved-site-override,preserved-site-override,Preserve the exact live v16.localhost Site Override; do not import or replace.,stage6-W6-1 Accounts Batch 03 pending-owner-approval 2026-09-27,erpnext/accounts/doctype/dunning/dunning.json:None; erpnext/accounts/doctype/dunning_type/dunning_type.json:None,Preserved verbatim from live v16.localhost; not imported
Rate of Stock UOM,سعر وحدة قياس المخزون,سعر وحدة قياس المخزون,preserved-site-override,preserved-site-override,Preserve the exact live v16.localhost Site Override; do not import or replace.,stage6-W6-1 Accounts Batch 03 pending-owner-approval 2026-09-27,erpnext/accounts/doctype/purchase_invoice_item/purchase_invoice_item.json:None; erpnext/accounts/doctype/sales_invoice_item/sales_invoice_item.json:None; erpnext/buying/doctype/purchase_order_item/purchase_order_item.json:None; erpnext/selling/doctype/quotation_item/quotation_item.json:None; erpnext/selling/doctype/sales_order_item/sales_order_item.json:None; erpnext/stock/doctype/delivery_note_item/delivery_note_item.json:None; erpnext/stock/doctype/purchase_receipt_item/purchase_receipt_item.json:None,Preserved verbatim from live v16.localhost; not imported
Ratios,النسب,النسب,preserved-site-override,preserved-site-override,Preserve the exact live v16.localhost Site Override; do not import or replace.,stage6-W6-1 Accounts Batch 03 pending-owner-approval 2026-09-27,erpnext/accounts/report/financial_ratios/financial_ratios.py:48,Preserved verbatim from live v16.localhost; not imported
Raw SQL,SQL خام,SQL خام,preserved-site-override,preserved-site-override,Preserve the exact live v16.localhost Site Override; do not import or replace.,stage6-W6-1 Accounts Batch 03 pending-owner-approval 2026-09-27,erpnext/accounts/doctype/accounts_settings/accounts_settings.json:None,Preserved verbatim from live v16.localhost; not imported
Reached Root,تم الوصول إلى الجذر,تم الوصول إلى الجذر,preserved-site-override,preserved-site-override,Preserve the exact live v16.localhost Site Override; do not import or replace.,stage6-W6-1 Accounts Batch 03 pending-owner-approval 2026-09-27,erpnext/accounts/doctype/bisect_accounting_statements/bisect_accounting_statements.py:227,Preserved verbatim from live v16.localhost; not imported
Reason for Failure,سبب الفشل,سبب الفشل,preserved-site-override,preserved-site-override,Preserve the exact live v16.localhost Site Override; do not import or replace.,stage6-W6-1 Accounts Batch 03 pending-owner-approval 2026-09-27,erpnext/accounts/doctype/payment_request/payment_request.json:None,Preserved verbatim from live v16.localhost; not imported
Rebuilding BTree for period ...,إعادة بناء شجرة B للفترة...,إعادة بناء شجرة B للفترة...,PROPOSED-payload,quorum-confirmed-payload,AI draft; requires independent A1/A2/A3 quorum before release.,content:docs/translation/stage6_w601_accounts_batch03_content_evidence_2026-09-27.txt,erpnext/accounts/doctype/bisect_accounting_statements/bisect_accounting_statements.js:93,Released and imported into catalog under version 1.13
Receivable/Payable Account,حساب مدين/دائن,حساب مدين/دائن,preserved-site-override,preserved-site-override,Preserve the exact live v16.localhost Site Override; do not import or replace.,stage6-W6-1 Accounts Batch 03 pending-owner-approval 2026-09-27,erpnext/accounts/doctype/process_payment_reconciliation/process_payment_reconciliation.json:None,Preserved verbatim from live v16.localhost; not imported
Receivable/Payable Account: {0} doesn't belong to company {1},حساب المدينين/الدائنين: {0} لا ينتمي إلى الشركة {1},حساب المدينين/الدائنين: {0} لا ينتمي إلى الشركة {1},PROPOSED-payload,quorum-confirmed-payload,AI draft; requires independent A1/A2/A3 quorum before release.,content:docs/translation/stage6_w601_accounts_batch03_content_evidence_2026-09-27.txt,erpnext/accounts/doctype/process_payment_reconciliation/process_payment_reconciliation.py:48,Released and imported into catalog under version 1.13
Reconciled Entries,قيود مسواة,قيود مسواة,preserved-site-override,preserved-site-override,Preserve the exact live v16.localhost Site Override; do not import or replace.,stage6-W6-1 Accounts Batch 03 pending-owner-approval 2026-09-27,erpnext/accounts/doctype/process_payment_reconciliation_log/process_payment_reconciliation_log.json:None,Preserved verbatim from live v16.localhost; not imported
Reconciliation Date,تاريخ التسوية,تاريخ التسوية,preserved-site-override,preserved-site-override,Preserve the exact live v16.localhost Site Override; do not import or replace.,stage6-W6-1 Accounts Batch 03 pending-owner-approval 2026-09-27,erpnext/accounts/doctype/accounts_settings/accounts_settings.json:None; erpnext/setup/doctype/company/company.json:None,Preserved verbatim from live v16.localhost; not imported
Reconciliation Error Log,سجل أخطاء التسوية,سجل أخطاء التسوية,preserved-site-override,preserved-site-override,Preserve the exact live v16.localhost Site Override; do not import or replace.,stage6-W6-1 Accounts Batch 03 pending-owner-approval 2026-09-27,erpnext/accounts/doctype/process_payment_reconciliation_log/process_payment_reconciliation_log.json:None,Preserved verbatim from live v16.localhost; not imported
Reconciliation Logs,سجلات التسوية,سجلات التسوية,preserved-site-override,preserved-site-override,Preserve the exact live v16.localhost Site Override; do not import or replace.,stage6-W6-1 Accounts Batch 03 pending-owner-approval 2026-09-27,erpnext/accounts/doctype/process_payment_reconciliation/process_payment_reconciliation_dashboard.py:9,Preserved verbatim from live v16.localhost; not imported
Reconciliation Progress,تقدم التسوية,تقدم التسوية,preserved-site-override,preserved-site-override,Preserve the exact live v16.localhost Site Override; do not import or replace.,stage6-W6-1 Accounts Batch 03 pending-owner-approval 2026-09-27,erpnext/accounts/doctype/process_payment_reconciliation_log/process_payment_reconciliation_log.js:13,Preserved verbatim from live v16.localhost; not imported
Reconciliation Queue Size,حجم طابور التسوية,حجم طابور التسوية,preserved-site-override,preserved-site-override,Preserve the exact live v16.localhost Site Override; do not import or replace.,stage6-W6-1 Accounts Batch 03 pending-owner-approval 2026-09-27,erpnext/accounts/doctype/accounts_settings/accounts_settings.json:None,Preserved verbatim from live v16.localhost; not imported
Recurse Every (As Per Transaction UOM),التكرار كل (حسب وحدة قياس المعاملة),التكرار كل (حسب وحدة قياس المعاملة),preserved-site-override,preserved-site-override,Preserve the exact live v16.localhost Site Override; do not import or replace.,stage6-W6-1 Accounts Batch 03 pending-owner-approval 2026-09-27,erpnext/accounts/doctype/pricing_rule/pricing_rule.json:None; erpnext/accounts/doctype/promotional_scheme_product_discount/promotional_scheme_product_discount.json:None,Preserved verbatim from live v16.localhost; not imported
Recurse Over Qty cannot be less than 0,لا يمكن أن تكون كمية التكرار أقل من 0,لا يمكن أن تكون كمية التكرار أقل من 0,PROPOSED-payload,quorum-confirmed-payload,AI draft; requires independent A1/A2/A3 quorum before release.,content:docs/translation/stage6_w601_accounts_batch03_content_evidence_2026-09-27.txt,erpnext/accounts/doctype/pricing_rule/pricing_rule.py:240,Released and imported into catalog under version 1.13
Recursive Discounts with Mixed condition is not supported by the system,الخصومات التكرارية ذات الشروط المختلطة غير مدعومة في النظام,الخصومات التكرارية ذات الشروط المختلطة غير مدعومة في النظام,PROPOSED-payload,quorum-confirmed-payload,AI draft; requires independent A1/A2/A3 quorum before release.,content:docs/translation/stage6_w601_accounts_batch03_content_evidence_2026-09-27.txt,erpnext/accounts/doctype/pricing_rule/pricing_rule.py:316; erpnext/accounts/doctype/promotional_scheme/promotional_scheme.py:231,Released and imported into catalog under version 1.13
Reference Detail,تفاصيل المرجع,تفاصيل المرجع,preserved-site-override,preserved-site-override,Preserve the exact live v16.localhost Site Override; do not import or replace.,stage6-W6-1 Accounts Batch 03 pending-owner-approval 2026-09-27,erpnext/accounts/doctype/advance_tax/advance_tax.json:None,Preserved verbatim from live v16.localhost; not imported
Reference Exchange Rate,سعر الصرف المرجعي,سعر الصرف المرجعي,preserved-site-override,preserved-site-override,Preserve the exact live v16.localhost Site Override; do not import or replace.,stage6-W6-1 Accounts Batch 03 pending-owner-approval 2026-09-27,erpnext/accounts/doctype/purchase_invoice_advance/purchase_invoice_advance.json:None; erpnext/accounts/doctype/sales_invoice_advance/sales_invoice_advance.json:None,Preserved verbatim from live v16.localhost; not imported
Reference No,رقم المرجع,رقم المرجع,preserved-site-override,preserved-site-override,Preserve the exact live v16.localhost Site Override; do not import or replace.,stage6-W6-1 Accounts Batch 03 pending-owner-approval 2026-09-27,erpnext/accounts/doctype/sales_invoice_payment/sales_invoice_payment.json:None,Preserved verbatim from live v16.localhost; not imported
Reference number of the invoice from the previous system,الرقم المرجعي للفاتورة من النظام السابق,الرقم المرجعي للفاتورة من النظام السابق,PROPOSED-payload,quorum-confirmed-payload,AI draft; requires independent A1/A2/A3 quorum before release.,content:docs/translation/stage6_w601_accounts_batch03_content_evidence_2026-09-27.txt,erpnext/accounts/doctype/opening_invoice_creation_tool_item/opening_invoice_creation_tool_item.json:None,Released and imported into catalog under version 1.13
Refresh Plaid Link,تحديث رابط Plaid,تحديث رابط Plaid,preserved-site-override,preserved-site-override,Preserve the exact live v16.localhost Site Override; do not import or replace.,stage6-W6-1 Accounts Batch 03 pending-owner-approval 2026-09-27,erpnext/accounts/doctype/bank/bank.js:21,Preserved verbatim from live v16.localhost; not imported
Rejected Serial and Batch Bundle,مجموعة تسلسل ودفعة مرفوضة,مجموعة تسلسل ودفعة مرفوضة,preserved-site-override,preserved-site-override,Preserve the exact live v16.localhost Site Override; do not import or replace.,stage6-W6-1 Accounts Batch 03 pending-owner-approval 2026-09-27,erpnext/accounts/doctype/purchase_invoice_item/purchase_invoice_item.json:None; erpnext/stock/doctype/purchase_receipt_item/purchase_receipt_item.json:None; erpnext/subcontracting/doctype/subcontracting_receipt_item/subcontracting_receipt_item.json:None,Preserved verbatim from live v16.localhost; not imported
Remarks Column Length,طول عمود الملاحظات,طول عمود الملاحظات,preserved-site-override,preserved-site-override,Preserve the exact live v16.localhost Site Override; do not import or replace.,stage6-W6-1 Accounts Batch 03 pending-owner-approval 2026-09-27,erpnext/accounts/doctype/accounts_settings/accounts_settings.json:None,Preserved verbatim from live v16.localhost; not imported
Removing rows without exchange gain or loss,إزالة الصفوف التي لا تحتوي على أرباح أو خسائر صرف عملات,إزالة الصفوف التي لا تحتوي على أرباح أو خسائر صرف عملات,PROPOSED-payload,quorum-confirmed-payload,AI draft; requires independent A1/A2/A3 quorum before release.,content:docs/translation/stage6_w601_accounts_batch03_content_evidence_2026-09-27.txt,erpnext/accounts/doctype/exchange_rate_revaluation/exchange_rate_revaluation.py:87,Released and imported into catalog under version 1.13
Report Error,الإبلاغ عن خطأ,الإبلاغ عن خطأ,preserved-site-override,preserved-site-override,Preserve the exact live v16.localhost Site Override; do not import or replace.,stage6-W6-1 Accounts Batch 03 pending-owner-approval 2026-09-27,erpnext/accounts/doctype/bank_statement_import/bank_statement_import.js:225,Preserved verbatim from live v16.localhost; not imported
