source_text,proposed_ar,proposed_disposition,disposition_rationale,decision_ref,locations
'{0}' should be in company currency {1}.,يجب أن يكون '{0}' بعملة الشركة {1}.,PROPOSED-payload,AI draft; requires independent A1/A2/A3 quorum before release.,stage6-W6-5 Setup owner-approved 2026-09-24,erpnext/setup/doctype/company/company.py:295; erpnext/setup/doctype/company/company.py:306
A Transaction Deletion Document: {0} is triggered for {0},تم تشغيل مستند حذف المعاملات: {0} لـ {0},PROPOSED-payload,AI draft; requires independent A1/A2/A3 quorum before release.,stage6-W6-5 Setup owner-approved 2026-09-24,erpnext/setup/doctype/company/company.py:1078
Abampere,أبامبير,PROPOSED-payload,AI draft; requires independent A1/A2/A3 quorum before release.,stage6-W6-5 Setup owner-approved 2026-09-24,erpnext/setup/setup_wizard/data/uom_data.json:None
Abbr,الاختصار,preserved-site-override,Preserve the exact live v16.localhost Site Override; do not import or replace.,stage6-W6-5 Setup owner-approved 2026-09-24,erpnext/setup/doctype/company/company.json:None
According to CEFACT/ICG/2010/IC013 or CEFACT/ICG/2010/IC010,وفقًا للمعيار CEFACT/ICG/2010/IC013 أو CEFACT/ICG/2010/IC010,PROPOSED-payload,AI draft; requires independent A1/A2/A3 quorum before release.,stage6-W6-5 Setup owner-approved 2026-09-24,erpnext/setup/doctype/uom/uom.json:None
Account {0} is disabled.,الحساب {0} معطّل.,PROPOSED-payload,AI draft; requires independent A1/A2/A3 quorum before release.,stage6-W6-5 Setup owner-approved 2026-09-24,erpnext/setup/doctype/company/company.py:266
Accountant,محاسب,preserved-site-override,Preserve the exact live v16.localhost Site Override; do not import or replace.,stage6-W6-5 Setup owner-approved 2026-09-24,erpnext/setup/setup_wizard/data/designation.txt:1
Acre,فدان,PROPOSED-payload,AI draft; requires independent A1/A2/A3 quorum before release.,stage6-W6-5 Setup owner-approved 2026-09-24,erpnext/setup/setup_wizard/data/uom_data.json:None
Acre (US),فدان (أمريكي),PROPOSED-payload,AI draft; requires independent A1/A2/A3 quorum before release.,stage6-W6-5 Setup owner-approved 2026-09-24,erpnext/setup/setup_wizard/data/uom_data.json:None
Add Local Holidays,إضافة العطلات المحلية,preserved-site-override,Preserve the exact live v16.localhost Site Override; do not import or replace.,stage6-W6-5 Setup owner-approved 2026-09-24,erpnext/setup/doctype/holiday_list/holiday_list.json:None
Administrative Assistant,مساعد إداري,preserved-site-override,Preserve the exact live v16.localhost Site Override; do not import or replace.,stage6-W6-5 Setup owner-approved 2026-09-24,erpnext/setup/setup_wizard/data/designation.txt:2
Administrative Officer,مسؤول إداري,preserved-site-override,Preserve the exact live v16.localhost Site Override; do not import or replace.,stage6-W6-5 Setup owner-approved 2026-09-24,erpnext/setup/setup_wizard/data/designation.txt:3
Advance Payment Date,تاريخ الدفعة المقدمة,preserved-site-override,Preserve the exact live v16.localhost Site Override; do not import or replace.,stage6-W6-5 Setup owner-approved 2026-09-24,erpnext/setup/doctype/company/company.json:None
Advertisement,إعلان,preserved-site-override,Preserve the exact live v16.localhost Site Override; do not import or replace.,stage6-W6-5 Setup owner-approved 2026-09-24,erpnext/setup/setup_wizard/data/marketing_source.txt:3
Advertising,إعلانات,preserved-site-override,Preserve the exact live v16.localhost Site Override; do not import or replace.,stage6-W6-5 Setup owner-approved 2026-09-24,erpnext/setup/setup_wizard/data/industry_type.txt:2
Aerospace,صناعات الفضاء والطيران,PROPOSED-payload,AI draft; requires independent A1/A2/A3 quorum before release.,stage6-W6-5 Setup owner-approved 2026-09-24,erpnext/setup/setup_wizard/data/industry_type.txt:3
Agent,وكيل,preserved-site-override,Preserve the exact live v16.localhost Site Override; do not import or replace.,stage6-W6-5 Setup owner-approved 2026-09-24,erpnext/setup/setup_wizard/data/sales_partner_type.txt:4
Agriculture,الزراعة,preserved-site-override,Preserve the exact live v16.localhost Site Override; do not import or replace.,stage6-W6-5 Setup owner-approved 2026-09-24,erpnext/setup/setup_wizard/data/industry_type.txt:4
Airline,خطوط طيران,PROPOSED-payload,AI draft; requires independent A1/A2/A3 quorum before release.,stage6-W6-5 Setup owner-approved 2026-09-24,erpnext/setup/setup_wizard/data/industry_type.txt:5
All Sales Transactions can be tagged against multiple Sales Persons so that you can set and monitor targets.,يمكن ربط جميع معاملات المبيعات بعدة مندوبي مبيعات لتمكينك من تحديد الأهداف ومتابعتها.,PROPOSED-payload,AI draft; requires independent A1/A2/A3 quorum before release.,stage6-W6-5 Setup owner-approved 2026-09-24,erpnext/setup/doctype/sales_person/sales_person.json:None
Ampere,أمبير,PROPOSED-payload,AI draft; requires independent A1/A2/A3 quorum before release.,stage6-W6-5 Setup owner-approved 2026-09-24,erpnext/setup/setup_wizard/data/uom_data.json:None
Ampere-Hour,,EXCEPTION-technical,Technical UOM/force unit token; retain vendor rendering; no catalog release.,stage6-W6-5 Setup owner-approved 2026-09-24,erpnext/setup/setup_wizard/data/uom_data.json:None
Ampere-Minute,,EXCEPTION-technical,Technical UOM/force unit token; retain vendor rendering; no catalog release.,stage6-W6-5 Setup owner-approved 2026-09-24,erpnext/setup/setup_wizard/data/uom_data.json:None
Ampere-Second,,EXCEPTION-technical,Technical UOM/force unit token; retain vendor rendering; no catalog release.,stage6-W6-5 Setup owner-approved 2026-09-24,erpnext/setup/setup_wizard/data/uom_data.json:None
An Item Group is a way to classify items based on types.,مجموعة الأصناف هي طريقة لتصنيف الأصناف بناءً على أنواعها.,PROPOSED-payload,AI draft; requires independent A1/A2/A3 quorum before release.,stage6-W6-5 Setup owner-approved 2026-09-24,erpnext/setup/doctype/item_group/item_group.json:None
Analyst,محلل,preserved-site-override,Preserve the exact live v16.localhost Site Override; do not import or replace.,stage6-W6-5 Setup owner-approved 2026-09-24,erpnext/setup/setup_wizard/data/designation.txt:4
Apparel & Accessories,الملابس والإكسسوارات,PROPOSED-payload,AI draft; requires independent A1/A2/A3 quorum before release.,stage6-W6-5 Setup owner-approved 2026-09-24,erpnext/setup/setup_wizard/data/industry_type.txt:6
Are,آر,PROPOSED-payload,AI draft; requires independent A1/A2/A3 quorum before release.,stage6-W6-5 Setup owner-approved 2026-09-24,erpnext/setup/setup_wizard/data/uom_data.json:None
Arshin,أرشين,PROPOSED-payload,AI draft; requires independent A1/A2/A3 quorum before release.,stage6-W6-5 Setup owner-approved 2026-09-24,erpnext/setup/setup_wizard/data/uom_data.json:None
Associate,مشارك,preserved-site-override,Preserve the exact live v16.localhost Site Override; do not import or replace.,stage6-W6-5 Setup owner-approved 2026-09-24,erpnext/setup/setup_wizard/data/designation.txt:5
Atmosphere,ضغط جوي,PROPOSED-payload,AI draft; requires independent A1/A2/A3 quorum before release.,stage6-W6-5 Setup owner-approved 2026-09-24,erpnext/setup/setup_wizard/data/uom_data.json:None
Attendance & Leaves,الحضور والإجازات,preserved-site-override,Preserve the exact live v16.localhost Site Override; do not import or replace.,stage6-W6-5 Setup owner-approved 2026-09-24,erpnext/setup/doctype/employee/employee.json:None
Auto Create Exchange Rate Revaluation,إنشاء إعادة تقييم سعر الصرف تلقائيا,preserved-site-override,Preserve the exact live v16.localhost Site Override; do not import or replace.,stage6-W6-5 Setup owner-approved 2026-09-24,erpnext/setup/doctype/company/company.json:None
Automotive,السيارات والمحركات,PROPOSED-payload,AI draft; requires independent A1/A2/A3 quorum before release.,stage6-W6-5 Setup owner-approved 2026-09-24,erpnext/setup/setup_wizard/data/industry_type.txt:7
B+,+B,PROPOSED-payload,AI draft; requires independent A1/A2/A3 quorum before release.,stage6-W6-5 Setup owner-approved 2026-09-24,erpnext/setup/doctype/employee/employee.json:None
B-,-B,PROPOSED-payload,AI draft; requires independent A1/A2/A3 quorum before release.,stage6-W6-5 Setup owner-approved 2026-09-24,erpnext/setup/doctype/employee/employee.json:None
Barleycorn,حبة شعير,PROPOSED-payload,AI draft; requires independent A1/A2/A3 quorum before release.,stage6-W6-5 Setup owner-approved 2026-09-24,erpnext/setup/setup_wizard/data/uom_data.json:None
Barrel (Oil),برميل (نفط),PROPOSED-payload,AI draft; requires independent A1/A2/A3 quorum before release.,stage6-W6-5 Setup owner-approved 2026-09-24,erpnext/setup/setup_wizard/data/uom_data.json:None
Barrel(Beer),برميل (بيرة),PROPOSED-payload,AI draft; requires independent A1/A2/A3 quorum before release.,stage6-W6-5 Setup owner-approved 2026-09-24,erpnext/setup/setup_wizard/data/uom_data.json:None
"Based on your HR Policy, select your leave allocation period's end date",بناءً على سياسة الموارد البشرية لديك، حدد تاريخ انتهاء فترة تخصيص الإجازات,PROPOSED-payload,AI draft; requires independent A1/A2/A3 quorum before release.,stage6-W6-5 Setup owner-approved 2026-09-24,erpnext/setup/doctype/holiday_list/holiday_list.js:60
"Based on your HR Policy, select your leave allocation period's start date",بناءً على سياسة الموارد البشرية لديك، حدد تاريخ بدء فترة تخصيص الإجازات,PROPOSED-payload,AI draft; requires independent A1/A2/A3 quorum before release.,stage6-W6-5 Setup owner-approved 2026-09-24,erpnext/setup/doctype/holiday_list/holiday_list.js:55
Biot,بيوت,PROPOSED-payload,AI draft; requires independent A1/A2/A3 quorum before release.,stage6-W6-5 Setup owner-approved 2026-09-24,erpnext/setup/setup_wizard/data/uom_data.json:None
Biotechnology,التكنولوجيا الحيوية,PROPOSED-payload,AI draft; requires independent A1/A2/A3 quorum before release.,stage6-W6-5 Setup owner-approved 2026-09-24,erpnext/setup/setup_wizard/data/industry_type.txt:9
Both Payable Account: {0} and Advance Account: {1} must be of same currency for company: {2},يجب أن يكون كلٌّ من حساب الدائنين: {0} وحساب الدفعات المقدمة: {1} بالعملة نفسها للشركة: {2},PROPOSED-payload,AI draft; requires independent A1/A2/A3 quorum before release.,stage6-W6-5 Setup owner-approved 2026-09-24,erpnext/setup/doctype/supplier_group/supplier_group.py:57
Both Receivable Account: {0} and Advance Account: {1} must be of same currency for company: {2},يجب أن يكون كلٌّ من حساب المدينين: {0} وحساب الدفعات المقدمة: {1} بالعملة نفسها للشركة: {2},PROPOSED-payload,AI draft; requires independent A1/A2/A3 quorum before release.,stage6-W6-5 Setup owner-approved 2026-09-24,erpnext/setup/doctype/customer_group/customer_group.py:62
Box,صندوق,preserved-site-override,Preserve the exact live v16.localhost Site Override; do not import or replace.,stage6-W6-5 Setup owner-approved 2026-09-24,erpnext/setup/setup_wizard/data/uom_data.json:None
Broadcasting,البث الإذاعي والتلفزيوني,PROPOSED-payload,AI draft; requires independent A1/A2/A3 quorum before release.,stage6-W6-5 Setup owner-approved 2026-09-24,erpnext/setup/setup_wizard/data/industry_type.txt:10
Brokerage,الوساطة المالية,PROPOSED-payload,AI draft; requires independent A1/A2/A3 quorum before release.,stage6-W6-5 Setup owner-approved 2026-09-24,erpnext/setup/setup_wizard/data/industry_type.txt:11
Btu (It),وحدة حرارية بريطانية (دولية),PROPOSED-payload,AI draft; requires independent A1/A2/A3 quorum before release.,stage6-W6-5 Setup owner-approved 2026-09-24,erpnext/setup/setup_wizard/data/uom_data.json:None
Btu (Mean),وحدة حرارية بريطانية (متوسطة),PROPOSED-payload,AI draft; requires independent A1/A2/A3 quorum before release.,stage6-W6-5 Setup owner-approved 2026-09-24,erpnext/setup/setup_wizard/data/uom_data.json:None
Btu (Th),وحدة حرارية بريطانية (حرارية كيميائية),PROPOSED-payload,AI draft; requires independent A1/A2/A3 quorum before release.,stage6-W6-5 Setup owner-approved 2026-09-24,erpnext/setup/setup_wizard/data/uom_data.json:None
Btu/Hour,وحدة حرارية بريطانية/ساعة,PROPOSED-payload,AI draft; requires independent A1/A2/A3 quorum before release.,stage6-W6-5 Setup owner-approved 2026-09-24,erpnext/setup/setup_wizard/data/uom_data.json:None
Btu/Minutes,وحدة حرارية بريطانية/دقيقة,PROPOSED-payload,AI draft; requires independent A1/A2/A3 quorum before release.,stage6-W6-5 Setup owner-approved 2026-09-24,erpnext/setup/setup_wizard/data/uom_data.json:None
Btu/Seconds,وحدة حرارية بريطانية/ثانية,PROPOSED-payload,AI draft; requires independent A1/A2/A3 quorum before release.,stage6-W6-5 Setup owner-approved 2026-09-24,erpnext/setup/setup_wizard/data/uom_data.json:None
Bushel (UK),بوشل (بريطاني),PROPOSED-payload,AI draft; requires independent A1/A2/A3 quorum before release.,stage6-W6-5 Setup owner-approved 2026-09-24,erpnext/setup/setup_wizard/data/uom_data.json:None
Bushel (US Dry Level),بوشل (أمريكي جاف),PROPOSED-payload,AI draft; requires independent A1/A2/A3 quorum before release.,stage6-W6-5 Setup owner-approved 2026-09-24,erpnext/setup/setup_wizard/data/uom_data.json:None
Business Analyst,محلل أعمال,preserved-site-override,Preserve the exact live v16.localhost Site Override; do not import or replace.,stage6-W6-5 Setup owner-approved 2026-09-24,erpnext/setup/setup_wizard/data/designation.txt:6
Business Development Manager,مدير تطوير الأعمال,preserved-site-override,Preserve the exact live v16.localhost Site Override; do not import or replace.,stage6-W6-5 Setup owner-approved 2026-09-24,erpnext/setup/setup_wizard/data/designation.txt:7
Buying & Selling Settings,إعدادات الشراء والبيع,preserved-site-override,Preserve the exact live v16.localhost Site Override; do not import or replace.,stage6-W6-5 Setup owner-approved 2026-09-24,erpnext/setup/doctype/company/company.json:None
Buying and Selling,الشراء والبيع,preserved-site-override,Preserve the exact live v16.localhost Site Override; do not import or replace.,stage6-W6-5 Setup owner-approved 2026-09-24,erpnext/setup/doctype/company/company.json:None
Caballeria,كاباليريا,PROPOSED-payload,AI draft; requires independent A1/A2/A3 quorum before release.,stage6-W6-5 Setup owner-approved 2026-09-24,erpnext/setup/setup_wizard/data/uom_data.json:None
Cable Length,طول الكابل,PROPOSED-payload,AI draft; requires independent A1/A2/A3 quorum before release.,stage6-W6-5 Setup owner-approved 2026-09-24,erpnext/setup/setup_wizard/data/uom_data.json:None
Cable Length (UK),طول الكابل (بريطاني),PROPOSED-payload,AI draft; requires independent A1/A2/A3 quorum before release.,stage6-W6-5 Setup owner-approved 2026-09-24,erpnext/setup/setup_wizard/data/uom_data.json:None
Cable Length (US),طول الكابل (أمريكي),PROPOSED-payload,AI draft; requires independent A1/A2/A3 quorum before release.,stage6-W6-5 Setup owner-approved 2026-09-24,erpnext/setup/setup_wizard/data/uom_data.json:None
Calibre,عيار,PROPOSED-payload,AI draft; requires independent A1/A2/A3 quorum before release.,stage6-W6-5 Setup owner-approved 2026-09-24,erpnext/setup/setup_wizard/data/uom_data.json:None
Calorie (Food),سعرة حرارية (غذائية),PROPOSED-payload,AI draft; requires independent A1/A2/A3 quorum before release.,stage6-W6-5 Setup owner-approved 2026-09-24,erpnext/setup/setup_wizard/data/uom_data.json:None
Calorie (It),سعرة حرارية (دولية),PROPOSED-payload,AI draft; requires independent A1/A2/A3 quorum before release.,stage6-W6-5 Setup owner-approved 2026-09-24,erpnext/setup/setup_wizard/data/uom_data.json:None
Calorie (Mean),سعرة حرارية (متوسطة),PROPOSED-payload,AI draft; requires independent A1/A2/A3 quorum before release.,stage6-W6-5 Setup owner-approved 2026-09-24,erpnext/setup/setup_wizard/data/uom_data.json:None
Calorie (Th),سعرة حرارية (حرارية كيميائية),PROPOSED-payload,AI draft; requires independent A1/A2/A3 quorum before release.,stage6-W6-5 Setup owner-approved 2026-09-24,erpnext/setup/setup_wizard/data/uom_data.json:None
Calorie/Seconds,سعرة حرارية/ثانية,PROPOSED-payload,AI draft; requires independent A1/A2/A3 quorum before release.,stage6-W6-5 Setup owner-approved 2026-09-24,erpnext/setup/setup_wizard/data/uom_data.json:None
Cannot Change Inventory Account Setting,لا يمكن تغيير إعداد حساب المخزون,preserved-site-override,Preserve the exact live v16.localhost Site Override; do not import or replace.,stage6-W6-5 Setup owner-approved 2026-09-24,erpnext/setup/doctype/company/company.py:217
Cannot enqueue multi docs for one company. {0} is already queued/running for company: {1},لا يمكن إدراج مستندات متعددة في قائمة الانتظار لشركة واحدة. {0} قيد الانتظار أو التشغيل بالفعل للشركة: {1},PROPOSED-payload,AI draft; requires independent A1/A2/A3 quorum before release.,stage6-W6-5 Setup owner-approved 2026-09-24,erpnext/setup/doctype/transaction_deletion_record/transaction_deletion_record.py:110
Cannot make any transactions until the deletion job is completed,لا يمكن إجراء أي معاملات حتى تكتمل مهمة الحذف,PROPOSED-payload,AI draft; requires independent A1/A2/A3 quorum before release.,stage6-W6-5 Setup owner-approved 2026-09-24,erpnext/setup/doctype/transaction_deletion_record/transaction_deletion_record.py:516
Carat,قيراط,PROPOSED-payload,AI draft; requires independent A1/A2/A3 quorum before release.,stage6-W6-5 Setup owner-approved 2026-09-24,erpnext/setup/setup_wizard/data/uom_data.json:None
Carriage Paid To,أجور النقل مدفوعة إلى,PROPOSED-payload,AI draft; requires independent A1/A2/A3 quorum before release.,stage6-W6-5 Setup owner-approved 2026-09-24,erpnext/setup/doctype/incoterm/incoterms.csv:6
Carriage and Insurance Paid to,أجور النقل والتأمين مدفوعة إلى,PROPOSED-payload,AI draft; requires independent A1/A2/A3 quorum before release.,stage6-W6-5 Setup owner-approved 2026-09-24,erpnext/setup/doctype/incoterm/incoterms.csv:7
Celsius,مئوية,PROPOSED-payload,AI draft; requires independent A1/A2/A3 quorum before release.,stage6-W6-5 Setup owner-approved 2026-09-24,erpnext/setup/setup_wizard/data/uom_data.json:None
Cental,سنتال,PROPOSED-payload,AI draft; requires independent A1/A2/A3 quorum before release.,stage6-W6-5 Setup owner-approved 2026-09-24,erpnext/setup/setup_wizard/data/uom_data.json:None
Centiarea,سنتيار,PROPOSED-payload,AI draft; requires independent A1/A2/A3 quorum before release.,stage6-W6-5 Setup owner-approved 2026-09-24,erpnext/setup/setup_wizard/data/uom_data.json:None
Centigram/Litre,سنتيجرام/لتر,PROPOSED-payload,AI draft; requires independent A1/A2/A3 quorum before release.,stage6-W6-5 Setup owner-approved 2026-09-24,erpnext/setup/setup_wizard/data/uom_data.json:None
Centilitre,سنتيلتر,PROPOSED-payload,AI draft; requires independent A1/A2/A3 quorum before release.,stage6-W6-5 Setup owner-approved 2026-09-24,erpnext/setup/setup_wizard/data/uom_data.json:None
Centimeter,سنتيمتر,PROPOSED-payload,AI draft; requires independent A1/A2/A3 quorum before release.,stage6-W6-5 Setup owner-approved 2026-09-24,erpnext/setup/setup_wizard/data/uom_data.json:None
Chain,سلسلة,PROPOSED-payload,AI draft; requires independent A1/A2/A3 quorum before release.,stage6-W6-5 Setup owner-approved 2026-09-24,erpnext/setup/setup_wizard/data/uom_data.json:None
Chemical,الكيماويات,PROPOSED-payload,AI draft; requires independent A1/A2/A3 quorum before release.,stage6-W6-5 Setup owner-approved 2026-09-24,erpnext/setup/setup_wizard/data/industry_type.txt:12
Chief Executive Officer,الرئيس التنفيذي,PROPOSED-payload,AI draft; requires independent A1/A2/A3 quorum before release.,stage6-W6-5 Setup owner-approved 2026-09-24,erpnext/setup/setup_wizard/data/designation.txt:9
Chief Financial Officer,المدير المالي التنفيذي,PROPOSED-payload,AI draft; requires independent A1/A2/A3 quorum before release.,stage6-W6-5 Setup owner-approved 2026-09-24,erpnext/setup/setup_wizard/data/designation.txt:10
Chief Operating Officer,مدير العمليات التنفيذي,PROPOSED-payload,AI draft; requires independent A1/A2/A3 quorum before release.,stage6-W6-5 Setup owner-approved 2026-09-24,erpnext/setup/setup_wizard/data/designation.txt:11
Chief Technology Officer,المدير التقني التنفيذي,PROPOSED-payload,AI draft; requires independent A1/A2/A3 quorum before release.,stage6-W6-5 Setup owner-approved 2026-09-24,erpnext/setup/setup_wizard/data/designation.txt:12
Classification of Customers by region,تصنيف العملاء حسب المنطقة,PROPOSED-payload,AI draft; requires independent A1/A2/A3 quorum before release.,stage6-W6-5 Setup owner-approved 2026-09-24,erpnext/setup/doctype/territory/territory.json:None
Clear Notifications,مسح الإشعارات,preserved-site-override,Preserve the exact live v16.localhost Site Override; do not import or replace.,stage6-W6-5 Setup owner-approved 2026-09-24,erpnext/setup/doctype/transaction_deletion_record/transaction_deletion_record.json:None
Cold Calling,اتصال بارد,preserved-site-override,Preserve the exact live v16.localhost Site Override; do not import or replace.,stage6-W6-5 Setup owner-approved 2026-09-24,erpnext/setup/setup_wizard/data/marketing_source.txt:4
Company Details,تفاصيل الشركة,preserved-site-override,Preserve the exact live v16.localhost Site Override; do not import or replace.,stage6-W6-5 Setup owner-approved 2026-09-24,erpnext/setup/doctype/employee/employee.json:None
Company {} does not exist yet. Taxes setup aborted.,الشركة {} غير موجودة بعد. تم إلغاء إعداد الضرائب.,PROPOSED-payload,AI draft; requires independent A1/A2/A3 quorum before release.,stage6-W6-5 Setup owner-approved 2026-09-24,erpnext/setup/setup_wizard/operations/taxes_setup.py:14
Consulting,الاستشارات,PROPOSED-payload,AI draft; requires independent A1/A2/A3 quorum before release.,stage6-W6-5 Setup owner-approved 2026-09-24,erpnext/setup/setup_wizard/data/industry_type.txt:14
Consumer Products,المنتجات الاستهلاكية,PROPOSED-payload,AI draft; requires independent A1/A2/A3 quorum before release.,stage6-W6-5 Setup owner-approved 2026-09-24,erpnext/setup/setup_wizard/data/industry_type.txt:15
Cosmetics,مستحضرات التجميل,PROPOSED-payload,AI draft; requires independent A1/A2/A3 quorum before release.,stage6-W6-5 Setup owner-approved 2026-09-24,erpnext/setup/setup_wizard/data/industry_type.txt:16
Cost and Freight,التكلفة وأجور الشحن,PROPOSED-payload,AI draft; requires independent A1/A2/A3 quorum before release.,stage6-W6-5 Setup owner-approved 2026-09-24,erpnext/setup/doctype/incoterm/incoterms.csv:8
Cost to Company (CTC),التكلفة على الشركة,preserved-site-override,Preserve the exact live v16.localhost Site Override; do not import or replace.,stage6-W6-5 Setup owner-approved 2026-09-24,erpnext/setup/doctype/employee/employee.json:None
"Cost, Insurance and Freight",التكلفة والتأمين وأجور الشحن,PROPOSED-payload,AI draft; requires independent A1/A2/A3 quorum before release.,stage6-W6-5 Setup owner-approved 2026-09-24,erpnext/setup/doctype/incoterm/incoterms.csv:9
Could Not Delete Demo Data,تعذر حذف البيانات التجريبية,PROPOSED-payload,AI draft; requires independent A1/A2/A3 quorum before release.,stage6-W6-5 Setup owner-approved 2026-09-24,erpnext/setup/demo.py:55
Coulomb,كولوم,PROPOSED-payload,AI draft; requires independent A1/A2/A3 quorum before release.,stage6-W6-5 Setup owner-approved 2026-09-24,erpnext/setup/setup_wizard/data/uom_data.json:None
Creating User...,جارٍ إنشاء المستخدم...,PROPOSED-payload,AI draft; requires independent A1/A2/A3 quorum before release.,stage6-W6-5 Setup owner-approved 2026-09-24,erpnext/setup/doctype/employee/employee.js:92
Cross Listing of Item in multiple groups,إدراج الصنف في مجموعات متعددة,PROPOSED-payload,AI draft; requires independent A1/A2/A3 quorum before release.,stage6-W6-5 Setup owner-approved 2026-09-24,erpnext/setup/doctype/website_item_group/website_item_group.json:None
Cubic Centimeter,سنتيمتر مكعب,PROPOSED-payload,AI draft; requires independent A1/A2/A3 quorum before release.,stage6-W6-5 Setup owner-approved 2026-09-24,erpnext/setup/setup_wizard/data/uom_data.json:None
Cubic Decimeter,ديسيمتر مكعب,PROPOSED-payload,AI draft; requires independent A1/A2/A3 quorum before release.,stage6-W6-5 Setup owner-approved 2026-09-24,erpnext/setup/setup_wizard/data/uom_data.json:None
Cubic Foot,قدم مكعب,PROPOSED-payload,AI draft; requires independent A1/A2/A3 quorum before release.,stage6-W6-5 Setup owner-approved 2026-09-24,erpnext/setup/setup_wizard/data/uom_data.json:None
Cubic Inch,بوصة مكعبة,PROPOSED-payload,AI draft; requires independent A1/A2/A3 quorum before release.,stage6-W6-5 Setup owner-approved 2026-09-24,erpnext/setup/setup_wizard/data/uom_data.json:None
Cubic Meter,متر مكعب,PROPOSED-payload,AI draft; requires independent A1/A2/A3 quorum before release.,stage6-W6-5 Setup owner-approved 2026-09-24,erpnext/setup/setup_wizard/data/uom_data.json:None
Cubic Millimeter,مليمتر مكعب,PROPOSED-payload,AI draft; requires independent A1/A2/A3 quorum before release.,stage6-W6-5 Setup owner-approved 2026-09-24,erpnext/setup/setup_wizard/data/uom_data.json:None
Cubic Yard,ياردة مكعبة,PROPOSED-payload,AI draft; requires independent A1/A2/A3 quorum before release.,stage6-W6-5 Setup owner-approved 2026-09-24,erpnext/setup/setup_wizard/data/uom_data.json:None
Cup,كوب,PROPOSED-payload,AI draft; requires independent A1/A2/A3 quorum before release.,stage6-W6-5 Setup owner-approved 2026-09-24,erpnext/setup/setup_wizard/data/uom_data.json:None
Customer / Item / Item Group,العميل / الصنف / مجموعة الأصناف,PROPOSED-payload,AI draft; requires independent A1/A2/A3 quorum before release.,stage6-W6-5 Setup owner-approved 2026-09-24,erpnext/setup/doctype/authorization_rule/authorization_rule.json:None
Customer Service Representative,ممثل خدمة العملاء,preserved-site-override,Preserve the exact live v16.localhost Site Override; do not import or replace.,stage6-W6-5 Setup owner-approved 2026-09-24,erpnext/setup/setup_wizard/data/designation.txt:13
Customer's Vendor,مورد العميل,PROPOSED-payload,AI draft; requires independent A1/A2/A3 quorum before release.,stage6-W6-5 Setup owner-approved 2026-09-24,erpnext/setup/setup_wizard/data/marketing_source.txt:8
Cycle/Second,دورة/ثانية,PROPOSED-payload,AI draft; requires independent A1/A2/A3 quorum before release.,stage6-W6-5 Setup owner-approved 2026-09-24,erpnext/setup/setup_wizard/data/uom_data.json:None
Date of Birth,تاريخ الميلاد,preserved-site-override,Preserve the exact live v16.localhost Site Override; do not import or replace.,stage6-W6-5 Setup owner-approved 2026-09-24,erpnext/setup/doctype/employee/employee.json:None
Date of Joining,تاريخ الانضمام,preserved-site-override,Preserve the exact live v16.localhost Site Override; do not import or replace.,stage6-W6-5 Setup owner-approved 2026-09-24,erpnext/setup/doctype/employee/employee.json:None
Dealer,تاجر,PROPOSED-payload,AI draft; requires independent A1/A2/A3 quorum before release.,stage6-W6-5 Setup owner-approved 2026-09-24,erpnext/setup/setup_wizard/data/sales_partner_type.txt:3
Decigram/Litre,ديسيجرام/لتر,PROPOSED-payload,AI draft; requires independent A1/A2/A3 quorum before release.,stage6-W6-5 Setup owner-approved 2026-09-24,erpnext/setup/setup_wizard/data/uom_data.json:None
Decilitre,ديسيلتر,PROPOSED-payload,AI draft; requires independent A1/A2/A3 quorum before release.,stage6-W6-5 Setup owner-approved 2026-09-24,erpnext/setup/setup_wizard/data/uom_data.json:None
Decimeter,ديسيمتر,PROPOSED-payload,AI draft; requires independent A1/A2/A3 quorum before release.,stage6-W6-5 Setup owner-approved 2026-09-24,erpnext/setup/setup_wizard/data/uom_data.json:None
Default Advance Paid Account,حساب الدفعات المقدمة المدفوعة الافتراضي,preserved-site-override,Preserve the exact live v16.localhost Site Override; do not import or replace.,stage6-W6-5 Setup owner-approved 2026-09-24,erpnext/setup/doctype/company/company.json:None; erpnext/setup/doctype/company/company.py:307
Default Advance Received Account,حساب الدفعات المقدمة المستلمة الافتراضي,preserved-site-override,Preserve the exact live v16.localhost Site Override; do not import or replace.,stage6-W6-5 Setup owner-approved 2026-09-24,erpnext/setup/doctype/company/company.json:None; erpnext/setup/doctype/company/company.py:296
Default In-Transit Warehouse,مستودع العبور الافتراضي,preserved-site-override,Preserve the exact live v16.localhost Site Override; do not import or replace.,stage6-W6-5 Setup owner-approved 2026-09-24,erpnext/setup/doctype/company/company.json:None; erpnext/stock/doctype/warehouse/warehouse.json:None
Default Operating Cost Account,حساب تكلفة التشغيل الافتراضي,preserved-site-override,Preserve the exact live v16.localhost Site Override; do not import or replace.,stage6-W6-5 Setup owner-approved 2026-09-24,erpnext/setup/doctype/company/company.json:None
Default Payment Discount Account,حساب خصم الدفع الافتراضي,preserved-site-override,Preserve the exact live v16.localhost Site Override; do not import or replace.,stage6-W6-5 Setup owner-approved 2026-09-24,erpnext/setup/doctype/company/company.json:None
Default Provisional Account,الحساب المؤقت الافتراضي,preserved-site-override,Preserve the exact live v16.localhost Site Override; do not import or replace.,stage6-W6-5 Setup owner-approved 2026-09-24,erpnext/setup/doctype/company/company.json:None
Default Sales Contact,جهة اتصال المبيعات الافتراضية,preserved-site-override,Preserve the exact live v16.localhost Site Override; do not import or replace.,stage6-W6-5 Setup owner-approved 2026-09-24,erpnext/setup/doctype/company/company.json:None
Default Stock Valuation Method,طريقة تقييم المخزون الافتراضية,preserved-site-override,Preserve the exact live v16.localhost Site Override; do not import or replace.,stage6-W6-5 Setup owner-approved 2026-09-24,erpnext/setup/doctype/company/company.json:None
"Default tax templates for sales, purchase and items are created.",تم إنشاء قوالب الضرائب الافتراضية للمبيعات والمشتريات والأصناف.,PROPOSED-payload,AI draft; requires independent A1/A2/A3 quorum before release.,stage6-W6-5 Setup owner-approved 2026-09-24,erpnext/setup/doctype/company/company.js:191
Defense,الصناعات الدفاعية,PROPOSED-payload,AI draft; requires independent A1/A2/A3 quorum before release.,stage6-W6-5 Setup owner-approved 2026-09-24,erpnext/setup/setup_wizard/data/industry_type.txt:17
Deferred Accounting,المحاسبة المؤجلة,preserved-site-override,Preserve the exact live v16.localhost Site Override; do not import or replace.,stage6-W6-5 Setup owner-approved 2026-09-24,erpnext/setup/doctype/company/company.json:None; erpnext/stock/doctype/item/item.json:None
Dekagram/Litre,ديكاجرام/لتر,PROPOSED-payload,AI draft; requires independent A1/A2/A3 quorum before release.,stage6-W6-5 Setup owner-approved 2026-09-24,erpnext/setup/setup_wizard/data/uom_data.json:None
Delete Bins,حذف الحاويات,preserved-site-override,Preserve the exact live v16.localhost Site Override; do not import or replace.,stage6-W6-5 Setup owner-approved 2026-09-24,erpnext/setup/doctype/transaction_deletion_record/transaction_deletion_record.json:None
Delete Leads and Addresses,حذف العملاء المحتملين والعناوين,preserved-site-override,Preserve the exact live v16.localhost Site Override; do not import or replace.,stage6-W6-5 Setup owner-approved 2026-09-24,erpnext/setup/doctype/transaction_deletion_record/transaction_deletion_record.json:None
Delete Transactions,حذف المعاملات,preserved-site-override,Preserve the exact live v16.localhost Site Override; do not import or replace.,stage6-W6-5 Setup owner-approved 2026-09-24,erpnext/setup/doctype/company/company.js:168; erpnext/setup/doctype/transaction_deletion_record/transaction_deletion_record.json:None
Deleted Documents,المستندات المحذوفة,preserved-site-override,Preserve the exact live v16.localhost Site Override; do not import or replace.,stage6-W6-5 Setup owner-approved 2026-09-24,erpnext/setup/workspace/settings/settings.json:None
Deletion in Progress!,الحذف جار!,preserved-site-override,Preserve the exact live v16.localhost Site Override; do not import or replace.,stage6-W6-5 Setup owner-approved 2026-09-24,erpnext/setup/doctype/transaction_deletion_record/transaction_deletion_record.py:503
Delivered At Place,تسليم في المكان المحدد,PROPOSED-payload,AI draft; requires independent A1/A2/A3 quorum before release.,stage6-W6-5 Setup owner-approved 2026-09-24,erpnext/setup/doctype/incoterm/incoterms.csv:10
Delivered At Place Unloaded,تسليم في المكان مع التفريغ,PROPOSED-payload,AI draft; requires independent A1/A2/A3 quorum before release.,stage6-W6-5 Setup owner-approved 2026-09-24,erpnext/setup/doctype/incoterm/incoterms.csv:11
Delivered Duty Paid,تسليم مع دفع الرسوم الجمركية,PROPOSED-payload,AI draft; requires independent A1/A2/A3 quorum before release.,stage6-W6-5 Setup owner-approved 2026-09-24,erpnext/setup/doctype/incoterm/incoterms.csv:12
Delivery Manager,مدير التسليم,preserved-site-override,Preserve the exact live v16.localhost Site Override; do not import or replace.,stage6-W6-5 Setup owner-approved 2026-09-24,erpnext/setup/doctype/driver/driver.json:None; erpnext/setup/doctype/vehicle/vehicle.json:None; erpnext/stock/doctype/delivery_note/delivery_note.json:None; erpnext/stock/doctype/delivery_settings/delivery_settings.json:None; erpnext/stock/doctype/delivery_trip/delivery_trip.json:None; erpnext/stock/doctype/serial_and_batch_bundle/serial_and_batch_bundle.json:None
Delivery User,مستخدم التسليم,preserved-site-override,Preserve the exact live v16.localhost Site Override; do not import or replace.,stage6-W6-5 Setup owner-approved 2026-09-24,erpnext/setup/doctype/driver/driver.json:None; erpnext/setup/doctype/vehicle/vehicle.json:None; erpnext/stock/doctype/delivery_note/delivery_note.json:None; erpnext/stock/doctype/delivery_trip/delivery_trip.json:None; erpnext/stock/doctype/serial_and_batch_bundle/serial_and_batch_bundle.json:None
Demo Bank Account,حساب مصرفي تجريبي,PROPOSED-payload,AI draft; requires independent A1/A2/A3 quorum before release.,stage6-W6-5 Setup owner-approved 2026-09-24,erpnext/setup/setup_wizard/operations/install_fixtures.py:542
Demo Company,شركة تجريبية,PROPOSED-payload,AI draft; requires independent A1/A2/A3 quorum before release.,stage6-W6-5 Setup owner-approved 2026-09-24,erpnext/setup/doctype/global_defaults/global_defaults.json:None
Department Stores,متاجر الأقسام,preserved-site-override,Preserve the exact live v16.localhost Site Override; do not import or replace.,stage6-W6-5 Setup owner-approved 2026-09-24,erpnext/setup/setup_wizard/data/industry_type.txt:18
Designer,مصمم,PROPOSED-payload,AI draft; requires independent A1/A2/A3 quorum before release.,stage6-W6-5 Setup owner-approved 2026-09-24,erpnext/setup/setup_wizard/data/designation.txt:14
DocTypes should not be added manually to the 'Excluded DocTypes' table. You are only allowed to remove entries from it.,لا ينبغي إضافة أنواع المستندات يدويًا إلى جدول 'أنواع المستندات المستبعدة'. يُسمح لك فقط بحذف الإدخالات منه.,PROPOSED-payload,AI draft; requires independent A1/A2/A3 quorum before release.,stage6-W6-5 Setup owner-approved 2026-09-24,erpnext/setup/doctype/transaction_deletion_record/transaction_deletion_record.py:78
Documentation,التوثيق,PROPOSED-payload,AI draft; requires independent A1/A2/A3 quorum before release.,stage6-W6-5 Setup owner-approved 2026-09-24,erpnext/setup/install.py:188
Dram,درام,PROPOSED-payload,AI draft; requires independent A1/A2/A3 quorum before release.,stage6-W6-5 Setup owner-approved 2026-09-24,erpnext/setup/setup_wizard/data/uom_data.json:None
Dyne,داين,PROPOSED-payload,AI draft; requires independent A1/A2/A3 quorum before release.,stage6-W6-5 Setup owner-approved 2026-09-24,erpnext/setup/setup_wizard/data/uom_data.json:None
EMU Of Charge,وحدة كهرومغناطيسية للشحنة,PROPOSED-payload,AI draft; requires independent A1/A2/A3 quorum before release.,stage6-W6-5 Setup owner-approved 2026-09-24,erpnext/setup/setup_wizard/data/uom_data.json:None
EMU of current,وحدة كهرومغناطيسية للتيار,PROPOSED-payload,AI draft; requires independent A1/A2/A3 quorum before release.,stage6-W6-5 Setup owner-approved 2026-09-24,erpnext/setup/setup_wizard/data/uom_data.json:None
Electronics,الإلكترونيات,PROPOSED-payload,AI draft; requires independent A1/A2/A3 quorum before release.,stage6-W6-5 Setup owner-approved 2026-09-24,erpnext/setup/setup_wizard/data/industry_type.txt:20
Ells (UK),إلس (بريطاني),PROPOSED-payload,AI draft; requires independent A1/A2/A3 quorum before release.,stage6-W6-5 Setup owner-approved 2026-09-24,erpnext/setup/setup_wizard/data/uom_data.json:None
Email Digest Recipient,مستلم ملخص البريد,preserved-site-override,Preserve the exact live v16.localhost Site Override; do not import or replace.,stage6-W6-5 Setup owner-approved 2026-09-24,erpnext/setup/doctype/email_digest_recipient/email_digest_recipient.json:None
Email Digest: {0},ملخص البريد: {0},preserved-site-override,Preserve the exact live v16.localhost Site Override; do not import or replace.,stage6-W6-5 Setup owner-approved 2026-09-24,erpnext/setup/doctype/email_digest/email_digest.js:15
Employee Exit,خروج الموظف,preserved-site-override,Preserve the exact live v16.localhost Site Override; do not import or replace.,stage6-W6-5 Setup owner-approved 2026-09-24,erpnext/setup/doctype/employee/employee.json:None
Employee Number,رقم الموظف,preserved-site-override,Preserve the exact live v16.localhost Site Override; do not import or replace.,stage6-W6-5 Setup owner-approved 2026-09-24,erpnext/setup/doctype/employee/employee.json:None
Ems(Pica),إمس (بيكا),PROPOSED-payload,AI draft; requires independent A1/A2/A3 quorum before release.,stage6-W6-5 Setup owner-approved 2026-09-24,erpnext/setup/setup_wizard/data/uom_data.json:None
Enable Item-wise Inventory Account,تمكين حساب المخزون حسب الصنف,preserved-site-override,Preserve the exact live v16.localhost Site Override; do not import or replace.,stage6-W6-5 Setup owner-approved 2026-09-24,erpnext/setup/doctype/company/company.json:None
Enable Provisional Accounting For Non Stock Items,تفعيل المحاسبة التقديرية للأصناف غير المخزنية,PROPOSED-payload,AI draft; requires independent A1/A2/A3 quorum before release.,stage6-W6-5 Setup owner-approved 2026-09-24,erpnext/setup/doctype/company/company.json:None
Encashment Date,تاريخ الصرف النقدي,PROPOSED-payload,AI draft; requires independent A1/A2/A3 quorum before release.,stage6-W6-5 Setup owner-approved 2026-09-24,erpnext/setup/doctype/employee/employee.json:None
Energy,الطاقة,PROPOSED-payload,AI draft; requires independent A1/A2/A3 quorum before release.,stage6-W6-5 Setup owner-approved 2026-09-24,erpnext/setup/setup_wizard/data/industry_type.txt:21
Engineer,مهندس,PROPOSED-payload,AI draft; requires independent A1/A2/A3 quorum before release.,stage6-W6-5 Setup owner-approved 2026-09-24,erpnext/setup/setup_wizard/data/designation.txt:15
Enter a name for this Holiday List.,أدخل اسمًا لقائمة العطلات هذه.,PROPOSED-payload,AI draft; requires independent A1/A2/A3 quorum before release.,stage6-W6-5 Setup owner-approved 2026-09-24,erpnext/setup/doctype/holiday_list/holiday_list.js:50
Entertainment & Leisure,الترفيه والتسلية,PROPOSED-payload,AI draft; requires independent A1/A2/A3 quorum before release.,stage6-W6-5 Setup owner-approved 2026-09-24,erpnext/setup/setup_wizard/data/industry_type.txt:22
Erg,إرج,PROPOSED-payload,AI draft; requires independent A1/A2/A3 quorum before release.,stage6-W6-5 Setup owner-approved 2026-09-24,erpnext/setup/setup_wizard/data/uom_data.json:None
Ex Works,تسليم المصنع,preserved-site-override,Preserve the exact live v16.localhost Site Override; do not import or replace.,stage6-W6-5 Setup owner-approved 2026-09-24,erpnext/setup/doctype/incoterm/incoterms.csv:2
Exchange Gain / Loss,ربح/خسارة الصرف,preserved-site-override,Preserve the exact live v16.localhost Site Override; do not import or replace.,stage6-W6-5 Setup owner-approved 2026-09-24,erpnext/setup/doctype/company/company.json:None
Exchange Rate Revaluation Settings,إعدادات إعادة تقييم سعر الصرف,preserved-site-override,Preserve the exact live v16.localhost Site Override; do not import or replace.,stage6-W6-5 Setup owner-approved 2026-09-24,erpnext/setup/doctype/company/company.json:None
Excluded DocTypes,أنواع المستندات المستثناة,preserved-site-override,Preserve the exact live v16.localhost Site Override; do not import or replace.,stage6-W6-5 Setup owner-approved 2026-09-24,erpnext/setup/doctype/transaction_deletion_record/transaction_deletion_record.json:None
Executive Assistant,مساعد تنفيذي,preserved-site-override,Preserve the exact live v16.localhost Site Override; do not import or replace.,stage6-W6-5 Setup owner-approved 2026-09-24,erpnext/setup/setup_wizard/data/designation.txt:16
Executive Search,استقطاب الكفاءات التنفيذية,PROPOSED-payload,AI draft; requires independent A1/A2/A3 quorum before release.,stage6-W6-5 Setup owner-approved 2026-09-24,erpnext/setup/setup_wizard/data/industry_type.txt:23
Exhibition,معرض,PROPOSED-payload,AI draft; requires independent A1/A2/A3 quorum before release.,stage6-W6-5 Setup owner-approved 2026-09-24,erpnext/setup/setup_wizard/data/marketing_source.txt:5
Existing Customer,عميل حالي,PROPOSED-payload,AI draft; requires independent A1/A2/A3 quorum before release.,stage6-W6-5 Setup owner-approved 2026-09-24,erpnext/setup/setup_wizard/data/marketing_source.txt:1
FIFO,الأول داخل أول خارج,preserved-site-override,Preserve the exact live v16.localhost Site Override; do not import or replace.,stage6-W6-5 Setup owner-approved 2026-09-24,erpnext/setup/doctype/company/company.json:None; erpnext/stock/doctype/item/item.json:None; erpnext/stock/doctype/stock_settings/stock_settings.json:None
Fahrenheit,فهرنهايت,PROPOSED-payload,AI draft; requires independent A1/A2/A3 quorum before release.,stage6-W6-5 Setup owner-approved 2026-09-24,erpnext/setup/setup_wizard/data/uom_data.json:None
"Failed to erase demo data, please delete the demo company manually.",فشل مسح البيانات التجريبية، يُرجى حذف الشركة التجريبية يدويًا.,PROPOSED-payload,AI draft; requires independent A1/A2/A3 quorum before release.,stage6-W6-5 Setup owner-approved 2026-09-24,erpnext/setup/demo.py:54
Failed to setup defaults for country {0}. Please contact support.,فشل إعداد الإعدادات الافتراضية للبلد {0}. يُرجى الاتصال بالدعم الفني.,PROPOSED-payload,AI draft; requires independent A1/A2/A3 quorum before release.,stage6-W6-5 Setup owner-approved 2026-09-24,erpnext/setup/doctype/company/company.py:862
Faraday,فاراداي,PROPOSED-payload,AI draft; requires independent A1/A2/A3 quorum before release.,stage6-W6-5 Setup owner-approved 2026-09-24,erpnext/setup/setup_wizard/data/uom_data.json:None
Fathom,قامة,PROPOSED-payload,AI draft; requires independent A1/A2/A3 quorum before release.,stage6-W6-5 Setup owner-approved 2026-09-24,erpnext/setup/setup_wizard/data/uom_data.json:None
Finance Manager,مدير مالي,preserved-site-override,Preserve the exact live v16.localhost Site Override; do not import or replace.,stage6-W6-5 Setup owner-approved 2026-09-24,erpnext/setup/setup_wizard/data/designation.txt:17
Financial Services,الخدمات المالية,PROPOSED-payload,AI draft; requires independent A1/A2/A3 quorum before release.,stage6-W6-5 Setup owner-approved 2026-09-24,erpnext/setup/setup_wizard/data/industry_type.txt:24
Fixed Asset Defaults,إعدادات الأصول الثابتة الافتراضية,preserved-site-override,Preserve the exact live v16.localhost Site Override; do not import or replace.,stage6-W6-5 Setup owner-approved 2026-09-24,erpnext/setup/doctype/company/company.json:None
Fluid Ounce (UK),أونصة سائلة (بريطانية),PROPOSED-payload,AI draft; requires independent A1/A2/A3 quorum before release.,stage6-W6-5 Setup owner-approved 2026-09-24,erpnext/setup/setup_wizard/data/uom_data.json:None
Fluid Ounce (US),أونصة سائلة (أمريكية),PROPOSED-payload,AI draft; requires independent A1/A2/A3 quorum before release.,stage6-W6-5 Setup owner-approved 2026-09-24,erpnext/setup/setup_wizard/data/uom_data.json:None
"Food, Beverage & Tobacco",الأغذية والمشروبات والتبغ,PROPOSED-payload,AI draft; requires independent A1/A2/A3 quorum before release.,stage6-W6-5 Setup owner-approved 2026-09-24,erpnext/setup/setup_wizard/data/industry_type.txt:25
Foot,قدم,PROPOSED-payload,AI draft; requires independent A1/A2/A3 quorum before release.,stage6-W6-5 Setup owner-approved 2026-09-24,erpnext/setup/setup_wizard/data/uom_data.json:None
Foot Of Water,قدم ماء,PROPOSED-payload,AI draft; requires independent A1/A2/A3 quorum before release.,stage6-W6-5 Setup owner-approved 2026-09-24,erpnext/setup/setup_wizard/data/uom_data.json:None
Foot/Minute,قدم/دقيقة,PROPOSED-payload,AI draft; requires independent A1/A2/A3 quorum before release.,stage6-W6-5 Setup owner-approved 2026-09-24,erpnext/setup/setup_wizard/data/uom_data.json:None
Foot/Second,قدم/ثانية,PROPOSED-payload,AI draft; requires independent A1/A2/A3 quorum before release.,stage6-W6-5 Setup owner-approved 2026-09-24,erpnext/setup/setup_wizard/data/uom_data.json:None
For service item,للصنف الخدمي,PROPOSED-payload,AI draft; requires independent A1/A2/A3 quorum before release.,stage6-W6-5 Setup owner-approved 2026-09-24,erpnext/setup/doctype/company/company.json:None
Frappe School,مدرسة فرابي,PROPOSED-payload,AI draft; requires independent A1/A2/A3 quorum before release.,stage6-W6-5 Setup owner-approved 2026-09-24,erpnext/setup/install.py:200
Free Alongside Ship,تسليم بجانب السفينة,PROPOSED-payload,AI draft; requires independent A1/A2/A3 quorum before release.,stage6-W6-5 Setup owner-approved 2026-09-24,erpnext/setup/doctype/incoterm/incoterms.csv:4
Free Carrier,تسليم للناقل,PROPOSED-payload,AI draft; requires independent A1/A2/A3 quorum before release.,stage6-W6-5 Setup owner-approved 2026-09-24,erpnext/setup/doctype/incoterm/incoterms.csv:3
Free On Board,تسليم على ظهر السفينة,PROPOSED-payload,AI draft; requires independent A1/A2/A3 quorum before release.,stage6-W6-5 Setup owner-approved 2026-09-24,erpnext/setup/doctype/incoterm/incoterms.csv:5
Furlong,فرلونغ,PROPOSED-payload,AI draft; requires independent A1/A2/A3 quorum before release.,stage6-W6-5 Setup owner-approved 2026-09-24,erpnext/setup/setup_wizard/data/uom_data.json:None
Gallon (UK),جالون (بريطاني),PROPOSED-payload,AI draft; requires independent A1/A2/A3 quorum before release.,stage6-W6-5 Setup owner-approved 2026-09-24,erpnext/setup/setup_wizard/data/uom_data.json:None
Gallon Dry (US),جالون جاف (أمريكي),PROPOSED-payload,AI draft; requires independent A1/A2/A3 quorum before release.,stage6-W6-5 Setup owner-approved 2026-09-24,erpnext/setup/setup_wizard/data/uom_data.json:None
Gallon Liquid (US),جالون سائل (أمريكي),PROPOSED-payload,AI draft; requires independent A1/A2/A3 quorum before release.,stage6-W6-5 Setup owner-approved 2026-09-24,erpnext/setup/setup_wizard/data/uom_data.json:None
Gamma,غاما,PROPOSED-payload,AI draft; requires independent A1/A2/A3 quorum before release.,stage6-W6-5 Setup owner-approved 2026-09-24,erpnext/setup/setup_wizard/data/uom_data.json:None
Gauss,غاوس,PROPOSED-payload,AI draft; requires independent A1/A2/A3 quorum before release.,stage6-W6-5 Setup owner-approved 2026-09-24,erpnext/setup/setup_wizard/data/uom_data.json:None
Grain,حبة,PROPOSED-payload,AI draft; requires independent A1/A2/A3 quorum before release.,stage6-W6-5 Setup owner-approved 2026-09-24,erpnext/setup/setup_wizard/data/uom_data.json:None
Grain/Cubic Foot,حبة/قدم مكعب,PROPOSED-payload,AI draft; requires independent A1/A2/A3 quorum before release.,stage6-W6-5 Setup owner-approved 2026-09-24,erpnext/setup/setup_wizard/data/uom_data.json:None
Grain/Gallon (UK),حبة/جالون (بريطاني),PROPOSED-payload,AI draft; requires independent A1/A2/A3 quorum before release.,stage6-W6-5 Setup owner-approved 2026-09-24,erpnext/setup/setup_wizard/data/uom_data.json:None
Grain/Gallon (US),حبة/جالون (أمريكي),PROPOSED-payload,AI draft; requires independent A1/A2/A3 quorum before release.,stage6-W6-5 Setup owner-approved 2026-09-24,erpnext/setup/setup_wizard/data/uom_data.json:None
Gram,جرام,PROPOSED-payload,AI draft; requires independent A1/A2/A3 quorum before release.,stage6-W6-5 Setup owner-approved 2026-09-24,erpnext/setup/setup_wizard/data/uom_data.json:None
Gram-Force,,EXCEPTION-technical,Technical UOM/force unit token; retain vendor rendering; no catalog release.,stage6-W6-5 Setup owner-approved 2026-09-24,erpnext/setup/setup_wizard/data/uom_data.json:None
Gram/Cubic Centimeter,جرام/سنتيمتر مكعب,PROPOSED-payload,AI draft; requires independent A1/A2/A3 quorum before release.,stage6-W6-5 Setup owner-approved 2026-09-24,erpnext/setup/setup_wizard/data/uom_data.json:None
Gram/Cubic Meter,جرام/متر مكعب,PROPOSED-payload,AI draft; requires independent A1/A2/A3 quorum before release.,stage6-W6-5 Setup owner-approved 2026-09-24,erpnext/setup/setup_wizard/data/uom_data.json:None
Gram/Cubic Millimeter,جرام/مليمتر مكعب,PROPOSED-payload,AI draft; requires independent A1/A2/A3 quorum before release.,stage6-W6-5 Setup owner-approved 2026-09-24,erpnext/setup/setup_wizard/data/uom_data.json:None
Gram/Litre,جرام/لتر,PROPOSED-payload,AI draft; requires independent A1/A2/A3 quorum before release.,stage6-W6-5 Setup owner-approved 2026-09-24,erpnext/setup/setup_wizard/data/uom_data.json:None
Grocery,البقالة والمواد الغذائية,PROPOSED-payload,AI draft; requires independent A1/A2/A3 quorum before release.,stage6-W6-5 Setup owner-approved 2026-09-24,erpnext/setup/setup_wizard/data/industry_type.txt:26
Hand,شبر,PROPOSED-payload,AI draft; requires independent A1/A2/A3 quorum before release.,stage6-W6-5 Setup owner-approved 2026-09-24,erpnext/setup/setup_wizard/data/uom_data.json:None
Head of Marketing and Sales,رئيس التسويق والمبيعات,preserved-site-override,Preserve the exact live v16.localhost Site Override; do not import or replace.,stage6-W6-5 Setup owner-approved 2026-09-24,erpnext/setup/setup_wizard/data/designation.txt:19
Health Care,الرعاية الصحية,preserved-site-override,Preserve the exact live v16.localhost Site Override; do not import or replace.,stage6-W6-5 Setup owner-approved 2026-09-24,erpnext/setup/setup_wizard/data/industry_type.txt:27
Hectare,هكتار,PROPOSED-payload,AI draft; requires independent A1/A2/A3 quorum before release.,stage6-W6-5 Setup owner-approved 2026-09-24,erpnext/setup/setup_wizard/data/uom_data.json:None
Hectogram/Litre,هكتوجرام/لتر,PROPOSED-payload,AI draft; requires independent A1/A2/A3 quorum before release.,stage6-W6-5 Setup owner-approved 2026-09-24,erpnext/setup/setup_wizard/data/uom_data.json:None
Hectometer,هكتومتر,PROPOSED-payload,AI draft; requires independent A1/A2/A3 quorum before release.,stage6-W6-5 Setup owner-approved 2026-09-24,erpnext/setup/setup_wizard/data/uom_data.json:None
Hectopascal,هكتوباسكال,PROPOSED-payload,AI draft; requires independent A1/A2/A3 quorum before release.,stage6-W6-5 Setup owner-approved 2026-09-24,erpnext/setup/setup_wizard/data/uom_data.json:None
"Here, you can select a senior of this Employee. Based on this, Organization Chart will be populated.",هنا يمكنك تحديد المسؤول المباشر لهذا الموظف. وبناءً على ذلك، سيتم ملء الهيكل التنظيمي.,PROPOSED-payload,AI draft; requires independent A1/A2/A3 quorum before release.,stage6-W6-5 Setup owner-approved 2026-09-24,erpnext/setup/doctype/employee/employee.js:134
Hertz,هرتز,PROPOSED-payload,AI draft; requires independent A1/A2/A3 quorum before release.,stage6-W6-5 Setup owner-approved 2026-09-24,erpnext/setup/setup_wizard/data/uom_data.json:None
Holiday Date {0} added multiple times,تاريخ العطلة {0} تمت إضافته عدة مرات,PROPOSED-payload,AI draft; requires independent A1/A2/A3 quorum before release.,stage6-W6-5 Setup owner-approved 2026-09-24,erpnext/setup/doctype/holiday_list/holiday_list.py:162
Holidays,العطلات,preserved-site-override,Preserve the exact live v16.localhost Site Override; do not import or replace.,stage6-W6-5 Setup owner-approved 2026-09-24,erpnext/setup/doctype/holiday_list/holiday_list.json:None
Horsepower,حصان,PROPOSED-payload,AI draft; requires independent A1/A2/A3 quorum before release.,stage6-W6-5 Setup owner-approved 2026-09-24,erpnext/setup/setup_wizard/data/uom_data.json:None
Horsepower-Hours,,EXCEPTION-technical,Technical UOM/force unit token; retain vendor rendering; no catalog release.,stage6-W6-5 Setup owner-approved 2026-09-24,erpnext/setup/setup_wizard/data/uom_data.json:None
Hour,ساعة,PROPOSED-payload,AI draft; requires independent A1/A2/A3 quorum before release.,stage6-W6-5 Setup owner-approved 2026-09-24,erpnext/setup/setup_wizard/data/uom_data.json:None
Hundredweight (UK),قنطار (بريطاني),PROPOSED-payload,AI draft; requires independent A1/A2/A3 quorum before release.,stage6-W6-5 Setup owner-approved 2026-09-24,erpnext/setup/setup_wizard/data/uom_data.json:None
Hundredweight (US),قنطار (أمريكي),PROPOSED-payload,AI draft; requires independent A1/A2/A3 quorum before release.,stage6-W6-5 Setup owner-approved 2026-09-24,erpnext/setup/setup_wizard/data/uom_data.json:None
Iches Of Water,بوصة ماء,PROPOSED-payload,AI draft; requires independent A1/A2/A3 quorum before release.,stage6-W6-5 Setup owner-approved 2026-09-24,erpnext/setup/setup_wizard/data/uom_data.json:None
Implementation Partner,شريك التنفيذ,PROPOSED-payload,AI draft; requires independent A1/A2/A3 quorum before release.,stage6-W6-5 Setup owner-approved 2026-09-24,erpnext/setup/setup_wizard/data/sales_partner_type.txt:6
Import Data,استيراد البيانات,preserved-site-override,Preserve the exact live v16.localhost Site Override; do not import or replace.,stage6-W6-5 Setup owner-approved 2026-09-24,erpnext/setup/workspace/home/home.json:None; erpnext/setup/workspace/settings/settings.json:None
Inch,بوصة,PROPOSED-payload,AI draft; requires independent A1/A2/A3 quorum before release.,stage6-W6-5 Setup owner-approved 2026-09-24,erpnext/setup/setup_wizard/data/uom_data.json:None
Inch Pound-Force,بوصة رطل-قوة,PROPOSED-payload,AI draft; requires independent A1/A2/A3 quorum before release.,stage6-W6-5 Setup owner-approved 2026-09-24,erpnext/setup/setup_wizard/data/uom_data.json:None
Inch/Minute,بوصة/دقيقة,PROPOSED-payload,AI draft; requires independent A1/A2/A3 quorum before release.,stage6-W6-5 Setup owner-approved 2026-09-24,erpnext/setup/setup_wizard/data/uom_data.json:None
Inch/Second,بوصة/ثانية,PROPOSED-payload,AI draft; requires independent A1/A2/A3 quorum before release.,stage6-W6-5 Setup owner-approved 2026-09-24,erpnext/setup/setup_wizard/data/uom_data.json:None
Inches Of Mercury,بوصة زئبق,PROPOSED-payload,AI draft; requires independent A1/A2/A3 quorum before release.,stage6-W6-5 Setup owner-approved 2026-09-24,erpnext/setup/setup_wizard/data/uom_data.json:None
Initialize Summary Table,تهيئة جدول الملخص,preserved-site-override,Preserve the exact live v16.localhost Site Override; do not import or replace.,stage6-W6-5 Setup owner-approved 2026-09-24,erpnext/setup/doctype/transaction_deletion_record/transaction_deletion_record.json:None
Internal,داخلي,preserved-site-override,Preserve the exact live v16.localhost Site Override; do not import or replace.,stage6-W6-5 Setup owner-approved 2026-09-24,erpnext/setup/setup_wizard/operations/install_fixtures.py:300
Internet Publishing,النشر عبر الإنترنت,PROPOSED-payload,AI draft; requires independent A1/A2/A3 quorum before release.,stage6-W6-5 Setup owner-approved 2026-09-24,erpnext/setup/setup_wizard/data/industry_type.txt:28
Investment Banking,الخدمات المصرفية الاستثمارية,PROPOSED-payload,AI draft; requires independent A1/A2/A3 quorum before release.,stage6-W6-5 Setup owner-approved 2026-09-24,erpnext/setup/setup_wizard/data/industry_type.txt:29
Is Half Day,نصف يوم,preserved-site-override,Preserve the exact live v16.localhost Site Override; do not import or replace.,stage6-W6-5 Setup owner-approved 2026-09-24,erpnext/setup/doctype/holiday/holiday.json:None; erpnext/setup/doctype/holiday_list/holiday_list.json:None
Item Group wise Discount,خصم حسب مجموعة الأصناف,preserved-site-override,Preserve the exact live v16.localhost Site Override; do not import or replace.,stage6-W6-5 Setup owner-approved 2026-09-24,erpnext/setup/doctype/authorization_rule/authorization_rule.json:None
Joining,الانضمام,preserved-site-override,Preserve the exact live v16.localhost Site Override; do not import or replace.,stage6-W6-5 Setup owner-approved 2026-09-24,erpnext/setup/doctype/employee/employee.json:None
Joule,جول,PROPOSED-payload,AI draft; requires independent A1/A2/A3 quorum before release.,stage6-W6-5 Setup owner-approved 2026-09-24,erpnext/setup/setup_wizard/data/uom_data.json:None
Joule/Meter,جول/متر,PROPOSED-payload,AI draft; requires independent A1/A2/A3 quorum before release.,stage6-W6-5 Setup owner-approved 2026-09-24,erpnext/setup/setup_wizard/data/uom_data.json:None
Kelvin,كلفن,PROPOSED-payload,AI draft; requires independent A1/A2/A3 quorum before release.,stage6-W6-5 Setup owner-approved 2026-09-24,erpnext/setup/setup_wizard/data/uom_data.json:None
Kg,كجم,PROPOSED-payload,AI draft; requires independent A1/A2/A3 quorum before release.,stage6-W6-5 Setup owner-approved 2026-09-24,erpnext/setup/setup_wizard/data/uom_data.json:None
Kiloampere,كيلو أمبير,PROPOSED-payload,AI draft; requires independent A1/A2/A3 quorum before release.,stage6-W6-5 Setup owner-approved 2026-09-24,erpnext/setup/setup_wizard/data/uom_data.json:None
Kilocalorie,كيلو سعرة حرارية,PROPOSED-payload,AI draft; requires independent A1/A2/A3 quorum before release.,stage6-W6-5 Setup owner-approved 2026-09-24,erpnext/setup/setup_wizard/data/uom_data.json:None
Kilocoulomb,كيلو كولوم,PROPOSED-payload,AI draft; requires independent A1/A2/A3 quorum before release.,stage6-W6-5 Setup owner-approved 2026-09-24,erpnext/setup/setup_wizard/data/uom_data.json:None
Kilogram-Force,,EXCEPTION-technical,Technical UOM/force unit token; retain vendor rendering; no catalog release.,stage6-W6-5 Setup owner-approved 2026-09-24,erpnext/setup/setup_wizard/data/uom_data.json:None
Kilogram/Cubic Centimeter,كيلوجرام/سنتيمتر مكعب,PROPOSED-payload,AI draft; requires independent A1/A2/A3 quorum before release.,stage6-W6-5 Setup owner-approved 2026-09-24,erpnext/setup/setup_wizard/data/uom_data.json:None
Kilogram/Cubic Meter,كيلوجرام/متر مكعب,PROPOSED-payload,AI draft; requires independent A1/A2/A3 quorum before release.,stage6-W6-5 Setup owner-approved 2026-09-24,erpnext/setup/setup_wizard/data/uom_data.json:None
Kilogram/Litre,كيلوجرام/لتر,PROPOSED-payload,AI draft; requires independent A1/A2/A3 quorum before release.,stage6-W6-5 Setup owner-approved 2026-09-24,erpnext/setup/setup_wizard/data/uom_data.json:None
Kilohertz,كيلوهرتز,PROPOSED-payload,AI draft; requires independent A1/A2/A3 quorum before release.,stage6-W6-5 Setup owner-approved 2026-09-24,erpnext/setup/setup_wizard/data/uom_data.json:None
Kilojoule,كيلوجول,PROPOSED-payload,AI draft; requires independent A1/A2/A3 quorum before release.,stage6-W6-5 Setup owner-approved 2026-09-24,erpnext/setup/setup_wizard/data/uom_data.json:None
Kilometer,كيلومتر,PROPOSED-payload,AI draft; requires independent A1/A2/A3 quorum before release.,stage6-W6-5 Setup owner-approved 2026-09-24,erpnext/setup/setup_wizard/data/uom_data.json:None
Kilometer/Hour,كيلومتر/ساعة,PROPOSED-payload,AI draft; requires independent A1/A2/A3 quorum before release.,stage6-W6-5 Setup owner-approved 2026-09-24,erpnext/setup/setup_wizard/data/uom_data.json:None
Kilopascal,كيلوباسكال,PROPOSED-payload,AI draft; requires independent A1/A2/A3 quorum before release.,stage6-W6-5 Setup owner-approved 2026-09-24,erpnext/setup/setup_wizard/data/uom_data.json:None
Kilopond,كيلوبوند,PROPOSED-payload,AI draft; requires independent A1/A2/A3 quorum before release.,stage6-W6-5 Setup owner-approved 2026-09-24,erpnext/setup/setup_wizard/data/uom_data.json:None
Kilopound-Force,,EXCEPTION-technical,Technical UOM/force unit token; retain vendor rendering; no catalog release.,stage6-W6-5 Setup owner-approved 2026-09-24,erpnext/setup/setup_wizard/data/uom_data.json:None
Kilowatt,كيلوواط,PROPOSED-payload,AI draft; requires independent A1/A2/A3 quorum before release.,stage6-W6-5 Setup owner-approved 2026-09-24,erpnext/setup/setup_wizard/data/uom_data.json:None
Kilowatt-Hour,,EXCEPTION-technical,Technical UOM/force unit token; retain vendor rendering; no catalog release.,stage6-W6-5 Setup owner-approved 2026-09-24,erpnext/setup/setup_wizard/data/uom_data.json:None
Kip,كيب,PROPOSED-payload,AI draft; requires independent A1/A2/A3 quorum before release.,stage6-W6-5 Setup owner-approved 2026-09-24,erpnext/setup/setup_wizard/data/uom_data.json:None
Knot,عقدة,PROPOSED-payload,AI draft; requires independent A1/A2/A3 quorum before release.,stage6-W6-5 Setup owner-approved 2026-09-24,erpnext/setup/setup_wizard/data/uom_data.json:None
LIFO,الأخير داخل أول خارج,preserved-site-override,Preserve the exact live v16.localhost Site Override; do not import or replace.,stage6-W6-5 Setup owner-approved 2026-09-24,erpnext/setup/doctype/company/company.json:None; erpnext/stock/doctype/item/item.json:None; erpnext/stock/doctype/stock_settings/stock_settings.json:None
Legal Entity / Subsidiary with a separate Chart of Accounts belonging to the Organization.,كيان قانوني / شركة تابعة بدليل حسابات منفصل يتبع للمنظمة.,PROPOSED-payload,AI draft; requires independent A1/A2/A3 quorum before release.,stage6-W6-5 Setup owner-approved 2026-09-24,erpnext/setup/doctype/company/company.json:None
License Plate,لوحة المركبة,preserved-site-override,Preserve the exact live v16.localhost Site Override; do not import or replace.,stage6-W6-5 Setup owner-approved 2026-09-24,erpnext/setup/doctype/vehicle/vehicle.json:None
Litre,لتر,PROPOSED-payload,AI draft; requires independent A1/A2/A3 quorum before release.,stage6-W6-5 Setup owner-approved 2026-09-24,erpnext/setup/setup_wizard/data/uom_data.json:None
Litre-Atmosphere,,EXCEPTION-technical,Technical UOM/force unit token; retain vendor rendering; no catalog release.,stage6-W6-5 Setup owner-approved 2026-09-24,erpnext/setup/setup_wizard/data/uom_data.json:None
Manager,مدير,preserved-site-override,Preserve the exact live v16.localhost Site Override; do not import or replace.,stage6-W6-5 Setup owner-approved 2026-09-24,erpnext/setup/setup_wizard/data/designation.txt:20
Managing Director,العضو المنتدب,PROPOSED-payload,AI draft; requires independent A1/A2/A3 quorum before release.,stage6-W6-5 Setup owner-approved 2026-09-24,erpnext/setup/setup_wizard/data/designation.txt:21
Marketing Specialist,أخصائي تسويق,preserved-site-override,Preserve the exact live v16.localhost Site Override; do not import or replace.,stage6-W6-5 Setup owner-approved 2026-09-24,erpnext/setup/setup_wizard/data/designation.txt:23
Mass Mailing,بريد جماعي,PROPOSED-payload,AI draft; requires independent A1/A2/A3 quorum before release.,stage6-W6-5 Setup owner-approved 2026-09-24,erpnext/setup/setup_wizard/data/marketing_source.txt:7
Megacoulomb,ميجا كولوم,PROPOSED-payload,AI draft; requires independent A1/A2/A3 quorum before release.,stage6-W6-5 Setup owner-approved 2026-09-24,erpnext/setup/setup_wizard/data/uom_data.json:None
Megagram/Litre,ميجاجرام/لتر,PROPOSED-payload,AI draft; requires independent A1/A2/A3 quorum before release.,stage6-W6-5 Setup owner-approved 2026-09-24,erpnext/setup/setup_wizard/data/uom_data.json:None
Megahertz,ميجاهرتز,PROPOSED-payload,AI draft; requires independent A1/A2/A3 quorum before release.,stage6-W6-5 Setup owner-approved 2026-09-24,erpnext/setup/setup_wizard/data/uom_data.json:None
Megajoule,ميجاجول,PROPOSED-payload,AI draft; requires independent A1/A2/A3 quorum before release.,stage6-W6-5 Setup owner-approved 2026-09-24,erpnext/setup/setup_wizard/data/uom_data.json:None
Megawatt,ميجاواط,PROPOSED-payload,AI draft; requires independent A1/A2/A3 quorum before release.,stage6-W6-5 Setup owner-approved 2026-09-24,erpnext/setup/setup_wizard/data/uom_data.json:None
Messaging CRM Campagin,حملة الرسائل في إدارة علاقات العملاء,PROPOSED-payload,AI draft; requires independent A1/A2/A3 quorum before release.,stage6-W6-5 Setup owner-approved 2026-09-24,erpnext/setup/install.py:127
Meter,متر,PROPOSED-payload,AI draft; requires independent A1/A2/A3 quorum before release.,stage6-W6-5 Setup owner-approved 2026-09-24,erpnext/setup/setup_wizard/data/uom_data.json:None
Meter Of Water,متر ماء,PROPOSED-payload,AI draft; requires independent A1/A2/A3 quorum before release.,stage6-W6-5 Setup owner-approved 2026-09-24,erpnext/setup/setup_wizard/data/uom_data.json:None
Meter/Second,متر/ثانية,PROPOSED-payload,AI draft; requires independent A1/A2/A3 quorum before release.,stage6-W6-5 Setup owner-approved 2026-09-24,erpnext/setup/setup_wizard/data/uom_data.json:None
Microbar,مايكروبار,PROPOSED-payload,AI draft; requires independent A1/A2/A3 quorum before release.,stage6-W6-5 Setup owner-approved 2026-09-24,erpnext/setup/setup_wizard/data/uom_data.json:None
Microgram,مايكروجرام,PROPOSED-payload,AI draft; requires independent A1/A2/A3 quorum before release.,stage6-W6-5 Setup owner-approved 2026-09-24,erpnext/setup/setup_wizard/data/uom_data.json:None
Microgram/Litre,مايكروجرام/لتر,PROPOSED-payload,AI draft; requires independent A1/A2/A3 quorum before release.,stage6-W6-5 Setup owner-approved 2026-09-24,erpnext/setup/setup_wizard/data/uom_data.json:None
Micrometer,مايكرومتر,PROPOSED-payload,AI draft; requires independent A1/A2/A3 quorum before release.,stage6-W6-5 Setup owner-approved 2026-09-24,erpnext/setup/setup_wizard/data/uom_data.json:None
Microsecond,مايكروثانية,PROPOSED-payload,AI draft; requires independent A1/A2/A3 quorum before release.,stage6-W6-5 Setup owner-approved 2026-09-24,erpnext/setup/setup_wizard/data/uom_data.json:None
Mile,ميل,PROPOSED-payload,AI draft; requires independent A1/A2/A3 quorum before release.,stage6-W6-5 Setup owner-approved 2026-09-24,erpnext/setup/setup_wizard/data/uom_data.json:None
Mile (Nautical),ميل (بحري),PROPOSED-payload,AI draft; requires independent A1/A2/A3 quorum before release.,stage6-W6-5 Setup owner-approved 2026-09-24,erpnext/setup/setup_wizard/data/uom_data.json:None
Mile/Hour,ميل/ساعة,PROPOSED-payload,AI draft; requires independent A1/A2/A3 quorum before release.,stage6-W6-5 Setup owner-approved 2026-09-24,erpnext/setup/setup_wizard/data/uom_data.json:None
Mile/Minute,ميل/دقيقة,PROPOSED-payload,AI draft; requires independent A1/A2/A3 quorum before release.,stage6-W6-5 Setup owner-approved 2026-09-24,erpnext/setup/setup_wizard/data/uom_data.json:None
Mile/Second,ميل/ثانية,PROPOSED-payload,AI draft; requires independent A1/A2/A3 quorum before release.,stage6-W6-5 Setup owner-approved 2026-09-24,erpnext/setup/setup_wizard/data/uom_data.json:None
Milibar,ميليبار,PROPOSED-payload,AI draft; requires independent A1/A2/A3 quorum before release.,stage6-W6-5 Setup owner-approved 2026-09-24,erpnext/setup/setup_wizard/data/uom_data.json:None
Milliampere,ميلي أمبير,PROPOSED-payload,AI draft; requires independent A1/A2/A3 quorum before release.,stage6-W6-5 Setup owner-approved 2026-09-24,erpnext/setup/setup_wizard/data/uom_data.json:None
Millicoulomb,ميلي كولوم,PROPOSED-payload,AI draft; requires independent A1/A2/A3 quorum before release.,stage6-W6-5 Setup owner-approved 2026-09-24,erpnext/setup/setup_wizard/data/uom_data.json:None
Milligram,مليجرام,PROPOSED-payload,AI draft; requires independent A1/A2/A3 quorum before release.,stage6-W6-5 Setup owner-approved 2026-09-24,erpnext/setup/setup_wizard/data/uom_data.json:None
Milligram/Cubic Centimeter,مليجرام/سنتيمتر مكعب,PROPOSED-payload,AI draft; requires independent A1/A2/A3 quorum before release.,stage6-W6-5 Setup owner-approved 2026-09-24,erpnext/setup/setup_wizard/data/uom_data.json:None
Milligram/Cubic Meter,مليجرام/متر مكعب,PROPOSED-payload,AI draft; requires independent A1/A2/A3 quorum before release.,stage6-W6-5 Setup owner-approved 2026-09-24,erpnext/setup/setup_wizard/data/uom_data.json:None
Milligram/Cubic Millimeter,مليجرام/مليمتر مكعب,PROPOSED-payload,AI draft; requires independent A1/A2/A3 quorum before release.,stage6-W6-5 Setup owner-approved 2026-09-24,erpnext/setup/setup_wizard/data/uom_data.json:None
Milligram/Litre,مليجرام/لتر,PROPOSED-payload,AI draft; requires independent A1/A2/A3 quorum before release.,stage6-W6-5 Setup owner-approved 2026-09-24,erpnext/setup/setup_wizard/data/uom_data.json:None
Millihertz,ميلي هرتز,PROPOSED-payload,AI draft; requires independent A1/A2/A3 quorum before release.,stage6-W6-5 Setup owner-approved 2026-09-24,erpnext/setup/setup_wizard/data/uom_data.json:None
Millilitre,مليلتر,PROPOSED-payload,AI draft; requires independent A1/A2/A3 quorum before release.,stage6-W6-5 Setup owner-approved 2026-09-24,erpnext/setup/setup_wizard/data/uom_data.json:None
Millimeter,مليمتر,PROPOSED-payload,AI draft; requires independent A1/A2/A3 quorum before release.,stage6-W6-5 Setup owner-approved 2026-09-24,erpnext/setup/setup_wizard/data/uom_data.json:None
Millimeter Of Mercury,مليمتر زئبق,PROPOSED-payload,AI draft; requires independent A1/A2/A3 quorum before release.,stage6-W6-5 Setup owner-approved 2026-09-24,erpnext/setup/setup_wizard/data/uom_data.json:None
Millimeter Of Water,مليمتر ماء,PROPOSED-payload,AI draft; requires independent A1/A2/A3 quorum before release.,stage6-W6-5 Setup owner-approved 2026-09-24,erpnext/setup/setup_wizard/data/uom_data.json:None
Millisecond,ميلي ثانية,PROPOSED-payload,AI draft; requires independent A1/A2/A3 quorum before release.,stage6-W6-5 Setup owner-approved 2026-09-24,erpnext/setup/setup_wizard/data/uom_data.json:None
Model,الطراز,preserved-site-override,Preserve the exact live v16.localhost Site Override; do not import or replace.,stage6-W6-5 Setup owner-approved 2026-09-24,erpnext/setup/doctype/vehicle/vehicle.json:None
Motion Picture & Video,الإنتاج السينمائي والفيديو,PROPOSED-payload,AI draft; requires independent A1/A2/A3 quorum before release.,stage6-W6-5 Setup owner-approved 2026-09-24,erpnext/setup/setup_wizard/data/industry_type.txt:32
Music,الموسيقى والإنتاج الصوتي,PROPOSED-payload,AI draft; requires independent A1/A2/A3 quorum before release.,stage6-W6-5 Setup owner-approved 2026-09-24,erpnext/setup/setup_wizard/data/industry_type.txt:33
Nanocoulomb,نانو كولوم,PROPOSED-payload,AI draft; requires independent A1/A2/A3 quorum before release.,stage6-W6-5 Setup owner-approved 2026-09-24,erpnext/setup/setup_wizard/data/uom_data.json:None
Nanogram/Litre,نانوجرام/لتر,PROPOSED-payload,AI draft; requires independent A1/A2/A3 quorum before release.,stage6-W6-5 Setup owner-approved 2026-09-24,erpnext/setup/setup_wizard/data/uom_data.json:None
Nanohertz,نانوهيرتز,PROPOSED-payload,AI draft; requires independent A1/A2/A3 quorum before release.,stage6-W6-5 Setup owner-approved 2026-09-24,erpnext/setup/setup_wizard/data/uom_data.json:None
Nanometer,نانومتر,PROPOSED-payload,AI draft; requires independent A1/A2/A3 quorum before release.,stage6-W6-5 Setup owner-approved 2026-09-24,erpnext/setup/setup_wizard/data/uom_data.json:None
Nanosecond,نانوثانية,PROPOSED-payload,AI draft; requires independent A1/A2/A3 quorum before release.,stage6-W6-5 Setup owner-approved 2026-09-24,erpnext/setup/setup_wizard/data/uom_data.json:None
Newspaper Publishers,دور نشر الصحف,PROPOSED-payload,AI draft; requires independent A1/A2/A3 quorum before release.,stage6-W6-5 Setup owner-approved 2026-09-24,erpnext/setup/setup_wizard/data/industry_type.txt:34
Newton,نيوتن,PROPOSED-payload,AI draft; requires independent A1/A2/A3 quorum before release.,stage6-W6-5 Setup owner-approved 2026-09-24,erpnext/setup/setup_wizard/data/uom_data.json:None
Nos,عدد,PROPOSED-payload,AI draft; requires independent A1/A2/A3 quorum before release.,stage6-W6-5 Setup owner-approved 2026-09-24,erpnext/setup/setup_wizard/data/uom_data.json:None; erpnext/stock/utils.py:711; erpnext/stock/utils.py:713
Not authorized since {0} exceeds limits,غير مصرح به لأن {0} يتجاوز الحدود,PROPOSED-payload,AI draft; requires independent A1/A2/A3 quorum before release.,stage6-W6-5 Setup owner-approved 2026-09-24,erpnext/setup/doctype/authorization_control/authorization_control.py:59
O+,+O,PROPOSED-payload,AI draft; requires independent A1/A2/A3 quorum before release.,stage6-W6-5 Setup owner-approved 2026-09-24,erpnext/setup/doctype/employee/employee.json:None
O-,-O,PROPOSED-payload,AI draft; requires independent A1/A2/A3 quorum before release.,stage6-W6-5 Setup owner-approved 2026-09-24,erpnext/setup/doctype/employee/employee.json:None
Offer Date,تاريخ العرض,preserved-site-override,Preserve the exact live v16.localhost Site Override; do not import or replace.,stage6-W6-5 Setup owner-approved 2026-09-24,erpnext/setup/doctype/employee/employee.json:None
Oldest Of Invoice Or Advance,الأقدم بين الفاتورة أو الدفعة المقدمة,preserved-site-override,Preserve the exact live v16.localhost Site Override; do not import or replace.,stage6-W6-5 Setup owner-approved 2026-09-24,erpnext/setup/doctype/company/company.json:None
Online Auctions,المزادات الإلكترونية,PROPOSED-payload,AI draft; requires independent A1/A2/A3 quorum before release.,stage6-W6-5 Setup owner-approved 2026-09-24,erpnext/setup/setup_wizard/data/industry_type.txt:35
Ounce,أونصة,PROPOSED-payload,AI draft; requires independent A1/A2/A3 quorum before release.,stage6-W6-5 Setup owner-approved 2026-09-24,erpnext/setup/setup_wizard/data/uom_data.json:None
Ounce-Force,,EXCEPTION-technical,Technical UOM/force unit token; retain vendor rendering; no catalog release.,stage6-W6-5 Setup owner-approved 2026-09-24,erpnext/setup/setup_wizard/data/uom_data.json:None
Ounce/Cubic Foot,أونصة/قدم مكعب,PROPOSED-payload,AI draft; requires independent A1/A2/A3 quorum before release.,stage6-W6-5 Setup owner-approved 2026-09-24,erpnext/setup/setup_wizard/data/uom_data.json:None
Ounce/Cubic Inch,أونصة/بوصة مكعبة,PROPOSED-payload,AI draft; requires independent A1/A2/A3 quorum before release.,stage6-W6-5 Setup owner-approved 2026-09-24,erpnext/setup/setup_wizard/data/uom_data.json:None
Ounce/Gallon (UK),أونصة/جالون (بريطاني),PROPOSED-payload,AI draft; requires independent A1/A2/A3 quorum before release.,stage6-W6-5 Setup owner-approved 2026-09-24,erpnext/setup/setup_wizard/data/uom_data.json:None
Ounce/Gallon (US),أونصة/جالون (أمريكي),PROPOSED-payload,AI draft; requires independent A1/A2/A3 quorum before release.,stage6-W6-5 Setup owner-approved 2026-09-24,erpnext/setup/setup_wizard/data/uom_data.json:None
Owned,مملوك,PROPOSED-payload,AI draft; requires independent A1/A2/A3 quorum before release.,stage6-W6-5 Setup owner-approved 2026-09-24,erpnext/setup/doctype/employee/employee.json:None
Pair,زوج,PROPOSED-payload,AI draft; requires independent A1/A2/A3 quorum before release.,stage6-W6-5 Setup owner-approved 2026-09-24,erpnext/setup/setup_wizard/data/uom_data.json:None
Parts Per Million,جزء في المليون,PROPOSED-payload,AI draft; requires independent A1/A2/A3 quorum before release.,stage6-W6-5 Setup owner-approved 2026-09-24,erpnext/setup/setup_wizard/data/uom_data.json:None
Pascal,باسكال,PROPOSED-payload,AI draft; requires independent A1/A2/A3 quorum before release.,stage6-W6-5 Setup owner-approved 2026-09-24,erpnext/setup/setup_wizard/data/uom_data.json:None
Passport Details,تفاصيل جواز السفر,preserved-site-override,Preserve the exact live v16.localhost Site Override; do not import or replace.,stage6-W6-5 Setup owner-approved 2026-09-24,erpnext/setup/doctype/employee/employee.json:None
Passport Number,رقم جواز السفر,preserved-site-override,Preserve the exact live v16.localhost Site Override; do not import or replace.,stage6-W6-5 Setup owner-approved 2026-09-24,erpnext/setup/doctype/employee/employee.json:None
Peck (UK),بيك (بريطاني),PROPOSED-payload,AI draft; requires independent A1/A2/A3 quorum before release.,stage6-W6-5 Setup owner-approved 2026-09-24,erpnext/setup/setup_wizard/data/uom_data.json:None
Peck (US),بيك (أمريكي),PROPOSED-payload,AI draft; requires independent A1/A2/A3 quorum before release.,stage6-W6-5 Setup owner-approved 2026-09-24,erpnext/setup/setup_wizard/data/uom_data.json:None
Pension Funds,صناديق التقاعد,PROPOSED-payload,AI draft; requires independent A1/A2/A3 quorum before release.,stage6-W6-5 Setup owner-approved 2026-09-24,erpnext/setup/setup_wizard/data/industry_type.txt:36
Personal Details,تفاصيل شخصية,preserved-site-override,Preserve the exact live v16.localhost Site Override; do not import or replace.,stage6-W6-5 Setup owner-approved 2026-09-24,erpnext/setup/doctype/employee/employee.json:None
Pharmaceuticals,الأدوية والمستحضرات الصيدلانية,PROPOSED-payload,AI draft; requires independent A1/A2/A3 quorum before release.,stage6-W6-5 Setup owner-approved 2026-09-24,erpnext/setup/setup_wizard/data/industry_type.txt:37
Pint (UK),باينت (بريطاني),PROPOSED-payload,AI draft; requires independent A1/A2/A3 quorum before release.,stage6-W6-5 Setup owner-approved 2026-09-24,erpnext/setup/setup_wizard/data/uom_data.json:None
Pint (US),باينت (أمريكي),PROPOSED-payload,AI draft; requires independent A1/A2/A3 quorum before release.,stage6-W6-5 Setup owner-approved 2026-09-24,erpnext/setup/setup_wizard/data/uom_data.json:None
"Pint, Dry (US)",باينت جاف (أمريكي),PROPOSED-payload,AI draft; requires independent A1/A2/A3 quorum before release.,stage6-W6-5 Setup owner-approved 2026-09-24,erpnext/setup/setup_wizard/data/uom_data.json:None
"Pint, Liquid (US)",باينت سائل (أمريكي),PROPOSED-payload,AI draft; requires independent A1/A2/A3 quorum before release.,stage6-W6-5 Setup owner-approved 2026-09-24,erpnext/setup/setup_wizard/data/uom_data.json:None
Please select a country,يُرجى تحديد بلد,PROPOSED-payload,AI draft; requires independent A1/A2/A3 quorum before release.,stage6-W6-5 Setup owner-approved 2026-09-24,erpnext/setup/doctype/holiday_list/holiday_list.py:89
Pond,بوند,PROPOSED-payload,AI draft; requires independent A1/A2/A3 quorum before release.,stage6-W6-5 Setup owner-approved 2026-09-24,erpnext/setup/setup_wizard/data/uom_data.json:None
Pood,بود,PROPOSED-payload,AI draft; requires independent A1/A2/A3 quorum before release.,stage6-W6-5 Setup owner-approved 2026-09-24,erpnext/setup/setup_wizard/data/uom_data.json:None
Pound,رطل,PROPOSED-payload,AI draft; requires independent A1/A2/A3 quorum before release.,stage6-W6-5 Setup owner-approved 2026-09-24,erpnext/setup/setup_wizard/data/uom_data.json:None
Pound-Force,,EXCEPTION-technical,Technical UOM/force unit token; retain vendor rendering; no catalog release.,stage6-W6-5 Setup owner-approved 2026-09-24,erpnext/setup/setup_wizard/data/uom_data.json:None
Pound/Cubic Foot,رطل/قدم مكعب,PROPOSED-payload,AI draft; requires independent A1/A2/A3 quorum before release.,stage6-W6-5 Setup owner-approved 2026-09-24,erpnext/setup/setup_wizard/data/uom_data.json:None
Pound/Cubic Inch,رطل/بوصة مكعبة,PROPOSED-payload,AI draft; requires independent A1/A2/A3 quorum before release.,stage6-W6-5 Setup owner-approved 2026-09-24,erpnext/setup/setup_wizard/data/uom_data.json:None
Pound/Cubic Yard,رطل/ياردة مكعبة,PROPOSED-payload,AI draft; requires independent A1/A2/A3 quorum before release.,stage6-W6-5 Setup owner-approved 2026-09-24,erpnext/setup/setup_wizard/data/uom_data.json:None
Pound/Gallon (UK),رطل/جالون (بريطاني),PROPOSED-payload,AI draft; requires independent A1/A2/A3 quorum before release.,stage6-W6-5 Setup owner-approved 2026-09-24,erpnext/setup/setup_wizard/data/uom_data.json:None
Pound/Gallon (US),رطل/جالون (أمريكي),PROPOSED-payload,AI draft; requires independent A1/A2/A3 quorum before release.,stage6-W6-5 Setup owner-approved 2026-09-24,erpnext/setup/setup_wizard/data/uom_data.json:None
Poundal,باوندال,PROPOSED-payload,AI draft; requires independent A1/A2/A3 quorum before release.,stage6-W6-5 Setup owner-approved 2026-09-24,erpnext/setup/setup_wizard/data/uom_data.json:None
Preferred Contact Email,بريد الاتصال المفضل,preserved-site-override,Preserve the exact live v16.localhost Site Override; do not import or replace.,stage6-W6-5 Setup owner-approved 2026-09-24,erpnext/setup/doctype/employee/employee.json:None
Preferred Email,البريد المفضل,preserved-site-override,Preserve the exact live v16.localhost Site Override; do not import or replace.,stage6-W6-5 Setup owner-approved 2026-09-24,erpnext/setup/doctype/employee/employee.json:None
President,رئيس,PROPOSED-payload,AI draft; requires independent A1/A2/A3 quorum before release.,stage6-W6-5 Setup owner-approved 2026-09-24,erpnext/setup/setup_wizard/data/designation.txt:24
Private Equity,الملكية الخاصة,PROPOSED-payload,AI draft; requires independent A1/A2/A3 quorum before release.,stage6-W6-5 Setup owner-approved 2026-09-24,erpnext/setup/setup_wizard/data/industry_type.txt:38
Process in Single Transaction,معالجة في معاملة واحدة,PROPOSED-payload,AI draft; requires independent A1/A2/A3 quorum before release.,stage6-W6-5 Setup owner-approved 2026-09-24,erpnext/setup/doctype/transaction_deletion_record/transaction_deletion_record.json:None
Product Manager,مدير منتج,preserved-site-override,Preserve the exact live v16.localhost Site Override; do not import or replace.,stage6-W6-5 Setup owner-approved 2026-09-24,erpnext/setup/setup_wizard/data/designation.txt:25
Project Manager,مدير مشروع,preserved-site-override,Preserve the exact live v16.localhost Site Override; do not import or replace.,stage6-W6-5 Setup owner-approved 2026-09-24,erpnext/setup/setup_wizard/data/designation.txt:26
Provisional Account,حساب مؤقت,preserved-site-override,Preserve the exact live v16.localhost Site Override; do not import or replace.,stage6-W6-5 Setup owner-approved 2026-09-24,erpnext/setup/doctype/company/company.py:565
Psi/1000 Feet,رطل لكل بوصة مربعة/1000 قدم,PROPOSED-payload,AI draft; requires independent A1/A2/A3 quorum before release.,stage6-W6-5 Setup owner-approved 2026-09-24,erpnext/setup/setup_wizard/data/uom_data.json:None
Publishing,النشر والطباعة,PROPOSED-payload,AI draft; requires independent A1/A2/A3 quorum before release.,stage6-W6-5 Setup owner-approved 2026-09-24,erpnext/setup/setup_wizard/data/industry_type.txt:39
Purchase Expense,مصروف الشراء,preserved-site-override,Preserve the exact live v16.localhost Site Override; do not import or replace.,stage6-W6-5 Setup owner-approved 2026-09-24,erpnext/setup/doctype/company/company.json:None
Purchase Expense Account,حساب مصروف الشراء,preserved-site-override,Preserve the exact live v16.localhost Site Override; do not import or replace.,stage6-W6-5 Setup owner-approved 2026-09-24,erpnext/setup/doctype/company/company.json:None; erpnext/stock/doctype/item_default/item_default.json:None
Purchase Expense Contra Account,حساب مقابل مصروف الشراء,preserved-site-override,Preserve the exact live v16.localhost Site Override; do not import or replace.,stage6-W6-5 Setup owner-approved 2026-09-24,erpnext/setup/doctype/company/company.json:None; erpnext/stock/doctype/item_default/item_default.json:None
Quart (UK),كوارت (بريطاني),PROPOSED-payload,AI draft; requires independent A1/A2/A3 quorum before release.,stage6-W6-5 Setup owner-approved 2026-09-24,erpnext/setup/setup_wizard/data/uom_data.json:None
Quart Dry (US),كوارت جاف (أمريكي),PROPOSED-payload,AI draft; requires independent A1/A2/A3 quorum before release.,stage6-W6-5 Setup owner-approved 2026-09-24,erpnext/setup/setup_wizard/data/uom_data.json:None
Quart Liquid (US),كوارت سائل (أمريكي),PROPOSED-payload,AI draft; requires independent A1/A2/A3 quorum before release.,stage6-W6-5 Setup owner-approved 2026-09-24,erpnext/setup/setup_wizard/data/uom_data.json:None
Quintal,قنطار متري,PROPOSED-payload,AI draft; requires independent A1/A2/A3 quorum before release.,stage6-W6-5 Setup owner-approved 2026-09-24,erpnext/setup/setup_wizard/data/uom_data.json:None
Real Estate,العقارات,PROPOSED-payload,AI draft; requires independent A1/A2/A3 quorum before release.,stage6-W6-5 Setup owner-approved 2026-09-24,erpnext/setup/setup_wizard/data/industry_type.txt:40
Receive from Customer,استلام من العميل,preserved-site-override,Preserve the exact live v16.localhost Site Override; do not import or replace.,stage6-W6-5 Setup owner-approved 2026-09-24,erpnext/setup/setup_wizard/operations/install_fixtures.py:120; erpnext/stock/doctype/stock_entry/stock_entry.json:None; erpnext/stock/doctype/stock_entry_type/stock_entry_type.json:None
Reconciliation Takes Effect On,تسري التسوية في,preserved-site-override,Preserve the exact live v16.localhost Site Override; do not import or replace.,stage6-W6-5 Setup owner-approved 2026-09-24,erpnext/setup/doctype/company/company.json:None
Relieving Date,تاريخ إنهاء الخدمة,preserved-site-override,Preserve the exact live v16.localhost Site Override; do not import or replace.,stage6-W6-5 Setup owner-approved 2026-09-24,erpnext/setup/doctype/employee/employee.json:None
Report an Issue,الإبلاغ عن مشكلة,PROPOSED-payload,AI draft; requires independent A1/A2/A3 quorum before release.,stage6-W6-5 Setup owner-approved 2026-09-24,erpnext/setup/install.py:206
Reporting Currency,عملة التقارير,preserved-site-override,Preserve the exact live v16.localhost Site Override; do not import or replace.,stage6-W6-5 Setup owner-approved 2026-09-24,erpnext/setup/doctype/company/company.json:None
Researcher,باحث,preserved-site-override,Preserve the exact live v16.localhost Site Override; do not import or replace.,stage6-W6-5 Setup owner-approved 2026-09-24,erpnext/setup/setup_wizard/data/designation.txt:27
Reseller,موزع معتمد,PROPOSED-payload,AI draft; requires independent A1/A2/A3 quorum before release.,stage6-W6-5 Setup owner-approved 2026-09-24,erpnext/setup/setup_wizard/data/sales_partner_type.txt:7
Reset Company Default Values,إعادة تعيين القيم الافتراضية للشركة,PROPOSED-payload,AI draft; requires independent A1/A2/A3 quorum before release.,stage6-W6-5 Setup owner-approved 2026-09-24,erpnext/setup/doctype/transaction_deletion_record/transaction_deletion_record.json:None
Resignation Letter Date,تاريخ خطاب الاستقالة,PROPOSED-payload,AI draft; requires independent A1/A2/A3 quorum before release.,stage6-W6-5 Setup owner-approved 2026-09-24,erpnext/setup/doctype/employee/employee.json:None
Retail & Wholesale,تجارة التجزئة والجملة,PROPOSED-payload,AI draft; requires independent A1/A2/A3 quorum before release.,stage6-W6-5 Setup owner-approved 2026-09-24,erpnext/setup/setup_wizard/data/industry_type.txt:41
Retailer,تاجر تجزئة,PROPOSED-payload,AI draft; requires independent A1/A2/A3 quorum before release.,stage6-W6-5 Setup owner-approved 2026-09-24,erpnext/setup/setup_wizard/data/sales_partner_type.txt:5
Return Raw Material to Customer,إرجاع المادة الخام إلى العميل,preserved-site-override,Preserve the exact live v16.localhost Site Override; do not import or replace.,stage6-W6-5 Setup owner-approved 2026-09-24,erpnext/setup/setup_wizard/operations/install_fixtures.py:126; erpnext/stock/doctype/stock_entry/stock_entry.json:None; erpnext/stock/doctype/stock_entry_type/stock_entry_type.json:None
Rod,قصبة,PROPOSED-payload,AI draft; requires independent A1/A2/A3 quorum before release.,stage6-W6-5 Setup owner-approved 2026-09-24,erpnext/setup/setup_wizard/data/uom_data.json:None
Roles Allowed to Set and Edit Frozen Account Entries,الأدوار المسموح لها بتعيين وتعديل قيود الحسابات المجمدة,preserved-site-override,Preserve the exact live v16.localhost Site Override; do not import or replace.,stage6-W6-5 Setup owner-approved 2026-09-24,erpnext/setup/doctype/company/company.json:None
Salary Currency,عملة الراتب,preserved-site-override,Preserve the exact live v16.localhost Site Override; do not import or replace.,stage6-W6-5 Setup owner-approved 2026-09-24,erpnext/setup/doctype/employee/employee.json:None
Sales Representative,مندوب مبيعات,preserved-site-override,Preserve the exact live v16.localhost Site Override; do not import or replace.,stage6-W6-5 Setup owner-approved 2026-09-24,erpnext/setup/setup_wizard/data/designation.txt:28
Sazhen,ساجين,PROPOSED-payload,AI draft; requires independent A1/A2/A3 quorum before release.,stage6-W6-5 Setup owner-approved 2026-09-24,erpnext/setup/setup_wizard/data/uom_data.json:None
Second,ثانية,PROPOSED-payload,AI draft; requires independent A1/A2/A3 quorum before release.,stage6-W6-5 Setup owner-approved 2026-09-24,erpnext/setup/setup_wizard/data/uom_data.json:None
Secretary,أمين السر,PROPOSED-payload,AI draft; requires independent A1/A2/A3 quorum before release.,stage6-W6-5 Setup owner-approved 2026-09-24,erpnext/setup/setup_wizard/data/designation.txt:29
Securities & Commodity Exchanges,بورصات الأوراق المالية والسلع,PROPOSED-payload,AI draft; requires independent A1/A2/A3 quorum before release.,stage6-W6-5 Setup owner-approved 2026-09-24,erpnext/setup/setup_wizard/data/industry_type.txt:42
Select Date of Birth. This will validate Employees age and prevent hiring of under-age staff.,حدد تاريخ الميلاد. سيتحقق هذا من عمر الموظفين ويمنع توظيف القاصرين.,PROPOSED-payload,AI draft; requires independent A1/A2/A3 quorum before release.,stage6-W6-5 Setup owner-approved 2026-09-24,erpnext/setup/doctype/employee/employee.js:120
"Select Date of joining. It will have impact on the first salary calculation, Leave allocation on pro-rata bases.",حدد تاريخ الالتحاق بالعمل. سيؤثر ذلك في حساب الراتب الأول وتخصيص الإجازات على أساس تناسبي.,PROPOSED-payload,AI draft; requires independent A1/A2/A3 quorum before release.,stage6-W6-5 Setup owner-approved 2026-09-24,erpnext/setup/doctype/employee/employee.js:127
Select a Company this Employee belongs to.,حدد الشركة التي ينتمي إليها هذا الموظف.,preserved-site-override,Preserve the exact live v16.localhost Site Override; do not import or replace.,stage6-W6-5 Setup owner-approved 2026-09-24,erpnext/setup/doctype/employee/employee.js:115
Select your weekly off day,حدد يوم عطلتك الأسبوعية,PROPOSED-payload,AI draft; requires independent A1/A2/A3 quorum before release.,stage6-W6-5 Setup owner-approved 2026-09-24,erpnext/setup/doctype/holiday_list/holiday_list.js:65
Send regular summary reports via Email.,إرسال تقارير ملخصة دورية عبر البريد الإلكتروني.,PROPOSED-payload,AI draft; requires independent A1/A2/A3 quorum before release.,stage6-W6-5 Setup owner-approved 2026-09-24,erpnext/setup/doctype/email_digest/email_digest.json:None
Service Expense Account,حساب مصروف الخدمة,preserved-site-override,Preserve the exact live v16.localhost Site Override; do not import or replace.,stage6-W6-5 Setup owner-approved 2026-09-24,erpnext/setup/doctype/company/company.json:None; erpnext/subcontracting/doctype/subcontracting_receipt_item/subcontracting_receipt_item.json:None
Set default {0} account for non stock items,تعيين حساب {0} الافتراضي للأصناف غير المخزنية,PROPOSED-payload,AI draft; requires independent A1/A2/A3 quorum before release.,stage6-W6-5 Setup owner-approved 2026-09-24,erpnext/setup/doctype/company/company.py:564
Slug/Cubic Foot,سبيكة/قدم مكعب,PROPOSED-payload,AI draft; requires independent A1/A2/A3 quorum before release.,stage6-W6-5 Setup owner-approved 2026-09-24,erpnext/setup/setup_wizard/data/uom_data.json:None
Soap & Detergent,الصابون والمنظفات,PROPOSED-payload,AI draft; requires independent A1/A2/A3 quorum before release.,stage6-W6-5 Setup owner-approved 2026-09-24,erpnext/setup/setup_wizard/data/industry_type.txt:44
Software Developer,مطور برمجيات,PROPOSED-payload,AI draft; requires independent A1/A2/A3 quorum before release.,stage6-W6-5 Setup owner-approved 2026-09-24,erpnext/setup/setup_wizard/data/designation.txt:30
Specify Exchange Rate to convert one currency into another,حدد سعر الصرف لتحويل عملة إلى أخرى,PROPOSED-payload,AI draft; requires independent A1/A2/A3 quorum before release.,stage6-W6-5 Setup owner-approved 2026-09-24,erpnext/setup/doctype/currency_exchange/currency_exchange.json:None
Sports,الرياضة,PROPOSED-payload,AI draft; requires independent A1/A2/A3 quorum before release.,stage6-W6-5 Setup owner-approved 2026-09-24,erpnext/setup/setup_wizard/data/industry_type.txt:46
Square Centimeter,سنتيمتر مربع,PROPOSED-payload,AI draft; requires independent A1/A2/A3 quorum before release.,stage6-W6-5 Setup owner-approved 2026-09-24,erpnext/setup/setup_wizard/data/uom_data.json:None
Square Foot,قدم مربع,PROPOSED-payload,AI draft; requires independent A1/A2/A3 quorum before release.,stage6-W6-5 Setup owner-approved 2026-09-24,erpnext/setup/setup_wizard/data/uom_data.json:None
Square Inch,بوصة مربعة,PROPOSED-payload,AI draft; requires independent A1/A2/A3 quorum before release.,stage6-W6-5 Setup owner-approved 2026-09-24,erpnext/setup/setup_wizard/data/uom_data.json:None
Square Kilometer,كيلومتر مربع,PROPOSED-payload,AI draft; requires independent A1/A2/A3 quorum before release.,stage6-W6-5 Setup owner-approved 2026-09-24,erpnext/setup/setup_wizard/data/uom_data.json:None
Square Meter,متر مربع,PROPOSED-payload,AI draft; requires independent A1/A2/A3 quorum before release.,stage6-W6-5 Setup owner-approved 2026-09-24,erpnext/setup/setup_wizard/data/uom_data.json:None
Square Mile,ميل مربع,PROPOSED-payload,AI draft; requires independent A1/A2/A3 quorum before release.,stage6-W6-5 Setup owner-approved 2026-09-24,erpnext/setup/setup_wizard/data/uom_data.json:None
Square Yard,ياردة مربعة,PROPOSED-payload,AI draft; requires independent A1/A2/A3 quorum before release.,stage6-W6-5 Setup owner-approved 2026-09-24,erpnext/setup/setup_wizard/data/uom_data.json:None
Start Deletion,بدء الحذف,preserved-site-override,Preserve the exact live v16.localhost Site Override; do not import or replace.,stage6-W6-5 Setup owner-approved 2026-09-24,erpnext/setup/doctype/transaction_deletion_record/transaction_deletion_record.js:21
Stock and Manufacturing,المخزون والتصنيع,preserved-site-override,Preserve the exact live v16.localhost Site Override; do not import or replace.,stage6-W6-5 Setup owner-approved 2026-09-24,erpnext/setup/doctype/company/company.json:None
Stone,ستون,PROPOSED-payload,AI draft; requires independent A1/A2/A3 quorum before release.,stage6-W6-5 Setup owner-approved 2026-09-24,erpnext/setup/setup_wizard/data/uom_data.json:None
Subcontracting Delivery,تسليم مقاولات الباطن,preserved-site-override,Preserve the exact live v16.localhost Site Override; do not import or replace.,stage6-W6-5 Setup owner-approved 2026-09-24,erpnext/setup/setup_wizard/operations/install_fixtures.py:132; erpnext/stock/doctype/stock_entry/stock_entry.json:None; erpnext/stock/doctype/stock_entry_type/stock_entry_type.json:None; erpnext/subcontracting/doctype/subcontracting_inward_order/subcontracting_inward_order.js:158; erpnext/subcontracting/workspace/subcontracting/subcontracting.json:None
Subcontracting Return,مرتجع مقاولات باطن,preserved-site-override,Preserve the exact live v16.localhost Site Override; do not import or replace.,stage6-W6-5 Setup owner-approved 2026-09-24,erpnext/setup/setup_wizard/operations/install_fixtures.py:138; erpnext/stock/doctype/stock_entry/stock_entry.json:None; erpnext/stock/doctype/stock_entry_type/stock_entry_type.json:None
Subdivision,تقسيم إداري,preserved-site-override,Preserve the exact live v16.localhost Site Override; do not import or replace.,stage6-W6-5 Setup owner-approved 2026-09-24,erpnext/setup/doctype/holiday_list/holiday_list.json:None
Submit ERR Journals?,ترحيل قيود إعادة تقييم سعر الصرف؟,preserved-site-override,Preserve the exact live v16.localhost Site Override; do not import or replace.,stage6-W6-5 Setup owner-approved 2026-09-24,erpnext/setup/doctype/company/company.json:None
Supplier Reference,مرجع المورد,preserved-site-override,Preserve the exact live v16.localhost Site Override; do not import or replace.,stage6-W6-5 Setup owner-approved 2026-09-24,erpnext/setup/setup_wizard/data/marketing_source.txt:6
Suspended,موقوف,preserved-site-override,Preserve the exact live v16.localhost Site Override; do not import or replace.,stage6-W6-5 Setup owner-approved 2026-09-24,erpnext/setup/doctype/driver/driver.json:None; erpnext/setup/doctype/employee/employee.json:None
Tablespoon (US),ملعقة كبيرة (أمريكية),PROPOSED-payload,AI draft; requires independent A1/A2/A3 quorum before release.,stage6-W6-5 Setup owner-approved 2026-09-24,erpnext/setup/setup_wizard/data/uom_data.json:None
Teaspoon,ملعقة صغيرة,PROPOSED-payload,AI draft; requires independent A1/A2/A3 quorum before release.,stage6-W6-5 Setup owner-approved 2026-09-24,erpnext/setup/setup_wizard/data/uom_data.json:None
Technical Atmosphere,ضغط جوي فني,PROPOSED-payload,AI draft; requires independent A1/A2/A3 quorum before release.,stage6-W6-5 Setup owner-approved 2026-09-24,erpnext/setup/setup_wizard/data/uom_data.json:None
Technology,التكنولوجيا والتقنية,PROPOSED-payload,AI draft; requires independent A1/A2/A3 quorum before release.,stage6-W6-5 Setup owner-approved 2026-09-24,erpnext/setup/setup_wizard/data/industry_type.txt:47
Telecommunications,الاتصالات,PROPOSED-payload,AI draft; requires independent A1/A2/A3 quorum before release.,stage6-W6-5 Setup owner-approved 2026-09-24,erpnext/setup/setup_wizard/data/industry_type.txt:48
Television,التلفزيون,PROPOSED-payload,AI draft; requires independent A1/A2/A3 quorum before release.,stage6-W6-5 Setup owner-approved 2026-09-24,erpnext/setup/setup_wizard/data/industry_type.txt:49
Tesla,تسلا,PROPOSED-payload,AI draft; requires independent A1/A2/A3 quorum before release.,stage6-W6-5 Setup owner-approved 2026-09-24,erpnext/setup/setup_wizard/data/uom_data.json:None
The Sales Person is linked with {0},مندوب المبيعات مرتبط بـ {0},PROPOSED-payload,AI draft; requires independent A1/A2/A3 quorum before release.,stage6-W6-5 Setup owner-approved 2026-09-24,erpnext/setup/doctype/sales_person/sales_person.py:102
There are no active Fiscal Years for which Demo Data can be generated.,لا توجد سنوات مالية نشطة يمكن إنشاء بيانات تجريبية لها.,PROPOSED-payload,AI draft; requires independent A1/A2/A3 quorum before release.,stage6-W6-5 Setup owner-approved 2026-09-24,erpnext/setup/demo.py:108
Ton (Long)/Cubic Yard,طن (طويل)/ياردة مكعبة,PROPOSED-payload,AI draft; requires independent A1/A2/A3 quorum before release.,stage6-W6-5 Setup owner-approved 2026-09-24,erpnext/setup/setup_wizard/data/uom_data.json:None
Ton (Short)/Cubic Yard,طن (قصير)/ياردة مكعبة,PROPOSED-payload,AI draft; requires independent A1/A2/A3 quorum before release.,stage6-W6-5 Setup owner-approved 2026-09-24,erpnext/setup/setup_wizard/data/uom_data.json:None
Ton-Force (UK),طن-قوة (بريطاني),PROPOSED-payload,AI draft; requires independent A1/A2/A3 quorum before release.,stage6-W6-5 Setup owner-approved 2026-09-24,erpnext/setup/setup_wizard/data/uom_data.json:None
Ton-Force (US),طن-قوة (أمريكي),PROPOSED-payload,AI draft; requires independent A1/A2/A3 quorum before release.,stage6-W6-5 Setup owner-approved 2026-09-24,erpnext/setup/setup_wizard/data/uom_data.json:None
Tonne,طن متري,PROPOSED-payload,AI draft; requires independent A1/A2/A3 quorum before release.,stage6-W6-5 Setup owner-approved 2026-09-24,erpnext/setup/setup_wizard/data/uom_data.json:None
Tonne-Force(Metric),طن-قوة (متري),PROPOSED-payload,AI draft; requires independent A1/A2/A3 quorum before release.,stage6-W6-5 Setup owner-approved 2026-09-24,erpnext/setup/setup_wizard/data/uom_data.json:None
Torr,تور,PROPOSED-payload,AI draft; requires independent A1/A2/A3 quorum before release.,stage6-W6-5 Setup owner-approved 2026-09-24,erpnext/setup/setup_wizard/data/uom_data.json:None
Total Contribution Amount Against Invoices: {0},إجمالي مبلغ المساهمة مقابل الفواتير: {0},PROPOSED-payload,AI draft; requires independent A1/A2/A3 quorum before release.,stage6-W6-5 Setup owner-approved 2026-09-24,erpnext/setup/doctype/sales_person/sales_person.js:17
Total Contribution Amount Against Orders: {0},إجمالي مبلغ المساهمة مقابل أوامر البيع: {0},PROPOSED-payload,AI draft; requires independent A1/A2/A3 quorum before release.,stage6-W6-5 Setup owner-approved 2026-09-24,erpnext/setup/doctype/sales_person/sales_person.js:10
Total Holidays,إجمالي العطلات,preserved-site-override,Preserve the exact live v16.localhost Site Override; do not import or replace.,stage6-W6-5 Setup owner-approved 2026-09-24,erpnext/setup/doctype/holiday_list/holiday_list.json:None
Transaction Deletion Document: {0} is running for this Company. {1},مستند حذف المعاملات: {0} قيد التشغيل لهذه الشركة. {1},PROPOSED-payload,AI draft; requires independent A1/A2/A3 quorum before release.,stage6-W6-5 Setup owner-approved 2026-09-24,erpnext/setup/doctype/transaction_deletion_record/transaction_deletion_record.py:504
Transaction Deletion Record,سجل حذف المعاملة,preserved-site-override,Preserve the exact live v16.localhost Site Override; do not import or replace.,stage6-W6-5 Setup owner-approved 2026-09-24,erpnext/setup/doctype/transaction_deletion_record/transaction_deletion_record.json:None
Transaction Deletion Record Item,عنصر سجل حذف المعاملة,preserved-site-override,Preserve the exact live v16.localhost Site Override; do not import or replace.,stage6-W6-5 Setup owner-approved 2026-09-24,erpnext/setup/doctype/transaction_deletion_record_item/transaction_deletion_record_item.json:None
Transportation,النقل والمواصلات,PROPOSED-payload,AI draft; requires independent A1/A2/A3 quorum before release.,stage6-W6-5 Setup owner-approved 2026-09-24,erpnext/setup/setup_wizard/data/industry_type.txt:50
Unit,الوحدة,preserved-site-override,Preserve the exact live v16.localhost Site Override; do not import or replace.,stage6-W6-5 Setup owner-approved 2026-09-24,erpnext/setup/setup_wizard/data/uom_data.json:None
"Upon enabling this, the JV will be submitted for a different exchange rate.",عند تفعيل هذا الخيار، سيتم تقديم قيد اليومية بسعر صرف مختلف.,PROPOSED-payload,AI draft; requires independent A1/A2/A3 quorum before release.,stage6-W6-5 Setup owner-approved 2026-09-24,erpnext/setup/doctype/company/company.json:None
User Forum,منتدى المستخدمين,PROPOSED-payload,AI draft; requires independent A1/A2/A3 quorum before release.,stage6-W6-5 Setup owner-approved 2026-09-24,erpnext/setup/install.py:194
User {0}: Removed Employee Self Service role as there is no mapped employee.,المستخدم {0}: تمت إزالة دور الخدمة الذاتية للموظف لعدم وجود موظف مرتبط.,PROPOSED-payload,AI draft; requires independent A1/A2/A3 quorum before release.,stage6-W6-5 Setup owner-approved 2026-09-24,erpnext/setup/doctype/employee/employee.py:246
User {0}: Removed Employee role as there is no mapped employee.,المستخدم {0}: تمت إزالة دور الموظف لعدم وجود موظف مرتبط.,PROPOSED-payload,AI draft; requires independent A1/A2/A3 quorum before release.,stage6-W6-5 Setup owner-approved 2026-09-24,erpnext/setup/doctype/employee/employee.py:241
Vara,فارا,PROPOSED-payload,AI draft; requires independent A1/A2/A3 quorum before release.,stage6-W6-5 Setup owner-approved 2026-09-24,erpnext/setup/setup_wizard/data/uom_data.json:None
Venture Capital,رأس المال الجريء,PROPOSED-payload,AI draft; requires independent A1/A2/A3 quorum before release.,stage6-W6-5 Setup owner-approved 2026-09-24,erpnext/setup/setup_wizard/data/industry_type.txt:51
Versta,فيرستا,PROPOSED-payload,AI draft; requires independent A1/A2/A3 quorum before release.,stage6-W6-5 Setup owner-approved 2026-09-24,erpnext/setup/setup_wizard/data/uom_data.json:None
Vice President,نائب الرئيس,PROPOSED-payload,AI draft; requires independent A1/A2/A3 quorum before release.,stage6-W6-5 Setup owner-approved 2026-09-24,erpnext/setup/setup_wizard/data/designation.txt:31
Volt-Ampere,,EXCEPTION-technical,Technical UOM/force unit token; retain vendor rendering; no catalog release.,stage6-W6-5 Setup owner-approved 2026-09-24,erpnext/setup/setup_wizard/data/uom_data.json:None
Walk In,زائر مباشر,PROPOSED-payload,AI draft; requires independent A1/A2/A3 quorum before release.,stage6-W6-5 Setup owner-approved 2026-09-24,erpnext/setup/setup_wizard/data/marketing_source.txt:10
Watt,واط,PROPOSED-payload,AI draft; requires independent A1/A2/A3 quorum before release.,stage6-W6-5 Setup owner-approved 2026-09-24,erpnext/setup/setup_wizard/data/uom_data.json:None
Watt-Hour,,EXCEPTION-technical,Technical UOM/force unit token; retain vendor rendering; no catalog release.,stage6-W6-5 Setup owner-approved 2026-09-24,erpnext/setup/setup_wizard/data/uom_data.json:None
Wavelength In Gigametres,الطول الموجي بالجيجامتر,PROPOSED-payload,AI draft; requires independent A1/A2/A3 quorum before release.,stage6-W6-5 Setup owner-approved 2026-09-24,erpnext/setup/setup_wizard/data/uom_data.json:None
Wavelength In Kilometres,الطول الموجي بالكيلومتر,PROPOSED-payload,AI draft; requires independent A1/A2/A3 quorum before release.,stage6-W6-5 Setup owner-approved 2026-09-24,erpnext/setup/setup_wizard/data/uom_data.json:None
Wavelength In Megametres,الطول الموجي بالميجامتر,PROPOSED-payload,AI draft; requires independent A1/A2/A3 quorum before release.,stage6-W6-5 Setup owner-approved 2026-09-24,erpnext/setup/setup_wizard/data/uom_data.json:None
Yard,ياردة,PROPOSED-payload,AI draft; requires independent A1/A2/A3 quorum before release.,stage6-W6-5 Setup owner-approved 2026-09-24,erpnext/setup/setup_wizard/data/uom_data.json:None
{0} currency must be same as company's default currency. Please select another account.,يجب أن تكون عملة {0} مطابقة لعملة الشركة الافتراضية. يُرجى تحديد حساب آخر.,PROPOSED-payload,AI draft; requires independent A1/A2/A3 quorum before release.,stage6-W6-5 Setup owner-approved 2026-09-24,erpnext/setup/doctype/company/company.py:283
{0} entered twice {1} in Item Taxes,تم إدخال {0} مرتين {1} في ضرائب الأصناف,PROPOSED-payload,AI draft; requires independent A1/A2/A3 quorum before release.,stage6-W6-5 Setup owner-approved 2026-09-24,erpnext/setup/doctype/item_group/item_group.py:48; erpnext/stock/doctype/item/item.py:454
{0} is already running for {1},{0} قيد التشغيل بالفعل لـ {1},PROPOSED-payload,AI draft; requires independent A1/A2/A3 quorum before release.,stage6-W6-5 Setup owner-approved 2026-09-24,erpnext/setup/doctype/transaction_deletion_record/transaction_deletion_record.py:198
{0} is not running. Cannot trigger events for this Document,{0} ليس قيد التشغيل. لا يمكن تشغيل الأحداث لهذا المستند,PROPOSED-payload,AI draft; requires independent A1/A2/A3 quorum before release.,stage6-W6-5 Setup owner-approved 2026-09-24,erpnext/setup/doctype/transaction_deletion_record/transaction_deletion_record.py:206
{0}: {1} is a group account.,{0}: {1} حساب تجميعي.,PROPOSED-payload,AI draft; requires independent A1/A2/A3 quorum before release.,stage6-W6-5 Setup owner-approved 2026-09-24,erpnext/setup/doctype/company/company.py:270
