batch,source_text,classification,tier,desk_quoted_hits,desk_score,accounting_workflow,length,app,location,suppression_rationale,ai_r_ref,suggested_ar
01,Ledger,translation-candidate,0,3,0,1,6,frappe,in-ledger (no vendor PO location match),,AI-R: confirm prior-approved exclusion at W6-0b AI-R pass (stage6-w60b AI-R record),
01,On Payment Failed,translation-candidate,0,0,2,1,17,frappe,in-ledger (no vendor PO location match),,AI-R: confirm prior-approved exclusion at W6-0b AI-R pass (stage6-w60b AI-R record),
01,On Payment Paid,translation-candidate,0,0,2,1,15,frappe,in-ledger (no vendor PO location match),,AI-R: confirm prior-approved exclusion at W6-0b AI-R pass (stage6-w60b AI-R record),
01,Posting Timestamp,translation-candidate,0,0,2,1,17,frappe,in-ledger (no vendor PO location match),,AI-R: confirm prior-approved exclusion at W6-0b AI-R pass (stage6-w60b AI-R record),
01,Select Currency,translation-candidate,0,0,2,1,15,frappe,in-ledger (no vendor PO location match),,AI-R: confirm prior-approved exclusion at W6-0b AI-R pass (stage6-w60b AI-R record),
01,Default display currency,translation-candidate,0,0,0,1,24,frappe,in-ledger (no vendor PO location match),,AI-R: confirm prior-approved exclusion at W6-0b AI-R pass (stage6-w60b AI-R record),
01,No currency fields in {0},translation-candidate,0,0,0,1,25,frappe,in-ledger (no vendor PO location match),,AI-R: confirm prior-approved exclusion at W6-0b AI-R pass (stage6-w60b AI-R record),
01,On Payment Authorization,translation-candidate,0,0,0,1,24,frappe,in-ledger (no vendor PO location match),,AI-R: confirm prior-approved exclusion at W6-0b AI-R pass (stage6-w60b AI-R record),
01,On Payment Charge Processed,translation-candidate,0,0,0,1,27,frappe,in-ledger (no vendor PO location match),,AI-R: confirm prior-approved exclusion at W6-0b AI-R pass (stage6-w60b AI-R record),
01,On Payment Mandate Acquisition Processed,translation-candidate,0,0,0,1,40,frappe,in-ledger (no vendor PO location match),,AI-R: confirm prior-approved exclusion at W6-0b AI-R pass (stage6-w60b AI-R record),
01,On Payment Mandate Charge Processed,translation-candidate,0,0,0,1,35,frappe,in-ledger (no vendor PO location match),,AI-R: confirm prior-approved exclusion at W6-0b AI-R pass (stage6-w60b AI-R record),
01,Show Currency Symbol on Right Side,translation-candidate,0,0,0,1,34,frappe,in-ledger (no vendor PO location match),,AI-R: confirm prior-approved exclusion at W6-0b AI-R pass (stage6-w60b AI-R record),
01,Use Number Format from Currency,translation-candidate,0,0,0,1,31,frappe,in-ledger (no vendor PO location match),,AI-R: confirm prior-approved exclusion at W6-0b AI-R pass (stage6-w60b AI-R record),
01,No Data,translation-candidate,1,33,4,0,7,frappe,in-ledger (no vendor PO location match),,AI-R: confirm prior-approved exclusion at W6-0b AI-R pass (stage6-w60b AI-R record),
01,Reset sorting,translation-candidate,1,22,4,0,13,frappe,in-ledger (no vendor PO location match),,AI-R: confirm prior-approved exclusion at W6-0b AI-R pass (stage6-w60b AI-R record),
01,{count} cells copied,translation-candidate,1,22,4,0,20,frappe,in-ledger (no vendor PO location match),,AI-R: confirm prior-approved exclusion at W6-0b AI-R pass (stage6-w60b AI-R record),
01,{count} rows selected,translation-candidate,1,22,4,0,21,frappe,in-ledger (no vendor PO location match),,AI-R: confirm prior-approved exclusion at W6-0b AI-R pass (stage6-w60b AI-R record),
01,CSV,translation-candidate,1,20,5,0,3,frappe,in-ledger (no vendor PO location match),,AI-R: confirm prior-approved exclusion at W6-0b AI-R pass (stage6-w60b AI-R record),
01,Error,translation-candidate,1,19,5,0,5,frappe,in-ledger (no vendor PO location match),,AI-R: confirm prior-approved exclusion at W6-0b AI-R pass (stage6-w60b AI-R record),
01,PDF,translation-candidate,1,17,5,0,3,frappe,in-ledger (no vendor PO location match),,AI-R: confirm prior-approved exclusion at W6-0b AI-R pass (stage6-w60b AI-R record),
01,Sr,translation-candidate,1,16,5,0,2,frappe,in-ledger (no vendor PO location match),,AI-R: confirm prior-approved exclusion at W6-0b AI-R pass (stage6-w60b AI-R record),
01,Success,translation-candidate,1,16,5,0,7,frappe,in-ledger (no vendor PO location match),,AI-R: confirm prior-approved exclusion at W6-0b AI-R pass (stage6-w60b AI-R record),
01,Action,translation-candidate,1,8,5,0,6,frappe,in-ledger (no vendor PO location match),,AI-R: confirm prior-approved exclusion at W6-0b AI-R pass (stage6-w60b AI-R record),
01,Clear All,translation-candidate,1,8,4,0,9,frappe,in-ledger (no vendor PO location match),,AI-R: confirm prior-approved exclusion at W6-0b AI-R pass (stage6-w60b AI-R record),
01,Document Type,translation-candidate,1,8,4,0,13,frappe,in-ledger (no vendor PO location match),,AI-R: confirm prior-approved exclusion at W6-0b AI-R pass (stage6-w60b AI-R record),
01,Show Preview,translation-candidate,1,8,4,0,12,frappe,in-ledger (no vendor PO location match),,AI-R: confirm prior-approved exclusion at W6-0b AI-R pass (stage6-w60b AI-R record),
01,Value,translation-candidate,1,7,5,0,5,frappe,in-ledger (no vendor PO location match),,AI-R: confirm prior-approved exclusion at W6-0b AI-R pass (stage6-w60b AI-R record),
01,System Settings,translation-candidate,1,7,4,0,15,frappe,in-ledger (no vendor PO location match),,AI-R: confirm prior-approved exclusion at W6-0b AI-R pass (stage6-w60b AI-R record),
01,Column,translation-candidate,1,6,5,0,6,frappe,in-ledger (no vendor PO location match),,AI-R: confirm prior-approved exclusion at W6-0b AI-R pass (stage6-w60b AI-R record),
01,No values to show,translation-candidate,1,6,4,0,17,frappe,in-ledger (no vendor PO location match),,AI-R: confirm prior-approved exclusion at W6-0b AI-R pass (stage6-w60b AI-R record),
01,Set by user,translation-candidate,1,6,4,0,11,frappe,in-ledger (no vendor PO location match),,AI-R: confirm prior-approved exclusion at W6-0b AI-R pass (stage6-w60b AI-R record),
01,Complete,translation-candidate,1,5,5,0,8,frappe,in-ledger (no vendor PO location match),,AI-R: confirm prior-approved exclusion at W6-0b AI-R pass (stage6-w60b AI-R record),
01,Move,translation-candidate,1,5,5,0,4,frappe,in-ledger (no vendor PO location match),,AI-R: confirm prior-approved exclusion at W6-0b AI-R pass (stage6-w60b AI-R record),
01,{count} cell copied,translation-candidate,1,5,4,0,19,frappe,in-ledger (no vendor PO location match),,AI-R: confirm prior-approved exclusion at W6-0b AI-R pass (stage6-w60b AI-R record),
01,{count} row selected,translation-candidate,1,5,4,0,20,frappe,in-ledger (no vendor PO location match),,AI-R: confirm prior-approved exclusion at W6-0b AI-R pass (stage6-w60b AI-R record),
01,Result,translation-candidate,1,4,5,0,6,frappe,in-ledger (no vendor PO location match),,AI-R: confirm prior-approved exclusion at W6-0b AI-R pass (stage6-w60b AI-R record),
01,Undo,translation-candidate,1,4,5,0,4,frappe,in-ledger (no vendor PO location match),,AI-R: confirm prior-approved exclusion at W6-0b AI-R pass (stage6-w60b AI-R record),
01,ascending,translation-candidate,1,4,5,0,9,frappe,in-ledger (no vendor PO location match),,AI-R: confirm prior-approved exclusion at W6-0b AI-R pass (stage6-w60b AI-R record),
01,descending,translation-candidate,1,4,5,0,10,frappe,in-ledger (no vendor PO location match),,AI-R: confirm prior-approved exclusion at W6-0b AI-R pass (stage6-w60b AI-R record),
01,Click to sort by {0},translation-candidate,1,4,4,0,20,frappe,in-ledger (no vendor PO location match),,AI-R: confirm prior-approved exclusion at W6-0b AI-R pass (stage6-w60b AI-R record),
01,Collapse All,translation-candidate,1,4,4,0,12,frappe,in-ledger (no vendor PO location match),,AI-R: confirm prior-approved exclusion at W6-0b AI-R pass (stage6-w60b AI-R record),
01,Expand All,translation-candidate,1,4,4,0,10,frappe,in-ledger (no vendor PO location match),,AI-R: confirm prior-approved exclusion at W6-0b AI-R pass (stage6-w60b AI-R record),
01,Hide Preview,translation-candidate,1,4,4,0,12,frappe,in-ledger (no vendor PO location match),,AI-R: confirm prior-approved exclusion at W6-0b AI-R pass (stage6-w60b AI-R record),
01,No filters found,translation-candidate,1,4,4,0,16,frappe,in-ledger (no vendor PO location match),,AI-R: confirm prior-approved exclusion at W6-0b AI-R pass (stage6-w60b AI-R record),
01,Notification Settings,translation-candidate,1,4,4,0,21,frappe,in-ledger (no vendor PO location match),,AI-R: confirm prior-approved exclusion at W6-0b AI-R pass (stage6-w60b AI-R record),
01,Redo last action,translation-candidate,1,4,4,0,16,frappe,in-ledger (no vendor PO location match),,AI-R: confirm prior-approved exclusion at W6-0b AI-R pass (stage6-w60b AI-R record),
01,Reset Changes,translation-candidate,1,4,4,0,13,frappe,in-ledger (no vendor PO location match),,AI-R: confirm prior-approved exclusion at W6-0b AI-R pass (stage6-w60b AI-R record),
01,Select Field...,translation-candidate,1,4,4,0,15,frappe,in-ledger (no vendor PO location match),,AI-R: confirm prior-approved exclusion at W6-0b AI-R pass (stage6-w60b AI-R record),
01,Switch Theme,translation-candidate,1,4,4,0,12,frappe,in-ledger (no vendor PO location match),,AI-R: confirm prior-approved exclusion at W6-0b AI-R pass (stage6-w60b AI-R record),
01,Dark,translation-candidate,1,3,5,0,4,frappe,in-ledger (no vendor PO location match),,AI-R: confirm prior-approved exclusion at W6-0b AI-R pass (stage6-w60b AI-R record),
01,Light,translation-candidate,1,3,5,0,5,frappe,in-ledger (no vendor PO location match),,AI-R: confirm prior-approved exclusion at W6-0b AI-R pass (stage6-w60b AI-R record),
01,DELETE,translation-candidate,1,2,5,0,6,frappe,in-ledger (no vendor PO location match),,AI-R: confirm prior-approved exclusion at W6-0b AI-R pass (stage6-w60b AI-R record),
01,Indent,translation-candidate,1,2,5,0,6,frappe,in-ledger (no vendor PO location match),,AI-R: confirm prior-approved exclusion at W6-0b AI-R pass (stage6-w60b AI-R record),
01,Redo,translation-candidate,1,2,5,0,4,frappe,in-ledger (no vendor PO location match),,AI-R: confirm prior-approved exclusion at W6-0b AI-R pass (stage6-w60b AI-R record),
01,Warning,translation-candidate,1,2,5,0,7,frappe,in-ledger (no vendor PO location match),,AI-R: confirm prior-approved exclusion at W6-0b AI-R pass (stage6-w60b AI-R record),
01,Are you sure you want to proceed?,translation-candidate,1,2,4,0,33,frappe,in-ledger (no vendor PO location match),,AI-R: confirm prior-approved exclusion at W6-0b AI-R pass (stage6-w60b AI-R record),
01,Are you sure you want to {0}?,translation-candidate,1,2,4,0,29,frappe,in-ledger (no vendor PO location match),,AI-R: confirm prior-approved exclusion at W6-0b AI-R pass (stage6-w60b AI-R record),
01,Clear Filters,translation-candidate,1,2,4,0,13,frappe,in-ledger (no vendor PO location match),,AI-R: confirm prior-approved exclusion at W6-0b AI-R pass (stage6-w60b AI-R record),
01,Download PDF,translation-candidate,1,2,4,0,12,frappe,in-ledger (no vendor PO location match),,AI-R: confirm prior-approved exclusion at W6-0b AI-R pass (stage6-w60b AI-R record),
01,Load More Communications,translation-candidate,1,2,4,0,24,frappe,in-ledger (no vendor PO location match),,AI-R: confirm prior-approved exclusion at W6-0b AI-R pass (stage6-w60b AI-R record),
01,Load more,translation-candidate,1,2,4,0,9,frappe,in-ledger (no vendor PO location match),,AI-R: confirm prior-approved exclusion at W6-0b AI-R pass (stage6-w60b AI-R record),
01,No Data...,translation-candidate,1,2,4,0,10,frappe,in-ledger (no vendor PO location match),,AI-R: confirm prior-approved exclusion at W6-0b AI-R pass (stage6-w60b AI-R record),
01,No Results found,translation-candidate,1,2,4,0,16,frappe,in-ledger (no vendor PO location match),,AI-R: confirm prior-approved exclusion at W6-0b AI-R pass (stage6-w60b AI-R record),
01,No Select Field Found,translation-candidate,1,2,4,0,21,frappe,in-ledger (no vendor PO location match),,AI-R: confirm prior-approved exclusion at W6-0b AI-R pass (stage6-w60b AI-R record),
01,No rows selected,translation-candidate,1,2,4,0,16,frappe,in-ledger (no vendor PO location match),,AI-R: confirm prior-approved exclusion at W6-0b AI-R pass (stage6-w60b AI-R record),
01,Select a field to edit its properties.,translation-candidate,1,2,4,0,38,frappe,in-ledger (no vendor PO location match),,AI-R: confirm prior-approved exclusion at W6-0b AI-R pass (stage6-w60b AI-R record),
01,Activate,translation-candidate,1,0,5,0,8,frappe,in-ledger (no vendor PO location match),,AI-R: confirm prior-approved exclusion at W6-0b AI-R pass (stage6-w60b AI-R record),
01,Changes,translation-candidate,1,0,5,0,7,frappe,in-ledger (no vendor PO location match),,AI-R: confirm prior-approved exclusion at W6-0b AI-R pass (stage6-w60b AI-R record),
01,OPTIONS,translation-candidate,1,0,5,0,7,frappe,in-ledger (no vendor PO location match),,AI-R: confirm prior-approved exclusion at W6-0b AI-R pass (stage6-w60b AI-R record),
01,Template,translation-candidate,1,0,5,0,8,frappe,in-ledger (no vendor PO location match),,AI-R: confirm prior-approved exclusion at W6-0b AI-R pass (stage6-w60b AI-R record),
01,Bulk Actions,translation-candidate,1,0,4,0,12,frappe,in-ledger (no vendor PO location match),,AI-R: confirm prior-approved exclusion at W6-0b AI-R pass (stage6-w60b AI-R record),
01,Log out,translation-candidate,1,0,4,0,7,frappe,in-ledger (no vendor PO location match),,AI-R: confirm prior-approved exclusion at W6-0b AI-R pass (stage6-w60b AI-R record),
01,No data to export,translation-candidate,1,0,4,0,17,frappe,in-ledger (no vendor PO location match),,AI-R: confirm prior-approved exclusion at W6-0b AI-R pass (stage6-w60b AI-R record),
01,Parent Document Type,translation-candidate,1,0,4,0,20,frappe,in-ledger (no vendor PO location match),,AI-R: confirm prior-approved exclusion at W6-0b AI-R pass (stage6-w60b AI-R record),
01,Push Notification Settings,translation-candidate,1,0,4,0,26,frappe,in-ledger (no vendor PO location match),,AI-R: confirm prior-approved exclusion at W6-0b AI-R pass (stage6-w60b AI-R record),
01,Reference Document Type,translation-candidate,1,0,4,0,23,frappe,in-ledger (no vendor PO location match),,AI-R: confirm prior-approved exclusion at W6-0b AI-R pass (stage6-w60b AI-R record),
01,User Document Type,translation-candidate,1,0,4,0,18,frappe,in-ledger (no vendor PO location match),,AI-R: confirm prior-approved exclusion at W6-0b AI-R pass (stage6-w60b AI-R record),
01,User Select Document Type,translation-candidate,1,0,4,0,25,frappe,in-ledger (no vendor PO location match),,AI-R: confirm prior-approved exclusion at W6-0b AI-R pass (stage6-w60b AI-R record),
01,User Settings,translation-candidate,1,0,4,0,13,frappe,in-ledger (no vendor PO location match),,AI-R: confirm prior-approved exclusion at W6-0b AI-R pass (stage6-w60b AI-R record),
01,HTML,translation-candidate,2,163,0,0,4,frappe,in-ledger (no vendor PO location match),,AI-R: confirm prior-approved exclusion at W6-0b AI-R pass (stage6-w60b AI-R record),
01,label,translation-candidate,2,139,0,0,5,frappe,in-ledger (no vendor PO location match),,AI-R: confirm prior-approved exclusion at W6-0b AI-R pass (stage6-w60b AI-R record),
01,L,translation-candidate,2,108,0,0,1,frappe,in-ledger (no vendor PO location match),,AI-R: confirm prior-approved exclusion at W6-0b AI-R pass (stage6-w60b AI-R record),
01,DocType,translation-candidate,2,103,0,0,7,frappe,in-ledger (no vendor PO location match),,AI-R: confirm prior-approved exclusion at W6-0b AI-R pass (stage6-w60b AI-R record),
01,M,translation-candidate,2,100,0,0,1,frappe,in-ledger (no vendor PO location match),,AI-R: confirm prior-approved exclusion at W6-0b AI-R pass (stage6-w60b AI-R record),
01,Tab Break,translation-candidate,2,88,2,0,9,frappe,in-ledger (no vendor PO location match),,AI-R: confirm prior-approved exclusion at W6-0b AI-R pass (stage6-w60b AI-R record),
01,GET,translation-candidate,2,84,0,0,3,frappe,in-ledger (no vendor PO location match),,AI-R: confirm prior-approved exclusion at W6-0b AI-R pass (stage6-w60b AI-R record),
01,POST,translation-candidate,2,54,0,0,4,frappe,in-ledger (no vendor PO location match),,AI-R: confirm prior-approved exclusion at W6-0b AI-R pass (stage6-w60b AI-R record),
01,Communication,translation-candidate,2,44,0,0,13,frappe,in-ledger (no vendor PO location match),,AI-R: confirm prior-approved exclusion at W6-0b AI-R pass (stage6-w60b AI-R record),
01,Percent,translation-candidate,2,44,0,0,7,frappe,in-ledger (no vendor PO location match),,AI-R: confirm prior-approved exclusion at W6-0b AI-R pass (stage6-w60b AI-R record),
01,email,translation-candidate,2,31,0,0,5,frappe,in-ledger (no vendor PO location match),,AI-R: confirm prior-approved exclusion at W6-0b AI-R pass (stage6-w60b AI-R record),
01,Duration,translation-candidate,2,29,0,0,8,frappe,in-ledger (no vendor PO location match),,AI-R: confirm prior-approved exclusion at W6-0b AI-R pass (stage6-w60b AI-R record),
01,gray,translation-candidate,2,29,0,0,4,frappe,in-ledger (no vendor PO location match),,AI-R: confirm prior-approved exclusion at W6-0b AI-R pass (stage6-w60b AI-R record),
01,ID,translation-candidate,2,28,0,0,2,frappe,in-ledger (no vendor PO location match),,AI-R: confirm prior-approved exclusion at W6-0b AI-R pass (stage6-w60b AI-R record),
01,K,translation-candidate,2,27,0,0,1,frappe,in-ledger (no vendor PO location match),,AI-R: confirm prior-approved exclusion at W6-0b AI-R pass (stage6-w60b AI-R record),
01,Placeholder,translation-candidate,2,27,0,0,11,frappe,in-ledger (no vendor PO location match),,AI-R: confirm prior-approved exclusion at W6-0b AI-R pass (stage6-w60b AI-R record),
01,Subject,translation-candidate,2,26,0,0,7,frappe,in-ledger (no vendor PO location match),,AI-R: confirm prior-approved exclusion at W6-0b AI-R pass (stage6-w60b AI-R record),
01,yyyy-mm-dd,translation-candidate,2,26,0,0,10,frappe,in-ledger (no vendor PO location match),,AI-R: confirm prior-approved exclusion at W6-0b AI-R pass (stage6-w60b AI-R record),
01,Autocomplete,translation-candidate,2,25,0,0,12,frappe,in-ledger (no vendor PO location match),,AI-R: confirm prior-approved exclusion at W6-0b AI-R pass (stage6-w60b AI-R record),
01,Arguments,translation-candidate,2,22,0,0,9,frappe,in-ledger (no vendor PO location match),,AI-R: confirm prior-approved exclusion at W6-0b AI-R pass (stage6-w60b AI-R record),
01,Phone,translation-candidate,2,22,0,0,5,frappe,in-ledger (no vendor PO location match),,AI-R: confirm prior-approved exclusion at W6-0b AI-R pass (stage6-w60b AI-R record),الهاتف
01,Tag,translation-candidate,2,21,0,0,3,frappe,in-ledger (no vendor PO location match),,AI-R: confirm prior-approved exclusion at W6-0b AI-R pass (stage6-w60b AI-R record),
01,Workflow State,translation-candidate,2,19,2,0,14,frappe,in-ledger (no vendor PO location match),,AI-R: confirm prior-approved exclusion at W6-0b AI-R pass (stage6-w60b AI-R record),
01,Rating,translation-candidate,2,19,0,0,6,frappe,in-ledger (no vendor PO location match),,AI-R: confirm prior-approved exclusion at W6-0b AI-R pass (stage6-w60b AI-R record),
01,Kanban Board,translation-candidate,2,18,2,0,12,frappe,in-ledger (no vendor PO location match),,AI-R: confirm prior-approved exclusion at W6-0b AI-R pass (stage6-w60b AI-R record),
01,JSON,translation-candidate,2,18,0,0,4,frappe,in-ledger (no vendor PO location match),,AI-R: confirm prior-approved exclusion at W6-0b AI-R pass (stage6-w60b AI-R record),
01,long,translation-candidate,2,18,0,0,4,frappe,in-ledger (no vendor PO location match),,AI-R: confirm prior-approved exclusion at W6-0b AI-R pass (stage6-w60b AI-R record),
01,Done,translation-candidate,2,17,0,0,4,frappe,in-ledger (no vendor PO location match),,AI-R: confirm prior-approved exclusion at W6-0b AI-R pass (stage6-w60b AI-R record),
01,No Label,translation-candidate,2,16,2,0,8,frappe,in-ledger (no vendor PO location match),,AI-R: confirm prior-approved exclusion at W6-0b AI-R pass (stage6-w60b AI-R record),
01,Medium,translation-candidate,2,16,0,0,6,frappe,in-ledger (no vendor PO location match),,AI-R: confirm prior-approved exclusion at W6-0b AI-R pass (stage6-w60b AI-R record),
01,dd.mm.yyyy,translation-candidate,2,15,0,0,10,frappe,in-ledger (no vendor PO location match),,AI-R: confirm prior-approved exclusion at W6-0b AI-R pass (stage6-w60b AI-R record),
01,Assigned To,translation-candidate,2,14,2,0,11,frappe,in-ledger (no vendor PO location match),,AI-R: confirm prior-approved exclusion at W6-0b AI-R pass (stage6-w60b AI-R record),
01,B,translation-candidate,2,13,0,0,1,frappe,in-ledger (no vendor PO location match),,AI-R: confirm prior-approved exclusion at W6-0b AI-R pass (stage6-w60b AI-R record),
01,DocField,translation-candidate,2,13,0,0,8,frappe,in-ledger (no vendor PO location match),,AI-R: confirm prior-approved exclusion at W6-0b AI-R pass (stage6-w60b AI-R record),
01,Bar,translation-candidate,2,12,0,0,3,frappe,in-ledger (no vendor PO location match),,AI-R: confirm prior-approved exclusion at W6-0b AI-R pass (stage6-w60b AI-R record),
01,Month,translation-candidate,2,12,0,0,5,frappe,in-ledger (no vendor PO location match),,AI-R: confirm prior-approved exclusion at W6-0b AI-R pass (stage6-w60b AI-R record),
01,Monthly,translation-candidate,2,12,0,0,7,frappe,in-ledger (no vendor PO location match),,AI-R: confirm prior-approved exclusion at W6-0b AI-R pass (stage6-w60b AI-R record),
01,Property,translation-candidate,2,12,0,0,8,frappe,in-ledger (no vendor PO location match),,AI-R: confirm prior-approved exclusion at W6-0b AI-R pass (stage6-w60b AI-R record),
01,of,translation-candidate,2,12,0,0,2,frappe,in-ledger (no vendor PO location match),,AI-R: confirm prior-approved exclusion at W6-0b AI-R pass (stage6-w60b AI-R record),
01,plain,translation-candidate,2,12,0,0,5,frappe,in-ledger (no vendor PO location match),,AI-R: confirm prior-approved exclusion at W6-0b AI-R pass (stage6-w60b AI-R record),
01,short,translation-candidate,2,12,0,0,5,frappe,in-ledger (no vendor PO location match),,AI-R: confirm prior-approved exclusion at W6-0b AI-R pass (stage6-w60b AI-R record),
01,Sunday,translation-candidate,2,11,0,0,6,frappe,in-ledger (no vendor PO location match),,AI-R: confirm prior-approved exclusion at W6-0b AI-R pass (stage6-w60b AI-R record),
01,T,translation-candidate,2,11,0,0,1,frappe,in-ledger (no vendor PO location match),,AI-R: confirm prior-approved exclusion at W6-0b AI-R pass (stage6-w60b AI-R record),
01,esc,translation-candidate,2,11,0,0,3,frappe,in-ledger (no vendor PO location match),,AI-R: confirm prior-approved exclusion at W6-0b AI-R pass (stage6-w60b AI-R record),
01,Field Template,translation-candidate,2,10,2,0,14,frappe,in-ledger (no vendor PO location match),,AI-R: confirm prior-approved exclusion at W6-0b AI-R pass (stage6-w60b AI-R record),
01,Form Tour,translation-candidate,2,10,2,0,9,frappe,in-ledger (no vendor PO location match),,AI-R: confirm prior-approved exclusion at W6-0b AI-R pass (stage6-w60b AI-R record),
01,Archived,translation-candidate,2,10,0,0,8,frappe,in-ledger (no vendor PO location match),,AI-R: confirm prior-approved exclusion at W6-0b AI-R pass (stage6-w60b AI-R record),
01,Daily,translation-candidate,2,10,0,0,5,frappe,in-ledger (no vendor PO location match),,AI-R: confirm prior-approved exclusion at W6-0b AI-R pass (stage6-w60b AI-R record),
01,Python,translation-candidate,2,10,0,0,6,frappe,in-ledger (no vendor PO location match),,AI-R: confirm prior-approved exclusion at W6-0b AI-R pass (stage6-w60b AI-R record),
01,Quarterly,translation-candidate,2,10,0,0,9,frappe,in-ledger (no vendor PO location match),,AI-R: confirm prior-approved exclusion at W6-0b AI-R pass (stage6-w60b AI-R record),
01,Spacer,translation-candidate,2,10,0,0,6,frappe,in-ledger (no vendor PO location match),,AI-R: confirm prior-approved exclusion at W6-0b AI-R pass (stage6-w60b AI-R record),
01,Weekly,translation-candidate,2,10,0,0,6,frappe,in-ledger (no vendor PO location match),,AI-R: confirm prior-approved exclusion at W6-0b AI-R pass (stage6-w60b AI-R record),
01,Yearly,translation-candidate,2,10,0,0,6,frappe,in-ledger (no vendor PO location match),,AI-R: confirm prior-approved exclusion at W6-0b AI-R pass (stage6-w60b AI-R record),
01,light-blue,translation-candidate,2,10,0,0,10,frappe,in-ledger (no vendor PO location match),,AI-R: confirm prior-approved exclusion at W6-0b AI-R pass (stage6-w60b AI-R record),
01,or,translation-candidate,2,10,0,0,2,frappe,in-ledger (no vendor PO location match),,AI-R: confirm prior-approved exclusion at W6-0b AI-R pass (stage6-w60b AI-R record),
01,Saved Filters,translation-candidate,2,9,2,0,13,frappe,in-ledger (no vendor PO location match),,AI-R: confirm prior-approved exclusion at W6-0b AI-R pass (stage6-w60b AI-R record),
01,High,translation-candidate,2,9,0,0,4,frappe,in-ledger (no vendor PO location match),,AI-R: confirm prior-approved exclusion at W6-0b AI-R pass (stage6-w60b AI-R record),
01,Missing Values Required,translation-candidate,2,9,0,0,23,frappe,in-ledger (no vendor PO location match),,AI-R: confirm prior-approved exclusion at W6-0b AI-R pass (stage6-w60b AI-R record),
01,and,translation-candidate,2,9,0,0,3,frappe,in-ledger (no vendor PO location match),,AI-R: confirm prior-approved exclusion at W6-0b AI-R pass (stage6-w60b AI-R record),
01,grey,translation-candidate,2,9,0,0,4,frappe,in-ledger (no vendor PO location match),,AI-R: confirm prior-approved exclusion at W6-0b AI-R pass (stage6-w60b AI-R record),
01,Added {0} ({1}),translation-candidate,2,8,2,0,15,frappe,in-ledger (no vendor PO location match),,AI-R: confirm prior-approved exclusion at W6-0b AI-R pass (stage6-w60b AI-R record),
01,By fieldname,translation-candidate,2,8,2,0,12,frappe,in-ledger (no vendor PO location match),,AI-R: confirm prior-approved exclusion at W6-0b AI-R pass (stage6-w60b AI-R record),
01,Document Saved,translation-candidate,2,8,2,0,14,frappe,in-ledger (no vendor PO location match),,AI-R: confirm prior-approved exclusion at W6-0b AI-R pass (stage6-w60b AI-R record),
01,Set Quantity,translation-candidate,2,8,2,0,12,frappe,in-ledger (no vendor PO location match),,AI-R: confirm prior-approved exclusion at W6-0b AI-R pass (stage6-w60b AI-R record),
01,Drag,translation-candidate,2,8,0,0,4,frappe,in-ledger (no vendor PO location match),,AI-R: confirm prior-approved exclusion at W6-0b AI-R pass (stage6-w60b AI-R record),
01,Expression,translation-candidate,2,8,0,0,10,frappe,in-ledger (no vendor PO location match),,AI-R: confirm prior-approved exclusion at W6-0b AI-R pass (stage6-w60b AI-R record),
01,Page Break,translation-candidate,2,7,2,0,10,frappe,in-ledger (no vendor PO location match),,AI-R: confirm prior-approved exclusion at W6-0b AI-R pass (stage6-w60b AI-R record),
01,Page {0} of {1},translation-candidate,2,7,2,0,15,frappe,in-ledger (no vendor PO location match),,AI-R: confirm prior-approved exclusion at W6-0b AI-R pass (stage6-w60b AI-R record),
01,Unselect All,translation-candidate,2,7,2,0,12,frappe,in-ledger (no vendor PO location match),,AI-R: confirm prior-approved exclusion at W6-0b AI-R pass (stage6-w60b AI-R record),
01,End,translation-candidate,2,7,0,0,3,frappe,in-ledger (no vendor PO location match),,AI-R: confirm prior-approved exclusion at W6-0b AI-R pass (stage6-w60b AI-R record),
01,JS,translation-candidate,2,7,0,0,2,frappe,in-ledger (no vendor PO location match),,AI-R: confirm prior-approved exclusion at W6-0b AI-R pass (stage6-w60b AI-R record),
01,Note,translation-candidate,2,7,0,0,4,frappe,in-ledger (no vendor PO location match),,AI-R: confirm prior-approved exclusion at W6-0b AI-R pass (stage6-w60b AI-R record),
01,Route,translation-candidate,2,7,0,0,5,frappe,in-ledger (no vendor PO location match),,AI-R: confirm prior-approved exclusion at W6-0b AI-R pass (stage6-w60b AI-R record),
01,Tomorrow,translation-candidate,2,7,0,0,8,frappe,in-ledger (no vendor PO location match),,AI-R: confirm prior-approved exclusion at W6-0b AI-R pass (stage6-w60b AI-R record),
01,Yesterday,translation-candidate,2,7,0,0,9,frappe,in-ledger (no vendor PO location match),,AI-R: confirm prior-approved exclusion at W6-0b AI-R pass (stage6-w60b AI-R record),
01,Automated Message,translation-candidate,2,6,2,0,17,frappe,in-ledger (no vendor PO location match),,AI-R: confirm prior-approved exclusion at W6-0b AI-R pass (stage6-w60b AI-R record),
01,Choose a color,translation-candidate,2,6,2,0,14,frappe,in-ledger (no vendor PO location match),,AI-R: confirm prior-approved exclusion at W6-0b AI-R pass (stage6-w60b AI-R record),
01,Choose an icon,translation-candidate,2,6,2,0,14,frappe,in-ledger (no vendor PO location match),,AI-R: confirm prior-approved exclusion at W6-0b AI-R pass (stage6-w60b AI-R record),
01,Insert Below,translation-candidate,2,6,2,0,12,frappe,in-ledger (no vendor PO location match),,AI-R: confirm prior-approved exclusion at W6-0b AI-R pass (stage6-w60b AI-R record),
01,Naming Series,translation-candidate,2,6,2,0,13,frappe,in-ledger (no vendor PO location match),,AI-R: confirm prior-approved exclusion at W6-0b AI-R pass (stage6-w60b AI-R record),
01,UTM Campaign,translation-candidate,2,6,2,0,12,frappe,in-ledger (no vendor PO location match),,AI-R: confirm prior-approved exclusion at W6-0b AI-R pass (stage6-w60b AI-R record),
01,UTM Medium,translation-candidate,2,6,2,0,10,frappe,in-ledger (no vendor PO location match),,AI-R: confirm prior-approved exclusion at W6-0b AI-R pass (stage6-w60b AI-R record),
01,UTM Source,translation-candidate,2,6,2,0,10,frappe,in-ledger (no vendor PO location match),,AI-R: confirm prior-approved exclusion at W6-0b AI-R pass (stage6-w60b AI-R record),
01,Banker's Rounding (legacy),translation-candidate,2,6,0,0,26,frappe,in-ledger (no vendor PO location match),,AI-R: confirm prior-approved exclusion at W6-0b AI-R pass (stage6-w60b AI-R record),
01,Expression (old style),translation-candidate,2,6,0,0,22,frappe,in-ledger (no vendor PO location match),,AI-R: confirm prior-approved exclusion at W6-0b AI-R pass (stage6-w60b AI-R record),
01,Low,translation-candidate,2,6,0,0,3,frappe,in-ledger (no vendor PO location match),,AI-R: confirm prior-approved exclusion at W6-0b AI-R pass (stage6-w60b AI-R record),
01,Monday,translation-candidate,2,6,0,0,6,frappe,in-ledger (no vendor PO location match),,AI-R: confirm prior-approved exclusion at W6-0b AI-R pass (stage6-w60b AI-R record),
01,Seconds,translation-candidate,2,6,0,0,7,frappe,in-ledger (no vendor PO location match),,AI-R: confirm prior-approved exclusion at W6-0b AI-R pass (stage6-w60b AI-R record),
01,Sticky,translation-candidate,2,6,0,0,6,frappe,in-ledger (no vendor PO location match),,AI-R: confirm prior-approved exclusion at W6-0b AI-R pass (stage6-w60b AI-R record),
01,Configure Columns,translation-candidate,2,5,2,0,17,frappe,in-ledger (no vendor PO location match),,AI-R: confirm prior-approved exclusion at W6-0b AI-R pass (stage6-w60b AI-R record),
01,Helvetica Neue,translation-candidate,2,5,2,0,14,frappe,in-ledger (no vendor PO location match),,AI-R: confirm prior-approved exclusion at W6-0b AI-R pass (stage6-w60b AI-R record),
01,Invalid URL,translation-candidate,2,5,2,0,11,frappe,in-ledger (no vendor PO location match),,AI-R: confirm prior-approved exclusion at W6-0b AI-R pass (stage6-w60b AI-R record),
01,Invalid Values,translation-candidate,2,5,2,0,14,frappe,in-ledger (no vendor PO location match),,AI-R: confirm prior-approved exclusion at W6-0b AI-R pass (stage6-w60b AI-R record),
01,Merge with existing,translation-candidate,2,5,2,0,19,frappe,in-ledger (no vendor PO location match),,AI-R: confirm prior-approved exclusion at W6-0b AI-R pass (stage6-w60b AI-R record),
01,Activity,translation-candidate,2,5,0,0,8,frappe,in-ledger (no vendor PO location match),,AI-R: confirm prior-approved exclusion at W6-0b AI-R pass (stage6-w60b AI-R record),
01,Chart,translation-candidate,2,5,0,0,5,frappe,in-ledger (no vendor PO location match),,AI-R: confirm prior-approved exclusion at W6-0b AI-R pass (stage6-w60b AI-R record),
01,Diff,translation-candidate,2,5,0,0,4,frappe,in-ledger (no vendor PO location match),,AI-R: confirm prior-approved exclusion at W6-0b AI-R pass (stage6-w60b AI-R record),
01,External,translation-candidate,2,5,0,0,8,frappe,in-ledger (no vendor PO location match),,AI-R: confirm prior-approved exclusion at W6-0b AI-R pass (stage6-w60b AI-R record),
01,Failed,translation-candidate,2,5,0,0,6,frappe,in-ledger (no vendor PO location match),,AI-R: confirm prior-approved exclusion at W6-0b AI-R pass (stage6-w60b AI-R record),
01,Following fields have invalid values:,translation-candidate,2,5,0,0,37,frappe,in-ledger (no vendor PO location match),,AI-R: confirm prior-approved exclusion at W6-0b AI-R pass (stage6-w60b AI-R record),
01,Friday,translation-candidate,2,5,0,0,6,frappe,in-ledger (no vendor PO location match),,AI-R: confirm prior-approved exclusion at W6-0b AI-R pass (stage6-w60b AI-R record),
01,Generate Tracking URL,translation-candidate,2,5,0,0,21,frappe,in-ledger (no vendor PO location match),,AI-R: confirm prior-approved exclusion at W6-0b AI-R pass (stage6-w60b AI-R record),
01,HEAD,translation-candidate,2,5,0,0,4,frappe,in-ledger (no vendor PO location match),,AI-R: confirm prior-approved exclusion at W6-0b AI-R pass (stage6-w60b AI-R record),
01,Kh,translation-candidate,2,5,0,0,2,frappe,in-ledger (no vendor PO location match),,AI-R: confirm prior-approved exclusion at W6-0b AI-R pass (stage6-w60b AI-R record),
01,Never,translation-candidate,2,5,0,0,5,frappe,in-ledger (no vendor PO location match),,AI-R: confirm prior-approved exclusion at W6-0b AI-R pass (stage6-w60b AI-R record),
01,Please enable pop-ups,translation-candidate,2,5,0,0,21,frappe,in-ledger (no vendor PO location match),,AI-R: confirm prior-approved exclusion at W6-0b AI-R pass (stage6-w60b AI-R record),
01,Saturday,translation-candidate,2,5,0,0,8,frappe,in-ledger (no vendor PO location match),,AI-R: confirm prior-approved exclusion at W6-0b AI-R pass (stage6-w60b AI-R record),
01,Size,translation-candidate,2,5,0,0,4,frappe,in-ledger (no vendor PO location match),,AI-R: confirm prior-approved exclusion at W6-0b AI-R pass (stage6-w60b AI-R record),
01,Thursday,translation-candidate,2,5,0,0,8,frappe,in-ledger (no vendor PO location match),,AI-R: confirm prior-approved exclusion at W6-0b AI-R pass (stage6-w60b AI-R record),
01,Tuesday,translation-candidate,2,5,0,0,7,frappe,in-ledger (no vendor PO location match),,AI-R: confirm prior-approved exclusion at W6-0b AI-R pass (stage6-w60b AI-R record),
01,Updating related fields...,translation-candidate,2,5,0,0,26,frappe,in-ledger (no vendor PO location match),,AI-R: confirm prior-approved exclusion at W6-0b AI-R pass (stage6-w60b AI-R record),
01,Wednesday,translation-candidate,2,5,0,0,9,frappe,in-ledger (no vendor PO location match),,AI-R: confirm prior-approved exclusion at W6-0b AI-R pass (stage6-w60b AI-R record),
01,pink,translation-candidate,2,5,0,0,4,frappe,in-ledger (no vendor PO location match),,AI-R: confirm prior-approved exclusion at W6-0b AI-R pass (stage6-w60b AI-R record),
01,{0} is between {1} and {2},translation-candidate,2,5,0,0,26,frappe,in-ledger (no vendor PO location match),,AI-R: confirm prior-approved exclusion at W6-0b AI-R pass (stage6-w60b AI-R record),
01,{0} is greater than or equal to {1},translation-candidate,2,5,0,0,35,frappe,in-ledger (no vendor PO location match),,AI-R: confirm prior-approved exclusion at W6-0b AI-R pass (stage6-w60b AI-R record),
01,{0} is greater than {1},translation-candidate,2,5,0,0,23,frappe,in-ledger (no vendor PO location match),,AI-R: confirm prior-approved exclusion at W6-0b AI-R pass (stage6-w60b AI-R record),
01,{0} is less than or equal to {1},translation-candidate,2,5,0,0,32,frappe,in-ledger (no vendor PO location match),,AI-R: confirm prior-approved exclusion at W6-0b AI-R pass (stage6-w60b AI-R record),
01,{0} is less than {1},translation-candidate,2,5,0,0,20,frappe,in-ledger (no vendor PO location match),,AI-R: confirm prior-approved exclusion at W6-0b AI-R pass (stage6-w60b AI-R record),
01,{0} is not equal to {1},translation-candidate,2,5,0,0,23,frappe,in-ledger (no vendor PO location match),,AI-R: confirm prior-approved exclusion at W6-0b AI-R pass (stage6-w60b AI-R record),
01,{0} is not one of {1},translation-candidate,2,5,0,0,21,frappe,in-ledger (no vendor PO location match),,AI-R: confirm prior-approved exclusion at W6-0b AI-R pass (stage6-w60b AI-R record),
01,{0} is not set,translation-candidate,2,5,0,0,14,frappe,in-ledger (no vendor PO location match),,AI-R: confirm prior-approved exclusion at W6-0b AI-R pass (stage6-w60b AI-R record),
01,{0} is one of {1},translation-candidate,2,5,0,0,17,frappe,in-ledger (no vendor PO location match),,AI-R: confirm prior-approved exclusion at W6-0b AI-R pass (stage6-w60b AI-R record),
01,{0} is set,translation-candidate,2,5,0,0,10,frappe,in-ledger (no vendor PO location match),,AI-R: confirm prior-approved exclusion at W6-0b AI-R pass (stage6-w60b AI-R record),
01,{0} is within {1},translation-candidate,2,5,0,0,17,frappe,in-ledger (no vendor PO location match),,AI-R: confirm prior-approved exclusion at W6-0b AI-R pass (stage6-w60b AI-R record),
01,Action Complete,translation-candidate,2,4,2,0,15,frappe,in-ledger (no vendor PO location match),,AI-R: confirm prior-approved exclusion at W6-0b AI-R pass (stage6-w60b AI-R record),
01,Bottom Center,translation-candidate,2,4,2,0,13,frappe,in-ledger (no vendor PO location match),,AI-R: confirm prior-approved exclusion at W6-0b AI-R pass (stage6-w60b AI-R record),
01,Bottom Left,translation-candidate,2,4,2,0,11,frappe,in-ledger (no vendor PO location match),,AI-R: confirm prior-approved exclusion at W6-0b AI-R pass (stage6-w60b AI-R record),
01,Bottom Right,translation-candidate,2,4,2,0,12,frappe,in-ledger (no vendor PO location match),,AI-R: confirm prior-approved exclusion at W6-0b AI-R pass (stage6-w60b AI-R record),
01,By script,translation-candidate,2,4,2,0,9,frappe,in-ledger (no vendor PO location match),,AI-R: confirm prior-approved exclusion at W6-0b AI-R pass (stage6-w60b AI-R record),
01,Change Letter Head,translation-candidate,2,4,2,0,18,frappe,in-ledger (no vendor PO location match),,AI-R: confirm prior-approved exclusion at W6-0b AI-R pass (stage6-w60b AI-R record),
01,Custom HTML Block,translation-candidate,2,4,2,0,17,frappe,in-ledger (no vendor PO location match),,AI-R: confirm prior-approved exclusion at W6-0b AI-R pass (stage6-w60b AI-R record),
01,DocType required,translation-candidate,2,4,2,0,16,frappe,in-ledger (no vendor PO location match),,AI-R: confirm prior-approved exclusion at W6-0b AI-R pass (stage6-w60b AI-R record),
01,Editing {0},translation-candidate,2,4,2,0,11,frappe,in-ledger (no vendor PO location match),,AI-R: confirm prior-approved exclusion at W6-0b AI-R pass (stage6-w60b AI-R record),
01,Get Items,translation-candidate,2,4,2,0,9,frappe,in-ledger (no vendor PO location match),,AI-R: confirm prior-approved exclusion at W6-0b AI-R pass (stage6-w60b AI-R record),
01,Include filters,translation-candidate,2,4,2,0,15,frappe,in-ledger (no vendor PO location match),,AI-R: confirm prior-approved exclusion at W6-0b AI-R pass (stage6-w60b AI-R record),
01,Invalid Transition,translation-candidate,2,4,2,0,18,frappe,in-ledger (no vendor PO location match),,AI-R: confirm prior-approved exclusion at W6-0b AI-R pass (stage6-w60b AI-R record),
01,No Images,translation-candidate,2,4,2,0,9,frappe,in-ledger (no vendor PO location match),,AI-R: confirm prior-approved exclusion at W6-0b AI-R pass (stage6-w60b AI-R record),
01,No Letterhead,translation-candidate,2,4,2,0,13,frappe,in-ledger (no vendor PO location match),,AI-R: confirm prior-approved exclusion at W6-0b AI-R pass (stage6-w60b AI-R record),
01,On or After,translation-candidate,2,4,2,0,11,frappe,in-ledger (no vendor PO location match),,AI-R: confirm prior-approved exclusion at W6-0b AI-R pass (stage6-w60b AI-R record),
01,On or Before,translation-candidate,2,4,2,0,12,frappe,in-ledger (no vendor PO location match),,AI-R: confirm prior-approved exclusion at W6-0b AI-R pass (stage6-w60b AI-R record),
01,RQ Job,translation-candidate,2,4,2,0,6,frappe,in-ledger (no vendor PO location match),,AI-R: confirm prior-approved exclusion at W6-0b AI-R pass (stage6-w60b AI-R record),
01,Section Title,translation-candidate,2,4,2,0,13,frappe,in-ledger (no vendor PO location match),,AI-R: confirm prior-approved exclusion at W6-0b AI-R pass (stage6-w60b AI-R record),
01,Set all private,translation-candidate,2,4,2,0,15,frappe,in-ledger (no vendor PO location match),,AI-R: confirm prior-approved exclusion at W6-0b AI-R pass (stage6-w60b AI-R record),
01,Sr No.,translation-candidate,2,4,2,0,6,frappe,in-ledger (no vendor PO location match),,AI-R: confirm prior-approved exclusion at W6-0b AI-R pass (stage6-w60b AI-R record),
01,Switch Camera,translation-candidate,2,4,2,0,13,frappe,in-ledger (no vendor PO location match),,AI-R: confirm prior-approved exclusion at W6-0b AI-R pass (stage6-w60b AI-R record),
01,Switching Camera,translation-candidate,2,4,2,0,16,frappe,in-ledger (no vendor PO location match),,AI-R: confirm prior-approved exclusion at W6-0b AI-R pass (stage6-w60b AI-R record),
01,Top Center,translation-candidate,2,4,2,0,10,frappe,in-ledger (no vendor PO location match),,AI-R: confirm prior-approved exclusion at W6-0b AI-R pass (stage6-w60b AI-R record),
01,Top Left,translation-candidate,2,4,2,0,8,frappe,in-ledger (no vendor PO location match),,AI-R: confirm prior-approved exclusion at W6-0b AI-R pass (stage6-w60b AI-R record),
01,Top Right,translation-candidate,2,4,2,0,9,frappe,in-ledger (no vendor PO location match),,AI-R: confirm prior-approved exclusion at W6-0b AI-R pass (stage6-w60b AI-R record),
01,Total Images,translation-candidate,2,4,2,0,12,frappe,in-ledger (no vendor PO location match),,AI-R: confirm prior-approved exclusion at W6-0b AI-R pass (stage6-w60b AI-R record),
01,Workflow Details,translation-candidate,2,4,2,0,16,frappe,in-ledger (no vendor PO location match),,AI-R: confirm prior-approved exclusion at W6-0b AI-R pass (stage6-w60b AI-R record),
01,After,translation-candidate,2,4,0,0,5,frappe,in-ledger (no vendor PO location match),,AI-R: confirm prior-approved exclusion at W6-0b AI-R pass (stage6-w60b AI-R record),
01,Assigning...,translation-candidate,2,4,0,0,12,frappe,in-ledger (no vendor PO location match),,AI-R: confirm prior-approved exclusion at W6-0b AI-R pass (stage6-w60b AI-R record),
01,Before,translation-candidate,2,4,0,0,6,frappe,in-ledger (no vendor PO location match),,AI-R: confirm prior-approved exclusion at W6-0b AI-R pass (stage6-w60b AI-R record),
01,Capture,translation-candidate,2,4,0,0,7,frappe,in-ledger (no vendor PO location match),,AI-R: confirm prior-approved exclusion at W6-0b AI-R pass (stage6-w60b AI-R record),
01,Crop,translation-candidate,2,4,0,0,4,frappe,in-ledger (no vendor PO location match),,AI-R: confirm prior-approved exclusion at W6-0b AI-R pass (stage6-w60b AI-R record),
01,Divider,translation-candidate,2,4,0,0,7,frappe,in-ledger (no vendor PO location match),,AI-R: confirm prior-approved exclusion at W6-0b AI-R pass (stage6-w60b AI-R record),
01,DocPerm,translation-candidate,2,4,0,0,7,frappe,in-ledger (no vendor PO location match),,AI-R: confirm prior-approved exclusion at W6-0b AI-R pass (stage6-w60b AI-R record),
01,Graph,translation-candidate,2,4,0,0,5,frappe,in-ledger (no vendor PO location match),,AI-R: confirm prior-approved exclusion at W6-0b AI-R pass (stage6-w60b AI-R record),
01,Install {0} from Marketplace,translation-candidate,2,4,0,0,28,frappe,in-ledger (no vendor PO location match),,AI-R: confirm prior-approved exclusion at W6-0b AI-R pass (stage6-w60b AI-R record),
01,Meta,translation-candidate,2,4,0,0,4,frappe,in-ledger (no vendor PO location match),,AI-R: confirm prior-approved exclusion at W6-0b AI-R pass (stage6-w60b AI-R record),
01,SQL,translation-candidate,2,4,0,0,3,frappe,in-ledger (no vendor PO location match),,AI-R: confirm prior-approved exclusion at W6-0b AI-R pass (stage6-w60b AI-R record),
01,Section must have at least one column,translation-candidate,2,4,0,0,37,frappe,in-ledger (no vendor PO location match),,AI-R: confirm prior-approved exclusion at W6-0b AI-R pass (stage6-w60b AI-R record),
01,Unknown,translation-candidate,2,4,0,0,7,frappe,in-ledger (no vendor PO location match),,AI-R: confirm prior-approved exclusion at W6-0b AI-R pass (stage6-w60b AI-R record),
01,chrome,translation-candidate,2,4,0,0,6,frappe,in-ledger (no vendor PO location match),,AI-R: confirm prior-approved exclusion at W6-0b AI-R pass (stage6-w60b AI-R record),
01,Loading Filters...,translation-candidate,2,3,3,0,18,frappe,in-ledger (no vendor PO location match),,AI-R: confirm prior-approved exclusion at W6-0b AI-R pass (stage6-w60b AI-R record),
01,Banker's Rounding,translation-candidate,2,3,2,0,17,frappe,in-ledger (no vendor PO location match),,AI-R: confirm prior-approved exclusion at W6-0b AI-R pass (stage6-w60b AI-R record),
01,COLOR PICKER,translation-candidate,2,3,2,0,12,frappe,in-ledger (no vendor PO location match),,AI-R: confirm prior-approved exclusion at W6-0b AI-R pass (stage6-w60b AI-R record),
01,Column Width,translation-candidate,2,3,2,0,12,frappe,in-ledger (no vendor PO location match),,AI-R: confirm prior-approved exclusion at W6-0b AI-R pass (stage6-w60b AI-R record),
01,Commercial Rounding,translation-candidate,2,3,2,0,19,frappe,in-ledger (no vendor PO location match),,AI-R: confirm prior-approved exclusion at W6-0b AI-R pass (stage6-w60b AI-R record),
01,Ctrl + Down,translation-candidate,2,3,2,0,11,frappe,in-ledger (no vendor PO location match),,AI-R: confirm prior-approved exclusion at W6-0b AI-R pass (stage6-w60b AI-R record),
01,Ctrl + Up,translation-candidate,2,3,2,0,9,frappe,in-ledger (no vendor PO location match),,AI-R: confirm prior-approved exclusion at W6-0b AI-R pass (stage6-w60b AI-R record),
01,Data Clipped,translation-candidate,2,3,2,0,12,frappe,in-ledger (no vendor PO location match),,AI-R: confirm prior-approved exclusion at W6-0b AI-R pass (stage6-w60b AI-R record),
01,Deleting {0}...,translation-candidate,2,3,2,0,15,frappe,in-ledger (no vendor PO location match),,AI-R: confirm prior-approved exclusion at W6-0b AI-R pass (stage6-w60b AI-R record),
01,Editing Row,translation-candidate,2,3,2,0,11,frappe,in-ledger (no vendor PO location match),,AI-R: confirm prior-approved exclusion at W6-0b AI-R pass (stage6-w60b AI-R record),
01,Executing Code,translation-candidate,2,3,2,0,14,frappe,in-ledger (no vendor PO location match),,AI-R: confirm prior-approved exclusion at W6-0b AI-R pass (stage6-w60b AI-R record),
01,Insert Above,translation-candidate,2,3,2,0,12,frappe,in-ledger (no vendor PO location match),,AI-R: confirm prior-approved exclusion at W6-0b AI-R pass (stage6-w60b AI-R record),
01,No rows,translation-candidate,2,3,2,0,7,frappe,in-ledger (no vendor PO location match),,AI-R: confirm prior-approved exclusion at W6-0b AI-R pass (stage6-w60b AI-R record),
01,Please specify,translation-candidate,2,3,2,0,14,frappe,in-ledger (no vendor PO location match),,AI-R: confirm prior-approved exclusion at W6-0b AI-R pass (stage6-w60b AI-R record),
01,Read Only Mode,translation-candidate,2,3,2,0,14,frappe,in-ledger (no vendor PO location match),,AI-R: confirm prior-approved exclusion at W6-0b AI-R pass (stage6-w60b AI-R record),
01,Reload File,translation-candidate,2,3,2,0,11,frappe,in-ledger (no vendor PO location match),,AI-R: confirm prior-approved exclusion at W6-0b AI-R pass (stage6-w60b AI-R record),
01,Reset to default,translation-candidate,2,3,2,0,16,frappe,in-ledger (no vendor PO location match),,AI-R: confirm prior-approved exclusion at W6-0b AI-R pass (stage6-w60b AI-R record),
01,Show All,translation-candidate,2,3,2,0,8,frappe,in-ledger (no vendor PO location match),,AI-R: confirm prior-approved exclusion at W6-0b AI-R pass (stage6-w60b AI-R record),
01,Use HTML,translation-candidate,2,3,2,0,8,frappe,in-ledger (no vendor PO location match),,AI-R: confirm prior-approved exclusion at W6-0b AI-R pass (stage6-w60b AI-R record),
01,Web Page URL,translation-candidate,2,3,2,0,12,frappe,in-ledger (no vendor PO location match),,AI-R: confirm prior-approved exclusion at W6-0b AI-R pass (stage6-w60b AI-R record),
01,1 = True & 0 = False,translation-candidate,2,3,0,0,20,frappe,in-ledger (no vendor PO location match),,AI-R: confirm prior-approved exclusion at W6-0b AI-R pass (stage6-w60b AI-R record),
01,A0,translation-candidate,2,3,0,0,2,frappe,in-ledger (no vendor PO location match),,AI-R: confirm prior-approved exclusion at W6-0b AI-R pass (stage6-w60b AI-R record),
01,A1,translation-candidate,2,3,0,0,2,frappe,in-ledger (no vendor PO location match),,AI-R: confirm prior-approved exclusion at W6-0b AI-R pass (stage6-w60b AI-R record),
01,A2,translation-candidate,2,3,0,0,2,frappe,in-ledger (no vendor PO location match),,AI-R: confirm prior-approved exclusion at W6-0b AI-R pass (stage6-w60b AI-R record),
01,A3,translation-candidate,2,3,0,0,2,frappe,in-ledger (no vendor PO location match),,AI-R: confirm prior-approved exclusion at W6-0b AI-R pass (stage6-w60b AI-R record),
01,A5,translation-candidate,2,3,0,0,2,frappe,in-ledger (no vendor PO location match),,AI-R: confirm prior-approved exclusion at W6-0b AI-R pass (stage6-w60b AI-R record),
01,A6,translation-candidate,2,3,0,0,2,frappe,in-ledger (no vendor PO location match),,AI-R: confirm prior-approved exclusion at W6-0b AI-R pass (stage6-w60b AI-R record),
02,A7,translation-candidate,2,3,0,0,2,frappe,in-ledger (no vendor PO location match),,AI-R: confirm prior-approved exclusion at W6-0b AI-R pass (stage6-w60b AI-R record),
02,A8,translation-candidate,2,3,0,0,2,frappe,in-ledger (no vendor PO location match),,AI-R: confirm prior-approved exclusion at W6-0b AI-R pass (stage6-w60b AI-R record),
02,A9,translation-candidate,2,3,0,0,2,frappe,in-ledger (no vendor PO location match),,AI-R: confirm prior-approved exclusion at W6-0b AI-R pass (stage6-w60b AI-R record),
02,Always,translation-candidate,2,3,0,0,6,frappe,in-ledger (no vendor PO location match),,AI-R: confirm prior-approved exclusion at W6-0b AI-R pass (stage6-w60b AI-R record),
02,Ar,translation-candidate,2,3,0,0,2,frappe,in-ledger (no vendor PO location match),,AI-R: confirm prior-approved exclusion at W6-0b AI-R pass (stage6-w60b AI-R record),
02,Ask,translation-candidate,2,3,0,0,3,frappe,in-ledger (no vendor PO location match),,AI-R: confirm prior-approved exclusion at W6-0b AI-R pass (stage6-w60b AI-R record),
02,B0,translation-candidate,2,3,0,0,2,frappe,in-ledger (no vendor PO location match),,AI-R: confirm prior-approved exclusion at W6-0b AI-R pass (stage6-w60b AI-R record),
02,B1,translation-candidate,2,3,0,0,2,frappe,in-ledger (no vendor PO location match),,AI-R: confirm prior-approved exclusion at W6-0b AI-R pass (stage6-w60b AI-R record),
02,B10,translation-candidate,2,3,0,0,3,frappe,in-ledger (no vendor PO location match),,AI-R: confirm prior-approved exclusion at W6-0b AI-R pass (stage6-w60b AI-R record),
02,B2,translation-candidate,2,3,0,0,2,frappe,in-ledger (no vendor PO location match),,AI-R: confirm prior-approved exclusion at W6-0b AI-R pass (stage6-w60b AI-R record),
02,B3,translation-candidate,2,3,0,0,2,frappe,in-ledger (no vendor PO location match),,AI-R: confirm prior-approved exclusion at W6-0b AI-R pass (stage6-w60b AI-R record),
02,B4,translation-candidate,2,3,0,0,2,frappe,in-ledger (no vendor PO location match),,AI-R: confirm prior-approved exclusion at W6-0b AI-R pass (stage6-w60b AI-R record),
02,B5,translation-candidate,2,3,0,0,2,frappe,in-ledger (no vendor PO location match),,AI-R: confirm prior-approved exclusion at W6-0b AI-R pass (stage6-w60b AI-R record),
02,B6,translation-candidate,2,3,0,0,2,frappe,in-ledger (no vendor PO location match),,AI-R: confirm prior-approved exclusion at W6-0b AI-R pass (stage6-w60b AI-R record),
02,B7,translation-candidate,2,3,0,0,2,frappe,in-ledger (no vendor PO location match),,AI-R: confirm prior-approved exclusion at W6-0b AI-R pass (stage6-w60b AI-R record),
02,B8,translation-candidate,2,3,0,0,2,frappe,in-ledger (no vendor PO location match),,AI-R: confirm prior-approved exclusion at W6-0b AI-R pass (stage6-w60b AI-R record),
02,B9,translation-candidate,2,3,0,0,2,frappe,in-ledger (no vendor PO location match),,AI-R: confirm prior-approved exclusion at W6-0b AI-R pass (stage6-w60b AI-R record),
02,C5E,translation-candidate,2,3,0,0,3,frappe,in-ledger (no vendor PO location match),,AI-R: confirm prior-approved exclusion at W6-0b AI-R pass (stage6-w60b AI-R record),
02,CSS,translation-candidate,2,3,0,0,3,frappe,in-ledger (no vendor PO location match),,AI-R: confirm prior-approved exclusion at W6-0b AI-R pass (stage6-w60b AI-R record),
02,Column width cannot be zero.,translation-candidate,2,3,0,0,28,frappe,in-ledger (no vendor PO location match),,AI-R: confirm prior-approved exclusion at W6-0b AI-R pass (stage6-w60b AI-R record),
02,Comm10E,translation-candidate,2,3,0,0,7,frappe,in-ledger (no vendor PO location match),,AI-R: confirm prior-approved exclusion at W6-0b AI-R pass (stage6-w60b AI-R record),
02,Component,translation-candidate,2,3,0,0,9,frappe,in-ledger (no vendor PO location match),,AI-R: confirm prior-approved exclusion at W6-0b AI-R pass (stage6-w60b AI-R record),
02,DLE,translation-candidate,2,3,0,0,3,frappe,in-ledger (no vendor PO location match),,AI-R: confirm prior-approved exclusion at W6-0b AI-R pass (stage6-w60b AI-R record),
02,Dependencies,translation-candidate,2,3,0,0,12,frappe,in-ledger (no vendor PO location match),,AI-R: confirm prior-approved exclusion at W6-0b AI-R pass (stage6-w60b AI-R record),
02,DocType must have atleast one field,translation-candidate,2,3,0,0,35,frappe,in-ledger (no vendor PO location match),,AI-R: confirm prior-approved exclusion at W6-0b AI-R pass (stage6-w60b AI-R record),
02,Don't have an account?,translation-candidate,2,3,0,0,22,frappe,in-ledger (no vendor PO location match),,AI-R: confirm prior-approved exclusion at W6-0b AI-R pass (stage6-w60b AI-R record),
02,ESC,translation-candidate,2,3,0,0,3,frappe,in-ledger (no vendor PO location match),,AI-R: confirm prior-approved exclusion at W6-0b AI-R pass (stage6-w60b AI-R record),
02,Excellent,translation-candidate,2,3,0,0,9,frappe,in-ledger (no vendor PO location match),,AI-R: confirm prior-approved exclusion at W6-0b AI-R pass (stage6-w60b AI-R record),
02,Executive,translation-candidate,2,3,0,0,9,frappe,in-ledger (no vendor PO location match),,AI-R: confirm prior-approved exclusion at W6-0b AI-R pass (stage6-w60b AI-R record),
02,Fieldname {0} appears multiple times,translation-candidate,2,3,0,0,36,frappe,in-ledger (no vendor PO location match),,AI-R: confirm prior-approved exclusion at W6-0b AI-R pass (stage6-w60b AI-R record),
02,Folio,translation-candidate,2,3,0,0,5,frappe,in-ledger (no vendor PO location match),,AI-R: confirm prior-approved exclusion at W6-0b AI-R pass (stage6-w60b AI-R record),
02,Free,translation-candidate,2,3,0,0,4,frappe,in-ledger (no vendor PO location match),,AI-R: confirm prior-approved exclusion at W6-0b AI-R pass (stage6-w60b AI-R record),
02,Here's your tracking URL,translation-candidate,2,3,0,0,24,frappe,in-ledger (no vendor PO location match),,AI-R: confirm prior-approved exclusion at W6-0b AI-R pass (stage6-w60b AI-R record),
02,Insert Image in Markdown,translation-candidate,2,3,0,0,24,frappe,in-ledger (no vendor PO location match),,AI-R: confirm prior-approved exclusion at W6-0b AI-R pass (stage6-w60b AI-R record),
02,Inter,translation-candidate,2,3,0,0,5,frappe,in-ledger (no vendor PO location match),,AI-R: confirm prior-approved exclusion at W6-0b AI-R pass (stage6-w60b AI-R record),
02,Legal,translation-candidate,2,3,0,0,5,frappe,in-ledger (no vendor PO location match),,AI-R: confirm prior-approved exclusion at W6-0b AI-R pass (stage6-w60b AI-R record),
02,Password cannot be filtered,translation-candidate,2,3,0,0,27,frappe,in-ledger (no vendor PO location match),,AI-R: confirm prior-approved exclusion at W6-0b AI-R pass (stage6-w60b AI-R record),
02,Progress,translation-candidate,2,3,0,0,8,frappe,in-ledger (no vendor PO location match),,AI-R: confirm prior-approved exclusion at W6-0b AI-R pass (stage6-w60b AI-R record),
02,SWATCHES,translation-candidate,2,3,0,0,8,frappe,in-ledger (no vendor PO location match),,AI-R: confirm prior-approved exclusion at W6-0b AI-R pass (stage6-w60b AI-R record),
02,Send,translation-candidate,2,3,0,0,4,frappe,in-ledger (no vendor PO location match),,AI-R: confirm prior-approved exclusion at W6-0b AI-R pass (stage6-w60b AI-R record),
02,Solid,translation-candidate,2,3,0,0,5,frappe,in-ledger (no vendor PO location match),,AI-R: confirm prior-approved exclusion at W6-0b AI-R pass (stage6-w60b AI-R record),
02,Source,translation-candidate,2,3,0,0,6,frappe,in-ledger (no vendor PO location match),,AI-R: confirm prior-approved exclusion at W6-0b AI-R pass (stage6-w60b AI-R record),
02,Start,translation-candidate,2,3,0,0,5,frappe,in-ledger (no vendor PO location match),,AI-R: confirm prior-approved exclusion at W6-0b AI-R pass (stage6-w60b AI-R record),
02,Strong,translation-candidate,2,3,0,0,6,frappe,in-ledger (no vendor PO location match),,AI-R: confirm prior-approved exclusion at W6-0b AI-R pass (stage6-w60b AI-R record),
02,Tabloid,translation-candidate,2,3,0,0,7,frappe,in-ledger (no vendor PO location match),,AI-R: confirm prior-approved exclusion at W6-0b AI-R pass (stage6-w60b AI-R record),
02,Type a reply / comment,translation-candidate,2,3,0,0,22,frappe,in-ledger (no vendor PO location match),,AI-R: confirm prior-approved exclusion at W6-0b AI-R pass (stage6-w60b AI-R record),
02,Weak,translation-candidate,2,3,0,0,4,frappe,in-ledger (no vendor PO location match),,AI-R: confirm prior-approved exclusion at W6-0b AI-R pass (stage6-w60b AI-R record),
02,Welcome,translation-candidate,2,3,0,0,7,frappe,in-ledger (no vendor PO location match),,AI-R: confirm prior-approved exclusion at W6-0b AI-R pass (stage6-w60b AI-R record),
02,cyan,translation-candidate,2,3,0,0,4,frappe,in-ledger (no vendor PO location match),,AI-R: confirm prior-approved exclusion at W6-0b AI-R pass (stage6-w60b AI-R record),
02,this form,translation-candidate,2,3,0,0,9,frappe,in-ledger (no vendor PO location match),,AI-R: confirm prior-approved exclusion at W6-0b AI-R pass (stage6-w60b AI-R record),
02,vscode,translation-candidate,2,3,0,0,6,frappe,in-ledger (no vendor PO location match),,AI-R: confirm prior-approved exclusion at W6-0b AI-R pass (stage6-w60b AI-R record),
02,Cannot cancel {0}.,translation-candidate,2,2,3,0,18,frappe,in-ledger (no vendor PO location match),,AI-R: confirm prior-approved exclusion at W6-0b AI-R pass (stage6-w60b AI-R record),
02,Cannot submit {0}.,translation-candidate,2,2,3,0,18,frappe,in-ledger (no vendor PO location match),,AI-R: confirm prior-approved exclusion at W6-0b AI-R pass (stage6-w60b AI-R record),
02,Discard {0},translation-candidate,2,2,3,0,11,frappe,in-ledger (no vendor PO location match),,AI-R: confirm prior-approved exclusion at W6-0b AI-R pass (stage6-w60b AI-R record),
02,Discard?,translation-candidate,2,2,3,0,8,frappe,in-ledger (no vendor PO location match),,AI-R: confirm prior-approved exclusion at W6-0b AI-R pass (stage6-w60b AI-R record),
02,Loading versions...,translation-candidate,2,2,3,0,19,frappe,in-ledger (no vendor PO location match),,AI-R: confirm prior-approved exclusion at W6-0b AI-R pass (stage6-w60b AI-R record),
02,Notification sent to,translation-candidate,2,2,3,0,20,frappe,in-ledger (no vendor PO location match),,AI-R: confirm prior-approved exclusion at W6-0b AI-R pass (stage6-w60b AI-R record),
02,Permanently Discard {0}?,translation-candidate,2,2,3,0,24,frappe,in-ledger (no vendor PO location match),,AI-R: confirm prior-approved exclusion at W6-0b AI-R pass (stage6-w60b AI-R record),
02,Preview Mode,translation-candidate,2,2,3,0,12,frappe,in-ledger (no vendor PO location match),,AI-R: confirm prior-approved exclusion at W6-0b AI-R pass (stage6-w60b AI-R record),
02,Preview on {0},translation-candidate,2,2,3,0,14,frappe,in-ledger (no vendor PO location match),,AI-R: confirm prior-approved exclusion at W6-0b AI-R pass (stage6-w60b AI-R record),
02,Preview type,translation-candidate,2,2,3,0,12,frappe,in-ledger (no vendor PO location match),,AI-R: confirm prior-approved exclusion at W6-0b AI-R pass (stage6-w60b AI-R record),
02,Workspace {0} created,translation-candidate,2,2,3,0,21,frappe,in-ledger (no vendor PO location match),,AI-R: confirm prior-approved exclusion at W6-0b AI-R pass (stage6-w60b AI-R record),
02,About Us,translation-candidate,2,2,2,0,8,frappe,in-ledger (no vendor PO location match),,AI-R: confirm prior-approved exclusion at W6-0b AI-R pass (stage6-w60b AI-R record),
02,All Day,translation-candidate,2,2,2,0,7,frappe,in-ledger (no vendor PO location match),,AI-R: confirm prior-approved exclusion at W6-0b AI-R pass (stage6-w60b AI-R record),
02,All Submissions,translation-candidate,2,2,2,0,15,frappe,in-ledger (no vendor PO location match),,AI-R: confirm prior-approved exclusion at W6-0b AI-R pass (stage6-w60b AI-R record),
02,Apply Filters,translation-candidate,2,2,2,0,13,frappe,in-ledger (no vendor PO location match),,AI-R: confirm prior-approved exclusion at W6-0b AI-R pass (stage6-w60b AI-R record),
02,Awesome Work,translation-candidate,2,2,2,0,12,frappe,in-ledger (no vendor PO location match),,AI-R: confirm prior-approved exclusion at W6-0b AI-R pass (stage6-w60b AI-R record),
02,Billing Contact,translation-candidate,2,2,2,0,15,frappe,in-ledger (no vendor PO location match),,AI-R: confirm prior-approved exclusion at W6-0b AI-R pass (stage6-w60b AI-R record),
02,Cannot {0} {1}.,translation-candidate,2,2,2,0,15,frappe,in-ledger (no vendor PO location match),,AI-R: confirm prior-approved exclusion at W6-0b AI-R pass (stage6-w60b AI-R record),
02,Card Links,translation-candidate,2,2,2,0,10,frappe,in-ledger (no vendor PO location match),,AI-R: confirm prior-approved exclusion at W6-0b AI-R pass (stage6-w60b AI-R record),
02,Change Image,translation-candidate,2,2,2,0,12,frappe,in-ledger (no vendor PO location match),,AI-R: confirm prior-approved exclusion at W6-0b AI-R pass (stage6-w60b AI-R record),
02,Clear Assignment,translation-candidate,2,2,2,0,16,frappe,in-ledger (no vendor PO location match),,AI-R: confirm prior-approved exclusion at W6-0b AI-R pass (stage6-w60b AI-R record),
02,Compare Versions,translation-candidate,2,2,2,0,16,frappe,in-ledger (no vendor PO location match),,AI-R: confirm prior-approved exclusion at W6-0b AI-R pass (stage6-w60b AI-R record),
02,Complete Setup,translation-candidate,2,2,2,0,14,frappe,in-ledger (no vendor PO location match),,AI-R: confirm prior-approved exclusion at W6-0b AI-R pass (stage6-w60b AI-R record),
02,Connection Lost,translation-candidate,2,2,2,0,15,frappe,in-ledger (no vendor PO location match),,AI-R: confirm prior-approved exclusion at W6-0b AI-R pass (stage6-w60b AI-R record),
02,Contact Us,translation-candidate,2,2,2,0,10,frappe,in-ledger (no vendor PO location match),,AI-R: confirm prior-approved exclusion at W6-0b AI-R pass (stage6-w60b AI-R record),
02,Current status,translation-candidate,2,2,2,0,14,frappe,in-ledger (no vendor PO location match),,AI-R: confirm prior-approved exclusion at W6-0b AI-R pass (stage6-w60b AI-R record),
02,Custom Block Name,translation-candidate,2,2,2,0,17,frappe,in-ledger (no vendor PO location match),,AI-R: confirm prior-approved exclusion at W6-0b AI-R pass (stage6-w60b AI-R record),
02,Date Range,translation-candidate,2,2,2,0,10,frappe,in-ledger (no vendor PO location match),,AI-R: confirm prior-approved exclusion at W6-0b AI-R pass (stage6-w60b AI-R record),
02,Deadlock Occurred,translation-candidate,2,2,2,0,17,frappe,in-ledger (no vendor PO location match),,AI-R: confirm prior-approved exclusion at W6-0b AI-R pass (stage6-w60b AI-R record),
02,Discussion Reply,translation-candidate,2,2,2,0,16,frappe,in-ledger (no vendor PO location match),,AI-R: confirm prior-approved exclusion at W6-0b AI-R pass (stage6-w60b AI-R record),
02,DocType Layout,translation-candidate,2,2,2,0,14,frappe,in-ledger (no vendor PO location match),,AI-R: confirm prior-approved exclusion at W6-0b AI-R pass (stage6-w60b AI-R record),
02,DocType Missing,translation-candidate,2,2,2,0,15,frappe,in-ledger (no vendor PO location match),,AI-R: confirm prior-approved exclusion at W6-0b AI-R pass (stage6-w60b AI-R record),
02,Document Name,translation-candidate,2,2,2,0,13,frappe,in-ledger (no vendor PO location match),,AI-R: confirm prior-approved exclusion at W6-0b AI-R pass (stage6-w60b AI-R record),
02,Drag to add state,translation-candidate,2,2,2,0,17,frappe,in-ledger (no vendor PO location match),,AI-R: confirm prior-approved exclusion at W6-0b AI-R pass (stage6-w60b AI-R record),
02,Drop files here,translation-candidate,2,2,2,0,15,frappe,in-ledger (no vendor PO location match),,AI-R: confirm prior-approved exclusion at W6-0b AI-R pass (stage6-w60b AI-R record),
02,Empty column,translation-candidate,2,2,2,0,12,frappe,in-ledger (no vendor PO location match),,AI-R: confirm prior-approved exclusion at W6-0b AI-R pass (stage6-w60b AI-R record),
02,File upload failed.,translation-candidate,2,2,2,0,19,frappe,in-ledger (no vendor PO location match),,AI-R: confirm prior-approved exclusion at W6-0b AI-R pass (stage6-w60b AI-R record),
02,Filters {0},translation-candidate,2,2,2,0,11,frappe,in-ledger (no vendor PO location match),,AI-R: confirm prior-approved exclusion at W6-0b AI-R pass (stage6-w60b AI-R record),
02,Find '{0}' in ...,translation-candidate,2,2,2,0,17,frappe,in-ledger (no vendor PO location match),,AI-R: confirm prior-approved exclusion at W6-0b AI-R pass (stage6-w60b AI-R record),
02,Followed by,translation-candidate,2,2,2,0,11,frappe,in-ledger (no vendor PO location match),,AI-R: confirm prior-approved exclusion at W6-0b AI-R pass (stage6-w60b AI-R record),
02,For example:,translation-candidate,2,2,2,0,12,frappe,in-ledger (no vendor PO location match),,AI-R: confirm prior-approved exclusion at W6-0b AI-R pass (stage6-w60b AI-R record),
02,Frappe Blog,translation-candidate,2,2,2,0,11,frappe,in-ledger (no vendor PO location match),,AI-R: confirm prior-approved exclusion at W6-0b AI-R pass (stage6-w60b AI-R record),
02,Frappe Forum,translation-candidate,2,2,2,0,12,frappe,in-ledger (no vendor PO location match),,AI-R: confirm prior-approved exclusion at W6-0b AI-R pass (stage6-w60b AI-R record),
02,Frappe Light,translation-candidate,2,2,2,0,12,frappe,in-ledger (no vendor PO location match),,AI-R: confirm prior-approved exclusion at W6-0b AI-R pass (stage6-w60b AI-R record),
02,From version,translation-candidate,2,2,2,0,12,frappe,in-ledger (no vendor PO location match),,AI-R: confirm prior-approved exclusion at W6-0b AI-R pass (stage6-w60b AI-R record),
02,Go to Workflow,translation-candidate,2,2,2,0,14,frappe,in-ledger (no vendor PO location match),,AI-R: confirm prior-approved exclusion at W6-0b AI-R pass (stage6-w60b AI-R record),
02,Greater Than,translation-candidate,2,2,2,0,12,frappe,in-ledger (no vendor PO location match),,AI-R: confirm prior-approved exclusion at W6-0b AI-R pass (stage6-w60b AI-R record),
02,ID (name),translation-candidate,2,2,2,0,9,frappe,in-ledger (no vendor PO location match),,AI-R: confirm prior-approved exclusion at W6-0b AI-R pass (stage6-w60b AI-R record),
02,Impersonated by {0},translation-candidate,2,2,2,0,19,frappe,in-ledger (no vendor PO location match),,AI-R: confirm prior-approved exclusion at W6-0b AI-R pass (stage6-w60b AI-R record),
02,Impersonating {0},translation-candidate,2,2,2,0,17,frappe,in-ledger (no vendor PO location match),,AI-R: confirm prior-approved exclusion at W6-0b AI-R pass (stage6-w60b AI-R record),
02,Include Disabled,translation-candidate,2,2,2,0,16,frappe,in-ledger (no vendor PO location match),,AI-R: confirm prior-approved exclusion at W6-0b AI-R pass (stage6-w60b AI-R record),
02,Indicator color,translation-candidate,2,2,2,0,15,frappe,in-ledger (no vendor PO location match),,AI-R: confirm prior-approved exclusion at W6-0b AI-R pass (stage6-w60b AI-R record),
02,Installed Apps,translation-candidate,2,2,2,0,14,frappe,in-ledger (no vendor PO location match),,AI-R: confirm prior-approved exclusion at W6-0b AI-R pass (stage6-w60b AI-R record),
02,Invalid input,translation-candidate,2,2,2,0,13,frappe,in-ledger (no vendor PO location match),,AI-R: confirm prior-approved exclusion at W6-0b AI-R pass (stage6-w60b AI-R record),
02,Kanban Settings,translation-candidate,2,2,2,0,15,frappe,in-ledger (no vendor PO location match),,AI-R: confirm prior-approved exclusion at W6-0b AI-R pass (stage6-w60b AI-R record),
02,Keep Closed,translation-candidate,2,2,2,0,11,frappe,in-ledger (no vendor PO location match),,AI-R: confirm prior-approved exclusion at W6-0b AI-R pass (stage6-w60b AI-R record),
02,Last 14 Days,translation-candidate,2,2,2,0,12,frappe,in-ledger (no vendor PO location match),,AI-R: confirm prior-approved exclusion at W6-0b AI-R pass (stage6-w60b AI-R record),
02,Last 30 Days,translation-candidate,2,2,2,0,12,frappe,in-ledger (no vendor PO location match),,AI-R: confirm prior-approved exclusion at W6-0b AI-R pass (stage6-w60b AI-R record),
02,Last 6 Months,translation-candidate,2,2,2,0,13,frappe,in-ledger (no vendor PO location match),,AI-R: confirm prior-approved exclusion at W6-0b AI-R pass (stage6-w60b AI-R record),
02,Last 7 Days,translation-candidate,2,2,2,0,11,frappe,in-ledger (no vendor PO location match),,AI-R: confirm prior-approved exclusion at W6-0b AI-R pass (stage6-w60b AI-R record),
02,Last 90 Days,translation-candidate,2,2,2,0,12,frappe,in-ledger (no vendor PO location match),,AI-R: confirm prior-approved exclusion at W6-0b AI-R pass (stage6-w60b AI-R record),
02,Less Than,translation-candidate,2,2,2,0,9,frappe,in-ledger (no vendor PO location match),,AI-R: confirm prior-approved exclusion at W6-0b AI-R pass (stage6-w60b AI-R record),
02,Logs To Clear,translation-candidate,2,2,2,0,13,frappe,in-ledger (no vendor PO location match),,AI-R: confirm prior-approved exclusion at W6-0b AI-R pass (stage6-w60b AI-R record),
02,Mark all as read,translation-candidate,2,2,2,0,16,frappe,in-ledger (no vendor PO location match),,AI-R: confirm prior-approved exclusion at W6-0b AI-R pass (stage6-w60b AI-R record),
02,Missing Value,translation-candidate,2,2,2,0,13,frappe,in-ledger (no vendor PO location match),,AI-R: confirm prior-approved exclusion at W6-0b AI-R pass (stage6-w60b AI-R record),
02,My Device,translation-candidate,2,2,2,0,9,frappe,in-ledger (no vendor PO location match),,AI-R: confirm prior-approved exclusion at W6-0b AI-R pass (stage6-w60b AI-R record),
02,Need Help?,translation-candidate,2,2,2,0,10,frappe,in-ledger (no vendor PO location match),,AI-R: confirm prior-approved exclusion at W6-0b AI-R pass (stage6-w60b AI-R record),
02,Next 14 Days,translation-candidate,2,2,2,0,12,frappe,in-ledger (no vendor PO location match),,AI-R: confirm prior-approved exclusion at W6-0b AI-R pass (stage6-w60b AI-R record),
02,Next 30 Days,translation-candidate,2,2,2,0,12,frappe,in-ledger (no vendor PO location match),,AI-R: confirm prior-approved exclusion at W6-0b AI-R pass (stage6-w60b AI-R record),
02,Next 6 Months,translation-candidate,2,2,2,0,13,frappe,in-ledger (no vendor PO location match),,AI-R: confirm prior-approved exclusion at W6-0b AI-R pass (stage6-w60b AI-R record),
02,Next 7 Days,translation-candidate,2,2,2,0,11,frappe,in-ledger (no vendor PO location match),,AI-R: confirm prior-approved exclusion at W6-0b AI-R pass (stage6-w60b AI-R record),
02,Next Document,translation-candidate,2,2,2,0,13,frappe,in-ledger (no vendor PO location match),,AI-R: confirm prior-approved exclusion at W6-0b AI-R pass (stage6-w60b AI-R record),
02,Next Month,translation-candidate,2,2,2,0,10,frappe,in-ledger (no vendor PO location match),,AI-R: confirm prior-approved exclusion at W6-0b AI-R pass (stage6-w60b AI-R record),
02,Next Quarter,translation-candidate,2,2,2,0,12,frappe,in-ledger (no vendor PO location match),,AI-R: confirm prior-approved exclusion at W6-0b AI-R pass (stage6-w60b AI-R record),
02,Next Week,translation-candidate,2,2,2,0,9,frappe,in-ledger (no vendor PO location match),,AI-R: confirm prior-approved exclusion at W6-0b AI-R pass (stage6-w60b AI-R record),
02,Next Year,translation-candidate,2,2,2,0,9,frappe,in-ledger (no vendor PO location match),,AI-R: confirm prior-approved exclusion at W6-0b AI-R pass (stage6-w60b AI-R record),
02,Next actions,translation-candidate,2,2,2,0,12,frappe,in-ledger (no vendor PO location match),,AI-R: confirm prior-approved exclusion at W6-0b AI-R pass (stage6-w60b AI-R record),
02,No Upcoming Events,translation-candidate,2,2,2,0,18,frappe,in-ledger (no vendor PO location match),,AI-R: confirm prior-approved exclusion at W6-0b AI-R pass (stage6-w60b AI-R record),
02,No changes made,translation-candidate,2,2,2,0,15,frappe,in-ledger (no vendor PO location match),,AI-R: confirm prior-approved exclusion at W6-0b AI-R pass (stage6-w60b AI-R record),
02,No filters selected,translation-candidate,2,2,2,0,19,frappe,in-ledger (no vendor PO location match),,AI-R: confirm prior-approved exclusion at W6-0b AI-R pass (stage6-w60b AI-R record),
02,No records tagged.,translation-candidate,2,2,2,0,18,frappe,in-ledger (no vendor PO location match),,AI-R: confirm prior-approved exclusion at W6-0b AI-R pass (stage6-w60b AI-R record),
02,No {0} found,translation-candidate,2,2,2,0,12,frappe,in-ledger (no vendor PO location match),,AI-R: confirm prior-approved exclusion at W6-0b AI-R pass (stage6-w60b AI-R record),
02,Not Permitted,translation-candidate,2,2,2,0,13,frappe,in-ledger (no vendor PO location match),,AI-R: confirm prior-approved exclusion at W6-0b AI-R pass (stage6-w60b AI-R record),
02,Not permitted. {0}.,translation-candidate,2,2,2,0,19,frappe,in-ledger (no vendor PO location match),,AI-R: confirm prior-approved exclusion at W6-0b AI-R pass (stage6-w60b AI-R record),
02,Nothing left to redo,translation-candidate,2,2,2,0,20,frappe,in-ledger (no vendor PO location match),,AI-R: confirm prior-approved exclusion at W6-0b AI-R pass (stage6-w60b AI-R record),
02,Nothing left to undo,translation-candidate,2,2,2,0,20,frappe,in-ledger (no vendor PO location match),,AI-R: confirm prior-approved exclusion at W6-0b AI-R pass (stage6-w60b AI-R record),
02,"On {0}, {1} wrote:",translation-candidate,2,2,2,0,18,frappe,in-ledger (no vendor PO location match),,AI-R: confirm prior-approved exclusion at W6-0b AI-R pass (stage6-w60b AI-R record),
02,Onboarding Name,translation-candidate,2,2,2,0,15,frappe,in-ledger (no vendor PO location match),,AI-R: confirm prior-approved exclusion at W6-0b AI-R pass (stage6-w60b AI-R record),
02,Onboarding complete,translation-candidate,2,2,2,0,19,frappe,in-ledger (no vendor PO location match),,AI-R: confirm prior-approved exclusion at W6-0b AI-R pass (stage6-w60b AI-R record),
02,Only for,translation-candidate,2,2,2,0,8,frappe,in-ledger (no vendor PO location match),,AI-R: confirm prior-approved exclusion at W6-0b AI-R pass (stage6-w60b AI-R record),
02,Page Height (in mm),translation-candidate,2,2,2,0,19,frappe,in-ledger (no vendor PO location match),,AI-R: confirm prior-approved exclusion at W6-0b AI-R pass (stage6-w60b AI-R record),
02,Page Margins,translation-candidate,2,2,2,0,12,frappe,in-ledger (no vendor PO location match),,AI-R: confirm prior-approved exclusion at W6-0b AI-R pass (stage6-w60b AI-R record),
02,Page Number,translation-candidate,2,2,2,0,11,frappe,in-ledger (no vendor PO location match),,AI-R: confirm prior-approved exclusion at W6-0b AI-R pass (stage6-w60b AI-R record),
02,Page Size,translation-candidate,2,2,2,0,9,frappe,in-ledger (no vendor PO location match),,AI-R: confirm prior-approved exclusion at W6-0b AI-R pass (stage6-w60b AI-R record),
02,Page Width (in mm),translation-candidate,2,2,2,0,18,frappe,in-ledger (no vendor PO location match),,AI-R: confirm prior-approved exclusion at W6-0b AI-R pass (stage6-w60b AI-R record),
02,Please set filters,translation-candidate,2,2,2,0,18,frappe,in-ledger (no vendor PO location match),,AI-R: confirm prior-approved exclusion at W6-0b AI-R pass (stage6-w60b AI-R record),
02,Previous Document,translation-candidate,2,2,2,0,17,frappe,in-ledger (no vendor PO location match),,AI-R: confirm prior-approved exclusion at W6-0b AI-R pass (stage6-w60b AI-R record),
02,Previous Submission,translation-candidate,2,2,2,0,19,frappe,in-ledger (no vendor PO location match),,AI-R: confirm prior-approved exclusion at W6-0b AI-R pass (stage6-w60b AI-R record),
02,Primary Contact,translation-candidate,2,2,2,0,15,frappe,in-ledger (no vendor PO location match),,AI-R: confirm prior-approved exclusion at W6-0b AI-R pass (stage6-w60b AI-R record),
02,Primary Email,translation-candidate,2,2,2,0,13,frappe,in-ledger (no vendor PO location match),,AI-R: confirm prior-approved exclusion at W6-0b AI-R pass (stage6-w60b AI-R record),
02,Primary Mobile,translation-candidate,2,2,2,0,14,frappe,in-ledger (no vendor PO location match),,AI-R: confirm prior-approved exclusion at W6-0b AI-R pass (stage6-w60b AI-R record),
02,Primary Phone,translation-candidate,2,2,2,0,13,frappe,in-ledger (no vendor PO location match),,AI-R: confirm prior-approved exclusion at W6-0b AI-R pass (stage6-w60b AI-R record),
02,QZ Tray Failed:,translation-candidate,2,2,2,0,15,frappe,in-ledger (no vendor PO location match),,AI-R: confirm prior-approved exclusion at W6-0b AI-R pass (stage6-w60b AI-R record),
02,Rebuild Tree,translation-candidate,2,2,2,0,12,frappe,in-ledger (no vendor PO location match),,AI-R: confirm prior-approved exclusion at W6-0b AI-R pass (stage6-w60b AI-R record),
02,Remind At,translation-candidate,2,2,2,0,9,frappe,in-ledger (no vendor PO location match),,AI-R: confirm prior-approved exclusion at W6-0b AI-R pass (stage6-w60b AI-R record),
02,Remind Me,translation-candidate,2,2,2,0,9,frappe,in-ledger (no vendor PO location match),,AI-R: confirm prior-approved exclusion at W6-0b AI-R pass (stage6-w60b AI-R record),
02,Remind Me In,translation-candidate,2,2,2,0,12,frappe,in-ledger (no vendor PO location match),,AI-R: confirm prior-approved exclusion at W6-0b AI-R pass (stage6-w60b AI-R record),
02,Reminder set at {0},translation-candidate,2,2,2,0,19,frappe,in-ledger (no vendor PO location match),,AI-R: confirm prior-approved exclusion at W6-0b AI-R pass (stage6-w60b AI-R record),
02,Request Timeout,translation-candidate,2,2,2,0,15,frappe,in-ledger (no vendor PO location match),,AI-R: confirm prior-approved exclusion at W6-0b AI-R pass (stage6-w60b AI-R record),
02,Reset To Default,translation-candidate,2,2,2,0,16,frappe,in-ledger (no vendor PO location match),,AI-R: confirm prior-approved exclusion at W6-0b AI-R pass (stage6-w60b AI-R record),
02,Rest of the day,translation-candidate,2,2,2,0,15,frappe,in-ledger (no vendor PO location match),,AI-R: confirm prior-approved exclusion at W6-0b AI-R pass (stage6-w60b AI-R record),
02,Route Options,translation-candidate,2,2,2,0,13,frappe,in-ledger (no vendor PO location match),,AI-R: confirm prior-approved exclusion at W6-0b AI-R pass (stage6-w60b AI-R record),
02,Saving Changes...,translation-candidate,2,2,2,0,17,frappe,in-ledger (no vendor PO location match),,AI-R: confirm prior-approved exclusion at W6-0b AI-R pass (stage6-w60b AI-R record),
02,Scan QRCode,translation-candidate,2,2,2,0,11,frappe,in-ledger (no vendor PO location match),,AI-R: confirm prior-approved exclusion at W6-0b AI-R pass (stage6-w60b AI-R record),
02,Schedule Send At,translation-candidate,2,2,2,0,16,frappe,in-ledger (no vendor PO location match),,AI-R: confirm prior-approved exclusion at W6-0b AI-R pass (stage6-w60b AI-R record),
02,See all Activity,translation-candidate,2,2,2,0,16,frappe,in-ledger (no vendor PO location match),,AI-R: confirm prior-approved exclusion at W6-0b AI-R pass (stage6-w60b AI-R record),
02,Select Kanban,translation-candidate,2,2,2,0,13,frappe,in-ledger (no vendor PO location match),,AI-R: confirm prior-approved exclusion at W6-0b AI-R pass (stage6-w60b AI-R record),
02,Select an Image,translation-candidate,2,2,2,0,15,frappe,in-ledger (no vendor PO location match),,AI-R: confirm prior-approved exclusion at W6-0b AI-R pass (stage6-w60b AI-R record),
02,Send login link,translation-candidate,2,2,2,0,15,frappe,in-ledger (no vendor PO location match),,AI-R: confirm prior-approved exclusion at W6-0b AI-R pass (stage6-w60b AI-R record),
02,Set Level,translation-candidate,2,2,2,0,9,frappe,in-ledger (no vendor PO location match),,AI-R: confirm prior-approved exclusion at W6-0b AI-R pass (stage6-w60b AI-R record),
02,Set all public,translation-candidate,2,2,2,0,14,frappe,in-ledger (no vendor PO location match),,AI-R: confirm prior-approved exclusion at W6-0b AI-R pass (stage6-w60b AI-R record),
02,Shipping Address,translation-candidate,2,2,2,0,16,frappe,in-ledger (no vendor PO location match),,AI-R: confirm prior-approved exclusion at W6-0b AI-R pass (stage6-w60b AI-R record),
02,Show Arrow,translation-candidate,2,2,2,0,10,frappe,in-ledger (no vendor PO location match),,AI-R: confirm prior-approved exclusion at W6-0b AI-R pass (stage6-w60b AI-R record),
02,Show Error,translation-candidate,2,2,2,0,10,frappe,in-ledger (no vendor PO location match),,AI-R: confirm prior-approved exclusion at W6-0b AI-R pass (stage6-w60b AI-R record),
02,Show Labels,translation-candidate,2,2,2,0,11,frappe,in-ledger (no vendor PO location match),,AI-R: confirm prior-approved exclusion at W6-0b AI-R pass (stage6-w60b AI-R record),
02,Show Links,translation-candidate,2,2,2,0,10,frappe,in-ledger (no vendor PO location match),,AI-R: confirm prior-approved exclusion at W6-0b AI-R pass (stage6-w60b AI-R record),
02,Show all activity,translation-candidate,2,2,2,0,17,frappe,in-ledger (no vendor PO location match),,AI-R: confirm prior-approved exclusion at W6-0b AI-R pass (stage6-w60b AI-R record),
02,Source Code,translation-candidate,2,2,2,0,11,frappe,in-ledger (no vendor PO location match),,AI-R: confirm prior-approved exclusion at W6-0b AI-R pass (stage6-w60b AI-R record),
02,State Properties,translation-candidate,2,2,2,0,16,frappe,in-ledger (no vendor PO location match),,AI-R: confirm prior-approved exclusion at W6-0b AI-R pass (stage6-w60b AI-R record),
02,Tab Label,translation-candidate,2,2,2,0,9,frappe,in-ledger (no vendor PO location match),,AI-R: confirm prior-approved exclusion at W6-0b AI-R pass (stage6-w60b AI-R record),
02,Theme Changed,translation-candidate,2,2,2,0,13,frappe,in-ledger (no vendor PO location match),,AI-R: confirm prior-approved exclusion at W6-0b AI-R pass (stage6-w60b AI-R record),
02,This Month,translation-candidate,2,2,2,0,10,frappe,in-ledger (no vendor PO location match),,AI-R: confirm prior-approved exclusion at W6-0b AI-R pass (stage6-w60b AI-R record),
02,This Quarter,translation-candidate,2,2,2,0,12,frappe,in-ledger (no vendor PO location match),,AI-R: confirm prior-approved exclusion at W6-0b AI-R pass (stage6-w60b AI-R record),
02,This Week,translation-candidate,2,2,2,0,9,frappe,in-ledger (no vendor PO location match),,AI-R: confirm prior-approved exclusion at W6-0b AI-R pass (stage6-w60b AI-R record),
02,This Year,translation-candidate,2,2,2,0,9,frappe,in-ledger (no vendor PO location match),,AI-R: confirm prior-approved exclusion at W6-0b AI-R pass (stage6-w60b AI-R record),
02,Time Interval,translation-candidate,2,2,2,0,13,frappe,in-ledger (no vendor PO location match),,AI-R: confirm prior-approved exclusion at W6-0b AI-R pass (stage6-w60b AI-R record),
02,Timeless Night,translation-candidate,2,2,2,0,14,frappe,in-ledger (no vendor PO location match),,AI-R: confirm prior-approved exclusion at W6-0b AI-R pass (stage6-w60b AI-R record),
02,To version,translation-candidate,2,2,2,0,10,frappe,in-ledger (no vendor PO location match),,AI-R: confirm prior-approved exclusion at W6-0b AI-R pass (stage6-w60b AI-R record),
02,Translate Data,translation-candidate,2,2,2,0,14,frappe,in-ledger (no vendor PO location match),,AI-R: confirm prior-approved exclusion at W6-0b AI-R pass (stage6-w60b AI-R record),
02,Translate values,translation-candidate,2,2,2,0,16,frappe,in-ledger (no vendor PO location match),,AI-R: confirm prior-approved exclusion at W6-0b AI-R pass (stage6-w60b AI-R record),
02,Try Again,translation-candidate,2,2,2,0,9,frappe,in-ledger (no vendor PO location match),,AI-R: confirm prior-approved exclusion at W6-0b AI-R pass (stage6-w60b AI-R record),
02,Undo last action,translation-candidate,2,2,2,0,16,frappe,in-ledger (no vendor PO location match),,AI-R: confirm prior-approved exclusion at W6-0b AI-R pass (stage6-w60b AI-R record),
02,Upload Image,translation-candidate,2,2,2,0,12,frappe,in-ledger (no vendor PO location match),,AI-R: confirm prior-approved exclusion at W6-0b AI-R pass (stage6-w60b AI-R record),
02,Upload file,translation-candidate,2,2,2,0,11,frappe,in-ledger (no vendor PO location match),,AI-R: confirm prior-approved exclusion at W6-0b AI-R pass (stage6-w60b AI-R record),
02,Upload {0} files,translation-candidate,2,2,2,0,16,frappe,in-ledger (no vendor PO location match),,AI-R: confirm prior-approved exclusion at W6-0b AI-R pass (stage6-w60b AI-R record),
02,User Changed,translation-candidate,2,2,2,0,12,frappe,in-ledger (no vendor PO location match),,AI-R: confirm prior-approved exclusion at W6-0b AI-R pass (stage6-w60b AI-R record),
02,Watch Tutorial,translation-candidate,2,2,2,0,14,frappe,in-ledger (no vendor PO location match),,AI-R: confirm prior-approved exclusion at W6-0b AI-R pass (stage6-w60b AI-R record),
02,Watch Video,translation-candidate,2,2,2,0,11,frappe,in-ledger (no vendor PO location match),,AI-R: confirm prior-approved exclusion at W6-0b AI-R pass (stage6-w60b AI-R record),
02,Website Settings,translation-candidate,2,2,2,0,16,frappe,in-ledger (no vendor PO location match),,AI-R: confirm prior-approved exclusion at W6-0b AI-R pass (stage6-w60b AI-R record),
02,Workflow Builder,translation-candidate,2,2,2,0,16,frappe,in-ledger (no vendor PO location match),,AI-R: confirm prior-approved exclusion at W6-0b AI-R pass (stage6-w60b AI-R record),
02,XMLHttpRequest Error,translation-candidate,2,2,2,0,20,frappe,in-ledger (no vendor PO location match),,AI-R: confirm prior-approved exclusion at W6-0b AI-R pass (stage6-w60b AI-R record),
02,You Liked,translation-candidate,2,2,2,0,9,frappe,in-ledger (no vendor PO location match),,AI-R: confirm prior-approved exclusion at W6-0b AI-R pass (stage6-w60b AI-R record),
02,You attached {0},translation-candidate,2,2,2,0,16,frappe,in-ledger (no vendor PO location match),,AI-R: confirm prior-approved exclusion at W6-0b AI-R pass (stage6-w60b AI-R record),
02,You created this,translation-candidate,2,2,2,0,16,frappe,in-ledger (no vendor PO location match),,AI-R: confirm prior-approved exclusion at W6-0b AI-R pass (stage6-w60b AI-R record),
02,You last edited this,translation-candidate,2,2,2,0,20,frappe,in-ledger (no vendor PO location match),,AI-R: confirm prior-approved exclusion at W6-0b AI-R pass (stage6-w60b AI-R record),
02,You viewed this,translation-candidate,2,2,2,0,15,frappe,in-ledger (no vendor PO location match),,AI-R: confirm prior-approved exclusion at W6-0b AI-R pass (stage6-w60b AI-R record),
02,(Mandatory),translation-candidate,2,2,0,0,11,frappe,in-ledger (no vendor PO location match),,AI-R: confirm prior-approved exclusion at W6-0b AI-R pass (stage6-w60b AI-R record),
02,1 Day,translation-candidate,2,2,0,0,5,frappe,in-ledger (no vendor PO location match),,AI-R: confirm prior-approved exclusion at W6-0b AI-R pass (stage6-w60b AI-R record),
02,1 hour,translation-candidate,2,2,0,0,6,frappe,in-ledger (no vendor PO location match),,AI-R: confirm prior-approved exclusion at W6-0b AI-R pass (stage6-w60b AI-R record),
02,1 of 2,translation-candidate,2,2,0,0,6,frappe,in-ledger (no vendor PO location match),,AI-R: confirm prior-approved exclusion at W6-0b AI-R pass (stage6-w60b AI-R record),
02,1 row from {0},translation-candidate,2,2,0,0,14,frappe,in-ledger (no vendor PO location match),,AI-R: confirm prior-approved exclusion at W6-0b AI-R pass (stage6-w60b AI-R record),
02,1 row to {0},translation-candidate,2,2,0,0,12,frappe,in-ledger (no vendor PO location match),,AI-R: confirm prior-approved exclusion at W6-0b AI-R pass (stage6-w60b AI-R record),
02,30 minutes,translation-candidate,2,2,0,0,10,frappe,in-ledger (no vendor PO location match),,AI-R: confirm prior-approved exclusion at W6-0b AI-R pass (stage6-w60b AI-R record),
02,4 hours,translation-candidate,2,2,0,0,7,frappe,in-ledger (no vendor PO location match),,AI-R: confirm prior-approved exclusion at W6-0b AI-R pass (stage6-w60b AI-R record),
02,Apps,translation-candidate,2,2,0,0,4,frappe,in-ledger (no vendor PO location match),,AI-R: confirm prior-approved exclusion at W6-0b AI-R pass (stage6-w60b AI-R record),
02,Attachment Limit Reached,translation-candidate,2,2,0,0,24,frappe,in-ledger (no vendor PO location match),,AI-R: confirm prior-approved exclusion at W6-0b AI-R pass (stage6-w60b AI-R record),
02,Autoincrement,translation-candidate,2,2,0,0,13,frappe,in-ledger (no vendor PO location match),,AI-R: confirm prior-approved exclusion at W6-0b AI-R pass (stage6-w60b AI-R record),
02,Automatic,translation-candidate,2,2,0,0,9,frappe,in-ledger (no vendor PO location match),,AI-R: confirm prior-approved exclusion at W6-0b AI-R pass (stage6-w60b AI-R record),
02,BCC,translation-candidate,2,2,0,0,3,frappe,in-ledger (no vendor PO location match),,AI-R: confirm prior-approved exclusion at W6-0b AI-R pass (stage6-w60b AI-R record),
02,Blue,translation-candidate,2,2,0,0,4,frappe,in-ledger (no vendor PO location match),,AI-R: confirm prior-approved exclusion at W6-0b AI-R pass (stage6-w60b AI-R record),
02,Both login and password required,translation-candidate,2,2,0,0,32,frappe,in-ledger (no vendor PO location match),,AI-R: confirm prior-approved exclusion at W6-0b AI-R pass (stage6-w60b AI-R record),
02,Build,translation-candidate,2,2,0,0,5,frappe,in-ledger (no vendor PO location match),,AI-R: confirm prior-approved exclusion at W6-0b AI-R pass (stage6-w60b AI-R record),
02,Choose a block or continue typing,translation-candidate,2,2,0,0,33,frappe,in-ledger (no vendor PO location match),,AI-R: confirm prior-approved exclusion at W6-0b AI-R pass (stage6-w60b AI-R record),
02,Click on a file to select it.,translation-candidate,2,2,0,0,29,frappe,in-ledger (no vendor PO location match),,AI-R: confirm prior-approved exclusion at W6-0b AI-R pass (stage6-w60b AI-R record),
02,Configure columns for {0},translation-candidate,2,2,0,0,25,frappe,in-ledger (no vendor PO location match),,AI-R: confirm prior-approved exclusion at W6-0b AI-R pass (stage6-w60b AI-R record),
02,Connections,translation-candidate,2,2,0,0,11,frappe,in-ledger (no vendor PO location match),,AI-R: confirm prior-approved exclusion at W6-0b AI-R pass (stage6-w60b AI-R record),
02,Copied {0} {1} to clipboard,translation-candidate,2,2,0,0,27,frappe,in-ledger (no vendor PO location match),,AI-R: confirm prior-approved exclusion at W6-0b AI-R pass (stage6-w60b AI-R record),
02,Count of linked documents,translation-candidate,2,2,0,0,25,frappe,in-ledger (no vendor PO location match),,AI-R: confirm prior-approved exclusion at W6-0b AI-R pass (stage6-w60b AI-R record),
02,Country,translation-candidate,2,2,0,0,7,frappe,in-ledger (no vendor PO location match),,AI-R: confirm prior-approved exclusion at W6-0b AI-R pass (stage6-w60b AI-R record),البلد
02,Current,translation-candidate,2,2,0,0,7,frappe,in-ledger (no vendor PO location match),,AI-R: confirm prior-approved exclusion at W6-0b AI-R pass (stage6-w60b AI-R record),
02,Customizations Discarded,translation-candidate,2,2,0,0,24,frappe,in-ledger (no vendor PO location match),,AI-R: confirm prior-approved exclusion at W6-0b AI-R pass (stage6-w60b AI-R record),
02,Cyan,translation-candidate,2,2,0,0,4,frappe,in-ledger (no vendor PO location match),,AI-R: confirm prior-approved exclusion at W6-0b AI-R pass (stage6-w60b AI-R record),
02,Database Row Size Utilization,translation-candidate,2,2,0,0,29,frappe,in-ledger (no vendor PO location match),,AI-R: confirm prior-approved exclusion at W6-0b AI-R pass (stage6-w60b AI-R record),
02,Deleting {0} records...,translation-candidate,2,2,0,0,23,frappe,in-ledger (no vendor PO location match),,AI-R: confirm prior-approved exclusion at W6-0b AI-R pass (stage6-w60b AI-R record),
02,Delimiter must be a single character,translation-candidate,2,2,0,0,36,frappe,in-ledger (no vendor PO location match),,AI-R: confirm prior-approved exclusion at W6-0b AI-R pass (stage6-w60b AI-R record),
02,Dependencies & Licenses,translation-candidate,2,2,0,0,23,frappe,in-ledger (no vendor PO location match),,AI-R: confirm prior-approved exclusion at W6-0b AI-R pass (stage6-w60b AI-R record),
02,Descendants Of (inclusive),translation-candidate,2,2,0,0,26,frappe,in-ledger (no vendor PO location match),,AI-R: confirm prior-approved exclusion at W6-0b AI-R pass (stage6-w60b AI-R record),
02,Display Depends On (JS),translation-candidate,2,2,0,0,23,frappe,in-ledger (no vendor PO location match),,AI-R: confirm prior-approved exclusion at W6-0b AI-R pass (stage6-w60b AI-R record),
02,Do not warn me again about {0},translation-candidate,2,2,0,0,30,frappe,in-ledger (no vendor PO location match),,AI-R: confirm prior-approved exclusion at W6-0b AI-R pass (stage6-w60b AI-R record),
02,Doctype,translation-candidate,2,2,0,0,7,frappe,in-ledger (no vendor PO location match),,AI-R: confirm prior-approved exclusion at W6-0b AI-R pass (stage6-w60b AI-R record),
02,Document has been cancelled,translation-candidate,2,2,0,0,27,frappe,in-ledger (no vendor PO location match),,AI-R: confirm prior-approved exclusion at W6-0b AI-R pass (stage6-w60b AI-R record),
02,Document has been submitted,translation-candidate,2,2,0,0,27,frappe,in-ledger (no vendor PO location match),,AI-R: confirm prior-approved exclusion at W6-0b AI-R pass (stage6-w60b AI-R record),
02,Document is in draft state,translation-candidate,2,2,0,0,26,frappe,in-ledger (no vendor PO location match),,AI-R: confirm prior-approved exclusion at W6-0b AI-R pass (stage6-w60b AI-R record),
02,Documents,translation-candidate,2,2,0,0,9,frappe,in-ledger (no vendor PO location match),,AI-R: confirm prior-approved exclusion at W6-0b AI-R pass (stage6-w60b AI-R record),
02,Double click to edit label,translation-candidate,2,2,0,0,26,frappe,in-ledger (no vendor PO location match),,AI-R: confirm prior-approved exclusion at W6-0b AI-R pass (stage6-w60b AI-R record),
02,Drag and drop files here or upload from,translation-candidate,2,2,0,0,39,frappe,in-ledger (no vendor PO location match),,AI-R: confirm prior-approved exclusion at W6-0b AI-R pass (stage6-w60b AI-R record),
02,Enter a name for this {0},translation-candidate,2,2,0,0,25,frappe,in-ledger (no vendor PO location match),,AI-R: confirm prior-approved exclusion at W6-0b AI-R pass (stage6-w60b AI-R record),
02,Error in Client Script,translation-candidate,2,2,0,0,22,frappe,in-ledger (no vendor PO location match),,AI-R: confirm prior-approved exclusion at W6-0b AI-R pass (stage6-w60b AI-R record),
02,Error in Client Script.,translation-candidate,2,2,0,0,23,frappe,in-ledger (no vendor PO location match),,AI-R: confirm prior-approved exclusion at W6-0b AI-R pass (stage6-w60b AI-R record),
02,Events,translation-candidate,2,2,0,0,6,frappe,in-ledger (no vendor PO location match),,AI-R: confirm prior-approved exclusion at W6-0b AI-R pass (stage6-w60b AI-R record),
02,Experimental,translation-candidate,2,2,0,0,12,frappe,in-ledger (no vendor PO location match),,AI-R: confirm prior-approved exclusion at W6-0b AI-R pass (stage6-w60b AI-R record),
02,Feedback,translation-candidate,2,2,0,0,8,frappe,in-ledger (no vendor PO location match),,AI-R: confirm prior-approved exclusion at W6-0b AI-R pass (stage6-w60b AI-R record),
02,Field Orientation (Left-Right),translation-candidate,2,2,0,0,30,frappe,in-ledger (no vendor PO location match),,AI-R: confirm prior-approved exclusion at W6-0b AI-R pass (stage6-w60b AI-R record),
02,Field Orientation (Top-Down),translation-candidate,2,2,0,0,28,frappe,in-ledger (no vendor PO location match),,AI-R: confirm prior-approved exclusion at W6-0b AI-R pass (stage6-w60b AI-R record),
02,Filters:,translation-candidate,2,2,0,0,8,frappe,in-ledger (no vendor PO location match),,AI-R: confirm prior-approved exclusion at W6-0b AI-R pass (stage6-w60b AI-R record),
02,Fit,translation-candidate,2,2,0,0,3,frappe,in-ledger (no vendor PO location match),,AI-R: confirm prior-approved exclusion at W6-0b AI-R pass (stage6-w60b AI-R record),
02,Following fields have missing values,translation-candidate,2,2,0,0,36,frappe,in-ledger (no vendor PO location match),,AI-R: confirm prior-approved exclusion at W6-0b AI-R pass (stage6-w60b AI-R record),
02,Generate Random Password,translation-candidate,2,2,0,0,24,frappe,in-ledger (no vendor PO location match),,AI-R: confirm prior-approved exclusion at W6-0b AI-R pass (stage6-w60b AI-R record),
02,Greater Than Or Equal To,translation-candidate,2,2,0,0,24,frappe,in-ledger (no vendor PO location match),,AI-R: confirm prior-approved exclusion at W6-0b AI-R pass (stage6-w60b AI-R record),
02,Green,translation-candidate,2,2,0,0,5,frappe,in-ledger (no vendor PO location match),,AI-R: confirm prior-approved exclusion at W6-0b AI-R pass (stage6-w60b AI-R record),
02,Include hidden columns,translation-candidate,2,2,0,0,22,frappe,in-ledger (no vendor PO location match),,AI-R: confirm prior-approved exclusion at W6-0b AI-R pass (stage6-w60b AI-R record),
02,Instagram,translation-candidate,2,2,0,0,9,frappe,in-ledger (no vendor PO location match),,AI-R: confirm prior-approved exclusion at W6-0b AI-R pass (stage6-w60b AI-R record),
02,Invalid values for fields:,translation-candidate,2,2,0,0,26,frappe,in-ledger (no vendor PO location match),,AI-R: confirm prior-approved exclusion at W6-0b AI-R pass (stage6-w60b AI-R record),
02,Less Than Or Equal To,translation-candidate,2,2,0,0,21,frappe,in-ledger (no vendor PO location match),,AI-R: confirm prior-approved exclusion at W6-0b AI-R pass (stage6-w60b AI-R record),
02,Let us continue with the onboarding,translation-candidate,2,2,0,0,35,frappe,in-ledger (no vendor PO location match),,AI-R: confirm prior-approved exclusion at W6-0b AI-R pass (stage6-w60b AI-R record),
02,Library,translation-candidate,2,2,0,0,7,frappe,in-ledger (no vendor PO location match),,AI-R: confirm prior-approved exclusion at W6-0b AI-R pass (stage6-w60b AI-R record),
02,LinkedIn,translation-candidate,2,2,0,0,8,frappe,in-ledger (no vendor PO location match),,AI-R: confirm prior-approved exclusion at W6-0b AI-R pass (stage6-w60b AI-R record),
02,Lists,translation-candidate,2,2,0,0,5,frappe,in-ledger (no vendor PO location match),,AI-R: confirm prior-approved exclusion at W6-0b AI-R pass (stage6-w60b AI-R record),
02,Login Failed please try again,translation-candidate,2,2,0,0,29,frappe,in-ledger (no vendor PO location match),,AI-R: confirm prior-approved exclusion at W6-0b AI-R pass (stage6-w60b AI-R record),
02,Mandatory fields required:,translation-candidate,2,2,0,0,26,frappe,in-ledger (no vendor PO location match),,AI-R: confirm prior-approved exclusion at W6-0b AI-R pass (stage6-w60b AI-R record),
03,Map columns from {0} to fields in {1},translation-candidate,2,2,0,0,37,frappe,in-ledger (no vendor PO location match),,AI-R: confirm prior-approved exclusion at W6-0b AI-R pass (stage6-w60b AI-R record),
03,Move cursor to above row,translation-candidate,2,2,0,0,24,frappe,in-ledger (no vendor PO location match),,AI-R: confirm prior-approved exclusion at W6-0b AI-R pass (stage6-w60b AI-R record),
03,Move cursor to below row,translation-candidate,2,2,0,0,24,frappe,in-ledger (no vendor PO location match),,AI-R: confirm prior-approved exclusion at W6-0b AI-R pass (stage6-w60b AI-R record),
03,Move cursor to next column,translation-candidate,2,2,0,0,26,frappe,in-ledger (no vendor PO location match),,AI-R: confirm prior-approved exclusion at W6-0b AI-R pass (stage6-w60b AI-R record),
03,Move cursor to previous column,translation-candidate,2,2,0,0,30,frappe,in-ledger (no vendor PO location match),,AI-R: confirm prior-approved exclusion at W6-0b AI-R pass (stage6-w60b AI-R record),
03,Move sections to new tab,translation-candidate,2,2,0,0,24,frappe,in-ledger (no vendor PO location match),,AI-R: confirm prior-approved exclusion at W6-0b AI-R pass (stage6-w60b AI-R record),
03,Navigate to main content,translation-candidate,2,2,0,0,24,frappe,in-ledger (no vendor PO location match),,AI-R: confirm prior-approved exclusion at W6-0b AI-R pass (stage6-w60b AI-R record),
03,No Email Accounts Assigned,translation-candidate,2,2,0,0,26,frappe,in-ledger (no vendor PO location match),,AI-R: confirm prior-approved exclusion at W6-0b AI-R pass (stage6-w60b AI-R record),
03,No address added yet.,translation-candidate,2,2,0,0,21,frappe,in-ledger (no vendor PO location match),,AI-R: confirm prior-approved exclusion at W6-0b AI-R pass (stage6-w60b AI-R record),
03,No contacts added yet.,translation-candidate,2,2,0,0,22,frappe,in-ledger (no vendor PO location match),,AI-R: confirm prior-approved exclusion at W6-0b AI-R pass (stage6-w60b AI-R record),
03,Notifications Disabled,translation-candidate,2,2,0,0,22,frappe,in-ledger (no vendor PO location match),,AI-R: confirm prior-approved exclusion at W6-0b AI-R pass (stage6-w60b AI-R record),
03,OR,translation-candidate,2,2,0,0,2,frappe,in-ledger (no vendor PO location match),,AI-R: confirm prior-approved exclusion at W6-0b AI-R pass (stage6-w60b AI-R record),
03,Onboard,translation-candidate,2,2,0,0,7,frappe,in-ledger (no vendor PO location match),,AI-R: confirm prior-approved exclusion at W6-0b AI-R pass (stage6-w60b AI-R record),
03,Optimize,translation-candidate,2,2,0,0,8,frappe,in-ledger (no vendor PO location match),,AI-R: confirm prior-approved exclusion at W6-0b AI-R pass (stage6-w60b AI-R record),
03,Orange,translation-candidate,2,2,0,0,6,frappe,in-ledger (no vendor PO location match),,AI-R: confirm prior-approved exclusion at W6-0b AI-R pass (stage6-w60b AI-R record),
03,Overview,translation-candidate,2,2,0,0,8,frappe,in-ledger (no vendor PO location match),,AI-R: confirm prior-approved exclusion at W6-0b AI-R pass (stage6-w60b AI-R record),
03,Page height and width cannot be zero,translation-candidate,2,2,0,0,36,frappe,in-ledger (no vendor PO location match),,AI-R: confirm prior-approved exclusion at W6-0b AI-R pass (stage6-w60b AI-R record),
03,Password missing in Email Account,translation-candidate,2,2,0,0,33,frappe,in-ledger (no vendor PO location match),,AI-R: confirm prior-approved exclusion at W6-0b AI-R pass (stage6-w60b AI-R record),
03,Pink,translation-candidate,2,2,0,0,4,frappe,in-ledger (no vendor PO location match),,AI-R: confirm prior-approved exclusion at W6-0b AI-R pass (stage6-w60b AI-R record),
03,Please select X and Y fields,translation-candidate,2,2,0,0,28,frappe,in-ledger (no vendor PO location match),,AI-R: confirm prior-approved exclusion at W6-0b AI-R pass (stage6-w60b AI-R record),
03,Please select a file first.,translation-candidate,2,2,0,0,27,frappe,in-ledger (no vendor PO location match),,AI-R: confirm prior-approved exclusion at W6-0b AI-R pass (stage6-w60b AI-R record),
03,Priority,translation-candidate,2,2,0,0,8,frappe,in-ledger (no vendor PO location match),,AI-R: confirm prior-approved exclusion at W6-0b AI-R pass (stage6-w60b AI-R record),
03,Quoting must be between 0 and 3,translation-candidate,2,2,0,0,31,frappe,in-ledger (no vendor PO location match),,AI-R: confirm prior-approved exclusion at W6-0b AI-R pass (stage6-w60b AI-R record),
03,Random,translation-candidate,2,2,0,0,6,frappe,in-ledger (no vendor PO location match),,AI-R: confirm prior-approved exclusion at W6-0b AI-R pass (stage6-w60b AI-R record),
03,Raw Printing Settings,translation-candidate,2,2,0,0,21,frappe,in-ledger (no vendor PO location match),,AI-R: confirm prior-approved exclusion at W6-0b AI-R pass (stage6-w60b AI-R record),
03,Received,translation-candidate,2,2,0,0,8,frappe,in-ledger (no vendor PO location match),,AI-R: confirm prior-approved exclusion at W6-0b AI-R pass (stage6-w60b AI-R record),
03,Recents,translation-candidate,2,2,0,0,7,frappe,in-ledger (no vendor PO location match),,AI-R: confirm prior-approved exclusion at W6-0b AI-R pass (stage6-w60b AI-R record),
03,Red,translation-candidate,2,2,0,0,3,frappe,in-ledger (no vendor PO location match),,AI-R: confirm prior-approved exclusion at W6-0b AI-R pass (stage6-w60b AI-R record),
03,Refreshing,translation-candidate,2,2,0,0,10,frappe,in-ledger (no vendor PO location match),,AI-R: confirm prior-approved exclusion at W6-0b AI-R pass (stage6-w60b AI-R record),
03,Replied,translation-candidate,2,2,0,0,7,frappe,in-ledger (no vendor PO location match),,AI-R: confirm prior-approved exclusion at W6-0b AI-R pass (stage6-w60b AI-R record),
03,Select Fields (Up to {0}),translation-candidate,2,2,0,0,25,frappe,in-ledger (no vendor PO location match),,AI-R: confirm prior-approved exclusion at W6-0b AI-R pass (stage6-w60b AI-R record),
03,Select a group {0} first.,translation-candidate,2,2,0,0,25,frappe,in-ledger (no vendor PO location match),,AI-R: confirm prior-approved exclusion at W6-0b AI-R pass (stage6-w60b AI-R record),
03,Select records for removing assignment,translation-candidate,2,2,0,0,38,frappe,in-ledger (no vendor PO location match),,AI-R: confirm prior-approved exclusion at W6-0b AI-R pass (stage6-w60b AI-R record),
03,Select two versions to view the diff.,translation-candidate,2,2,0,0,37,frappe,in-ledger (no vendor PO location match),,AI-R: confirm prior-approved exclusion at W6-0b AI-R pass (stage6-w60b AI-R record),
03,Sending,translation-candidate,2,2,0,0,7,frappe,in-ledger (no vendor PO location match),,AI-R: confirm prior-approved exclusion at W6-0b AI-R pass (stage6-w60b AI-R record),
03,Showing only first {0} rows out of {1},translation-candidate,2,2,0,0,38,frappe,in-ledger (no vendor PO location match),,AI-R: confirm prior-approved exclusion at W6-0b AI-R pass (stage6-w60b AI-R record),
03,Templates,translation-candidate,2,2,0,0,9,frappe,in-ledger (no vendor PO location match),,AI-R: confirm prior-approved exclusion at W6-0b AI-R pass (stage6-w60b AI-R record),
03,There are no upcoming events for you.,translation-candidate,2,2,0,0,37,frappe,in-ledger (no vendor PO location match),,AI-R: confirm prior-approved exclusion at W6-0b AI-R pass (stage6-w60b AI-R record),
03,Totals,translation-candidate,2,2,0,0,6,frappe,in-ledger (no vendor PO location match),,AI-R: confirm prior-approved exclusion at W6-0b AI-R pass (stage6-w60b AI-R record),
03,Transition Properties,translation-candidate,2,2,0,0,21,frappe,in-ledger (no vendor PO location match),,AI-R: confirm prior-approved exclusion at W6-0b AI-R pass (stage6-w60b AI-R record),
03,UUID,translation-candidate,2,2,0,0,4,frappe,in-ledger (no vendor PO location match),,AI-R: confirm prior-approved exclusion at W6-0b AI-R pass (stage6-w60b AI-R record),
03,Unpublish,translation-candidate,2,2,0,0,9,frappe,in-ledger (no vendor PO location match),,AI-R: confirm prior-approved exclusion at W6-0b AI-R pass (stage6-w60b AI-R record),
03,Valid Login id required.,translation-candidate,2,2,0,0,24,frappe,in-ledger (no vendor PO location match),,AI-R: confirm prior-approved exclusion at W6-0b AI-R pass (stage6-w60b AI-R record),
03,Verification,translation-candidate,2,2,0,0,12,frappe,in-ledger (no vendor PO location match),,AI-R: confirm prior-approved exclusion at W6-0b AI-R pass (stage6-w60b AI-R record),
03,Visible to website/portal users.,translation-candidate,2,2,0,0,32,frappe,in-ledger (no vendor PO location match),,AI-R: confirm prior-approved exclusion at W6-0b AI-R pass (stage6-w60b AI-R record),
03,Workflow updated successfully,translation-candidate,2,2,0,0,29,frappe,in-ledger (no vendor PO location match),,AI-R: confirm prior-approved exclusion at W6-0b AI-R pass (stage6-w60b AI-R record),
03,Yellow,translation-candidate,2,2,0,0,6,frappe,in-ledger (no vendor PO location match),,AI-R: confirm prior-approved exclusion at W6-0b AI-R pass (stage6-w60b AI-R record),
03,You added 1 row to {0},translation-candidate,2,2,0,0,22,frappe,in-ledger (no vendor PO location match),,AI-R: confirm prior-approved exclusion at W6-0b AI-R pass (stage6-w60b AI-R record),
03,You added {0} rows to {1},translation-candidate,2,2,0,0,25,frappe,in-ledger (no vendor PO location match),,AI-R: confirm prior-approved exclusion at W6-0b AI-R pass (stage6-w60b AI-R record),
03,You cancelled this document,translation-candidate,2,2,0,0,27,frappe,in-ledger (no vendor PO location match),,AI-R: confirm prior-approved exclusion at W6-0b AI-R pass (stage6-w60b AI-R record),
03,You cancelled this document {1},translation-candidate,2,2,0,0,31,frappe,in-ledger (no vendor PO location match),,AI-R: confirm prior-approved exclusion at W6-0b AI-R pass (stage6-w60b AI-R record),
03,You changed the value of {0},translation-candidate,2,2,0,0,28,frappe,in-ledger (no vendor PO location match),,AI-R: confirm prior-approved exclusion at W6-0b AI-R pass (stage6-w60b AI-R record),
03,You changed the value of {0} {1},translation-candidate,2,2,0,0,32,frappe,in-ledger (no vendor PO location match),,AI-R: confirm prior-approved exclusion at W6-0b AI-R pass (stage6-w60b AI-R record),
03,You changed the values for {0},translation-candidate,2,2,0,0,30,frappe,in-ledger (no vendor PO location match),,AI-R: confirm prior-approved exclusion at W6-0b AI-R pass (stage6-w60b AI-R record),
03,You changed the values for {0} {1},translation-candidate,2,2,0,0,34,frappe,in-ledger (no vendor PO location match),,AI-R: confirm prior-approved exclusion at W6-0b AI-R pass (stage6-w60b AI-R record),
03,You changed {0} to {1},translation-candidate,2,2,0,0,22,frappe,in-ledger (no vendor PO location match),,AI-R: confirm prior-approved exclusion at W6-0b AI-R pass (stage6-w60b AI-R record),
03,You created this document {0},translation-candidate,2,2,0,0,29,frappe,in-ledger (no vendor PO location match),,AI-R: confirm prior-approved exclusion at W6-0b AI-R pass (stage6-w60b AI-R record),
03,You haven't created a {0} yet,translation-candidate,2,2,0,0,29,frappe,in-ledger (no vendor PO location match),,AI-R: confirm prior-approved exclusion at W6-0b AI-R pass (stage6-w60b AI-R record),
03,You must add atleast one link.,translation-candidate,2,2,0,0,30,frappe,in-ledger (no vendor PO location match),,AI-R: confirm prior-approved exclusion at W6-0b AI-R pass (stage6-w60b AI-R record),
03,You need to create these first:,translation-candidate,2,2,0,0,31,frappe,in-ledger (no vendor PO location match),,AI-R: confirm prior-approved exclusion at W6-0b AI-R pass (stage6-w60b AI-R record),
03,You removed 1 row from {0},translation-candidate,2,2,0,0,26,frappe,in-ledger (no vendor PO location match),,AI-R: confirm prior-approved exclusion at W6-0b AI-R pass (stage6-w60b AI-R record),
03,You removed attachment {0},translation-candidate,2,2,0,0,26,frappe,in-ledger (no vendor PO location match),,AI-R: confirm prior-approved exclusion at W6-0b AI-R pass (stage6-w60b AI-R record),
03,You removed {0} rows from {1},translation-candidate,2,2,0,0,29,frappe,in-ledger (no vendor PO location match),,AI-R: confirm prior-approved exclusion at W6-0b AI-R pass (stage6-w60b AI-R record),
03,You submitted this document,translation-candidate,2,2,0,0,27,frappe,in-ledger (no vendor PO location match),,AI-R: confirm prior-approved exclusion at W6-0b AI-R pass (stage6-w60b AI-R record),
03,You submitted this document {0},translation-candidate,2,2,0,0,31,frappe,in-ledger (no vendor PO location match),,AI-R: confirm prior-approved exclusion at W6-0b AI-R pass (stage6-w60b AI-R record),
03,You will be redirected to:,translation-candidate,2,2,0,0,26,frappe,in-ledger (no vendor PO location match),,AI-R: confirm prior-approved exclusion at W6-0b AI-R pass (stage6-w60b AI-R record),
03,Your PDF is ready for download,translation-candidate,2,2,0,0,30,frappe,in-ledger (no vendor PO location match),,AI-R: confirm prior-approved exclusion at W6-0b AI-R pass (stage6-w60b AI-R record),
03,Your form has been successfully updated,translation-candidate,2,2,0,0,39,frappe,in-ledger (no vendor PO location match),,AI-R: confirm prior-approved exclusion at W6-0b AI-R pass (stage6-w60b AI-R record),
03,[Action taken by {0}],translation-candidate,2,2,0,0,21,frappe,in-ledger (no vendor PO location match),,AI-R: confirm prior-approved exclusion at W6-0b AI-R pass (stage6-w60b AI-R record),
03,by Role,translation-candidate,2,2,0,0,7,frappe,in-ledger (no vendor PO location match),,AI-R: confirm prior-approved exclusion at W6-0b AI-R pass (stage6-w60b AI-R record),
03,commented,translation-candidate,2,2,0,0,9,frappe,in-ledger (no vendor PO location match),,AI-R: confirm prior-approved exclusion at W6-0b AI-R pass (stage6-w60b AI-R record),
03,jane@example.com,translation-candidate,2,2,0,0,16,frappe,in-ledger (no vendor PO location match),,AI-R: confirm prior-approved exclusion at W6-0b AI-R pass (stage6-w60b AI-R record),
03,nonce,translation-candidate,2,2,0,0,5,frappe,in-ledger (no vendor PO location match),,AI-R: confirm prior-approved exclusion at W6-0b AI-R pass (stage6-w60b AI-R record),
03,on_submit,translation-candidate,2,2,0,0,9,frappe,in-ledger (no vendor PO location match),,AI-R: confirm prior-approved exclusion at W6-0b AI-R pass (stage6-w60b AI-R record),
03,to close,translation-candidate,2,2,0,0,8,frappe,in-ledger (no vendor PO location match),,AI-R: confirm prior-approved exclusion at W6-0b AI-R pass (stage6-w60b AI-R record),
03,to navigate,translation-candidate,2,2,0,0,11,frappe,in-ledger (no vendor PO location match),,AI-R: confirm prior-approved exclusion at W6-0b AI-R pass (stage6-w60b AI-R record),
03,to select,translation-candidate,2,2,0,0,9,frappe,in-ledger (no vendor PO location match),,AI-R: confirm prior-approved exclusion at W6-0b AI-R pass (stage6-w60b AI-R record),
03,updated to {0},translation-candidate,2,2,0,0,14,frappe,in-ledger (no vendor PO location match),,AI-R: confirm prior-approved exclusion at W6-0b AI-R pass (stage6-w60b AI-R record),
03,use % as wildcard,translation-candidate,2,2,0,0,17,frappe,in-ledger (no vendor PO location match),,AI-R: confirm prior-approved exclusion at W6-0b AI-R pass (stage6-w60b AI-R record),
03,{0} Liked,translation-candidate,2,2,0,0,9,frappe,in-ledger (no vendor PO location match),,AI-R: confirm prior-approved exclusion at W6-0b AI-R pass (stage6-w60b AI-R record),
03,{0} Map,translation-candidate,2,2,0,0,7,frappe,in-ledger (no vendor PO location match),,AI-R: confirm prior-approved exclusion at W6-0b AI-R pass (stage6-w60b AI-R record),
03,{0} Reports,translation-candidate,2,2,0,0,11,frappe,in-ledger (no vendor PO location match),,AI-R: confirm prior-approved exclusion at W6-0b AI-R pass (stage6-w60b AI-R record),
03,{0} added 1 row to {1},translation-candidate,2,2,0,0,22,frappe,in-ledger (no vendor PO location match),,AI-R: confirm prior-approved exclusion at W6-0b AI-R pass (stage6-w60b AI-R record),
03,{0} added {1} rows to {2},translation-candidate,2,2,0,0,25,frappe,in-ledger (no vendor PO location match),,AI-R: confirm prior-approved exclusion at W6-0b AI-R pass (stage6-w60b AI-R record),
03,{0} attached {1},translation-candidate,2,2,0,0,16,frappe,in-ledger (no vendor PO location match),,AI-R: confirm prior-approved exclusion at W6-0b AI-R pass (stage6-w60b AI-R record),
03,{0} cancelled this document,translation-candidate,2,2,0,0,27,frappe,in-ledger (no vendor PO location match),,AI-R: confirm prior-approved exclusion at W6-0b AI-R pass (stage6-w60b AI-R record),
03,{0} cancelled this document {1},translation-candidate,2,2,0,0,31,frappe,in-ledger (no vendor PO location match),,AI-R: confirm prior-approved exclusion at W6-0b AI-R pass (stage6-w60b AI-R record),
03,{0} changed the value of {1},translation-candidate,2,2,0,0,28,frappe,in-ledger (no vendor PO location match),,AI-R: confirm prior-approved exclusion at W6-0b AI-R pass (stage6-w60b AI-R record),
03,{0} changed the value of {1} {2},translation-candidate,2,2,0,0,32,frappe,in-ledger (no vendor PO location match),,AI-R: confirm prior-approved exclusion at W6-0b AI-R pass (stage6-w60b AI-R record),
03,{0} changed the values for {1},translation-candidate,2,2,0,0,30,frappe,in-ledger (no vendor PO location match),,AI-R: confirm prior-approved exclusion at W6-0b AI-R pass (stage6-w60b AI-R record),
03,{0} changed the values for {1} {2},translation-candidate,2,2,0,0,34,frappe,in-ledger (no vendor PO location match),,AI-R: confirm prior-approved exclusion at W6-0b AI-R pass (stage6-w60b AI-R record),
03,{0} changed {1} to {2},translation-candidate,2,2,0,0,22,frappe,in-ledger (no vendor PO location match),,AI-R: confirm prior-approved exclusion at W6-0b AI-R pass (stage6-w60b AI-R record),
03,{0} created this,translation-candidate,2,2,0,0,16,frappe,in-ledger (no vendor PO location match),,AI-R: confirm prior-approved exclusion at W6-0b AI-R pass (stage6-w60b AI-R record),
03,{0} created this document {1},translation-candidate,2,2,0,0,29,frappe,in-ledger (no vendor PO location match),,AI-R: confirm prior-approved exclusion at W6-0b AI-R pass (stage6-w60b AI-R record),
03,{0} from {1} to {2},translation-candidate,2,2,0,0,19,frappe,in-ledger (no vendor PO location match),,AI-R: confirm prior-approved exclusion at W6-0b AI-R pass (stage6-w60b AI-R record),
03,{0} from {1} to {2} in row #{3},translation-candidate,2,2,0,0,31,frappe,in-ledger (no vendor PO location match),,AI-R: confirm prior-approved exclusion at W6-0b AI-R pass (stage6-w60b AI-R record),
03,{0} is equal to {1},translation-candidate,2,2,0,0,19,frappe,in-ledger (no vendor PO location match),,AI-R: confirm prior-approved exclusion at W6-0b AI-R pass (stage6-w60b AI-R record),
03,{0} is like {1},translation-candidate,2,2,0,0,15,frappe,in-ledger (no vendor PO location match),,AI-R: confirm prior-approved exclusion at W6-0b AI-R pass (stage6-w60b AI-R record),
03,{0} is not like {1},translation-candidate,2,2,0,0,19,frappe,in-ledger (no vendor PO location match),,AI-R: confirm prior-approved exclusion at W6-0b AI-R pass (stage6-w60b AI-R record),
03,{0} last edited this,translation-candidate,2,2,0,0,20,frappe,in-ledger (no vendor PO location match),,AI-R: confirm prior-approved exclusion at W6-0b AI-R pass (stage6-w60b AI-R record),
03,{0} records are retained for {1} days.,translation-candidate,2,2,0,0,38,frappe,in-ledger (no vendor PO location match),,AI-R: confirm prior-approved exclusion at W6-0b AI-R pass (stage6-w60b AI-R record),
03,{0} removed 1 row from {1},translation-candidate,2,2,0,0,26,frappe,in-ledger (no vendor PO location match),,AI-R: confirm prior-approved exclusion at W6-0b AI-R pass (stage6-w60b AI-R record),
03,{0} removed attachment {1},translation-candidate,2,2,0,0,26,frappe,in-ledger (no vendor PO location match),,AI-R: confirm prior-approved exclusion at W6-0b AI-R pass (stage6-w60b AI-R record),
03,{0} removed {1} rows from {2},translation-candidate,2,2,0,0,29,frappe,in-ledger (no vendor PO location match),,AI-R: confirm prior-approved exclusion at W6-0b AI-R pass (stage6-w60b AI-R record),
03,{0} rows from {1},translation-candidate,2,2,0,0,17,frappe,in-ledger (no vendor PO location match),,AI-R: confirm prior-approved exclusion at W6-0b AI-R pass (stage6-w60b AI-R record),
03,{0} rows to {1},translation-candidate,2,2,0,0,15,frappe,in-ledger (no vendor PO location match),,AI-R: confirm prior-approved exclusion at W6-0b AI-R pass (stage6-w60b AI-R record),
03,{0} submitted this document,translation-candidate,2,2,0,0,27,frappe,in-ledger (no vendor PO location match),,AI-R: confirm prior-approved exclusion at W6-0b AI-R pass (stage6-w60b AI-R record),
03,{0} submitted this document {1},translation-candidate,2,2,0,0,31,frappe,in-ledger (no vendor PO location match),,AI-R: confirm prior-approved exclusion at W6-0b AI-R pass (stage6-w60b AI-R record),
03,{0} viewed this,translation-candidate,2,2,0,0,15,frappe,in-ledger (no vendor PO location match),,AI-R: confirm prior-approved exclusion at W6-0b AI-R pass (stage6-w60b AI-R record),
03,{1} saved,translation-candidate,2,2,0,0,9,frappe,in-ledger (no vendor PO location match),,AI-R: confirm prior-approved exclusion at W6-0b AI-R pass (stage6-w60b AI-R record),
03,← Back to upload files,translation-candidate,2,2,0,0,22,frappe,in-ledger (no vendor PO location match),,AI-R: confirm prior-approved exclusion at W6-0b AI-R pass (stage6-w60b AI-R record),
03,Confirm Password,translation-candidate,2,1,3,0,16,frappe,in-ledger (no vendor PO location match),,AI-R: confirm prior-approved exclusion at W6-0b AI-R pass (stage6-w60b AI-R record),
03,Accept Invitation,translation-candidate,2,1,2,0,17,frappe,in-ledger (no vendor PO location match),,AI-R: confirm prior-approved exclusion at W6-0b AI-R pass (stage6-w60b AI-R record),
03,Accounts Manager,translation-candidate,2,1,2,0,16,frappe,in-ledger (no vendor PO location match),,AI-R: confirm prior-approved exclusion at W6-0b AI-R pass (stage6-w60b AI-R record),
03,Accounts User,translation-candidate,2,1,2,0,13,frappe,in-ledger (no vendor PO location match),,AI-R: confirm prior-approved exclusion at W6-0b AI-R pass (stage6-w60b AI-R record),
03,Built on {0},translation-candidate,2,1,2,0,12,frappe,in-ledger (no vendor PO location match),,AI-R: confirm prior-approved exclusion at W6-0b AI-R pass (stage6-w60b AI-R record),
03,"Dear System Manager,",translation-candidate,2,1,2,0,20,frappe,in-ledger (no vendor PO location match),,AI-R: confirm prior-approved exclusion at W6-0b AI-R pass (stage6-w60b AI-R record),
03,Discussion Topic,translation-candidate,2,1,2,0,16,frappe,in-ledger (no vendor PO location match),,AI-R: confirm prior-approved exclusion at W6-0b AI-R pass (stage6-w60b AI-R record),
03,Domain Settings,translation-candidate,2,1,2,0,15,frappe,in-ledger (no vendor PO location match),,AI-R: confirm prior-approved exclusion at W6-0b AI-R pass (stage6-w60b AI-R record),
03,Get PDF,translation-candidate,2,1,2,0,7,frappe,in-ledger (no vendor PO location match),,AI-R: confirm prior-approved exclusion at W6-0b AI-R pass (stage6-w60b AI-R record),
03,Hide Error,translation-candidate,2,1,2,0,10,frappe,in-ledger (no vendor PO location match),,AI-R: confirm prior-approved exclusion at W6-0b AI-R pass (stage6-w60b AI-R record),
03,Instructions Emailed,translation-candidate,2,1,2,0,20,frappe,in-ledger (no vendor PO location match),,AI-R: confirm prior-approved exclusion at W6-0b AI-R pass (stage6-w60b AI-R record),
03,Jane Doe,translation-candidate,2,1,2,0,8,frappe,in-ledger (no vendor PO location match),,AI-R: confirm prior-approved exclusion at W6-0b AI-R pass (stage6-w60b AI-R record),
03,Log In To {0},translation-candidate,2,1,2,0,13,frappe,in-ledger (no vendor PO location match),,AI-R: confirm prior-approved exclusion at W6-0b AI-R pass (stage6-w60b AI-R record),
03,Login to {0},translation-candidate,2,1,2,0,12,frappe,in-ledger (no vendor PO location match),,AI-R: confirm prior-approved exclusion at W6-0b AI-R pass (stage6-w60b AI-R record),
03,Login token required,translation-candidate,2,1,2,0,20,frappe,in-ledger (no vendor PO location match),,AI-R: confirm prior-approved exclusion at W6-0b AI-R pass (stage6-w60b AI-R record),
03,Login with {0},translation-candidate,2,1,2,0,14,frappe,in-ledger (no vendor PO location match),,AI-R: confirm prior-approved exclusion at W6-0b AI-R pass (stage6-w60b AI-R record),
03,Message Sent,translation-candidate,2,1,2,0,12,frappe,in-ledger (no vendor PO location match),,AI-R: confirm prior-approved exclusion at W6-0b AI-R pass (stage6-w60b AI-R record),
03,More Info,translation-candidate,2,1,2,0,9,frappe,in-ledger (no vendor PO location match),,AI-R: confirm prior-approved exclusion at W6-0b AI-R pass (stage6-w60b AI-R record),
03,Password is valid. 👍,translation-candidate,2,1,2,0,20,frappe,in-ledger (no vendor PO location match),,AI-R: confirm prior-approved exclusion at W6-0b AI-R pass (stage6-w60b AI-R record),
03,Password set,translation-candidate,2,1,2,0,12,frappe,in-ledger (no vendor PO location match),,AI-R: confirm prior-approved exclusion at W6-0b AI-R pass (stage6-w60b AI-R record),
03,Public Files Backup:,translation-candidate,2,1,2,0,20,frappe,in-ledger (no vendor PO location match),,AI-R: confirm prior-approved exclusion at W6-0b AI-R pass (stage6-w60b AI-R record),
03,Type title,translation-candidate,2,1,2,0,10,frappe,in-ledger (no vendor PO location match),,AI-R: confirm prior-approved exclusion at W6-0b AI-R pass (stage6-w60b AI-R record),
03,Verification Code,translation-candidate,2,1,2,0,17,frappe,in-ledger (no vendor PO location match),,AI-R: confirm prior-approved exclusion at W6-0b AI-R pass (stage6-w60b AI-R record),
03,Want to discuss?,translation-candidate,2,1,2,0,16,frappe,in-ledger (no vendor PO location match),,AI-R: confirm prior-approved exclusion at W6-0b AI-R pass (stage6-w60b AI-R record),
03,Workflow Action,translation-candidate,2,1,2,0,15,frappe,in-ledger (no vendor PO location match),,AI-R: confirm prior-approved exclusion at W6-0b AI-R pass (stage6-w60b AI-R record),
03,Arial,translation-candidate,2,1,0,0,5,frappe,in-ledger (no vendor PO location match),,AI-R: confirm prior-approved exclusion at W6-0b AI-R pass (stage6-w60b AI-R record),
03,Attribution,translation-candidate,2,1,0,0,11,frappe,in-ledger (no vendor PO location match),,AI-R: confirm prior-approved exclusion at W6-0b AI-R pass (stage6-w60b AI-R record),
03,Authentication Apps you can use are:,translation-candidate,2,1,0,0,36,frappe,in-ledger (no vendor PO location match),,AI-R: confirm prior-approved exclusion at W6-0b AI-R pass (stage6-w60b AI-R record),
03,Authorization error for {}.,translation-candidate,2,1,0,0,27,frappe,in-ledger (no vendor PO location match),,AI-R: confirm prior-approved exclusion at W6-0b AI-R pass (stage6-w60b AI-R record),
03,Authors,translation-candidate,2,1,0,0,7,frappe,in-ledger (no vendor PO location match),,AI-R: confirm prior-approved exclusion at W6-0b AI-R pass (stage6-w60b AI-R record),
03,Authors / Maintainers,translation-candidate,2,1,0,0,21,frappe,in-ledger (no vendor PO location match),,AI-R: confirm prior-approved exclusion at W6-0b AI-R pass (stage6-w60b AI-R record),
03,CMD,translation-candidate,2,1,0,0,3,frappe,in-ledger (no vendor PO location match),,AI-R: confirm prior-approved exclusion at W6-0b AI-R pass (stage6-w60b AI-R record),
03,Click below to get started:,translation-candidate,2,1,0,0,27,frappe,in-ledger (no vendor PO location match),,AI-R: confirm prior-approved exclusion at W6-0b AI-R pass (stage6-w60b AI-R record),
03,Click on the button to log in to {0},translation-candidate,2,1,0,0,36,frappe,in-ledger (no vendor PO location match),,AI-R: confirm prior-approved exclusion at W6-0b AI-R pass (stage6-w60b AI-R record),
03,Cmd+Enter to add comment,translation-candidate,2,1,0,0,24,frappe,in-ledger (no vendor PO location match),,AI-R: confirm prior-approved exclusion at W6-0b AI-R pass (stage6-w60b AI-R record),
03,Config,translation-candidate,2,1,0,0,6,frappe,in-ledger (no vendor PO location match),,AI-R: confirm prior-approved exclusion at W6-0b AI-R pass (stage6-w60b AI-R record),
03,Dear,translation-candidate,2,1,0,0,4,frappe,in-ledger (no vendor PO location match),,AI-R: confirm prior-approved exclusion at W6-0b AI-R pass (stage6-w60b AI-R record),
03,Enter Code displayed in OTP App.,translation-candidate,2,1,0,0,32,frappe,in-ledger (no vendor PO location match),,AI-R: confirm prior-approved exclusion at W6-0b AI-R pass (stage6-w60b AI-R record),
03,Hello,translation-candidate,2,1,0,0,5,frappe,in-ledger (no vendor PO location match),,AI-R: confirm prior-approved exclusion at W6-0b AI-R pass (stage6-w60b AI-R record),
03,Invalid Login. Try again.,translation-candidate,2,1,0,0,25,frappe,in-ledger (no vendor PO location match),,AI-R: confirm prior-approved exclusion at W6-0b AI-R pass (stage6-w60b AI-R record),
03,Login link sent to your email,translation-candidate,2,1,0,0,29,frappe,in-ledger (no vendor PO location match),,AI-R: confirm prior-approved exclusion at W6-0b AI-R pass (stage6-w60b AI-R record),
03,Login to start a new discussion,translation-candidate,2,1,0,0,31,frappe,in-ledger (no vendor PO location match),,AI-R: confirm prior-approved exclusion at W6-0b AI-R pass (stage6-w60b AI-R record),
03,Login with Frappe Cloud,translation-candidate,2,1,0,0,23,frappe,in-ledger (no vendor PO location match),,AI-R: confirm prior-approved exclusion at W6-0b AI-R pass (stage6-w60b AI-R record),
03,Manage 3rd party apps,translation-candidate,2,1,0,0,21,frappe,in-ledger (no vendor PO location match),,AI-R: confirm prior-approved exclusion at W6-0b AI-R pass (stage6-w60b AI-R record),
03,Oops! Something went wrong.,translation-candidate,2,1,0,0,27,frappe,in-ledger (no vendor PO location match),,AI-R: confirm prior-approved exclusion at W6-0b AI-R pass (stage6-w60b AI-R record),
03,Package,translation-candidate,2,1,0,0,7,frappe,in-ledger (no vendor PO location match),,AI-R: confirm prior-approved exclusion at W6-0b AI-R pass (stage6-w60b AI-R record),
03,Partial,translation-candidate,2,1,0,0,7,frappe,in-ledger (no vendor PO location match),,AI-R: confirm prior-approved exclusion at W6-0b AI-R pass (stage6-w60b AI-R record),
03,Passwords do not match,translation-candidate,2,1,0,0,22,frappe,in-ledger (no vendor PO location match),,AI-R: confirm prior-approved exclusion at W6-0b AI-R pass (stage6-w60b AI-R record),
03,Please enter a valid email address.,translation-candidate,2,1,0,0,35,frappe,in-ledger (no vendor PO location match),,AI-R: confirm prior-approved exclusion at W6-0b AI-R pass (stage6-w60b AI-R record),
03,Please enter your new password.,translation-candidate,2,1,0,0,31,frappe,in-ledger (no vendor PO location match),,AI-R: confirm prior-approved exclusion at W6-0b AI-R pass (stage6-w60b AI-R record),
03,Please enter your old password.,translation-candidate,2,1,0,0,31,frappe,in-ledger (no vendor PO location match),,AI-R: confirm prior-approved exclusion at W6-0b AI-R pass (stage6-w60b AI-R record),
03,Portal,translation-candidate,2,1,0,0,6,frappe,in-ledger (no vendor PO location match),,AI-R: confirm prior-approved exclusion at W6-0b AI-R pass (stage6-w60b AI-R record),
03,Private Files Backup:,translation-candidate,2,1,0,0,21,frappe,in-ledger (no vendor PO location match),,AI-R: confirm prior-approved exclusion at W6-0b AI-R pass (stage6-w60b AI-R record),
03,Re:,translation-candidate,2,1,0,0,3,frappe,in-ledger (no vendor PO location match),,AI-R: confirm prior-approved exclusion at W6-0b AI-R pass (stage6-w60b AI-R record),
03,Something went wrong.,translation-candidate,2,1,0,0,21,frappe,in-ledger (no vendor PO location match),,AI-R: confirm prior-approved exclusion at W6-0b AI-R pass (stage6-w60b AI-R record),
03,Start a new discussion,translation-candidate,2,1,0,0,22,frappe,in-ledger (no vendor PO location match),,AI-R: confirm prior-approved exclusion at W6-0b AI-R pass (stage6-w60b AI-R record),
03,Thank you for your message,translation-candidate,2,1,0,0,26,frappe,in-ledger (no vendor PO location match),,AI-R: confirm prior-approved exclusion at W6-0b AI-R pass (stage6-w60b AI-R record),
03,Thanks,translation-candidate,2,1,0,0,6,frappe,in-ledger (no vendor PO location match),,AI-R: confirm prior-approved exclusion at W6-0b AI-R pass (stage6-w60b AI-R record),
03,The link will expire in {0} minutes,translation-candidate,2,1,0,0,35,frappe,in-ledger (no vendor PO location match),,AI-R: confirm prior-approved exclusion at W6-0b AI-R pass (stage6-w60b AI-R record),
03,Timeout,translation-candidate,2,1,0,0,7,frappe,in-ledger (no vendor PO location match),,AI-R: confirm prior-approved exclusion at W6-0b AI-R pass (stage6-w60b AI-R record),
03,Type your reply here...,translation-candidate,2,1,0,0,23,frappe,in-ledger (no vendor PO location match),,AI-R: confirm prior-approved exclusion at W6-0b AI-R pass (stage6-w60b AI-R record),
03,Valid email and name required,translation-candidate,2,1,0,0,29,frappe,in-ledger (no vendor PO location match),,AI-R: confirm prior-approved exclusion at W6-0b AI-R pass (stage6-w60b AI-R record),
03,Verifying...,translation-candidate,2,1,0,0,12,frappe,in-ledger (no vendor PO location match),,AI-R: confirm prior-approved exclusion at W6-0b AI-R pass (stage6-w60b AI-R record),
03,You can also copy-paste this,translation-candidate,2,1,0,0,28,frappe,in-ledger (no vendor PO location match),,AI-R: confirm prior-approved exclusion at W6-0b AI-R pass (stage6-w60b AI-R record),
03,You have a new message from:,translation-candidate,2,1,0,0,28,frappe,in-ledger (no vendor PO location match),,AI-R: confirm prior-approved exclusion at W6-0b AI-R pass (stage6-w60b AI-R record),
03,You've been invited to join {0}.,translation-candidate,2,1,0,0,32,frappe,in-ledger (no vendor PO location match),,AI-R: confirm prior-approved exclusion at W6-0b AI-R pass (stage6-w60b AI-R record),
03,Your invitation to join {0} has expired.,translation-candidate,2,1,0,0,40,frappe,in-ledger (no vendor PO location match),,AI-R: confirm prior-approved exclusion at W6-0b AI-R pass (stage6-w60b AI-R record),
03,Your old password is incorrect.,translation-candidate,2,1,0,0,31,frappe,in-ledger (no vendor PO location match),,AI-R: confirm prior-approved exclusion at W6-0b AI-R pass (stage6-w60b AI-R record),
03,Your verification code is {0},translation-candidate,2,1,0,0,29,frappe,in-ledger (no vendor PO location match),,AI-R: confirm prior-approved exclusion at W6-0b AI-R pass (stage6-w60b AI-R record),
03,to your browser,translation-candidate,2,1,0,0,15,frappe,in-ledger (no vendor PO location match),,AI-R: confirm prior-approved exclusion at W6-0b AI-R pass (stage6-w60b AI-R record),
03,After Discard,translation-candidate,2,0,3,0,13,frappe,in-ledger (no vendor PO location match),,AI-R: confirm prior-approved exclusion at W6-0b AI-R pass (stage6-w60b AI-R record),
03,Allow delete,translation-candidate,2,0,3,0,12,frappe,in-ledger (no vendor PO location match),,AI-R: confirm prior-approved exclusion at W6-0b AI-R pass (stage6-w60b AI-R record),
03,Allow editing after submit,translation-candidate,2,0,3,0,26,frappe,in-ledger (no vendor PO location match),,AI-R: confirm prior-approved exclusion at W6-0b AI-R pass (stage6-w60b AI-R record),
03,Amend Counter,translation-candidate,2,0,3,0,13,frappe,in-ledger (no vendor PO location match),,AI-R: confirm prior-approved exclusion at W6-0b AI-R pass (stage6-w60b AI-R record),
03,Before Discard,translation-candidate,2,0,3,0,14,frappe,in-ledger (no vendor PO location match),,AI-R: confirm prior-approved exclusion at W6-0b AI-R pass (stage6-w60b AI-R record),
03,Cannot delete standard document state.,translation-candidate,2,0,3,0,38,frappe,in-ledger (no vendor PO location match),,AI-R: confirm prior-approved exclusion at W6-0b AI-R pass (stage6-w60b AI-R record),
03,Confirm Access,translation-candidate,2,0,3,0,14,frappe,in-ledger (no vendor PO location match),,AI-R: confirm prior-approved exclusion at W6-0b AI-R pass (stage6-w60b AI-R record),
03,Confirm Deletion of Account,translation-candidate,2,0,3,0,27,frappe,in-ledger (no vendor PO location match),,AI-R: confirm prior-approved exclusion at W6-0b AI-R pass (stage6-w60b AI-R record),
03,Default Workspace,translation-candidate,2,0,3,0,17,frappe,in-ledger (no vendor PO location match),,AI-R: confirm prior-approved exclusion at W6-0b AI-R pass (stage6-w60b AI-R record),
03,Disable Change Log Notification,translation-candidate,2,0,3,0,31,frappe,in-ledger (no vendor PO location match),,AI-R: confirm prior-approved exclusion at W6-0b AI-R pass (stage6-w60b AI-R record),
03,Enable Push Notification Relay,translation-candidate,2,0,3,0,30,frappe,in-ledger (no vendor PO location match),,AI-R: confirm prior-approved exclusion at W6-0b AI-R pass (stage6-w60b AI-R record),
03,Failed to delete {0} documents: {1},translation-candidate,2,0,3,0,35,frappe,in-ledger (no vendor PO location match),,AI-R: confirm prior-approved exclusion at W6-0b AI-R pass (stage6-w60b AI-R record),
03,Failed to export python type hints,translation-candidate,2,0,3,0,34,frappe,in-ledger (no vendor PO location match),,AI-R: confirm prior-approved exclusion at W6-0b AI-R pass (stage6-w60b AI-R record),
03,Failed to generate preview of series,translation-candidate,2,0,3,0,36,frappe,in-ledger (no vendor PO location match),,AI-R: confirm prior-approved exclusion at W6-0b AI-R pass (stage6-w60b AI-R record),
03,Failed to send notification email,translation-candidate,2,0,3,0,33,frappe,in-ledger (no vendor PO location match),,AI-R: confirm prior-approved exclusion at W6-0b AI-R pass (stage6-w60b AI-R record),
03,Go to Workspace,translation-candidate,2,0,3,0,15,frappe,in-ledger (no vendor PO location match),,AI-R: confirm prior-approved exclusion at W6-0b AI-R pass (stage6-w60b AI-R record),
03,Indexing refresh token,translation-candidate,2,0,3,0,22,frappe,in-ledger (no vendor PO location match),,AI-R: confirm prior-approved exclusion at W6-0b AI-R pass (stage6-w60b AI-R record),
03,Invalid simple filter format: {0},translation-candidate,2,0,3,0,33,frappe,in-ledger (no vendor PO location match),,AI-R: confirm prior-approved exclusion at W6-0b AI-R pass (stage6-w60b AI-R record),
03,LDAP search path for Groups,translation-candidate,2,0,3,0,27,frappe,in-ledger (no vendor PO location match),,AI-R: confirm prior-approved exclusion at W6-0b AI-R pass (stage6-w60b AI-R record),
03,LDAP search path for Users,translation-candidate,2,0,3,0,26,frappe,in-ledger (no vendor PO location match),,AI-R: confirm prior-approved exclusion at W6-0b AI-R pass (stage6-w60b AI-R record),
03,Loading import file...,translation-candidate,2,0,3,0,22,frappe,in-ledger (no vendor PO location match),,AI-R: confirm prior-approved exclusion at W6-0b AI-R pass (stage6-w60b AI-R record),
03,Modal Trigger,translation-candidate,2,0,3,0,13,frappe,in-ledger (no vendor PO location match),,AI-R: confirm prior-approved exclusion at W6-0b AI-R pass (stage6-w60b AI-R record),
03,Module (for export),translation-candidate,2,0,3,0,19,frappe,in-ledger (no vendor PO location match),,AI-R: confirm prior-approved exclusion at W6-0b AI-R pass (stage6-w60b AI-R record),
03,No Preview,translation-candidate,2,0,3,0,10,frappe,in-ledger (no vendor PO location match),,AI-R: confirm prior-approved exclusion at W6-0b AI-R pass (stage6-w60b AI-R record),
03,No Preview Available,translation-candidate,2,0,3,0,20,frappe,in-ledger (no vendor PO location match),,AI-R: confirm prior-approved exclusion at W6-0b AI-R pass (stage6-w60b AI-R record),
03,Notification Summary,translation-candidate,2,0,3,0,20,frappe,in-ledger (no vendor PO location match),,AI-R: confirm prior-approved exclusion at W6-0b AI-R pass (stage6-w60b AI-R record),
03,Please use a valid LDAP search filter,translation-candidate,2,0,3,0,37,frappe,in-ledger (no vendor PO location match),,AI-R: confirm prior-approved exclusion at W6-0b AI-R pass (stage6-w60b AI-R record),
03,Popover or Modal Description,translation-candidate,2,0,3,0,28,frappe,in-ledger (no vendor PO location match),,AI-R: confirm prior-approved exclusion at W6-0b AI-R pass (stage6-w60b AI-R record),
03,Preview of generated names,translation-candidate,2,0,3,0,26,frappe,in-ledger (no vendor PO location match),,AI-R: confirm prior-approved exclusion at W6-0b AI-R pass (stage6-w60b AI-R record),
03,Preview:,translation-candidate,2,0,3,0,8,frappe,in-ledger (no vendor PO location match),,AI-R: confirm prior-approved exclusion at W6-0b AI-R pass (stage6-w60b AI-R record),
03,Select Workspace,translation-candidate,2,0,3,0,16,frappe,in-ledger (no vendor PO location match),,AI-R: confirm prior-approved exclusion at W6-0b AI-R pass (stage6-w60b AI-R record),
03,Show sidebar,translation-candidate,2,0,3,0,12,frappe,in-ledger (no vendor PO location match),,AI-R: confirm prior-approved exclusion at W6-0b AI-R pass (stage6-w60b AI-R record),
03,Welcome Workspace,translation-candidate,2,0,3,0,17,frappe,in-ledger (no vendor PO location match),,AI-R: confirm prior-approved exclusion at W6-0b AI-R pass (stage6-w60b AI-R record),
03,Workspace Chart,translation-candidate,2,0,3,0,15,frappe,in-ledger (no vendor PO location match),,AI-R: confirm prior-approved exclusion at W6-0b AI-R pass (stage6-w60b AI-R record),
03,Workspace Custom Block,translation-candidate,2,0,3,0,22,frappe,in-ledger (no vendor PO location match),,AI-R: confirm prior-approved exclusion at W6-0b AI-R pass (stage6-w60b AI-R record),
03,Workspace Manager,translation-candidate,2,0,3,0,17,frappe,in-ledger (no vendor PO location match),,AI-R: confirm prior-approved exclusion at W6-0b AI-R pass (stage6-w60b AI-R record),
03,Workspace Number Card,translation-candidate,2,0,3,0,21,frappe,in-ledger (no vendor PO location match),,AI-R: confirm prior-approved exclusion at W6-0b AI-R pass (stage6-w60b AI-R record),
03,Workspace Settings,translation-candidate,2,0,3,0,18,frappe,in-ledger (no vendor PO location match),,AI-R: confirm prior-approved exclusion at W6-0b AI-R pass (stage6-w60b AI-R record),
03,Workspace Setup Completed,translation-candidate,2,0,3,0,25,frappe,in-ledger (no vendor PO location match),,AI-R: confirm prior-approved exclusion at W6-0b AI-R pass (stage6-w60b AI-R record),
03,Workspace Shortcut,translation-candidate,2,0,3,0,18,frappe,in-ledger (no vendor PO location match),,AI-R: confirm prior-approved exclusion at W6-0b AI-R pass (stage6-w60b AI-R record),
03,Workspace Visibility,translation-candidate,2,0,3,0,20,frappe,in-ledger (no vendor PO location match),,AI-R: confirm prior-approved exclusion at W6-0b AI-R pass (stage6-w60b AI-R record),
03,API Keys,translation-candidate,2,0,2,0,8,frappe,in-ledger (no vendor PO location match),,AI-R: confirm prior-approved exclusion at W6-0b AI-R pass (stage6-w60b AI-R record),
03,API Logging,translation-candidate,2,0,2,0,11,frappe,in-ledger (no vendor PO location match),,AI-R: confirm prior-approved exclusion at W6-0b AI-R pass (stage6-w60b AI-R record),
03,API Request Log,translation-candidate,2,0,2,0,15,frappe,in-ledger (no vendor PO location match),,AI-R: confirm prior-approved exclusion at W6-0b AI-R pass (stage6-w60b AI-R record),
03,About Us Settings,translation-candidate,2,0,2,0,17,frappe,in-ledger (no vendor PO location match),,AI-R: confirm prior-approved exclusion at W6-0b AI-R pass (stage6-w60b AI-R record),
03,Accepted At,translation-candidate,2,0,2,0,11,frappe,in-ledger (no vendor PO location match),,AI-R: confirm prior-approved exclusion at W6-0b AI-R pass (stage6-w60b AI-R record),
03,Action Label,translation-candidate,2,0,2,0,12,frappe,in-ledger (no vendor PO location match),,AI-R: confirm prior-approved exclusion at W6-0b AI-R pass (stage6-w60b AI-R record),
03,Active Directory,translation-candidate,2,0,2,0,16,frappe,in-ledger (no vendor PO location match),,AI-R: confirm prior-approved exclusion at W6-0b AI-R pass (stage6-w60b AI-R record),
03,Address Line 1,translation-candidate,2,0,2,0,14,frappe,in-ledger (no vendor PO location match),,AI-R: confirm prior-approved exclusion at W6-0b AI-R pass (stage6-w60b AI-R record),
03,Address Line 2,translation-candidate,2,0,2,0,14,frappe,in-ledger (no vendor PO location match),,AI-R: confirm prior-approved exclusion at W6-0b AI-R pass (stage6-w60b AI-R record),
03,After Insert,translation-candidate,2,0,2,0,12,frappe,in-ledger (no vendor PO location match),,AI-R: confirm prior-approved exclusion at W6-0b AI-R pass (stage6-w60b AI-R record),
03,Allow Bulk Editing,translation-candidate,2,0,2,0,18,frappe,in-ledger (no vendor PO location match),,AI-R: confirm prior-approved exclusion at W6-0b AI-R pass (stage6-w60b AI-R record),
03,Allow comments,translation-candidate,2,0,2,0,14,frappe,in-ledger (no vendor PO location match),,AI-R: confirm prior-approved exclusion at W6-0b AI-R pass (stage6-w60b AI-R record),
03,Allow print,translation-candidate,2,0,2,0,11,frappe,in-ledger (no vendor PO location match),,AI-R: confirm prior-approved exclusion at W6-0b AI-R pass (stage6-w60b AI-R record),
03,Allowed Modules,translation-candidate,2,0,2,0,15,frappe,in-ledger (no vendor PO location match),,AI-R: confirm prior-approved exclusion at W6-0b AI-R pass (stage6-w60b AI-R record),
03,Allowed Roles,translation-candidate,2,0,2,0,13,frappe,in-ledger (no vendor PO location match),,AI-R: confirm prior-approved exclusion at W6-0b AI-R pass (stage6-w60b AI-R record),
03,Alternative Email ID,translation-candidate,2,0,2,0,20,frappe,in-ledger (no vendor PO location match),,AI-R: confirm prior-approved exclusion at W6-0b AI-R pass (stage6-w60b AI-R record),
03,Always BCC Address,translation-candidate,2,0,2,0,18,frappe,in-ledger (no vendor PO location match),,AI-R: confirm prior-approved exclusion at W6-0b AI-R pass (stage6-w60b AI-R record),
03,Amended Documents,translation-candidate,2,0,2,0,17,frappe,in-ledger (no vendor PO location match),,AI-R: confirm prior-approved exclusion at W6-0b AI-R pass (stage6-w60b AI-R record),
03,Amended From,translation-candidate,2,0,2,0,12,frappe,in-ledger (no vendor PO location match),,AI-R: confirm prior-approved exclusion at W6-0b AI-R pass (stage6-w60b AI-R record),
03,Announcement Widget,translation-candidate,2,0,2,0,19,frappe,in-ledger (no vendor PO location match),,AI-R: confirm prior-approved exclusion at W6-0b AI-R pass (stage6-w60b AI-R record),
03,Anonymization Matrix,translation-candidate,2,0,2,0,20,frappe,in-ledger (no vendor PO location match),,AI-R: confirm prior-approved exclusion at W6-0b AI-R pass (stage6-w60b AI-R record),
03,Anonymous responses,translation-candidate,2,0,2,0,19,frappe,in-ledger (no vendor PO location match),,AI-R: confirm prior-approved exclusion at W6-0b AI-R pass (stage6-w60b AI-R record),
03,App ID,translation-candidate,2,0,2,0,6,frappe,in-ledger (no vendor PO location match),,AI-R: confirm prior-approved exclusion at W6-0b AI-R pass (stage6-w60b AI-R record),
03,App Logo,translation-candidate,2,0,2,0,8,frappe,in-ledger (no vendor PO location match),,AI-R: confirm prior-approved exclusion at W6-0b AI-R pass (stage6-w60b AI-R record),
03,Applicable For,translation-candidate,2,0,2,0,14,frappe,in-ledger (no vendor PO location match),,AI-R: confirm prior-approved exclusion at W6-0b AI-R pass (stage6-w60b AI-R record),
03,Applies To (DocType),translation-candidate,2,0,2,0,20,frappe,in-ledger (no vendor PO location match),,AI-R: confirm prior-approved exclusion at W6-0b AI-R pass (stage6-w60b AI-R record),
03,Apply To,translation-candidate,2,0,2,0,8,frappe,in-ledger (no vendor PO location match),,AI-R: confirm prior-approved exclusion at W6-0b AI-R pass (stage6-w60b AI-R record),
03,Attachment Settings,translation-candidate,2,0,2,0,19,frappe,in-ledger (no vendor PO location match),,AI-R: confirm prior-approved exclusion at W6-0b AI-R pass (stage6-w60b AI-R record),
03,Audit System Hooks,translation-candidate,2,0,2,0,18,frappe,in-ledger (no vendor PO location match),,AI-R: confirm prior-approved exclusion at W6-0b AI-R pass (stage6-w60b AI-R record),
03,Audit Trail,translation-candidate,2,0,2,0,11,frappe,in-ledger (no vendor PO location match),,AI-R: confirm prior-approved exclusion at W6-0b AI-R pass (stage6-w60b AI-R record),
03,Authorization URI,translation-candidate,2,0,2,0,17,frappe,in-ledger (no vendor PO location match),,AI-R: confirm prior-approved exclusion at W6-0b AI-R pass (stage6-w60b AI-R record),
03,Authorize API Access,translation-candidate,2,0,2,0,20,frappe,in-ledger (no vendor PO location match),,AI-R: confirm prior-approved exclusion at W6-0b AI-R pass (stage6-w60b AI-R record),
03,Auto Repeat Day,translation-candidate,2,0,2,0,15,frappe,in-ledger (no vendor PO location match),,AI-R: confirm prior-approved exclusion at W6-0b AI-R pass (stage6-w60b AI-R record),
03,Auto Repeat Schedule,translation-candidate,2,0,2,0,20,frappe,in-ledger (no vendor PO location match),,AI-R: confirm prior-approved exclusion at W6-0b AI-R pass (stage6-w60b AI-R record),
03,Auto Repeat User,translation-candidate,2,0,2,0,16,frappe,in-ledger (no vendor PO location match),,AI-R: confirm prior-approved exclusion at W6-0b AI-R pass (stage6-w60b AI-R record),
03,Backups (MB),translation-candidate,2,0,2,0,12,frappe,in-ledger (no vendor PO location match),,AI-R: confirm prior-approved exclusion at W6-0b AI-R pass (stage6-w60b AI-R record),
03,Bad Cron Expression,translation-candidate,2,0,2,0,19,frappe,in-ledger (no vendor PO location match),,AI-R: confirm prior-approved exclusion at W6-0b AI-R pass (stage6-w60b AI-R record),
03,Based On,translation-candidate,2,0,2,0,8,frappe,in-ledger (no vendor PO location match),,AI-R: confirm prior-approved exclusion at W6-0b AI-R pass (stage6-w60b AI-R record),
03,Basic Info,translation-candidate,2,0,2,0,10,frappe,in-ledger (no vendor PO location match),,AI-R: confirm prior-approved exclusion at W6-0b AI-R pass (stage6-w60b AI-R record),
03,Before Validate,translation-candidate,2,0,2,0,15,frappe,in-ledger (no vendor PO location match),,AI-R: confirm prior-approved exclusion at W6-0b AI-R pass (stage6-w60b AI-R record),
03,Binary Logging,translation-candidate,2,0,2,0,14,frappe,in-ledger (no vendor PO location match),,AI-R: confirm prior-approved exclusion at W6-0b AI-R pass (stage6-w60b AI-R record),
03,Bufferpool Size,translation-candidate,2,0,2,0,15,frappe,in-ledger (no vendor PO location match),,AI-R: confirm prior-approved exclusion at W6-0b AI-R pass (stage6-w60b AI-R record),
03,Build {0},translation-candidate,2,0,2,0,9,frappe,in-ledger (no vendor PO location match),,AI-R: confirm prior-approved exclusion at W6-0b AI-R pass (stage6-w60b AI-R record),
03,Button Color,translation-candidate,2,0,2,0,12,frappe,in-ledger (no vendor PO location match),,AI-R: confirm prior-approved exclusion at W6-0b AI-R pass (stage6-w60b AI-R record),
03,Cannot Fetch Values,translation-candidate,2,0,2,0,19,frappe,in-ledger (no vendor PO location match),,AI-R: confirm prior-approved exclusion at W6-0b AI-R pass (stage6-w60b AI-R record),
03,Card Break,translation-candidate,2,0,2,0,10,frappe,in-ledger (no vendor PO location match),,AI-R: confirm prior-approved exclusion at W6-0b AI-R pass (stage6-w60b AI-R record),
03,Changed at,translation-candidate,2,0,2,0,10,frappe,in-ledger (no vendor PO location match),,AI-R: confirm prior-approved exclusion at W6-0b AI-R pass (stage6-w60b AI-R record),
03,Changed by,translation-candidate,2,0,2,0,10,frappe,in-ledger (no vendor PO location match),,AI-R: confirm prior-approved exclusion at W6-0b AI-R pass (stage6-w60b AI-R record),
03,Changelog Feed,translation-candidate,2,0,2,0,14,frappe,in-ledger (no vendor PO location match),,AI-R: confirm prior-approved exclusion at W6-0b AI-R pass (stage6-w60b AI-R record),
04,Child Doctype,translation-candidate,2,0,2,0,13,frappe,in-ledger (no vendor PO location match),,AI-R: confirm prior-approved exclusion at W6-0b AI-R pass (stage6-w60b AI-R record),
04,Click here,translation-candidate,2,0,2,0,10,frappe,in-ledger (no vendor PO location match),,AI-R: confirm prior-approved exclusion at W6-0b AI-R pass (stage6-w60b AI-R record),
04,Click to Set Filters,translation-candidate,2,0,2,0,20,frappe,in-ledger (no vendor PO location match),,AI-R: confirm prior-approved exclusion at W6-0b AI-R pass (stage6-w60b AI-R record),
04,Client Id,translation-candidate,2,0,2,0,9,frappe,in-ledger (no vendor PO location match),,AI-R: confirm prior-approved exclusion at W6-0b AI-R pass (stage6-w60b AI-R record),
04,Client Metadata,translation-candidate,2,0,2,0,15,frappe,in-ledger (no vendor PO location match),,AI-R: confirm prior-approved exclusion at W6-0b AI-R pass (stage6-w60b AI-R record),
04,Client Secret Basic,translation-candidate,2,0,2,0,19,frappe,in-ledger (no vendor PO location match),,AI-R: confirm prior-approved exclusion at W6-0b AI-R pass (stage6-w60b AI-R record),
04,Client Secret Post,translation-candidate,2,0,2,0,18,frappe,in-ledger (no vendor PO location match),,AI-R: confirm prior-approved exclusion at W6-0b AI-R pass (stage6-w60b AI-R record),
04,Client URI,translation-candidate,2,0,2,0,10,frappe,in-ledger (no vendor PO location match),,AI-R: confirm prior-approved exclusion at W6-0b AI-R pass (stage6-w60b AI-R record),
04,Client script,translation-candidate,2,0,2,0,13,frappe,in-ledger (no vendor PO location match),,AI-R: confirm prior-approved exclusion at W6-0b AI-R pass (stage6-w60b AI-R record),
04,Code Challenge,translation-candidate,2,0,2,0,14,frappe,in-ledger (no vendor PO location match),,AI-R: confirm prior-approved exclusion at W6-0b AI-R pass (stage6-w60b AI-R record),
04,Code Editor Type,translation-candidate,2,0,2,0,16,frappe,in-ledger (no vendor PO location match),,AI-R: confirm prior-approved exclusion at W6-0b AI-R pass (stage6-w60b AI-R record),
04,Column 1,translation-candidate,2,0,2,0,8,frappe,in-ledger (no vendor PO location match),,AI-R: confirm prior-approved exclusion at W6-0b AI-R pass (stage6-w60b AI-R record),
04,Column 2,translation-candidate,2,0,2,0,8,frappe,in-ledger (no vendor PO location match),,AI-R: confirm prior-approved exclusion at W6-0b AI-R pass (stage6-w60b AI-R record),
04,Column {0},translation-candidate,2,0,2,0,10,frappe,in-ledger (no vendor PO location match),,AI-R: confirm prior-approved exclusion at W6-0b AI-R pass (stage6-w60b AI-R record),
04,Communication Date,translation-candidate,2,0,2,0,18,frappe,in-ledger (no vendor PO location match),,AI-R: confirm prior-approved exclusion at W6-0b AI-R pass (stage6-w60b AI-R record),
04,Communication Logs,translation-candidate,2,0,2,0,18,frappe,in-ledger (no vendor PO location match),,AI-R: confirm prior-approved exclusion at W6-0b AI-R pass (stage6-w60b AI-R record),
04,Company Name,translation-candidate,2,0,2,0,12,frappe,in-ledger (no vendor PO location match),,AI-R: confirm prior-approved exclusion at W6-0b AI-R pass (stage6-w60b AI-R record),
04,Compilation warning,translation-candidate,2,0,2,0,19,frappe,in-ledger (no vendor PO location match),,AI-R: confirm prior-approved exclusion at W6-0b AI-R pass (stage6-w60b AI-R record),
04,Completed By Role,translation-candidate,2,0,2,0,17,frappe,in-ledger (no vendor PO location match),,AI-R: confirm prior-approved exclusion at W6-0b AI-R pass (stage6-w60b AI-R record),
04,Completed By User,translation-candidate,2,0,2,0,17,frappe,in-ledger (no vendor PO location match),,AI-R: confirm prior-approved exclusion at W6-0b AI-R pass (stage6-w60b AI-R record),
04,Condition JSON,translation-candidate,2,0,2,0,14,frappe,in-ledger (no vendor PO location match),,AI-R: confirm prior-approved exclusion at W6-0b AI-R pass (stage6-w60b AI-R record),
04,Condition Type,translation-candidate,2,0,2,0,14,frappe,in-ledger (no vendor PO location match),,AI-R: confirm prior-approved exclusion at W6-0b AI-R pass (stage6-w60b AI-R record),
04,Configure Recorder,translation-candidate,2,0,2,0,18,frappe,in-ledger (no vendor PO location match),,AI-R: confirm prior-approved exclusion at W6-0b AI-R pass (stage6-w60b AI-R record),
04,Connect to {},translation-candidate,2,0,2,0,13,frappe,in-ledger (no vendor PO location match),,AI-R: confirm prior-approved exclusion at W6-0b AI-R pass (stage6-w60b AI-R record),
04,Connected App,translation-candidate,2,0,2,0,13,frappe,in-ledger (no vendor PO location match),,AI-R: confirm prior-approved exclusion at W6-0b AI-R pass (stage6-w60b AI-R record),
04,Connected User,translation-candidate,2,0,2,0,14,frappe,in-ledger (no vendor PO location match),,AI-R: confirm prior-approved exclusion at W6-0b AI-R pass (stage6-w60b AI-R record),
04,Contact Us Settings,translation-candidate,2,0,2,0,19,frappe,in-ledger (no vendor PO location match),,AI-R: confirm prior-approved exclusion at W6-0b AI-R pass (stage6-w60b AI-R record),
04,Correct version :,translation-candidate,2,0,2,0,17,frappe,in-ledger (no vendor PO location match),,AI-R: confirm prior-approved exclusion at W6-0b AI-R pass (stage6-w60b AI-R record),
04,Could not start up:,translation-candidate,2,0,2,0,19,frappe,in-ledger (no vendor PO location match),,AI-R: confirm prior-approved exclusion at W6-0b AI-R pass (stage6-w60b AI-R record),
04,Created At,translation-candidate,2,0,2,0,10,frappe,in-ledger (no vendor PO location match),,AI-R: confirm prior-approved exclusion at W6-0b AI-R pass (stage6-w60b AI-R record),
04,Current Job ID,translation-candidate,2,0,2,0,14,frappe,in-ledger (no vendor PO location match),,AI-R: confirm prior-approved exclusion at W6-0b AI-R pass (stage6-w60b AI-R record),
04,Current Value,translation-candidate,2,0,2,0,13,frappe,in-ledger (no vendor PO location match),,AI-R: confirm prior-approved exclusion at W6-0b AI-R pass (stage6-w60b AI-R record),
04,Custom Blocks,translation-candidate,2,0,2,0,13,frappe,in-ledger (no vendor PO location match),,AI-R: confirm prior-approved exclusion at W6-0b AI-R pass (stage6-w60b AI-R record),
04,Custom Delimiters,translation-candidate,2,0,2,0,17,frappe,in-ledger (no vendor PO location match),,AI-R: confirm prior-approved exclusion at W6-0b AI-R pass (stage6-w60b AI-R record),
04,Custom Footer,translation-candidate,2,0,2,0,13,frappe,in-ledger (no vendor PO location match),,AI-R: confirm prior-approved exclusion at W6-0b AI-R pass (stage6-w60b AI-R record),
04,Custom Label,translation-candidate,2,0,2,0,12,frappe,in-ledger (no vendor PO location match),,AI-R: confirm prior-approved exclusion at W6-0b AI-R pass (stage6-w60b AI-R record),
04,Custom Translation,translation-candidate,2,0,2,0,18,frappe,in-ledger (no vendor PO location match),,AI-R: confirm prior-approved exclusion at W6-0b AI-R pass (stage6-w60b AI-R record),
04,Customize Form - {0},translation-candidate,2,0,2,0,20,frappe,in-ledger (no vendor PO location match),,AI-R: confirm prior-approved exclusion at W6-0b AI-R pass (stage6-w60b AI-R record),
04,Daily Maintenance,translation-candidate,2,0,2,0,17,frappe,in-ledger (no vendor PO location match),,AI-R: confirm prior-approved exclusion at W6-0b AI-R pass (stage6-w60b AI-R record),
04,Database Processes,translation-candidate,2,0,2,0,18,frappe,in-ledger (no vendor PO location match),,AI-R: confirm prior-approved exclusion at W6-0b AI-R pass (stage6-w60b AI-R record),
04,Database Version,translation-candidate,2,0,2,0,16,frappe,in-ledger (no vendor PO location match),,AI-R: confirm prior-approved exclusion at W6-0b AI-R pass (stage6-w60b AI-R record),
04,Debug Log,translation-candidate,2,0,2,0,9,frappe,in-ledger (no vendor PO location match),,AI-R: confirm prior-approved exclusion at W6-0b AI-R pass (stage6-w60b AI-R record),
04,Default App,translation-candidate,2,0,2,0,11,frappe,in-ledger (no vendor PO location match),,AI-R: confirm prior-approved exclusion at W6-0b AI-R pass (stage6-w60b AI-R record),
04,Default Naming,translation-candidate,2,0,2,0,14,frappe,in-ledger (no vendor PO location match),,AI-R: confirm prior-approved exclusion at W6-0b AI-R pass (stage6-w60b AI-R record),
04,Default User Role,translation-candidate,2,0,2,0,17,frappe,in-ledger (no vendor PO location match),,AI-R: confirm prior-approved exclusion at W6-0b AI-R pass (stage6-w60b AI-R record),
04,Default User Type,translation-candidate,2,0,2,0,17,frappe,in-ledger (no vendor PO location match),,AI-R: confirm prior-approved exclusion at W6-0b AI-R pass (stage6-w60b AI-R record),
04,Defaults Updated,translation-candidate,2,0,2,0,16,frappe,in-ledger (no vendor PO location match),,AI-R: confirm prior-approved exclusion at W6-0b AI-R pass (stage6-w60b AI-R record),
04,Deletion Steps,translation-candidate,2,0,2,0,14,frappe,in-ledger (no vendor PO location match),,AI-R: confirm prior-approved exclusion at W6-0b AI-R pass (stage6-w60b AI-R record),
04,Delimiter Options,translation-candidate,2,0,2,0,17,frappe,in-ledger (no vendor PO location match),,AI-R: confirm prior-approved exclusion at W6-0b AI-R pass (stage6-w60b AI-R record),
04,Delivery Status,translation-candidate,2,0,2,0,15,frappe,in-ledger (no vendor PO location match),,AI-R: confirm prior-approved exclusion at W6-0b AI-R pass (stage6-w60b AI-R record),
04,Desk Settings,translation-candidate,2,0,2,0,13,frappe,in-ledger (no vendor PO location match),,AI-R: confirm prior-approved exclusion at W6-0b AI-R pass (stage6-w60b AI-R record),
04,Desk Theme,translation-candidate,2,0,2,0,10,frappe,in-ledger (no vendor PO location match),,AI-R: confirm prior-approved exclusion at W6-0b AI-R pass (stage6-w60b AI-R record),
04,Desk User,translation-candidate,2,0,2,0,9,frappe,in-ledger (no vendor PO location match),,AI-R: confirm prior-approved exclusion at W6-0b AI-R pass (stage6-w60b AI-R record),
04,Desktop Settings,translation-candidate,2,0,2,0,16,frappe,in-ledger (no vendor PO location match),,AI-R: confirm prior-approved exclusion at W6-0b AI-R pass (stage6-w60b AI-R record),
04,Detect CSV type,translation-candidate,2,0,2,0,15,frappe,in-ledger (no vendor PO location match),,AI-R: confirm prior-approved exclusion at W6-0b AI-R pass (stage6-w60b AI-R record),
04,Directory Server,translation-candidate,2,0,2,0,16,frappe,in-ledger (no vendor PO location match),,AI-R: confirm prior-approved exclusion at W6-0b AI-R pass (stage6-w60b AI-R record),
04,Disable Scrolling,translation-candidate,2,0,2,0,17,frappe,in-ledger (no vendor PO location match),,AI-R: confirm prior-approved exclusion at W6-0b AI-R pass (stage6-w60b AI-R record),
04,Disable signups,translation-candidate,2,0,2,0,15,frappe,in-ledger (no vendor PO location match),,AI-R: confirm prior-approved exclusion at W6-0b AI-R pass (stage6-w60b AI-R record),
04,DocType Layout Field,translation-candidate,2,0,2,0,20,frappe,in-ledger (no vendor PO location match),,AI-R: confirm prior-approved exclusion at W6-0b AI-R pass (stage6-w60b AI-R record),
04,DocType State,translation-candidate,2,0,2,0,13,frappe,in-ledger (no vendor PO location match),,AI-R: confirm prior-approved exclusion at W6-0b AI-R pass (stage6-w60b AI-R record),
04,DocType {} not found,translation-candidate,2,0,2,0,20,frappe,in-ledger (no vendor PO location match),,AI-R: confirm prior-approved exclusion at W6-0b AI-R pass (stage6-w60b AI-R record),
04,Document Linking,translation-candidate,2,0,2,0,16,frappe,in-ledger (no vendor PO location match),,AI-R: confirm prior-approved exclusion at W6-0b AI-R pass (stage6-w60b AI-R record),
04,Document Unlocked,translation-candidate,2,0,2,0,17,frappe,in-ledger (no vendor PO location match),,AI-R: confirm prior-approved exclusion at W6-0b AI-R pass (stage6-w60b AI-R record),
04,Domain Name,translation-candidate,2,0,2,0,11,frappe,in-ledger (no vendor PO location match),,AI-R: confirm prior-approved exclusion at W6-0b AI-R pass (stage6-w60b AI-R record),
04,Download Backups,translation-candidate,2,0,2,0,16,frappe,in-ledger (no vendor PO location match),,AI-R: confirm prior-approved exclusion at W6-0b AI-R pass (stage6-w60b AI-R record),
04,Download Template,translation-candidate,2,0,2,0,17,frappe,in-ledger (no vendor PO location match),,AI-R: confirm prior-approved exclusion at W6-0b AI-R pass (stage6-w60b AI-R record),
04,Download as CSV,translation-candidate,2,0,2,0,15,frappe,in-ledger (no vendor PO location match),,AI-R: confirm prior-approved exclusion at W6-0b AI-R pass (stage6-w60b AI-R record),
04,Download vCard,translation-candidate,2,0,2,0,14,frappe,in-ledger (no vendor PO location match),,AI-R: confirm prior-approved exclusion at W6-0b AI-R pass (stage6-w60b AI-R record),
04,Download vCards,translation-candidate,2,0,2,0,15,frappe,in-ledger (no vendor PO location match),,AI-R: confirm prior-approved exclusion at W6-0b AI-R pass (stage6-w60b AI-R record),
04,Element Selector,translation-candidate,2,0,2,0,16,frappe,in-ledger (no vendor PO location match),,AI-R: confirm prior-approved exclusion at W6-0b AI-R pass (stage6-w60b AI-R record),
04,Email Domain,translation-candidate,2,0,2,0,12,frappe,in-ledger (no vendor PO location match),,AI-R: confirm prior-approved exclusion at W6-0b AI-R pass (stage6-w60b AI-R record),
04,Email Header,translation-candidate,2,0,2,0,12,frappe,in-ledger (no vendor PO location match),,AI-R: confirm prior-approved exclusion at W6-0b AI-R pass (stage6-w60b AI-R record),
04,Email ID,translation-candidate,2,0,2,0,8,frappe,in-ledger (no vendor PO location match),,AI-R: confirm prior-approved exclusion at W6-0b AI-R pass (stage6-w60b AI-R record),
04,Email Id,translation-candidate,2,0,2,0,8,frappe,in-ledger (no vendor PO location match),,AI-R: confirm prior-approved exclusion at W6-0b AI-R pass (stage6-w60b AI-R record),
04,Email Queue records.,translation-candidate,2,0,2,0,20,frappe,in-ledger (no vendor PO location match),,AI-R: confirm prior-approved exclusion at W6-0b AI-R pass (stage6-w60b AI-R record),
04,Email Retry Limit,translation-candidate,2,0,2,0,17,frappe,in-ledger (no vendor PO location match),,AI-R: confirm prior-approved exclusion at W6-0b AI-R pass (stage6-w60b AI-R record),
04,Email Sent At,translation-candidate,2,0,2,0,13,frappe,in-ledger (no vendor PO location match),,AI-R: confirm prior-approved exclusion at W6-0b AI-R pass (stage6-w60b AI-R record),
04,Emails Pulled,translation-candidate,2,0,2,0,13,frappe,in-ledger (no vendor PO location match),,AI-R: confirm prior-approved exclusion at W6-0b AI-R pass (stage6-w60b AI-R record),
04,Embed code copied,translation-candidate,2,0,2,0,17,frappe,in-ledger (no vendor PO location match),,AI-R: confirm prior-approved exclusion at W6-0b AI-R pass (stage6-w60b AI-R record),
04,Enable Rate Limit,translation-candidate,2,0,2,0,17,frappe,in-ledger (no vendor PO location match),,AI-R: confirm prior-approved exclusion at W6-0b AI-R pass (stage6-w60b AI-R record),
04,Enable Scheduler,translation-candidate,2,0,2,0,16,frappe,in-ledger (no vendor PO location match),,AI-R: confirm prior-approved exclusion at W6-0b AI-R pass (stage6-w60b AI-R record),
04,Enabled Scheduler,translation-candidate,2,0,2,0,17,frappe,in-ledger (no vendor PO location match),,AI-R: confirm prior-approved exclusion at W6-0b AI-R pass (stage6-w60b AI-R record),
04,Encrypt Backups,translation-candidate,2,0,2,0,15,frappe,in-ledger (no vendor PO location match),,AI-R: confirm prior-approved exclusion at W6-0b AI-R pass (stage6-w60b AI-R record),
04,Ended At,translation-candidate,2,0,2,0,8,frappe,in-ledger (no vendor PO location match),,AI-R: confirm prior-approved exclusion at W6-0b AI-R pass (stage6-w60b AI-R record),
04,Enqueued By,translation-candidate,2,0,2,0,11,frappe,in-ledger (no vendor PO location match),,AI-R: confirm prior-approved exclusion at W6-0b AI-R pass (stage6-w60b AI-R record),
04,Entity Type,translation-candidate,2,0,2,0,11,frappe,in-ledger (no vendor PO location match),,AI-R: confirm prior-approved exclusion at W6-0b AI-R pass (stage6-w60b AI-R record),
04,Error Logs,translation-candidate,2,0,2,0,10,frappe,in-ledger (no vendor PO location match),,AI-R: confirm prior-approved exclusion at W6-0b AI-R pass (stage6-w60b AI-R record),
04,Error Message,translation-candidate,2,0,2,0,13,frappe,in-ledger (no vendor PO location match),,AI-R: confirm prior-approved exclusion at W6-0b AI-R pass (stage6-w60b AI-R record),
04,Error {0}: {1},translation-candidate,2,0,2,0,14,frappe,in-ledger (no vendor PO location match),,AI-R: confirm prior-approved exclusion at W6-0b AI-R pass (stage6-w60b AI-R record),
04,Event Frequency,translation-candidate,2,0,2,0,15,frappe,in-ledger (no vendor PO location match),,AI-R: confirm prior-approved exclusion at W6-0b AI-R pass (stage6-w60b AI-R record),
04,Exact Copies,translation-candidate,2,0,2,0,12,frappe,in-ledger (no vendor PO location match),,AI-R: confirm prior-approved exclusion at W6-0b AI-R pass (stage6-w60b AI-R record),
04,Existing Role,translation-candidate,2,0,2,0,13,frappe,in-ledger (no vendor PO location match),,AI-R: confirm prior-approved exclusion at W6-0b AI-R pass (stage6-w60b AI-R record),
04,Expires On,translation-candidate,2,0,2,0,10,frappe,in-ledger (no vendor PO location match),,AI-R: confirm prior-approved exclusion at W6-0b AI-R pass (stage6-w60b AI-R record),
04,Extra Parameters,translation-candidate,2,0,2,0,16,frappe,in-ledger (no vendor PO location match),,AI-R: confirm prior-approved exclusion at W6-0b AI-R pass (stage6-w60b AI-R record),
04,Failed Emails,translation-candidate,2,0,2,0,13,frappe,in-ledger (no vendor PO location match),,AI-R: confirm prior-approved exclusion at W6-0b AI-R pass (stage6-w60b AI-R record),
04,Failed Job Count,translation-candidate,2,0,2,0,16,frappe,in-ledger (no vendor PO location match),,AI-R: confirm prior-approved exclusion at W6-0b AI-R pass (stage6-w60b AI-R record),
04,Failed Jobs,translation-candidate,2,0,2,0,11,frappe,in-ledger (no vendor PO location match),,AI-R: confirm prior-approved exclusion at W6-0b AI-R pass (stage6-w60b AI-R record),
04,Failure Rate,translation-candidate,2,0,2,0,12,frappe,in-ledger (no vendor PO location match),,AI-R: confirm prior-approved exclusion at W6-0b AI-R pass (stage6-w60b AI-R record),
04,Field Missing,translation-candidate,2,0,2,0,13,frappe,in-ledger (no vendor PO location match),,AI-R: confirm prior-approved exclusion at W6-0b AI-R pass (stage6-w60b AI-R record),
04,Field Name,translation-candidate,2,0,2,0,10,frappe,in-ledger (no vendor PO location match),,AI-R: confirm prior-approved exclusion at W6-0b AI-R pass (stage6-w60b AI-R record),
04,File Storage,translation-candidate,2,0,2,0,12,frappe,in-ledger (no vendor PO location match),,AI-R: confirm prior-approved exclusion at W6-0b AI-R pass (stage6-w60b AI-R record),
04,Filtered By,translation-candidate,2,0,2,0,11,frappe,in-ledger (no vendor PO location match),,AI-R: confirm prior-approved exclusion at W6-0b AI-R pass (stage6-w60b AI-R record),
04,Filters Editor,translation-candidate,2,0,2,0,14,frappe,in-ledger (no vendor PO location match),,AI-R: confirm prior-approved exclusion at W6-0b AI-R pass (stage6-w60b AI-R record),
04,Finished At,translation-candidate,2,0,2,0,11,frappe,in-ledger (no vendor PO location match),,AI-R: confirm prior-approved exclusion at W6-0b AI-R pass (stage6-w60b AI-R record),
04,Folder Name,translation-candidate,2,0,2,0,11,frappe,in-ledger (no vendor PO location match),,AI-R: confirm prior-approved exclusion at W6-0b AI-R pass (stage6-w60b AI-R record),
04,Footer Based On,translation-candidate,2,0,2,0,15,frappe,in-ledger (no vendor PO location match),,AI-R: confirm prior-approved exclusion at W6-0b AI-R pass (stage6-w60b AI-R record),
04,Footer Content,translation-candidate,2,0,2,0,14,frappe,in-ledger (no vendor PO location match),,AI-R: confirm prior-approved exclusion at W6-0b AI-R pass (stage6-w60b AI-R record),
04,Footer Details,translation-candidate,2,0,2,0,14,frappe,in-ledger (no vendor PO location match),,AI-R: confirm prior-approved exclusion at W6-0b AI-R pass (stage6-w60b AI-R record),
04,Footer Image,translation-candidate,2,0,2,0,12,frappe,in-ledger (no vendor PO location match),,AI-R: confirm prior-approved exclusion at W6-0b AI-R pass (stage6-w60b AI-R record),
04,Footer Script,translation-candidate,2,0,2,0,13,frappe,in-ledger (no vendor PO location match),,AI-R: confirm prior-approved exclusion at W6-0b AI-R pass (stage6-w60b AI-R record),
04,For DocType,translation-candidate,2,0,2,0,11,frappe,in-ledger (no vendor PO location match),,AI-R: confirm prior-approved exclusion at W6-0b AI-R pass (stage6-w60b AI-R record),
04,For Document,translation-candidate,2,0,2,0,12,frappe,in-ledger (no vendor PO location match),,AI-R: confirm prior-approved exclusion at W6-0b AI-R pass (stage6-w60b AI-R record),
04,Force Stop job,translation-candidate,2,0,2,0,14,frappe,in-ledger (no vendor PO location match),,AI-R: confirm prior-approved exclusion at W6-0b AI-R pass (stage6-w60b AI-R record),
04,Form Builder,translation-candidate,2,0,2,0,12,frappe,in-ledger (no vendor PO location match),,AI-R: confirm prior-approved exclusion at W6-0b AI-R pass (stage6-w60b AI-R record),
04,Form Dict,translation-candidate,2,0,2,0,9,frappe,in-ledger (no vendor PO location match),,AI-R: confirm prior-approved exclusion at W6-0b AI-R pass (stage6-w60b AI-R record),
04,Form Tour Step,translation-candidate,2,0,2,0,14,frappe,in-ledger (no vendor PO location match),,AI-R: confirm prior-approved exclusion at W6-0b AI-R pass (stage6-w60b AI-R record),
04,Frappe Mail,translation-candidate,2,0,2,0,11,frappe,in-ledger (no vendor PO location match),,AI-R: confirm prior-approved exclusion at W6-0b AI-R pass (stage6-w60b AI-R record),
04,Frappe Mail Site,translation-candidate,2,0,2,0,16,frappe,in-ledger (no vendor PO location match),,AI-R: confirm prior-approved exclusion at W6-0b AI-R pass (stage6-w60b AI-R record),
04,Frappe Support,translation-candidate,2,0,2,0,14,frappe,in-ledger (no vendor PO location match),,AI-R: confirm prior-approved exclusion at W6-0b AI-R pass (stage6-w60b AI-R record),
04,From Date,translation-candidate,2,0,2,0,9,frappe,in-ledger (no vendor PO location match),,AI-R: confirm prior-approved exclusion at W6-0b AI-R pass (stage6-w60b AI-R record),
04,From Field,translation-candidate,2,0,2,0,10,frappe,in-ledger (no vendor PO location match),,AI-R: confirm prior-approved exclusion at W6-0b AI-R pass (stage6-w60b AI-R record),
04,From User,translation-candidate,2,0,2,0,9,frappe,in-ledger (no vendor PO location match),,AI-R: confirm prior-approved exclusion at W6-0b AI-R pass (stage6-w60b AI-R record),
04,Geolocation Settings,translation-candidate,2,0,2,0,20,frappe,in-ledger (no vendor PO location match),,AI-R: confirm prior-approved exclusion at W6-0b AI-R pass (stage6-w60b AI-R record),
04,Google Drive Picker,translation-candidate,2,0,2,0,19,frappe,in-ledger (no vendor PO location match),,AI-R: confirm prior-approved exclusion at W6-0b AI-R pass (stage6-w60b AI-R record),
04,Half Yearly,translation-candidate,2,0,2,0,11,frappe,in-ledger (no vendor PO location match),,AI-R: confirm prior-approved exclusion at W6-0b AI-R pass (stage6-w60b AI-R record),
04,Handled Emails,translation-candidate,2,0,2,0,14,frappe,in-ledger (no vendor PO location match),,AI-R: confirm prior-approved exclusion at W6-0b AI-R pass (stage6-w60b AI-R record),
04,Has Next Condition,translation-candidate,2,0,2,0,18,frappe,in-ledger (no vendor PO location match),,AI-R: confirm prior-approved exclusion at W6-0b AI-R pass (stage6-w60b AI-R record),
04,Has Setup Wizard,translation-candidate,2,0,2,0,16,frappe,in-ledger (no vendor PO location match),,AI-R: confirm prior-approved exclusion at W6-0b AI-R pass (stage6-w60b AI-R record),
04,Header Icon,translation-candidate,2,0,2,0,11,frappe,in-ledger (no vendor PO location match),,AI-R: confirm prior-approved exclusion at W6-0b AI-R pass (stage6-w60b AI-R record),
04,Header Script,translation-candidate,2,0,2,0,13,frappe,in-ledger (no vendor PO location match),,AI-R: confirm prior-approved exclusion at W6-0b AI-R pass (stage6-w60b AI-R record),
04,"Header, Robots",translation-candidate,2,0,2,0,14,frappe,in-ledger (no vendor PO location match),,AI-R: confirm prior-approved exclusion at W6-0b AI-R pass (stage6-w60b AI-R record),
04,Help Articles,translation-candidate,2,0,2,0,13,frappe,in-ledger (no vendor PO location match),,AI-R: confirm prior-approved exclusion at W6-0b AI-R pass (stage6-w60b AI-R record),
04,Hidden Fields,translation-candidate,2,0,2,0,13,frappe,in-ledger (no vendor PO location match),,AI-R: confirm prior-approved exclusion at W6-0b AI-R pass (stage6-w60b AI-R record),
04,Hide Buttons,translation-candidate,2,0,2,0,12,frappe,in-ledger (no vendor PO location match),,AI-R: confirm prior-approved exclusion at W6-0b AI-R pass (stage6-w60b AI-R record),
04,Hide Descendants,translation-candidate,2,0,2,0,16,frappe,in-ledger (no vendor PO location match),,AI-R: confirm prior-approved exclusion at W6-0b AI-R pass (stage6-w60b AI-R record),
04,Hide Label,translation-candidate,2,0,2,0,10,frappe,in-ledger (no vendor PO location match),,AI-R: confirm prior-approved exclusion at W6-0b AI-R pass (stage6-w60b AI-R record),
04,Hide footer,translation-candidate,2,0,2,0,11,frappe,in-ledger (no vendor PO location match),,AI-R: confirm prior-approved exclusion at W6-0b AI-R pass (stage6-w60b AI-R record),
04,Hide footer signup,translation-candidate,2,0,2,0,18,frappe,in-ledger (no vendor PO location match),,AI-R: confirm prior-approved exclusion at W6-0b AI-R pass (stage6-w60b AI-R record),
04,Hide navbar,translation-candidate,2,0,2,0,11,frappe,in-ledger (no vendor PO location match),,AI-R: confirm prior-approved exclusion at W6-0b AI-R pass (stage6-w60b AI-R record),
04,Hourly Maintenance,translation-candidate,2,0,2,0,18,frappe,in-ledger (no vendor PO location match),,AI-R: confirm prior-approved exclusion at W6-0b AI-R pass (stage6-w60b AI-R record),
04,IMAP Details,translation-candidate,2,0,2,0,12,frappe,in-ledger (no vendor PO location match),,AI-R: confirm prior-approved exclusion at W6-0b AI-R pass (stage6-w60b AI-R record),
04,IMAP Folder,translation-candidate,2,0,2,0,11,frappe,in-ledger (no vendor PO location match),,AI-R: confirm prior-approved exclusion at W6-0b AI-R pass (stage6-w60b AI-R record),
04,Icon Style,translation-candidate,2,0,2,0,10,frappe,in-ledger (no vendor PO location match),,AI-R: confirm prior-approved exclusion at W6-0b AI-R pass (stage6-w60b AI-R record),
04,Icon Type,translation-candidate,2,0,2,0,9,frappe,in-ledger (no vendor PO location match),,AI-R: confirm prior-approved exclusion at W6-0b AI-R pass (stage6-w60b AI-R record),
04,Illegal template,translation-candidate,2,0,2,0,16,frappe,in-ledger (no vendor PO location match),,AI-R: confirm prior-approved exclusion at W6-0b AI-R pass (stage6-w60b AI-R record),
04,Image Height,translation-candidate,2,0,2,0,12,frappe,in-ledger (no vendor PO location match),,AI-R: confirm prior-approved exclusion at W6-0b AI-R pass (stage6-w60b AI-R record),
04,Image Width,translation-candidate,2,0,2,0,11,frappe,in-ledger (no vendor PO location match),,AI-R: confirm prior-approved exclusion at W6-0b AI-R pass (stage6-w60b AI-R record),
04,Image optimized,translation-candidate,2,0,2,0,15,frappe,in-ledger (no vendor PO location match),,AI-R: confirm prior-approved exclusion at W6-0b AI-R pass (stage6-w60b AI-R record),
04,Impersonate as {0},translation-candidate,2,0,2,0,18,frappe,in-ledger (no vendor PO location match),,AI-R: confirm prior-approved exclusion at W6-0b AI-R pass (stage6-w60b AI-R record),
04,In Minutes,translation-candidate,2,0,2,0,10,frappe,in-ledger (no vendor PO location match),,AI-R: confirm prior-approved exclusion at W6-0b AI-R pass (stage6-w60b AI-R record),
04,In Read Only Mode,translation-candidate,2,0,2,0,17,frappe,in-ledger (no vendor PO location match),,AI-R: confirm prior-approved exclusion at W6-0b AI-R pass (stage6-w60b AI-R record),
04,Include Name Field,translation-candidate,2,0,2,0,18,frappe,in-ledger (no vendor PO location match),,AI-R: confirm prior-approved exclusion at W6-0b AI-R pass (stage6-w60b AI-R record),
04,Incoming Server,translation-candidate,2,0,2,0,15,frappe,in-ledger (no vendor PO location match),,AI-R: confirm prior-approved exclusion at W6-0b AI-R pass (stage6-w60b AI-R record),
04,Incoming Settings,translation-candidate,2,0,2,0,17,frappe,in-ledger (no vendor PO location match),,AI-R: confirm prior-approved exclusion at W6-0b AI-R pass (stage6-w60b AI-R record),
04,Incorrect value:,translation-candidate,2,0,2,0,16,frappe,in-ledger (no vendor PO location match),,AI-R: confirm prior-approved exclusion at W6-0b AI-R pass (stage6-w60b AI-R record),
04,Indicator Color,translation-candidate,2,0,2,0,15,frappe,in-ledger (no vendor PO location match),,AI-R: confirm prior-approved exclusion at W6-0b AI-R pass (stage6-w60b AI-R record),
04,Intro Video URL,translation-candidate,2,0,2,0,15,frappe,in-ledger (no vendor PO location match),,AI-R: confirm prior-approved exclusion at W6-0b AI-R pass (stage6-w60b AI-R record),
04,Introspection URI,translation-candidate,2,0,2,0,17,frappe,in-ledger (no vendor PO location match),,AI-R: confirm prior-approved exclusion at W6-0b AI-R pass (stage6-w60b AI-R record),
04,Invalid Action,translation-candidate,2,0,2,0,14,frappe,in-ledger (no vendor PO location match),,AI-R: confirm prior-approved exclusion at W6-0b AI-R pass (stage6-w60b AI-R record),
04,Invalid Credentials,translation-candidate,2,0,2,0,19,frappe,in-ledger (no vendor PO location match),,AI-R: confirm prior-approved exclusion at W6-0b AI-R pass (stage6-w60b AI-R record),
04,Invalid DocType,translation-candidate,2,0,2,0,15,frappe,in-ledger (no vendor PO location match),,AI-R: confirm prior-approved exclusion at W6-0b AI-R pass (stage6-w60b AI-R record),
04,Invalid DocType: {0},translation-candidate,2,0,2,0,20,frappe,in-ledger (no vendor PO location match),,AI-R: confirm prior-approved exclusion at W6-0b AI-R pass (stage6-w60b AI-R record),
04,Invalid Doctype,translation-candidate,2,0,2,0,15,frappe,in-ledger (no vendor PO location match),,AI-R: confirm prior-approved exclusion at W6-0b AI-R pass (stage6-w60b AI-R record),
04,Invalid Fieldname,translation-candidate,2,0,2,0,17,frappe,in-ledger (no vendor PO location match),,AI-R: confirm prior-approved exclusion at W6-0b AI-R pass (stage6-w60b AI-R record),
04,Invalid File URL,translation-candidate,2,0,2,0,16,frappe,in-ledger (no vendor PO location match),,AI-R: confirm prior-approved exclusion at W6-0b AI-R pass (stage6-w60b AI-R record),
04,Invalid Operation,translation-candidate,2,0,2,0,17,frappe,in-ledger (no vendor PO location match),,AI-R: confirm prior-approved exclusion at W6-0b AI-R pass (stage6-w60b AI-R record),
04,Invalid Override,translation-candidate,2,0,2,0,16,frappe,in-ledger (no vendor PO location match),,AI-R: confirm prior-approved exclusion at W6-0b AI-R pass (stage6-w60b AI-R record),
04,Invalid Parameters.,translation-candidate,2,0,2,0,19,frappe,in-ledger (no vendor PO location match),,AI-R: confirm prior-approved exclusion at W6-0b AI-R pass (stage6-w60b AI-R record),
04,Invalid Phone Number,translation-candidate,2,0,2,0,20,frappe,in-ledger (no vendor PO location match),,AI-R: confirm prior-approved exclusion at W6-0b AI-R pass (stage6-w60b AI-R record),
04,Invalid app,translation-candidate,2,0,2,0,11,frappe,in-ledger (no vendor PO location match),,AI-R: confirm prior-approved exclusion at W6-0b AI-R pass (stage6-w60b AI-R record),
04,Invalid docstatus,translation-candidate,2,0,2,0,17,frappe,in-ledger (no vendor PO location match),,AI-R: confirm prior-approved exclusion at W6-0b AI-R pass (stage6-w60b AI-R record),
04,Invalid key,translation-candidate,2,0,2,0,11,frappe,in-ledger (no vendor PO location match),,AI-R: confirm prior-approved exclusion at W6-0b AI-R pass (stage6-w60b AI-R record),
04,Invalid request body,translation-candidate,2,0,2,0,20,frappe,in-ledger (no vendor PO location match),,AI-R: confirm prior-approved exclusion at W6-0b AI-R pass (stage6-w60b AI-R record),
04,Invalid role,translation-candidate,2,0,2,0,12,frappe,in-ledger (no vendor PO location match),,AI-R: confirm prior-approved exclusion at W6-0b AI-R pass (stage6-w60b AI-R record),
04,Invitation not found,translation-candidate,2,0,2,0,20,frappe,in-ledger (no vendor PO location match),,AI-R: confirm prior-approved exclusion at W6-0b AI-R pass (stage6-w60b AI-R record),
04,Invited By,translation-candidate,2,0,2,0,10,frappe,in-ledger (no vendor PO location match),,AI-R: confirm prior-approved exclusion at W6-0b AI-R pass (stage6-w60b AI-R record),
04,Is Current,translation-candidate,2,0,2,0,10,frappe,in-ledger (no vendor PO location match),,AI-R: confirm prior-approved exclusion at W6-0b AI-R pass (stage6-w60b AI-R record),
04,Is Custom,translation-candidate,2,0,2,0,9,frappe,in-ledger (no vendor PO location match),,AI-R: confirm prior-approved exclusion at W6-0b AI-R pass (stage6-w60b AI-R record),
04,Is Dynamic URL?,translation-candidate,2,0,2,0,15,frappe,in-ledger (no vendor PO location match),,AI-R: confirm prior-approved exclusion at W6-0b AI-R pass (stage6-w60b AI-R record),
04,Is Hidden,translation-candidate,2,0,2,0,9,frappe,in-ledger (no vendor PO location match),,AI-R: confirm prior-approved exclusion at W6-0b AI-R pass (stage6-w60b AI-R record),
04,Is Primary Address,translation-candidate,2,0,2,0,18,frappe,in-ledger (no vendor PO location match),,AI-R: confirm prior-approved exclusion at W6-0b AI-R pass (stage6-w60b AI-R record),
04,Is Remote Request?,translation-candidate,2,0,2,0,18,frappe,in-ledger (no vendor PO location match),,AI-R: confirm prior-approved exclusion at W6-0b AI-R pass (stage6-w60b AI-R record),
04,Is Setup Complete?,translation-candidate,2,0,2,0,18,frappe,in-ledger (no vendor PO location match),,AI-R: confirm prior-approved exclusion at W6-0b AI-R pass (stage6-w60b AI-R record),
04,Is System Generated,translation-candidate,2,0,2,0,19,frappe,in-ledger (no vendor PO location match),,AI-R: confirm prior-approved exclusion at W6-0b AI-R pass (stage6-w60b AI-R record),
04,Is Table Field,translation-candidate,2,0,2,0,14,frappe,in-ledger (no vendor PO location match),,AI-R: confirm prior-approved exclusion at W6-0b AI-R pass (stage6-w60b AI-R record),
04,Is Virtual,translation-candidate,2,0,2,0,10,frappe,in-ledger (no vendor PO location match),,AI-R: confirm prior-approved exclusion at W6-0b AI-R pass (stage6-w60b AI-R record),
04,Is standard,translation-candidate,2,0,2,0,11,frappe,in-ledger (no vendor PO location match),,AI-R: confirm prior-approved exclusion at W6-0b AI-R pass (stage6-w60b AI-R record),
04,JS Message,translation-candidate,2,0,2,0,10,frappe,in-ledger (no vendor PO location match),,AI-R: confirm prior-approved exclusion at W6-0b AI-R pass (stage6-w60b AI-R record),
04,Job ID,translation-candidate,2,0,2,0,6,frappe,in-ledger (no vendor PO location match),,AI-R: confirm prior-approved exclusion at W6-0b AI-R pass (stage6-w60b AI-R record),
04,Job Id,translation-candidate,2,0,2,0,6,frappe,in-ledger (no vendor PO location match),,AI-R: confirm prior-approved exclusion at W6-0b AI-R pass (stage6-w60b AI-R record),
04,Job Info,translation-candidate,2,0,2,0,8,frappe,in-ledger (no vendor PO location match),,AI-R: confirm prior-approved exclusion at W6-0b AI-R pass (stage6-w60b AI-R record),
04,Job Name,translation-candidate,2,0,2,0,8,frappe,in-ledger (no vendor PO location match),,AI-R: confirm prior-approved exclusion at W6-0b AI-R pass (stage6-w60b AI-R record),
04,Job Status,translation-candidate,2,0,2,0,10,frappe,in-ledger (no vendor PO location match),,AI-R: confirm prior-approved exclusion at W6-0b AI-R pass (stage6-w60b AI-R record),
04,Job is not running.,translation-candidate,2,0,2,0,19,frappe,in-ledger (no vendor PO location match),,AI-R: confirm prior-approved exclusion at W6-0b AI-R pass (stage6-w60b AI-R record),
04,LDAP Auth,translation-candidate,2,0,2,0,9,frappe,in-ledger (no vendor PO location match),,AI-R: confirm prior-approved exclusion at W6-0b AI-R pass (stage6-w60b AI-R record),
04,LDAP Custom Settings,translation-candidate,2,0,2,0,20,frappe,in-ledger (no vendor PO location match),,AI-R: confirm prior-approved exclusion at W6-0b AI-R pass (stage6-w60b AI-R record),
04,LDAP Mobile Field,translation-candidate,2,0,2,0,17,frappe,in-ledger (no vendor PO location match),,AI-R: confirm prior-approved exclusion at W6-0b AI-R pass (stage6-w60b AI-R record),
04,LDAP Server Settings,translation-candidate,2,0,2,0,20,frappe,in-ledger (no vendor PO location match),,AI-R: confirm prior-approved exclusion at W6-0b AI-R pass (stage6-w60b AI-R record),
04,Last 10 active users,translation-candidate,2,0,2,0,20,frappe,in-ledger (no vendor PO location match),,AI-R: confirm prior-approved exclusion at W6-0b AI-R pass (stage6-w60b AI-R record),
04,Last Heartbeat,translation-candidate,2,0,2,0,14,frappe,in-ledger (no vendor PO location match),,AI-R: confirm prior-approved exclusion at W6-0b AI-R pass (stage6-w60b AI-R record),
04,Last Modified Date,translation-candidate,2,0,2,0,18,frappe,in-ledger (no vendor PO location match),,AI-R: confirm prior-approved exclusion at W6-0b AI-R pass (stage6-w60b AI-R record),
04,Last Received At,translation-candidate,2,0,2,0,16,frappe,in-ledger (no vendor PO location match),,AI-R: confirm prior-approved exclusion at W6-0b AI-R pass (stage6-w60b AI-R record),
04,Last Run,translation-candidate,2,0,2,0,8,frappe,in-ledger (no vendor PO location match),,AI-R: confirm prior-approved exclusion at W6-0b AI-R pass (stage6-w60b AI-R record),
04,Last Updated,translation-candidate,2,0,2,0,12,frappe,in-ledger (no vendor PO location match),,AI-R: confirm prior-approved exclusion at W6-0b AI-R pass (stage6-w60b AI-R record),
04,Layout Reset,translation-candidate,2,0,2,0,12,frappe,in-ledger (no vendor PO location match),,AI-R: confirm prior-approved exclusion at W6-0b AI-R pass (stage6-w60b AI-R record),
04,Learn more,translation-candidate,2,0,2,0,10,frappe,in-ledger (no vendor PO location match),,AI-R: confirm prior-approved exclusion at W6-0b AI-R pass (stage6-w60b AI-R record),
04,Left Bottom,translation-candidate,2,0,2,0,11,frappe,in-ledger (no vendor PO location match),,AI-R: confirm prior-approved exclusion at W6-0b AI-R pass (stage6-w60b AI-R record),
04,Left Center,translation-candidate,2,0,2,0,11,frappe,in-ledger (no vendor PO location match),,AI-R: confirm prior-approved exclusion at W6-0b AI-R pass (stage6-w60b AI-R record),
04,Letter Head Scripts,translation-candidate,2,0,2,0,19,frappe,in-ledger (no vendor PO location match),,AI-R: confirm prior-approved exclusion at W6-0b AI-R pass (stage6-w60b AI-R record),
04,License Type,translation-candidate,2,0,2,0,12,frappe,in-ledger (no vendor PO location match),,AI-R: confirm prior-approved exclusion at W6-0b AI-R pass (stage6-w60b AI-R record),
04,Light Blue,translation-candidate,2,0,2,0,10,frappe,in-ledger (no vendor PO location match),,AI-R: confirm prior-approved exclusion at W6-0b AI-R pass (stage6-w60b AI-R record),
04,Log API Requests,translation-candidate,2,0,2,0,16,frappe,in-ledger (no vendor PO location match),,AI-R: confirm prior-approved exclusion at W6-0b AI-R pass (stage6-w60b AI-R record),
04,Log DocType,translation-candidate,2,0,2,0,11,frappe,in-ledger (no vendor PO location match),,AI-R: confirm prior-approved exclusion at W6-0b AI-R pass (stage6-w60b AI-R record),
04,Log Index,translation-candidate,2,0,2,0,9,frappe,in-ledger (no vendor PO location match),,AI-R: confirm prior-approved exclusion at W6-0b AI-R pass (stage6-w60b AI-R record),
04,Login Methods,translation-candidate,2,0,2,0,13,frappe,in-ledger (no vendor PO location match),,AI-R: confirm prior-approved exclusion at W6-0b AI-R pass (stage6-w60b AI-R record),
04,Login To {0},translation-candidate,2,0,2,0,12,frappe,in-ledger (no vendor PO location match),,AI-R: confirm prior-approved exclusion at W6-0b AI-R pass (stage6-w60b AI-R record),
04,Login required,translation-candidate,2,0,2,0,14,frappe,in-ledger (no vendor PO location match),,AI-R: confirm prior-approved exclusion at W6-0b AI-R pass (stage6-w60b AI-R record),
04,Logo URI,translation-candidate,2,0,2,0,8,frappe,in-ledger (no vendor PO location match),,AI-R: confirm prior-approved exclusion at W6-0b AI-R pass (stage6-w60b AI-R record),
04,Logs to Clear,translation-candidate,2,0,2,0,13,frappe,in-ledger (no vendor PO location match),,AI-R: confirm prior-approved exclusion at W6-0b AI-R pass (stage6-w60b AI-R record),
04,MIT License,translation-candidate,2,0,2,0,11,frappe,in-ledger (no vendor PO location match),,AI-R: confirm prior-approved exclusion at W6-0b AI-R pass (stage6-w60b AI-R record),
04,Maintenance Manager,translation-candidate,2,0,2,0,19,frappe,in-ledger (no vendor PO location match),,AI-R: confirm prior-approved exclusion at W6-0b AI-R pass (stage6-w60b AI-R record),
04,Maintenance User,translation-candidate,2,0,2,0,16,frappe,in-ledger (no vendor PO location match),,AI-R: confirm prior-approved exclusion at W6-0b AI-R pass (stage6-w60b AI-R record),
04,Margin Bottom,translation-candidate,2,0,2,0,13,frappe,in-ledger (no vendor PO location match),,AI-R: confirm prior-approved exclusion at W6-0b AI-R pass (stage6-w60b AI-R record),
04,Margin Left,translation-candidate,2,0,2,0,11,frappe,in-ledger (no vendor PO location match),,AI-R: confirm prior-approved exclusion at W6-0b AI-R pass (stage6-w60b AI-R record),
04,Margin Right,translation-candidate,2,0,2,0,12,frappe,in-ledger (no vendor PO location match),,AI-R: confirm prior-approved exclusion at W6-0b AI-R pass (stage6-w60b AI-R record),
04,Margin Top,translation-candidate,2,0,2,0,10,frappe,in-ledger (no vendor PO location match),,AI-R: confirm prior-approved exclusion at W6-0b AI-R pass (stage6-w60b AI-R record),
04,MariaDB Variables,translation-candidate,2,0,2,0,17,frappe,in-ledger (no vendor PO location match),,AI-R: confirm prior-approved exclusion at W6-0b AI-R pass (stage6-w60b AI-R record),
04,Marketing Manager,translation-candidate,2,0,2,0,17,frappe,in-ledger (no vendor PO location match),,AI-R: confirm prior-approved exclusion at W6-0b AI-R pass (stage6-w60b AI-R record),
04,Max File Size (MB),translation-candidate,2,0,2,0,18,frappe,in-ledger (no vendor PO location match),,AI-R: confirm prior-approved exclusion at W6-0b AI-R pass (stage6-w60b AI-R record),
04,Max Height,translation-candidate,2,0,2,0,10,frappe,in-ledger (no vendor PO location match),,AI-R: confirm prior-approved exclusion at W6-0b AI-R pass (stage6-w60b AI-R record),
04,Max attachment size,translation-candidate,2,0,2,0,19,frappe,in-ledger (no vendor PO location match),,AI-R: confirm prior-approved exclusion at W6-0b AI-R pass (stage6-w60b AI-R record),
04,Meets Condition?,translation-candidate,2,0,2,0,16,frappe,in-ledger (no vendor PO location match),,AI-R: confirm prior-approved exclusion at W6-0b AI-R pass (stage6-w60b AI-R record),
04,Memory Usage,translation-candidate,2,0,2,0,12,frappe,in-ledger (no vendor PO location match),,AI-R: confirm prior-approved exclusion at W6-0b AI-R pass (stage6-w60b AI-R record),
04,Memory Usage in MB,translation-candidate,2,0,2,0,18,frappe,in-ledger (no vendor PO location match),,AI-R: confirm prior-approved exclusion at W6-0b AI-R pass (stage6-w60b AI-R record),
04,Message Type,translation-candidate,2,0,2,0,12,frappe,in-ledger (no vendor PO location match),,AI-R: confirm prior-approved exclusion at W6-0b AI-R pass (stage6-w60b AI-R record),
04,Meta image,translation-candidate,2,0,2,0,10,frappe,in-ledger (no vendor PO location match),,AI-R: confirm prior-approved exclusion at W6-0b AI-R pass (stage6-w60b AI-R record),
04,Meta title,translation-candidate,2,0,2,0,10,frappe,in-ledger (no vendor PO location match),,AI-R: confirm prior-approved exclusion at W6-0b AI-R pass (stage6-w60b AI-R record),
04,Method Not Allowed,translation-candidate,2,0,2,0,18,frappe,in-ledger (no vendor PO location match),,AI-R: confirm prior-approved exclusion at W6-0b AI-R pass (stage6-w60b AI-R record),
04,Mid Center,translation-candidate,2,0,2,0,10,frappe,in-ledger (no vendor PO location match),,AI-R: confirm prior-approved exclusion at W6-0b AI-R pass (stage6-w60b AI-R record),
04,Minutes After,translation-candidate,2,0,2,0,13,frappe,in-ledger (no vendor PO location match),,AI-R: confirm prior-approved exclusion at W6-0b AI-R pass (stage6-w60b AI-R record),
04,Minutes Before,translation-candidate,2,0,2,0,14,frappe,in-ledger (no vendor PO location match),,AI-R: confirm prior-approved exclusion at W6-0b AI-R pass (stage6-w60b AI-R record),
04,Minutes Offset,translation-candidate,2,0,2,0,14,frappe,in-ledger (no vendor PO location match),,AI-R: confirm prior-approved exclusion at W6-0b AI-R pass (stage6-w60b AI-R record),
04,Missing DocType,translation-candidate,2,0,2,0,15,frappe,in-ledger (no vendor PO location match),,AI-R: confirm prior-approved exclusion at W6-0b AI-R pass (stage6-w60b AI-R record),
04,Missing Field,translation-candidate,2,0,2,0,13,frappe,in-ledger (no vendor PO location match),,AI-R: confirm prior-approved exclusion at W6-0b AI-R pass (stage6-w60b AI-R record),
04,Missing Permission,translation-candidate,2,0,2,0,18,frappe,in-ledger (no vendor PO location match),,AI-R: confirm prior-approved exclusion at W6-0b AI-R pass (stage6-w60b AI-R record),
04,Module HTML,translation-candidate,2,0,2,0,11,frappe,in-ledger (no vendor PO location match),,AI-R: confirm prior-approved exclusion at W6-0b AI-R pass (stage6-w60b AI-R record),
04,Module Profile,translation-candidate,2,0,2,0,14,frappe,in-ledger (no vendor PO location match),,AI-R: confirm prior-approved exclusion at W6-0b AI-R pass (stage6-w60b AI-R record),
04,Module Profile Name,translation-candidate,2,0,2,0,19,frappe,in-ledger (no vendor PO location match),,AI-R: confirm prior-approved exclusion at W6-0b AI-R pass (stage6-w60b AI-R record),
04,Module {} not found,translation-candidate,2,0,2,0,19,frappe,in-ledger (no vendor PO location match),,AI-R: confirm prior-approved exclusion at W6-0b AI-R pass (stage6-w60b AI-R record),
04,Name (Doc Name),translation-candidate,2,0,2,0,15,frappe,in-ledger (no vendor PO location match),,AI-R: confirm prior-approved exclusion at W6-0b AI-R pass (stage6-w60b AI-R record),
04,Naming Rule,translation-candidate,2,0,2,0,11,frappe,in-ledger (no vendor PO location match),,AI-R: confirm prior-approved exclusion at W6-0b AI-R pass (stage6-w60b AI-R record),
04,Navbar Style,translation-candidate,2,0,2,0,12,frappe,in-ledger (no vendor PO location match),,AI-R: confirm prior-approved exclusion at W6-0b AI-R pass (stage6-w60b AI-R record),
04,Navigation Settings,translation-candidate,2,0,2,0,19,frappe,in-ledger (no vendor PO location match),,AI-R: confirm prior-approved exclusion at W6-0b AI-R pass (stage6-w60b AI-R record),
04,Next Execution,translation-candidate,2,0,2,0,14,frappe,in-ledger (no vendor PO location match),,AI-R: confirm prior-approved exclusion at W6-0b AI-R pass (stage6-w60b AI-R record),
04,Next Form Tour,translation-candidate,2,0,2,0,14,frappe,in-ledger (no vendor PO location match),,AI-R: confirm prior-approved exclusion at W6-0b AI-R pass (stage6-w60b AI-R record),
04,Next Scheduled Date,translation-candidate,2,0,2,0,19,frappe,in-ledger (no vendor PO location match),,AI-R: confirm prior-approved exclusion at W6-0b AI-R pass (stage6-w60b AI-R record),
04,Next Step Condition,translation-candidate,2,0,2,0,19,frappe,in-ledger (no vendor PO location match),,AI-R: confirm prior-approved exclusion at W6-0b AI-R pass (stage6-w60b AI-R record),
04,Next Sync Token,translation-candidate,2,0,2,0,15,frappe,in-ledger (no vendor PO location match),,AI-R: confirm prior-approved exclusion at W6-0b AI-R pass (stage6-w60b AI-R record),
04,Next on Click,translation-candidate,2,0,2,0,13,frappe,in-ledger (no vendor PO location match),,AI-R: confirm prior-approved exclusion at W6-0b AI-R pass (stage6-w60b AI-R record),
04,No Roles Specified,translation-candidate,2,0,2,0,18,frappe,in-ledger (no vendor PO location match),,AI-R: confirm prior-approved exclusion at W6-0b AI-R pass (stage6-w60b AI-R record),
04,No Suggestions,translation-candidate,2,0,2,0,14,frappe,in-ledger (no vendor PO location match),,AI-R: confirm prior-approved exclusion at W6-0b AI-R pass (stage6-w60b AI-R record),
04,No changes to sync,translation-candidate,2,0,2,0,18,frappe,in-ledger (no vendor PO location match),,AI-R: confirm prior-approved exclusion at W6-0b AI-R pass (stage6-w60b AI-R record),
04,No changes to update,translation-candidate,2,0,2,0,20,frappe,in-ledger (no vendor PO location match),,AI-R: confirm prior-approved exclusion at W6-0b AI-R pass (stage6-w60b AI-R record),
04,No failed logs,translation-candidate,2,0,2,0,14,frappe,in-ledger (no vendor PO location match),,AI-R: confirm prior-approved exclusion at W6-0b AI-R pass (stage6-w60b AI-R record),
04,No of Requested SMS,translation-candidate,2,0,2,0,19,frappe,in-ledger (no vendor PO location match),,AI-R: confirm prior-approved exclusion at W6-0b AI-R pass (stage6-w60b AI-R record),
04,No of Sent SMS,translation-candidate,2,0,2,0,14,frappe,in-ledger (no vendor PO location match),,AI-R: confirm prior-approved exclusion at W6-0b AI-R pass (stage6-w60b AI-R record),
04,No subject,translation-candidate,2,0,2,0,10,frappe,in-ledger (no vendor PO location match),,AI-R: confirm prior-approved exclusion at W6-0b AI-R pass (stage6-w60b AI-R record),
04,No {0},translation-candidate,2,0,2,0,6,frappe,in-ledger (no vendor PO location match),,AI-R: confirm prior-approved exclusion at W6-0b AI-R pass (stage6-w60b AI-R record),
04,Normalized Copies,translation-candidate,2,0,2,0,17,frappe,in-ledger (no vendor PO location match),,AI-R: confirm prior-approved exclusion at W6-0b AI-R pass (stage6-w60b AI-R record),
04,Normalized Query,translation-candidate,2,0,2,0,16,frappe,in-ledger (no vendor PO location match),,AI-R: confirm prior-approved exclusion at W6-0b AI-R pass (stage6-w60b AI-R record),
04,Not Allowed,translation-candidate,2,0,2,0,11,frappe,in-ledger (no vendor PO location match),,AI-R: confirm prior-approved exclusion at W6-0b AI-R pass (stage6-w60b AI-R record),
05,Not Helpful,translation-candidate,2,0,2,0,11,frappe,in-ledger (no vendor PO location match),,AI-R: confirm prior-approved exclusion at W6-0b AI-R pass (stage6-w60b AI-R record),
05,Not Nullable,translation-candidate,2,0,2,0,12,frappe,in-ledger (no vendor PO location match),,AI-R: confirm prior-approved exclusion at W6-0b AI-R pass (stage6-w60b AI-R record),
05,Not a valid user,translation-candidate,2,0,2,0,16,frappe,in-ledger (no vendor PO location match),,AI-R: confirm prior-approved exclusion at W6-0b AI-R pass (stage6-w60b AI-R record),
05,Not active,translation-candidate,2,0,2,0,10,frappe,in-ledger (no vendor PO location match),,AI-R: confirm prior-approved exclusion at W6-0b AI-R pass (stage6-w60b AI-R record),
05,Number Card Name,translation-candidate,2,0,2,0,16,frappe,in-ledger (no vendor PO location match),,AI-R: confirm prior-approved exclusion at W6-0b AI-R pass (stage6-w60b AI-R record),
05,Number of Queries,translation-candidate,2,0,2,0,17,frappe,in-ledger (no vendor PO location match),,AI-R: confirm prior-approved exclusion at W6-0b AI-R pass (stage6-w60b AI-R record),
05,Number of keys,translation-candidate,2,0,2,0,14,frappe,in-ledger (no vendor PO location match),,AI-R: confirm prior-approved exclusion at W6-0b AI-R pass (stage6-w60b AI-R record),
05,OAuth Client Role,translation-candidate,2,0,2,0,17,frappe,in-ledger (no vendor PO location match),,AI-R: confirm prior-approved exclusion at W6-0b AI-R pass (stage6-w60b AI-R record),
05,OAuth Error,translation-candidate,2,0,2,0,11,frappe,in-ledger (no vendor PO location match),,AI-R: confirm prior-approved exclusion at W6-0b AI-R pass (stage6-w60b AI-R record),
05,OAuth Scope,translation-candidate,2,0,2,0,11,frappe,in-ledger (no vendor PO location match),,AI-R: confirm prior-approved exclusion at W6-0b AI-R pass (stage6-w60b AI-R record),
05,OAuth Settings,translation-candidate,2,0,2,0,14,frappe,in-ledger (no vendor PO location match),,AI-R: confirm prior-approved exclusion at W6-0b AI-R pass (stage6-w60b AI-R record),
05,OTP SMS Template,translation-candidate,2,0,2,0,16,frappe,in-ledger (no vendor PO location match),,AI-R: confirm prior-approved exclusion at W6-0b AI-R pass (stage6-w60b AI-R record),
05,Offset X,translation-candidate,2,0,2,0,8,frappe,in-ledger (no vendor PO location match),,AI-R: confirm prior-approved exclusion at W6-0b AI-R pass (stage6-w60b AI-R record),
05,Offset Y,translation-candidate,2,0,2,0,8,frappe,in-ledger (no vendor PO location match),,AI-R: confirm prior-approved exclusion at W6-0b AI-R pass (stage6-w60b AI-R record),
05,Onboarding Status,translation-candidate,2,0,2,0,17,frappe,in-ledger (no vendor PO location match),,AI-R: confirm prior-approved exclusion at W6-0b AI-R pass (stage6-w60b AI-R record),
05,OpenID Configuration,translation-candidate,2,0,2,0,20,frappe,in-ledger (no vendor PO location match),,AI-R: confirm prior-approved exclusion at W6-0b AI-R pass (stage6-w60b AI-R record),
05,Optimizing image...,translation-candidate,2,0,2,0,19,frappe,in-ledger (no vendor PO location match),,AI-R: confirm prior-approved exclusion at W6-0b AI-R pass (stage6-w60b AI-R record),
05,Original Value,translation-candidate,2,0,2,0,14,frappe,in-ledger (no vendor PO location match),,AI-R: confirm prior-approved exclusion at W6-0b AI-R pass (stage6-w60b AI-R record),
05,Outgoing Server,translation-candidate,2,0,2,0,15,frappe,in-ledger (no vendor PO location match),,AI-R: confirm prior-approved exclusion at W6-0b AI-R pass (stage6-w60b AI-R record),
05,Outgoing Settings,translation-candidate,2,0,2,0,17,frappe,in-ledger (no vendor PO location match),,AI-R: confirm prior-approved exclusion at W6-0b AI-R pass (stage6-w60b AI-R record),
05,PDF Generator,translation-candidate,2,0,2,0,13,frappe,in-ledger (no vendor PO location match),,AI-R: confirm prior-approved exclusion at W6-0b AI-R pass (stage6-w60b AI-R record),
05,Package Name,translation-candidate,2,0,2,0,12,frappe,in-ledger (no vendor PO location match),,AI-R: confirm prior-approved exclusion at W6-0b AI-R pass (stage6-w60b AI-R record),
05,Package Release,translation-candidate,2,0,2,0,15,frappe,in-ledger (no vendor PO location match),,AI-R: confirm prior-approved exclusion at W6-0b AI-R pass (stage6-w60b AI-R record),
05,Page Route,translation-candidate,2,0,2,0,10,frappe,in-ledger (no vendor PO location match),,AI-R: confirm prior-approved exclusion at W6-0b AI-R pass (stage6-w60b AI-R record),
05,Page Title,translation-candidate,2,0,2,0,10,frappe,in-ledger (no vendor PO location match),,AI-R: confirm prior-approved exclusion at W6-0b AI-R pass (stage6-w60b AI-R record),
05,Parent DocType,translation-candidate,2,0,2,0,14,frappe,in-ledger (no vendor PO location match),,AI-R: confirm prior-approved exclusion at W6-0b AI-R pass (stage6-w60b AI-R record),
05,Parent Field,translation-candidate,2,0,2,0,12,frappe,in-ledger (no vendor PO location match),,AI-R: confirm prior-approved exclusion at W6-0b AI-R pass (stage6-w60b AI-R record),
05,Parent Icon,translation-candidate,2,0,2,0,11,frappe,in-ledger (no vendor PO location match),,AI-R: confirm prior-approved exclusion at W6-0b AI-R pass (stage6-w60b AI-R record),
05,Parent Missing,translation-candidate,2,0,2,0,14,frappe,in-ledger (no vendor PO location match),,AI-R: confirm prior-approved exclusion at W6-0b AI-R pass (stage6-w60b AI-R record),
05,Parent Page,translation-candidate,2,0,2,0,11,frappe,in-ledger (no vendor PO location match),,AI-R: confirm prior-approved exclusion at W6-0b AI-R pass (stage6-w60b AI-R record),
05,Partial Success,translation-candidate,2,0,2,0,15,frappe,in-ledger (no vendor PO location match),,AI-R: confirm prior-approved exclusion at W6-0b AI-R pass (stage6-w60b AI-R record),
05,Partially Sent,translation-candidate,2,0,2,0,14,frappe,in-ledger (no vendor PO location match),,AI-R: confirm prior-approved exclusion at W6-0b AI-R pass (stage6-w60b AI-R record),
05,Password Email Sent,translation-candidate,2,0,2,0,19,frappe,in-ledger (no vendor PO location match),,AI-R: confirm prior-approved exclusion at W6-0b AI-R pass (stage6-w60b AI-R record),
05,Payload Count,translation-candidate,2,0,2,0,13,frappe,in-ledger (no vendor PO location match),,AI-R: confirm prior-approved exclusion at W6-0b AI-R pass (stage6-w60b AI-R record),
05,Peak Memory Usage,translation-candidate,2,0,2,0,17,frappe,in-ledger (no vendor PO location match),,AI-R: confirm prior-approved exclusion at W6-0b AI-R pass (stage6-w60b AI-R record),
05,Pending Emails,translation-candidate,2,0,2,0,14,frappe,in-ledger (no vendor PO location match),,AI-R: confirm prior-approved exclusion at W6-0b AI-R pass (stage6-w60b AI-R record),
05,Pending Jobs,translation-candidate,2,0,2,0,12,frappe,in-ledger (no vendor PO location match),,AI-R: confirm prior-approved exclusion at W6-0b AI-R pass (stage6-w60b AI-R record),
05,Permission Inspector,translation-candidate,2,0,2,0,20,frappe,in-ledger (no vendor PO location match),,AI-R: confirm prior-approved exclusion at W6-0b AI-R pass (stage6-w60b AI-R record),
05,Permission Levels,translation-candidate,2,0,2,0,17,frappe,in-ledger (no vendor PO location match),,AI-R: confirm prior-approved exclusion at W6-0b AI-R pass (stage6-w60b AI-R record),
05,Permission Log,translation-candidate,2,0,2,0,14,frappe,in-ledger (no vendor PO location match),,AI-R: confirm prior-approved exclusion at W6-0b AI-R pass (stage6-w60b AI-R record),
05,Permission Manager,translation-candidate,2,0,2,0,18,frappe,in-ledger (no vendor PO location match),,AI-R: confirm prior-approved exclusion at W6-0b AI-R pass (stage6-w60b AI-R record),
05,Permission Query,translation-candidate,2,0,2,0,16,frappe,in-ledger (no vendor PO location match),,AI-R: confirm prior-approved exclusion at W6-0b AI-R pass (stage6-w60b AI-R record),
05,Permission Type,translation-candidate,2,0,2,0,15,frappe,in-ledger (no vendor PO location match),,AI-R: confirm prior-approved exclusion at W6-0b AI-R pass (stage6-w60b AI-R record),
05,Permissions Error,translation-candidate,2,0,2,0,17,frappe,in-ledger (no vendor PO location match),,AI-R: confirm prior-approved exclusion at W6-0b AI-R pass (stage6-w60b AI-R record),
05,Permitted Roles,translation-candidate,2,0,2,0,15,frappe,in-ledger (no vendor PO location match),,AI-R: confirm prior-approved exclusion at W6-0b AI-R pass (stage6-w60b AI-R record),
05,Plain Text,translation-candidate,2,0,2,0,10,frappe,in-ledger (no vendor PO location match),,AI-R: confirm prior-approved exclusion at W6-0b AI-R pass (stage6-w60b AI-R record),
05,Please select {0},translation-candidate,2,0,2,0,17,frappe,in-ledger (no vendor PO location match),,AI-R: confirm prior-approved exclusion at W6-0b AI-R pass (stage6-w60b AI-R record),
05,Policy URI,translation-candidate,2,0,2,0,10,frappe,in-ledger (no vendor PO location match),,AI-R: confirm prior-approved exclusion at W6-0b AI-R pass (stage6-w60b AI-R record),
05,Popover Element,translation-candidate,2,0,2,0,15,frappe,in-ledger (no vendor PO location match),,AI-R: confirm prior-approved exclusion at W6-0b AI-R pass (stage6-w60b AI-R record),
05,Postal Code,translation-candidate,2,0,2,0,11,frappe,in-ledger (no vendor PO location match),,AI-R: confirm prior-approved exclusion at W6-0b AI-R pass (stage6-w60b AI-R record),الرمز البريدي
05,Prefer not to say,translation-candidate,2,0,2,0,17,frappe,in-ledger (no vendor PO location match),,AI-R: confirm prior-approved exclusion at W6-0b AI-R pass (stage6-w60b AI-R record),
05,Private Files (MB),translation-candidate,2,0,2,0,18,frappe,in-ledger (no vendor PO location match),,AI-R: confirm prior-approved exclusion at W6-0b AI-R pass (stage6-w60b AI-R record),
05,Profile Picture,translation-candidate,2,0,2,0,15,frappe,in-ledger (no vendor PO location match),,AI-R: confirm prior-approved exclusion at W6-0b AI-R pass (stage6-w60b AI-R record),
05,Protected File,translation-candidate,2,0,2,0,14,frappe,in-ledger (no vendor PO location match),,AI-R: confirm prior-approved exclusion at W6-0b AI-R pass (stage6-w60b AI-R record),
05,Public Files (MB),translation-candidate,2,0,2,0,17,frappe,in-ledger (no vendor PO location match),,AI-R: confirm prior-approved exclusion at W6-0b AI-R pass (stage6-w60b AI-R record),
05,Published Web Forms,translation-candidate,2,0,2,0,19,frappe,in-ledger (no vendor PO location match),,AI-R: confirm prior-approved exclusion at W6-0b AI-R pass (stage6-w60b AI-R record),
05,Published Web Pages,translation-candidate,2,0,2,0,19,frappe,in-ledger (no vendor PO location match),,AI-R: confirm prior-approved exclusion at W6-0b AI-R pass (stage6-w60b AI-R record),
05,Publishing Dates,translation-candidate,2,0,2,0,16,frappe,in-ledger (no vendor PO location match),,AI-R: confirm prior-approved exclusion at W6-0b AI-R pass (stage6-w60b AI-R record),
05,Pull Emails,translation-candidate,2,0,2,0,11,frappe,in-ledger (no vendor PO location match),,AI-R: confirm prior-approved exclusion at W6-0b AI-R pass (stage6-w60b AI-R record),
05,Pulling emails...,translation-candidate,2,0,2,0,17,frappe,in-ledger (no vendor PO location match),,AI-R: confirm prior-approved exclusion at W6-0b AI-R pass (stage6-w60b AI-R record),
05,Purchase Manager,translation-candidate,2,0,2,0,16,frappe,in-ledger (no vendor PO location match),,AI-R: confirm prior-approved exclusion at W6-0b AI-R pass (stage6-w60b AI-R record),
05,Purchase User,translation-candidate,2,0,2,0,13,frappe,in-ledger (no vendor PO location match),,AI-R: confirm prior-approved exclusion at W6-0b AI-R pass (stage6-w60b AI-R record),
05,Push Notifications,translation-candidate,2,0,2,0,18,frappe,in-ledger (no vendor PO location match),,AI-R: confirm prior-approved exclusion at W6-0b AI-R pass (stage6-w60b AI-R record),
05,Put on Hold,translation-candidate,2,0,2,0,11,frappe,in-ledger (no vendor PO location match),,AI-R: confirm prior-approved exclusion at W6-0b AI-R pass (stage6-w60b AI-R record),
05,Query Parameters,translation-candidate,2,0,2,0,16,frappe,in-ledger (no vendor PO location match),,AI-R: confirm prior-approved exclusion at W6-0b AI-R pass (stage6-w60b AI-R record),
05,Queue Overloaded,translation-candidate,2,0,2,0,16,frappe,in-ledger (no vendor PO location match),,AI-R: confirm prior-approved exclusion at W6-0b AI-R pass (stage6-w60b AI-R record),
05,Queue Status,translation-candidate,2,0,2,0,12,frappe,in-ledger (no vendor PO location match),,AI-R: confirm prior-approved exclusion at W6-0b AI-R pass (stage6-w60b AI-R record),
05,Queue Type(s),translation-candidate,2,0,2,0,13,frappe,in-ledger (no vendor PO location match),,AI-R: confirm prior-approved exclusion at W6-0b AI-R pass (stage6-w60b AI-R record),
05,Queued At,translation-candidate,2,0,2,0,9,frappe,in-ledger (no vendor PO location match),,AI-R: confirm prior-approved exclusion at W6-0b AI-R pass (stage6-w60b AI-R record),
05,Queued By,translation-candidate,2,0,2,0,9,frappe,in-ledger (no vendor PO location match),,AI-R: confirm prior-approved exclusion at W6-0b AI-R pass (stage6-w60b AI-R record),
05,Quick Entry,translation-candidate,2,0,2,0,11,frappe,in-ledger (no vendor PO location match),,AI-R: confirm prior-approved exclusion at W6-0b AI-R pass (stage6-w60b AI-R record),
05,Quick Lists,translation-candidate,2,0,2,0,11,frappe,in-ledger (no vendor PO location match),,AI-R: confirm prior-approved exclusion at W6-0b AI-R pass (stage6-w60b AI-R record),
05,RQ Worker,translation-candidate,2,0,2,0,9,frappe,in-ledger (no vendor PO location match),,AI-R: confirm prior-approved exclusion at W6-0b AI-R pass (stage6-w60b AI-R record),
05,Rate Limiting,translation-candidate,2,0,2,0,13,frappe,in-ledger (no vendor PO location match),,AI-R: confirm prior-approved exclusion at W6-0b AI-R pass (stage6-w60b AI-R record),
05,Raw Printing Setting,translation-candidate,2,0,2,0,20,frappe,in-ledger (no vendor PO location match),,AI-R: confirm prior-approved exclusion at W6-0b AI-R pass (stage6-w60b AI-R record),
05,Re-Run in Console,translation-candidate,2,0,2,0,17,frappe,in-ledger (no vendor PO location match),,AI-R: confirm prior-approved exclusion at W6-0b AI-R pass (stage6-w60b AI-R record),
05,Read mode,translation-candidate,2,0,2,0,9,frappe,in-ledger (no vendor PO location match),,AI-R: confirm prior-approved exclusion at W6-0b AI-R pass (stage6-w60b AI-R record),
05,Realtime (SocketIO),translation-candidate,2,0,2,0,19,frappe,in-ledger (no vendor PO location match),,AI-R: confirm prior-approved exclusion at W6-0b AI-R pass (stage6-w60b AI-R record),
05,Recorder Query,translation-candidate,2,0,2,0,14,frappe,in-ledger (no vendor PO location match),,AI-R: confirm prior-approved exclusion at W6-0b AI-R pass (stage6-w60b AI-R record),
05,Recursive Fetch From,translation-candidate,2,0,2,0,20,frappe,in-ledger (no vendor PO location match),,AI-R: confirm prior-approved exclusion at W6-0b AI-R pass (stage6-w60b AI-R record),
05,Redirect HTTP Status,translation-candidate,2,0,2,0,20,frappe,in-ledger (no vendor PO location match),,AI-R: confirm prior-approved exclusion at W6-0b AI-R pass (stage6-w60b AI-R record),
05,Redirect To Path,translation-candidate,2,0,2,0,16,frappe,in-ledger (no vendor PO location match),,AI-R: confirm prior-approved exclusion at W6-0b AI-R pass (stage6-w60b AI-R record),
05,Redirect URI,translation-candidate,2,0,2,0,12,frappe,in-ledger (no vendor PO location match),,AI-R: confirm prior-approved exclusion at W6-0b AI-R pass (stage6-w60b AI-R record),
05,Reference Datetime,translation-candidate,2,0,2,0,18,frappe,in-ledger (no vendor PO location match),,AI-R: confirm prior-approved exclusion at W6-0b AI-R pass (stage6-w60b AI-R record),
05,Reference Doc,translation-candidate,2,0,2,0,13,frappe,in-ledger (no vendor PO location match),,AI-R: confirm prior-approved exclusion at W6-0b AI-R pass (stage6-w60b AI-R record),
05,Reference Document,translation-candidate,2,0,2,0,18,frappe,in-ledger (no vendor PO location match),,AI-R: confirm prior-approved exclusion at W6-0b AI-R pass (stage6-w60b AI-R record),
05,Reference Name,translation-candidate,2,0,2,0,14,frappe,in-ledger (no vendor PO location match),,AI-R: confirm prior-approved exclusion at W6-0b AI-R pass (stage6-w60b AI-R record),
05,Relay Settings,translation-candidate,2,0,2,0,14,frappe,in-ledger (no vendor PO location match),,AI-R: confirm prior-approved exclusion at W6-0b AI-R pass (stage6-w60b AI-R record),
05,Release Notes,translation-candidate,2,0,2,0,13,frappe,in-ledger (no vendor PO location match),,AI-R: confirm prior-approved exclusion at W6-0b AI-R pass (stage6-w60b AI-R record),
05,Repeat on Days,translation-candidate,2,0,2,0,14,frappe,in-ledger (no vendor PO location match),,AI-R: confirm prior-approved exclusion at W6-0b AI-R pass (stage6-w60b AI-R record),
05,Request Body,translation-candidate,2,0,2,0,12,frappe,in-ledger (no vendor PO location match),,AI-R: confirm prior-approved exclusion at W6-0b AI-R pass (stage6-w60b AI-R record),
05,Request Description,translation-candidate,2,0,2,0,19,frappe,in-ledger (no vendor PO location match),,AI-R: confirm prior-approved exclusion at W6-0b AI-R pass (stage6-w60b AI-R record),
05,Request Headers,translation-candidate,2,0,2,0,15,frappe,in-ledger (no vendor PO location match),,AI-R: confirm prior-approved exclusion at W6-0b AI-R pass (stage6-w60b AI-R record),
05,Request ID,translation-candidate,2,0,2,0,10,frappe,in-ledger (no vendor PO location match),,AI-R: confirm prior-approved exclusion at W6-0b AI-R pass (stage6-w60b AI-R record),
05,Request Limit,translation-candidate,2,0,2,0,13,frappe,in-ledger (no vendor PO location match),,AI-R: confirm prior-approved exclusion at W6-0b AI-R pass (stage6-w60b AI-R record),
05,Request Method,translation-candidate,2,0,2,0,14,frappe,in-ledger (no vendor PO location match),,AI-R: confirm prior-approved exclusion at W6-0b AI-R pass (stage6-w60b AI-R record),
05,Requested Numbers,translation-candidate,2,0,2,0,17,frappe,in-ledger (no vendor PO location match),,AI-R: confirm prior-approved exclusion at W6-0b AI-R pass (stage6-w60b AI-R record),
05,Reset Layout,translation-candidate,2,0,2,0,12,frappe,in-ledger (no vendor PO location match),,AI-R: confirm prior-approved exclusion at W6-0b AI-R pass (stage6-w60b AI-R record),
05,Resource Name,translation-candidate,2,0,2,0,13,frappe,in-ledger (no vendor PO location match),,AI-R: confirm prior-approved exclusion at W6-0b AI-R pass (stage6-w60b AI-R record),
05,Resource Policy URI,translation-candidate,2,0,2,0,19,frappe,in-ledger (no vendor PO location match),,AI-R: confirm prior-approved exclusion at W6-0b AI-R pass (stage6-w60b AI-R record),
05,Resource TOS URI,translation-candidate,2,0,2,0,16,frappe,in-ledger (no vendor PO location match),,AI-R: confirm prior-approved exclusion at W6-0b AI-R pass (stage6-w60b AI-R record),
05,Response Headers,translation-candidate,2,0,2,0,16,frappe,in-ledger (no vendor PO location match),,AI-R: confirm prior-approved exclusion at W6-0b AI-R pass (stage6-w60b AI-R record),
05,Retry Sending,translation-candidate,2,0,2,0,13,frappe,in-ledger (no vendor PO location match),,AI-R: confirm prior-approved exclusion at W6-0b AI-R pass (stage6-w60b AI-R record),
05,Revocation URI,translation-candidate,2,0,2,0,14,frappe,in-ledger (no vendor PO location match),,AI-R: confirm prior-approved exclusion at W6-0b AI-R pass (stage6-w60b AI-R record),
05,Right Bottom,translation-candidate,2,0,2,0,12,frappe,in-ledger (no vendor PO location match),,AI-R: confirm prior-approved exclusion at W6-0b AI-R pass (stage6-w60b AI-R record),
05,Right Center,translation-candidate,2,0,2,0,12,frappe,in-ledger (no vendor PO location match),,AI-R: confirm prior-approved exclusion at W6-0b AI-R pass (stage6-w60b AI-R record),
05,Role Profiles,translation-candidate,2,0,2,0,13,frappe,in-ledger (no vendor PO location match),,AI-R: confirm prior-approved exclusion at W6-0b AI-R pass (stage6-w60b AI-R record),
05,Role Replication,translation-candidate,2,0,2,0,16,frappe,in-ledger (no vendor PO location match),,AI-R: confirm prior-approved exclusion at W6-0b AI-R pass (stage6-w60b AI-R record),
05,Roles & Permissions,translation-candidate,2,0,2,0,19,frappe,in-ledger (no vendor PO location match),,AI-R: confirm prior-approved exclusion at W6-0b AI-R pass (stage6-w60b AI-R record),
05,Rounding Method,translation-candidate,2,0,2,0,15,frappe,in-ledger (no vendor PO location match),,AI-R: confirm prior-approved exclusion at W6-0b AI-R pass (stage6-w60b AI-R record),
05,Row #,translation-candidate,2,0,2,0,5,frappe,in-ledger (no vendor PO location match),,AI-R: confirm prior-approved exclusion at W6-0b AI-R pass (stage6-w60b AI-R record),
05,Row Format,translation-candidate,2,0,2,0,10,frappe,in-ledger (no vendor PO location match),,AI-R: confirm prior-approved exclusion at W6-0b AI-R pass (stage6-w60b AI-R record),
05,Row Indexes,translation-candidate,2,0,2,0,11,frappe,in-ledger (no vendor PO location match),,AI-R: confirm prior-approved exclusion at W6-0b AI-R pass (stage6-w60b AI-R record),
05,Row Number,translation-candidate,2,0,2,0,10,frappe,in-ledger (no vendor PO location match),,AI-R: confirm prior-approved exclusion at W6-0b AI-R pass (stage6-w60b AI-R record),
05,Row Values Changed,translation-candidate,2,0,2,0,18,frappe,in-ledger (no vendor PO location match),,AI-R: confirm prior-approved exclusion at W6-0b AI-R pass (stage6-w60b AI-R record),
05,Row {0},translation-candidate,2,0,2,0,7,frappe,in-ledger (no vendor PO location match),,AI-R: confirm prior-approved exclusion at W6-0b AI-R pass (stage6-w60b AI-R record),
05,Runtime in Minutes,translation-candidate,2,0,2,0,18,frappe,in-ledger (no vendor PO location match),,AI-R: confirm prior-approved exclusion at W6-0b AI-R pass (stage6-w60b AI-R record),
05,Runtime in Seconds,translation-candidate,2,0,2,0,18,frappe,in-ledger (no vendor PO location match),,AI-R: confirm prior-approved exclusion at W6-0b AI-R pass (stage6-w60b AI-R record),
05,SMS Log,translation-candidate,2,0,2,0,7,frappe,in-ledger (no vendor PO location match),,AI-R: confirm prior-approved exclusion at W6-0b AI-R pass (stage6-w60b AI-R record),
05,SMS Settings,translation-candidate,2,0,2,0,12,frappe,in-ledger (no vendor PO location match),,AI-R: confirm prior-approved exclusion at W6-0b AI-R pass (stage6-w60b AI-R record),
05,SQL Explain,translation-candidate,2,0,2,0,11,frappe,in-ledger (no vendor PO location match),,AI-R: confirm prior-approved exclusion at W6-0b AI-R pass (stage6-w60b AI-R record),
05,SQL Output,translation-candidate,2,0,2,0,10,frappe,in-ledger (no vendor PO location match),,AI-R: confirm prior-approved exclusion at W6-0b AI-R pass (stage6-w60b AI-R record),
05,SQL Queries,translation-candidate,2,0,2,0,11,frappe,in-ledger (no vendor PO location match),,AI-R: confirm prior-approved exclusion at W6-0b AI-R pass (stage6-w60b AI-R record),
05,Sales Manager,translation-candidate,2,0,2,0,13,frappe,in-ledger (no vendor PO location match),,AI-R: confirm prior-approved exclusion at W6-0b AI-R pass (stage6-w60b AI-R record),
05,Sales Master Manager,translation-candidate,2,0,2,0,20,frappe,in-ledger (no vendor PO location match),,AI-R: confirm prior-approved exclusion at W6-0b AI-R pass (stage6-w60b AI-R record),
05,Sales User,translation-candidate,2,0,2,0,10,frappe,in-ledger (no vendor PO location match),,AI-R: confirm prior-approved exclusion at W6-0b AI-R pass (stage6-w60b AI-R record),
05,Scheduled Against,translation-candidate,2,0,2,0,17,frappe,in-ledger (no vendor PO location match),,AI-R: confirm prior-approved exclusion at W6-0b AI-R pass (stage6-w60b AI-R record),
05,Scheduled Jobs Logs,translation-candidate,2,0,2,0,19,frappe,in-ledger (no vendor PO location match),,AI-R: confirm prior-approved exclusion at W6-0b AI-R pass (stage6-w60b AI-R record),
05,Scheduler Inactive,translation-candidate,2,0,2,0,18,frappe,in-ledger (no vendor PO location match),,AI-R: confirm prior-approved exclusion at W6-0b AI-R pass (stage6-w60b AI-R record),
05,Scheduler Status,translation-candidate,2,0,2,0,16,frappe,in-ledger (no vendor PO location match),,AI-R: confirm prior-approved exclusion at W6-0b AI-R pass (stage6-w60b AI-R record),
05,Scheduler: Active,translation-candidate,2,0,2,0,17,frappe,in-ledger (no vendor PO location match),,AI-R: confirm prior-approved exclusion at W6-0b AI-R pass (stage6-w60b AI-R record),
05,Scheduler: Inactive,translation-candidate,2,0,2,0,19,frappe,in-ledger (no vendor PO location match),,AI-R: confirm prior-approved exclusion at W6-0b AI-R pass (stage6-w60b AI-R record),
05,Scopes Supported,translation-candidate,2,0,2,0,16,frappe,in-ledger (no vendor PO location match),,AI-R: confirm prior-approved exclusion at W6-0b AI-R pass (stage6-w60b AI-R record),
05,Scripting / Style,translation-candidate,2,0,2,0,17,frappe,in-ledger (no vendor PO location match),,AI-R: confirm prior-approved exclusion at W6-0b AI-R pass (stage6-w60b AI-R record),
05,Section ID,translation-candidate,2,0,2,0,10,frappe,in-ledger (no vendor PO location match),,AI-R: confirm prior-approved exclusion at W6-0b AI-R pass (stage6-w60b AI-R record),
05,Select Country,translation-candidate,2,0,2,0,14,frappe,in-ledger (no vendor PO location match),,AI-R: confirm prior-approved exclusion at W6-0b AI-R pass (stage6-w60b AI-R record),
05,Select Page,translation-candidate,2,0,2,0,11,frappe,in-ledger (no vendor PO location match),,AI-R: confirm prior-approved exclusion at W6-0b AI-R pass (stage6-w60b AI-R record),
05,Select Time Zone,translation-candidate,2,0,2,0,16,frappe,in-ledger (no vendor PO location match),,AI-R: confirm prior-approved exclusion at W6-0b AI-R pass (stage6-w60b AI-R record),
05,Select Workflow,translation-candidate,2,0,2,0,15,frappe,in-ledger (no vendor PO location match),,AI-R: confirm prior-approved exclusion at W6-0b AI-R pass (stage6-w60b AI-R record),
05,Select Workspaces,translation-candidate,2,0,2,0,17,frappe,in-ledger (no vendor PO location match),,AI-R: confirm prior-approved exclusion at W6-0b AI-R pass (stage6-w60b AI-R record),
05,Send Email On State,translation-candidate,2,0,2,0,19,frappe,in-ledger (no vendor PO location match),,AI-R: confirm prior-approved exclusion at W6-0b AI-R pass (stage6-w60b AI-R record),
05,Send Now,translation-candidate,2,0,2,0,8,frappe,in-ledger (no vendor PO location match),,AI-R: confirm prior-approved exclusion at W6-0b AI-R pass (stage6-w60b AI-R record),
05,Sender Email,translation-candidate,2,0,2,0,12,frappe,in-ledger (no vendor PO location match),,AI-R: confirm prior-approved exclusion at W6-0b AI-R pass (stage6-w60b AI-R record),
05,Sender Email Field,translation-candidate,2,0,2,0,18,frappe,in-ledger (no vendor PO location match),,AI-R: confirm prior-approved exclusion at W6-0b AI-R pass (stage6-w60b AI-R record),
05,Sender Name,translation-candidate,2,0,2,0,11,frappe,in-ledger (no vendor PO location match),,AI-R: confirm prior-approved exclusion at W6-0b AI-R pass (stage6-w60b AI-R record),
05,Sender Name Field,translation-candidate,2,0,2,0,17,frappe,in-ledger (no vendor PO location match),,AI-R: confirm prior-approved exclusion at W6-0b AI-R pass (stage6-w60b AI-R record),
05,Sent Folder Name,translation-candidate,2,0,2,0,16,frappe,in-ledger (no vendor PO location match),,AI-R: confirm prior-approved exclusion at W6-0b AI-R pass (stage6-w60b AI-R record),
05,Sent On,translation-candidate,2,0,2,0,7,frappe,in-ledger (no vendor PO location match),,AI-R: confirm prior-approved exclusion at W6-0b AI-R pass (stage6-w60b AI-R record),
05,Sent To,translation-candidate,2,0,2,0,7,frappe,in-ledger (no vendor PO location match),,AI-R: confirm prior-approved exclusion at W6-0b AI-R pass (stage6-w60b AI-R record),
05,Sequence Id,translation-candidate,2,0,2,0,11,frappe,in-ledger (no vendor PO location match),,AI-R: confirm prior-approved exclusion at W6-0b AI-R pass (stage6-w60b AI-R record),
05,Session Created,translation-candidate,2,0,2,0,15,frappe,in-ledger (no vendor PO location match),,AI-R: confirm prior-approved exclusion at W6-0b AI-R pass (stage6-w60b AI-R record),
05,Set Limit,translation-candidate,2,0,2,0,9,frappe,in-ledger (no vendor PO location match),,AI-R: confirm prior-approved exclusion at W6-0b AI-R pass (stage6-w60b AI-R record),
05,Set Properties,translation-candidate,2,0,2,0,14,frappe,in-ledger (no vendor PO location match),,AI-R: confirm prior-approved exclusion at W6-0b AI-R pass (stage6-w60b AI-R record),
05,Set only once,translation-candidate,2,0,2,0,13,frappe,in-ledger (no vendor PO location match),,AI-R: confirm prior-approved exclusion at W6-0b AI-R pass (stage6-w60b AI-R record),
05,Set size in MB,translation-candidate,2,0,2,0,14,frappe,in-ledger (no vendor PO location match),,AI-R: confirm prior-approved exclusion at W6-0b AI-R pass (stage6-w60b AI-R record),
05,Setup > User,translation-candidate,2,0,2,0,12,frappe,in-ledger (no vendor PO location match),,AI-R: confirm prior-approved exclusion at W6-0b AI-R pass (stage6-w60b AI-R record),
05,Setup failed,translation-candidate,2,0,2,0,12,frappe,in-ledger (no vendor PO location match),,AI-R: confirm prior-approved exclusion at W6-0b AI-R pass (stage6-w60b AI-R record),
05,Show Absolute Values,translation-candidate,2,0,2,0,20,frappe,in-ledger (no vendor PO location match),,AI-R: confirm prior-approved exclusion at W6-0b AI-R pass (stage6-w60b AI-R record),
05,Show Full Number,translation-candidate,2,0,2,0,16,frappe,in-ledger (no vendor PO location match),,AI-R: confirm prior-approved exclusion at W6-0b AI-R pass (stage6-w60b AI-R record),
05,Show Language Picker,translation-candidate,2,0,2,0,20,frappe,in-ledger (no vendor PO location match),,AI-R: confirm prior-approved exclusion at W6-0b AI-R pass (stage6-w60b AI-R record),
05,Show Processlist,translation-candidate,2,0,2,0,16,frappe,in-ledger (no vendor PO location match),,AI-R: confirm prior-approved exclusion at W6-0b AI-R pass (stage6-w60b AI-R record),
05,Show Related Errors,translation-candidate,2,0,2,0,19,frappe,in-ledger (no vendor PO location match),,AI-R: confirm prior-approved exclusion at W6-0b AI-R pass (stage6-w60b AI-R record),
05,Show Tour,translation-candidate,2,0,2,0,9,frappe,in-ledger (no vendor PO location match),,AI-R: confirm prior-approved exclusion at W6-0b AI-R pass (stage6-w60b AI-R record),
05,Show Traceback,translation-candidate,2,0,2,0,14,frappe,in-ledger (no vendor PO location match),,AI-R: confirm prior-approved exclusion at W6-0b AI-R pass (stage6-w60b AI-R record),
05,Show attachments,translation-candidate,2,0,2,0,16,frappe,in-ledger (no vendor PO location match),,AI-R: confirm prior-approved exclusion at W6-0b AI-R pass (stage6-w60b AI-R record),
05,Show footer on login,translation-candidate,2,0,2,0,20,frappe,in-ledger (no vendor PO location match),,AI-R: confirm prior-approved exclusion at W6-0b AI-R pass (stage6-w60b AI-R record),
05,Show list,translation-candidate,2,0,2,0,9,frappe,in-ledger (no vendor PO location match),,AI-R: confirm prior-approved exclusion at W6-0b AI-R pass (stage6-w60b AI-R record),
05,Show on Timeline,translation-candidate,2,0,2,0,16,frappe,in-ledger (no vendor PO location match),,AI-R: confirm prior-approved exclusion at W6-0b AI-R pass (stage6-w60b AI-R record),
05,Sign Out,translation-candidate,2,0,2,0,8,frappe,in-ledger (no vendor PO location match),,AI-R: confirm prior-approved exclusion at W6-0b AI-R pass (stage6-w60b AI-R record),
05,Sign ups,translation-candidate,2,0,2,0,8,frappe,in-ledger (no vendor PO location match),,AI-R: confirm prior-approved exclusion at W6-0b AI-R pass (stage6-w60b AI-R record),
05,Size (MB),translation-candidate,2,0,2,0,9,frappe,in-ledger (no vendor PO location match),,AI-R: confirm prior-approved exclusion at W6-0b AI-R pass (stage6-w60b AI-R record),
05,Slack Webhook URL,translation-candidate,2,0,2,0,17,frappe,in-ledger (no vendor PO location match),,AI-R: confirm prior-approved exclusion at W6-0b AI-R pass (stage6-w60b AI-R record),
05,SocketIO Ping Check,translation-candidate,2,0,2,0,19,frappe,in-ledger (no vendor PO location match),,AI-R: confirm prior-approved exclusion at W6-0b AI-R pass (stage6-w60b AI-R record),
05,Software ID,translation-candidate,2,0,2,0,11,frappe,in-ledger (no vendor PO location match),,AI-R: confirm prior-approved exclusion at W6-0b AI-R pass (stage6-w60b AI-R record),
05,Software Version,translation-candidate,2,0,2,0,16,frappe,in-ledger (no vendor PO location match),,AI-R: confirm prior-approved exclusion at W6-0b AI-R pass (stage6-w60b AI-R record),
05,Source Name,translation-candidate,2,0,2,0,11,frappe,in-ledger (no vendor PO location match),,AI-R: confirm prior-approved exclusion at W6-0b AI-R pass (stage6-w60b AI-R record),
05,Splash Image,translation-candidate,2,0,2,0,12,frappe,in-ledger (no vendor PO location match),,AI-R: confirm prior-approved exclusion at W6-0b AI-R pass (stage6-w60b AI-R record),
05,Stack Trace,translation-candidate,2,0,2,0,11,frappe,in-ledger (no vendor PO location match),,AI-R: confirm prior-approved exclusion at W6-0b AI-R pass (stage6-w60b AI-R record),
05,Standard Permissions,translation-candidate,2,0,2,0,20,frappe,in-ledger (no vendor PO location match),,AI-R: confirm prior-approved exclusion at W6-0b AI-R pass (stage6-w60b AI-R record),
05,Start Recording,translation-candidate,2,0,2,0,15,frappe,in-ledger (no vendor PO location match),,AI-R: confirm prior-approved exclusion at W6-0b AI-R pass (stage6-w60b AI-R record),
05,Start Time,translation-candidate,2,0,2,0,10,frappe,in-ledger (no vendor PO location match),,AI-R: confirm prior-approved exclusion at W6-0b AI-R pass (stage6-w60b AI-R record),
05,Started At,translation-candidate,2,0,2,0,10,frappe,in-ledger (no vendor PO location match),,AI-R: confirm prior-approved exclusion at W6-0b AI-R pass (stage6-w60b AI-R record),
05,Storage Usage (MB),translation-candidate,2,0,2,0,18,frappe,in-ledger (no vendor PO location match),,AI-R: confirm prior-approved exclusion at W6-0b AI-R pass (stage6-w60b AI-R record),
05,Submission Queue,translation-candidate,2,0,2,0,16,frappe,in-ledger (no vendor PO location match),,AI-R: confirm prior-approved exclusion at W6-0b AI-R pass (stage6-w60b AI-R record),
05,Success URI,translation-candidate,2,0,2,0,11,frappe,in-ledger (no vendor PO location match),,AI-R: confirm prior-approved exclusion at W6-0b AI-R pass (stage6-w60b AI-R record),
05,Success message,translation-candidate,2,0,2,0,15,frappe,in-ledger (no vendor PO location match),,AI-R: confirm prior-approved exclusion at W6-0b AI-R pass (stage6-w60b AI-R record),
05,Success title,translation-candidate,2,0,2,0,13,frappe,in-ledger (no vendor PO location match),,AI-R: confirm prior-approved exclusion at W6-0b AI-R pass (stage6-w60b AI-R record),
05,Successful Job Count,translation-candidate,2,0,2,0,20,frappe,in-ledger (no vendor PO location match),,AI-R: confirm prior-approved exclusion at W6-0b AI-R pass (stage6-w60b AI-R record),
05,Suggested Indexes,translation-candidate,2,0,2,0,17,frappe,in-ledger (no vendor PO location match),,AI-R: confirm prior-approved exclusion at W6-0b AI-R pass (stage6-w60b AI-R record),
05,Sync {0} Fields,translation-candidate,2,0,2,0,15,frappe,in-ledger (no vendor PO location match),,AI-R: confirm prior-approved exclusion at W6-0b AI-R pass (stage6-w60b AI-R record),
05,Synced Fields,translation-candidate,2,0,2,0,13,frappe,in-ledger (no vendor PO location match),,AI-R: confirm prior-approved exclusion at W6-0b AI-R pass (stage6-w60b AI-R record),
05,Syntax Error,translation-candidate,2,0,2,0,12,frappe,in-ledger (no vendor PO location match),,AI-R: confirm prior-approved exclusion at W6-0b AI-R pass (stage6-w60b AI-R record),
05,System Health,translation-candidate,2,0,2,0,13,frappe,in-ledger (no vendor PO location match),,AI-R: confirm prior-approved exclusion at W6-0b AI-R pass (stage6-w60b AI-R record),
05,System Logs,translation-candidate,2,0,2,0,11,frappe,in-ledger (no vendor PO location match),,AI-R: confirm prior-approved exclusion at W6-0b AI-R pass (stage6-w60b AI-R record),
05,TOS URI,translation-candidate,2,0,2,0,7,frappe,in-ledger (no vendor PO location match),,AI-R: confirm prior-approved exclusion at W6-0b AI-R pass (stage6-w60b AI-R record),
05,Table Field,translation-candidate,2,0,2,0,11,frappe,in-ledger (no vendor PO location match),,AI-R: confirm prior-approved exclusion at W6-0b AI-R pass (stage6-w60b AI-R record),
05,Table Fieldname,translation-candidate,2,0,2,0,15,frappe,in-ledger (no vendor PO location match),,AI-R: confirm prior-approved exclusion at W6-0b AI-R pass (stage6-w60b AI-R record),
05,Table Trimmed,translation-candidate,2,0,2,0,13,frappe,in-ledger (no vendor PO location match),,AI-R: confirm prior-approved exclusion at W6-0b AI-R pass (stage6-w60b AI-R record),
05,Template File,translation-candidate,2,0,2,0,13,frappe,in-ledger (no vendor PO location match),,AI-R: confirm prior-approved exclusion at W6-0b AI-R pass (stage6-w60b AI-R record),
05,Test Data,translation-candidate,2,0,2,0,9,frappe,in-ledger (no vendor PO location match),,AI-R: confirm prior-approved exclusion at W6-0b AI-R pass (stage6-w60b AI-R record),
05,Test Job ID,translation-candidate,2,0,2,0,11,frappe,in-ledger (no vendor PO location match),,AI-R: confirm prior-approved exclusion at W6-0b AI-R pass (stage6-w60b AI-R record),
05,Test Spanish,translation-candidate,2,0,2,0,12,frappe,in-ledger (no vendor PO location match),,AI-R: confirm prior-approved exclusion at W6-0b AI-R pass (stage6-w60b AI-R record),
05,Time Taken,translation-candidate,2,0,2,0,10,frappe,in-ledger (no vendor PO location match),,AI-R: confirm prior-approved exclusion at W6-0b AI-R pass (stage6-w60b AI-R record),
05,Time in Queries,translation-candidate,2,0,2,0,15,frappe,in-ledger (no vendor PO location match),,AI-R: confirm prior-approved exclusion at W6-0b AI-R pass (stage6-w60b AI-R record),
05,Timed Out,translation-candidate,2,0,2,0,9,frappe,in-ledger (no vendor PO location match),,AI-R: confirm prior-approved exclusion at W6-0b AI-R pass (stage6-w60b AI-R record),
05,Timeless Launchpad,translation-candidate,2,0,2,0,18,frappe,in-ledger (no vendor PO location match),,AI-R: confirm prior-approved exclusion at W6-0b AI-R pass (stage6-w60b AI-R record),
05,Timeout (In Seconds),translation-candidate,2,0,2,0,20,frappe,in-ledger (no vendor PO location match),,AI-R: confirm prior-approved exclusion at W6-0b AI-R pass (stage6-w60b AI-R record),
05,To Date,translation-candidate,2,0,2,0,7,frappe,in-ledger (no vendor PO location match),,AI-R: confirm prior-approved exclusion at W6-0b AI-R pass (stage6-w60b AI-R record),
05,Token Cache,translation-candidate,2,0,2,0,11,frappe,in-ledger (no vendor PO location match),,AI-R: confirm prior-approved exclusion at W6-0b AI-R pass (stage6-w60b AI-R record),
05,Token Type,translation-candidate,2,0,2,0,10,frappe,in-ledger (no vendor PO location match),,AI-R: confirm prior-approved exclusion at W6-0b AI-R pass (stage6-w60b AI-R record),
05,Token URI,translation-candidate,2,0,2,0,9,frappe,in-ledger (no vendor PO location match),,AI-R: confirm prior-approved exclusion at W6-0b AI-R pass (stage6-w60b AI-R record),
05,Too Many Documents,translation-candidate,2,0,2,0,18,frappe,in-ledger (no vendor PO location match),,AI-R: confirm prior-approved exclusion at W6-0b AI-R pass (stage6-w60b AI-R record),
05,Top 10,translation-candidate,2,0,2,0,6,frappe,in-ledger (no vendor PO location match),,AI-R: confirm prior-approved exclusion at W6-0b AI-R pass (stage6-w60b AI-R record),
05,Top Errors,translation-candidate,2,0,2,0,10,frappe,in-ledger (no vendor PO location match),,AI-R: confirm prior-approved exclusion at W6-0b AI-R pass (stage6-w60b AI-R record),
05,Total Users,translation-candidate,2,0,2,0,11,frappe,in-ledger (no vendor PO location match),,AI-R: confirm prior-approved exclusion at W6-0b AI-R pass (stage6-w60b AI-R record),
05,Total Working Time,translation-candidate,2,0,2,0,18,frappe,in-ledger (no vendor PO location match),,AI-R: confirm prior-approved exclusion at W6-0b AI-R pass (stage6-w60b AI-R record),
05,Trace ID,translation-candidate,2,0,2,0,8,frappe,in-ledger (no vendor PO location match),,AI-R: confirm prior-approved exclusion at W6-0b AI-R pass (stage6-w60b AI-R record),
05,Track Steps,translation-candidate,2,0,2,0,11,frappe,in-ledger (no vendor PO location match),,AI-R: confirm prior-approved exclusion at W6-0b AI-R pass (stage6-w60b AI-R record),
05,Transition Tasks,translation-candidate,2,0,2,0,16,frappe,in-ledger (no vendor PO location match),,AI-R: confirm prior-approved exclusion at W6-0b AI-R pass (stage6-w60b AI-R record),
05,Trigger caching,translation-candidate,2,0,2,0,15,frappe,in-ledger (no vendor PO location match),,AI-R: confirm prior-approved exclusion at W6-0b AI-R pass (stage6-w60b AI-R record),
05,Trim Table,translation-candidate,2,0,2,0,10,frappe,in-ledger (no vendor PO location match),,AI-R: confirm prior-approved exclusion at W6-0b AI-R pass (stage6-w60b AI-R record),
05,Try a Naming Series,translation-candidate,2,0,2,0,19,frappe,in-ledger (no vendor PO location match),,AI-R: confirm prior-approved exclusion at W6-0b AI-R pass (stage6-w60b AI-R record),
05,UI Tour,translation-candidate,2,0,2,0,7,frappe,in-ledger (no vendor PO location match),,AI-R: confirm prior-approved exclusion at W6-0b AI-R pass (stage6-w60b AI-R record),
05,Uncaught Exception,translation-candidate,2,0,2,0,18,frappe,in-ledger (no vendor PO location match),,AI-R: confirm prior-approved exclusion at W6-0b AI-R pass (stage6-w60b AI-R record),
05,Unhandled Emails,translation-candidate,2,0,2,0,16,frappe,in-ledger (no vendor PO location match),,AI-R: confirm prior-approved exclusion at W6-0b AI-R pass (stage6-w60b AI-R record),
05,Unsafe SQL query,translation-candidate,2,0,2,0,16,frappe,in-ledger (no vendor PO location match),,AI-R: confirm prior-approved exclusion at W6-0b AI-R pass (stage6-w60b AI-R record),
05,Unsubscribe Params,translation-candidate,2,0,2,0,18,frappe,in-ledger (no vendor PO location match),,AI-R: confirm prior-approved exclusion at W6-0b AI-R pass (stage6-w60b AI-R record),
05,Unsupported {0}: {1},translation-candidate,2,0,2,0,20,frappe,in-ledger (no vendor PO location match),,AI-R: confirm prior-approved exclusion at W6-0b AI-R pass (stage6-w60b AI-R record),
05,Upgrade plan,translation-candidate,2,0,2,0,12,frappe,in-ledger (no vendor PO location match),,AI-R: confirm prior-approved exclusion at W6-0b AI-R pass (stage6-w60b AI-R record),
05,Use STARTTLS,translation-candidate,2,0,2,0,12,frappe,in-ledger (no vendor PO location match),,AI-R: confirm prior-approved exclusion at W6-0b AI-R pass (stage6-w60b AI-R record),
05,Used OAuth,translation-candidate,2,0,2,0,10,frappe,in-ledger (no vendor PO location match),,AI-R: confirm prior-approved exclusion at W6-0b AI-R pass (stage6-w60b AI-R record),
05,User Details,translation-candidate,2,0,2,0,12,frappe,in-ledger (no vendor PO location match),,AI-R: confirm prior-approved exclusion at W6-0b AI-R pass (stage6-w60b AI-R record),
05,User Id Field,translation-candidate,2,0,2,0,13,frappe,in-ledger (no vendor PO location match),,AI-R: confirm prior-approved exclusion at W6-0b AI-R pass (stage6-w60b AI-R record),
05,User Invitation,translation-candidate,2,0,2,0,15,frappe,in-ledger (no vendor PO location match),,AI-R: confirm prior-approved exclusion at W6-0b AI-R pass (stage6-w60b AI-R record),
05,User Role,translation-candidate,2,0,2,0,9,frappe,in-ledger (no vendor PO location match),,AI-R: confirm prior-approved exclusion at W6-0b AI-R pass (stage6-w60b AI-R record),
05,User Role Profile,translation-candidate,2,0,2,0,17,frappe,in-ledger (no vendor PO location match),,AI-R: confirm prior-approved exclusion at W6-0b AI-R pass (stage6-w60b AI-R record),
05,User Session Display,translation-candidate,2,0,2,0,20,frappe,in-ledger (no vendor PO location match),,AI-R: confirm prior-approved exclusion at W6-0b AI-R pass (stage6-w60b AI-R record),
05,User Type Module,translation-candidate,2,0,2,0,16,frappe,in-ledger (no vendor PO location match),,AI-R: confirm prior-approved exclusion at W6-0b AI-R pass (stage6-w60b AI-R record),
05,User does not exist.,translation-candidate,2,0,2,0,20,frappe,in-ledger (no vendor PO location match),,AI-R: confirm prior-approved exclusion at W6-0b AI-R pass (stage6-w60b AI-R record),
05,User is disabled,translation-candidate,2,0,2,0,16,frappe,in-ledger (no vendor PO location match),,AI-R: confirm prior-approved exclusion at W6-0b AI-R pass (stage6-w60b AI-R record),
05,User {0} is disabled,translation-candidate,2,0,2,0,20,frappe,in-ledger (no vendor PO location match),,AI-R: confirm prior-approved exclusion at W6-0b AI-R pass (stage6-w60b AI-R record),
05,Userinfo URI,translation-candidate,2,0,2,0,12,frappe,in-ledger (no vendor PO location match),,AI-R: confirm prior-approved exclusion at W6-0b AI-R pass (stage6-w60b AI-R record),
05,Utilization %,translation-candidate,2,0,2,0,13,frappe,in-ledger (no vendor PO location match),,AI-R: confirm prior-approved exclusion at W6-0b AI-R pass (stage6-w60b AI-R record),
05,Value Change,translation-candidate,2,0,2,0,12,frappe,in-ledger (no vendor PO location match),,AI-R: confirm prior-approved exclusion at W6-0b AI-R pass (stage6-w60b AI-R record),
05,Values Changed,translation-candidate,2,0,2,0,14,frappe,in-ledger (no vendor PO location match),,AI-R: confirm prior-approved exclusion at W6-0b AI-R pass (stage6-w60b AI-R record),
05,Visit Desktop,translation-candidate,2,0,2,0,13,frappe,in-ledger (no vendor PO location match),,AI-R: confirm prior-approved exclusion at W6-0b AI-R pass (stage6-w60b AI-R record),
05,Visitor ID,translation-candidate,2,0,2,0,10,frappe,in-ledger (no vendor PO location match),,AI-R: confirm prior-approved exclusion at W6-0b AI-R pass (stage6-w60b AI-R record),
05,Webhook Request Log,translation-candidate,2,0,2,0,19,frappe,in-ledger (no vendor PO location match),,AI-R: confirm prior-approved exclusion at W6-0b AI-R pass (stage6-w60b AI-R record),
05,Webhook Secret,translation-candidate,2,0,2,0,14,frappe,in-ledger (no vendor PO location match),,AI-R: confirm prior-approved exclusion at W6-0b AI-R pass (stage6-w60b AI-R record),
05,Webhook Trigger,translation-candidate,2,0,2,0,15,frappe,in-ledger (no vendor PO location match),,AI-R: confirm prior-approved exclusion at W6-0b AI-R pass (stage6-w60b AI-R record),
05,Webhook URL,translation-candidate,2,0,2,0,11,frappe,in-ledger (no vendor PO location match),,AI-R: confirm prior-approved exclusion at W6-0b AI-R pass (stage6-w60b AI-R record),
05,Website Manager,translation-candidate,2,0,2,0,15,frappe,in-ledger (no vendor PO location match),,AI-R: confirm prior-approved exclusion at W6-0b AI-R pass (stage6-w60b AI-R record),
05,Website Script,translation-candidate,2,0,2,0,14,frappe,in-ledger (no vendor PO location match),,AI-R: confirm prior-approved exclusion at W6-0b AI-R pass (stage6-w60b AI-R record),
05,Website Theme,translation-candidate,2,0,2,0,13,frappe,in-ledger (no vendor PO location match),,AI-R: confirm prior-approved exclusion at W6-0b AI-R pass (stage6-w60b AI-R record),
05,Website Visits,translation-candidate,2,0,2,0,14,frappe,in-ledger (no vendor PO location match),,AI-R: confirm prior-approved exclusion at W6-0b AI-R pass (stage6-w60b AI-R record),
05,Welcome URL,translation-candidate,2,0,2,0,11,frappe,in-ledger (no vendor PO location match),,AI-R: confirm prior-approved exclusion at W6-0b AI-R pass (stage6-w60b AI-R record),
05,Welcome to {0},translation-candidate,2,0,2,0,14,frappe,in-ledger (no vendor PO location match),,AI-R: confirm prior-approved exclusion at W6-0b AI-R pass (stage6-w60b AI-R record),
05,Worker Information,translation-candidate,2,0,2,0,18,frappe,in-ledger (no vendor PO location match),,AI-R: confirm prior-approved exclusion at W6-0b AI-R pass (stage6-w60b AI-R record),
05,Worker Name,translation-candidate,2,0,2,0,11,frappe,in-ledger (no vendor PO location match),,AI-R: confirm prior-approved exclusion at W6-0b AI-R pass (stage6-w60b AI-R record),
05,Workflow Builder ID,translation-candidate,2,0,2,0,19,frappe,in-ledger (no vendor PO location match),,AI-R: confirm prior-approved exclusion at W6-0b AI-R pass (stage6-w60b AI-R record),
05,Workflow Data,translation-candidate,2,0,2,0,13,frappe,in-ledger (no vendor PO location match),,AI-R: confirm prior-approved exclusion at W6-0b AI-R pass (stage6-w60b AI-R record),
05,Workflow Task,translation-candidate,2,0,2,0,13,frappe,in-ledger (no vendor PO location match),,AI-R: confirm prior-approved exclusion at W6-0b AI-R pass (stage6-w60b AI-R record),
05,Wrapping up,translation-candidate,2,0,2,0,11,frappe,in-ledger (no vendor PO location match),,AI-R: confirm prior-approved exclusion at W6-0b AI-R pass (stage6-w60b AI-R record),
05,'{0}' is not a valid IBAN,translation-candidate,2,0,0,0,25,frappe,in-ledger (no vendor PO location match),,AI-R: confirm prior-approved exclusion at W6-0b AI-R pass (stage6-w60b AI-R record),
05,'{0}' is not a valid URL,translation-candidate,2,0,0,0,24,frappe,in-ledger (no vendor PO location match),,AI-R: confirm prior-approved exclusion at W6-0b AI-R pass (stage6-w60b AI-R record),
05,1 day ago,translation-candidate,2,0,0,0,9,frappe,in-ledger (no vendor PO location match),,AI-R: confirm prior-approved exclusion at W6-0b AI-R pass (stage6-w60b AI-R record),
05,1 second ago,translation-candidate,2,0,0,0,12,frappe,in-ledger (no vendor PO location match),,AI-R: confirm prior-approved exclusion at W6-0b AI-R pass (stage6-w60b AI-R record),
05,2 hours ago,translation-candidate,2,0,0,0,11,frappe,in-ledger (no vendor PO location match),,AI-R: confirm prior-approved exclusion at W6-0b AI-R pass (stage6-w60b AI-R record),
05,2 months ago,translation-candidate,2,0,0,0,12,frappe,in-ledger (no vendor PO location match),,AI-R: confirm prior-approved exclusion at W6-0b AI-R pass (stage6-w60b AI-R record),
05,2 weeks ago,translation-candidate,2,0,0,0,11,frappe,in-ledger (no vendor PO location match),,AI-R: confirm prior-approved exclusion at W6-0b AI-R pass (stage6-w60b AI-R record),
06,2 years ago,translation-candidate,2,0,0,0,11,frappe,in-ledger (no vendor PO location match),,AI-R: confirm prior-approved exclusion at W6-0b AI-R pass (stage6-w60b AI-R record),
06,3 minutes ago,translation-candidate,2,0,0,0,13,frappe,in-ledger (no vendor PO location match),,AI-R: confirm prior-approved exclusion at W6-0b AI-R pass (stage6-w60b AI-R record),
06,5 days ago,translation-candidate,2,0,0,0,10,frappe,in-ledger (no vendor PO location match),,AI-R: confirm prior-approved exclusion at W6-0b AI-R pass (stage6-w60b AI-R record),
06,API Endpoint Args should be valid JSON,translation-candidate,2,0,0,0,38,frappe,in-ledger (no vendor PO location match),,AI-R: confirm prior-approved exclusion at W6-0b AI-R pass (stage6-w60b AI-R record),
06,API Key cannot be regenerated,translation-candidate,2,0,0,0,29,frappe,in-ledger (no vendor PO location match),,AI-R: confirm prior-approved exclusion at W6-0b AI-R pass (stage6-w60b AI-R record),
06,About {0} minute remaining,translation-candidate,2,0,0,0,26,frappe,in-ledger (no vendor PO location match),,AI-R: confirm prior-approved exclusion at W6-0b AI-R pass (stage6-w60b AI-R record),
06,About {0} minutes remaining,translation-candidate,2,0,0,0,27,frappe,in-ledger (no vendor PO location match),,AI-R: confirm prior-approved exclusion at W6-0b AI-R pass (stage6-w60b AI-R record),
06,About {0} seconds remaining,translation-candidate,2,0,0,0,27,frappe,in-ledger (no vendor PO location match),,AI-R: confirm prior-approved exclusion at W6-0b AI-R pass (stage6-w60b AI-R record),
06,Added,translation-candidate,2,0,0,0,5,frappe,in-ledger (no vendor PO location match),,AI-R: confirm prior-approved exclusion at W6-0b AI-R pass (stage6-w60b AI-R record),
06,Added default log doctypes: {},translation-candidate,2,0,0,0,30,frappe,in-ledger (no vendor PO location match),,AI-R: confirm prior-approved exclusion at W6-0b AI-R pass (stage6-w60b AI-R record),
06,Adds a custom client script to a DocType,translation-candidate,2,0,0,0,40,frappe,in-ledger (no vendor PO location match),,AI-R: confirm prior-approved exclusion at W6-0b AI-R pass (stage6-w60b AI-R record),
06,Adds a custom field to a DocType,translation-candidate,2,0,0,0,32,frappe,in-ledger (no vendor PO location match),,AI-R: confirm prior-approved exclusion at W6-0b AI-R pass (stage6-w60b AI-R record),
06,Administrator can't follow,translation-candidate,2,0,0,0,26,frappe,in-ledger (no vendor PO location match),,AI-R: confirm prior-approved exclusion at W6-0b AI-R pass (stage6-w60b AI-R record),
06,Alias must be a string,translation-candidate,2,0,0,0,22,frappe,in-ledger (no vendor PO location match),,AI-R: confirm prior-approved exclusion at W6-0b AI-R pass (stage6-w60b AI-R record),
06,Align,translation-candidate,2,0,0,0,5,frappe,in-ledger (no vendor PO location match),,AI-R: confirm prior-approved exclusion at W6-0b AI-R pass (stage6-w60b AI-R record),
06,Allow Consecutive Login Attempts,translation-candidate,2,0,0,0,32,frappe,in-ledger (no vendor PO location match),,AI-R: confirm prior-approved exclusion at W6-0b AI-R pass (stage6-w60b AI-R record),
06,Allow incomplete forms,translation-candidate,2,0,0,0,22,frappe,in-ledger (no vendor PO location match),,AI-R: confirm prior-approved exclusion at W6-0b AI-R pass (stage6-w60b AI-R record),
06,Allow multiple responses,translation-candidate,2,0,0,0,24,frappe,in-ledger (no vendor PO location match),,AI-R: confirm prior-approved exclusion at W6-0b AI-R pass (stage6-w60b AI-R record),
06,Allowed File Extensions,translation-candidate,2,0,0,0,23,frappe,in-ledger (no vendor PO location match),,AI-R: confirm prior-approved exclusion at W6-0b AI-R pass (stage6-w60b AI-R record),
06,Allowed Public Client Origins,translation-candidate,2,0,0,0,29,frappe,in-ledger (no vendor PO location match),,AI-R: confirm prior-approved exclusion at W6-0b AI-R pass (stage6-w60b AI-R record),
06,Allowed embedding domains,translation-candidate,2,0,0,0,25,frappe,in-ledger (no vendor PO location match),,AI-R: confirm prior-approved exclusion at W6-0b AI-R pass (stage6-w60b AI-R record),
06,Always use this name as sender name,translation-candidate,2,0,0,0,35,frappe,in-ledger (no vendor PO location match),,AI-R: confirm prior-approved exclusion at W6-0b AI-R pass (stage6-w60b AI-R record),
06,Amended Document Naming Settings,translation-candidate,2,0,0,0,32,frappe,in-ledger (no vendor PO location match),,AI-R: confirm prior-approved exclusion at W6-0b AI-R pass (stage6-w60b AI-R record),
06,Amendment Naming Override,translation-candidate,2,0,0,0,25,frappe,in-ledger (no vendor PO location match),,AI-R: confirm prior-approved exclusion at W6-0b AI-R pass (stage6-w60b AI-R record),
06,Amendment Not Allowed,translation-candidate,2,0,0,0,21,frappe,in-ledger (no vendor PO location match),,AI-R: confirm prior-approved exclusion at W6-0b AI-R pass (stage6-w60b AI-R record),
06,Amendment naming rules updated.,translation-candidate,2,0,0,0,31,frappe,in-ledger (no vendor PO location match),,AI-R: confirm prior-approved exclusion at W6-0b AI-R pass (stage6-w60b AI-R record),
06,Announcements,translation-candidate,2,0,0,0,13,frappe,in-ledger (no vendor PO location match),,AI-R: confirm prior-approved exclusion at W6-0b AI-R pass (stage6-w60b AI-R record),
06,Annual,translation-candidate,2,0,0,0,6,frappe,in-ledger (no vendor PO location match),,AI-R: confirm prior-approved exclusion at W6-0b AI-R pass (stage6-w60b AI-R record),
06,App Name (Client Name),translation-candidate,2,0,0,0,22,frappe,in-ledger (no vendor PO location match),,AI-R: confirm prior-approved exclusion at W6-0b AI-R pass (stage6-w60b AI-R record),
06,App not found for module: {0},translation-candidate,2,0,0,0,29,frappe,in-ledger (no vendor PO location match),,AI-R: confirm prior-approved exclusion at W6-0b AI-R pass (stage6-w60b AI-R record),
06,Application is not installed,translation-candidate,2,0,0,0,28,frappe,in-ledger (no vendor PO location match),,AI-R: confirm prior-approved exclusion at W6-0b AI-R pass (stage6-w60b AI-R record),
06,Apply User Permission On,translation-candidate,2,0,0,0,24,frappe,in-ledger (no vendor PO location match),,AI-R: confirm prior-approved exclusion at W6-0b AI-R pass (stage6-w60b AI-R record),
06,Apply document permissions,translation-candidate,2,0,0,0,26,frappe,in-ledger (no vendor PO location match),,AI-R: confirm prior-approved exclusion at W6-0b AI-R pass (stage6-w60b AI-R record),
06,Assignee,translation-candidate,2,0,0,0,8,frappe,in-ledger (no vendor PO location match),,AI-R: confirm prior-approved exclusion at W6-0b AI-R pass (stage6-w60b AI-R record),
06,Assignment,translation-candidate,2,0,0,0,10,frappe,in-ledger (no vendor PO location match),,AI-R: confirm prior-approved exclusion at W6-0b AI-R pass (stage6-w60b AI-R record),
06,Assignment of {0} removed by {1},translation-candidate,2,0,0,0,32,frappe,in-ledger (no vendor PO location match),,AI-R: confirm prior-approved exclusion at W6-0b AI-R pass (stage6-w60b AI-R record),
06,Asynchronous,translation-candidate,2,0,0,0,12,frappe,in-ledger (no vendor PO location match),,AI-R: confirm prior-approved exclusion at W6-0b AI-R pass (stage6-w60b AI-R record),
06,Auth URL data should be valid JSON,translation-candidate,2,0,0,0,34,frappe,in-ledger (no vendor PO location match),,AI-R: confirm prior-approved exclusion at W6-0b AI-R pass (stage6-w60b AI-R record),
06,Authenticate as Service Principal,translation-candidate,2,0,0,0,33,frappe,in-ledger (no vendor PO location match),,AI-R: confirm prior-approved exclusion at W6-0b AI-R pass (stage6-w60b AI-R record),
06,Authorization,translation-candidate,2,0,0,0,13,frappe,in-ledger (no vendor PO location match),,AI-R: confirm prior-approved exclusion at W6-0b AI-R pass (stage6-w60b AI-R record),
06,Auto follow documents that you Like,translation-candidate,2,0,0,0,35,frappe,in-ledger (no vendor PO location match),,AI-R: confirm prior-approved exclusion at W6-0b AI-R pass (stage6-w60b AI-R record),
06,Auto follow documents that you create,translation-candidate,2,0,0,0,37,frappe,in-ledger (no vendor PO location match),,AI-R: confirm prior-approved exclusion at W6-0b AI-R pass (stage6-w60b AI-R record),
06,Awesomebar,translation-candidate,2,0,0,0,10,frappe,in-ledger (no vendor PO location match),,AI-R: confirm prior-approved exclusion at W6-0b AI-R pass (stage6-w60b AI-R record),
06,Background Job Activity,translation-candidate,2,0,0,0,23,frappe,in-ledger (no vendor PO location match),,AI-R: confirm prior-approved exclusion at W6-0b AI-R pass (stage6-w60b AI-R record),
06,Background Jobs Check,translation-candidate,2,0,0,0,21,frappe,in-ledger (no vendor PO location match),,AI-R: confirm prior-approved exclusion at W6-0b AI-R pass (stage6-w60b AI-R record),
06,Background Jobs Queue,translation-candidate,2,0,0,0,21,frappe,in-ledger (no vendor PO location match),,AI-R: confirm prior-approved exclusion at W6-0b AI-R pass (stage6-w60b AI-R record),
06,Backup Encryption Key,translation-candidate,2,0,0,0,21,frappe,in-ledger (no vendor PO location match),,AI-R: confirm prior-approved exclusion at W6-0b AI-R pass (stage6-w60b AI-R record),
06,Beginner,translation-candidate,2,0,0,0,8,frappe,in-ledger (no vendor PO location match),,AI-R: confirm prior-approved exclusion at W6-0b AI-R pass (stage6-w60b AI-R record),
06,Brand,translation-candidate,2,0,0,0,5,frappe,in-ledger (no vendor PO location match),,AI-R: confirm prior-approved exclusion at W6-0b AI-R pass (stage6-w60b AI-R record),
06,Bulk Operation Failed,translation-candidate,2,0,0,0,21,frappe,in-ledger (no vendor PO location match),,AI-R: confirm prior-approved exclusion at W6-0b AI-R pass (stage6-w60b AI-R record),
06,Bulk Operation Successful,translation-candidate,2,0,0,0,25,frappe,in-ledger (no vendor PO location match),,AI-R: confirm prior-approved exclusion at W6-0b AI-R pass (stage6-w60b AI-R record),
06,Bulk {0} is enqueued in background.,translation-candidate,2,0,0,0,35,frappe,in-ledger (no vendor PO location match),,AI-R: confirm prior-approved exclusion at W6-0b AI-R pass (stage6-w60b AI-R record),
06,"By \""Naming Series\"" field",translation-candidate,2,0,0,0,26,frappe,in-ledger (no vendor PO location match),,AI-R: confirm prior-approved exclusion at W6-0b AI-R pass (stage6-w60b AI-R record),
06,Cache,translation-candidate,2,0,0,0,5,frappe,in-ledger (no vendor PO location match),,AI-R: confirm prior-approved exclusion at W6-0b AI-R pass (stage6-w60b AI-R record),
06,Campaign Description (Optional),translation-candidate,2,0,0,0,31,frappe,in-ledger (no vendor PO location match),,AI-R: confirm prior-approved exclusion at W6-0b AI-R pass (stage6-w60b AI-R record),
06,Cannot access file path {0},translation-candidate,2,0,0,0,27,frappe,in-ledger (no vendor PO location match),,AI-R: confirm prior-approved exclusion at W6-0b AI-R pass (stage6-w60b AI-R record),
06,Cannot edit Standard Dashboards,translation-candidate,2,0,0,0,31,frappe,in-ledger (no vendor PO location match),,AI-R: confirm prior-approved exclusion at W6-0b AI-R pass (stage6-w60b AI-R record),
06,Cannot edit Standard charts,translation-candidate,2,0,0,0,27,frappe,in-ledger (no vendor PO location match),,AI-R: confirm prior-approved exclusion at W6-0b AI-R pass (stage6-w60b AI-R record),
06,Cannot find file {} on disk,translation-candidate,2,0,0,0,27,frappe,in-ledger (no vendor PO location match),,AI-R: confirm prior-approved exclusion at W6-0b AI-R pass (stage6-w60b AI-R record),
06,Cannot get file contents of a Folder,translation-candidate,2,0,0,0,36,frappe,in-ledger (no vendor PO location match),,AI-R: confirm prior-approved exclusion at W6-0b AI-R pass (stage6-w60b AI-R record),
06,Cannot use sub-query here.,translation-candidate,2,0,0,0,26,frappe,in-ledger (no vendor PO location match),,AI-R: confirm prior-approved exclusion at W6-0b AI-R pass (stage6-w60b AI-R record),
06,Cannot use {0} in order/group by,translation-candidate,2,0,0,0,32,frappe,in-ledger (no vendor PO location match),,AI-R: confirm prior-approved exclusion at W6-0b AI-R pass (stage6-w60b AI-R record),
06,Child DocTypes are not allowed,translation-candidate,2,0,0,0,30,frappe,in-ledger (no vendor PO location match),,AI-R: confirm prior-approved exclusion at W6-0b AI-R pass (stage6-w60b AI-R record),
06,City,translation-candidate,2,0,0,0,4,frappe,in-ledger (no vendor PO location match),,AI-R: confirm prior-approved exclusion at W6-0b AI-R pass (stage6-w60b AI-R record),المدينة
06,Clear Logs After (days),translation-candidate,2,0,0,0,23,frappe,in-ledger (no vendor PO location match),,AI-R: confirm prior-approved exclusion at W6-0b AI-R pass (stage6-w60b AI-R record),
06,Click to Set Dynamic Filters,translation-candidate,2,0,0,0,28,frappe,in-ledger (no vendor PO location match),,AI-R: confirm prior-approved exclusion at W6-0b AI-R pass (stage6-w60b AI-R record),
06,Code challenge method,translation-candidate,2,0,0,0,21,frappe,in-ledger (no vendor PO location match),,AI-R: confirm prior-approved exclusion at W6-0b AI-R pass (stage6-w60b AI-R record),
06,Collapsible Depends On (JS),translation-candidate,2,0,0,0,27,frappe,in-ledger (no vendor PO location match),,AI-R: confirm prior-approved exclusion at W6-0b AI-R pass (stage6-w60b AI-R record),
06,Committed,translation-candidate,2,0,0,0,9,frappe,in-ledger (no vendor PO location match),,AI-R: confirm prior-approved exclusion at W6-0b AI-R pass (stage6-w60b AI-R record),
06,Common words are easy to guess.,translation-candidate,2,0,0,0,31,frappe,in-ledger (no vendor PO location match),,AI-R: confirm prior-approved exclusion at W6-0b AI-R pass (stage6-w60b AI-R record),
06,Communication secret not set,translation-candidate,2,0,0,0,28,frappe,in-ledger (no vendor PO location match),,AI-R: confirm prior-approved exclusion at W6-0b AI-R pass (stage6-w60b AI-R record),
06,Compressed,translation-candidate,2,0,0,0,10,frappe,in-ledger (no vendor PO location match),,AI-R: confirm prior-approved exclusion at W6-0b AI-R pass (stage6-w60b AI-R record),
06,Condition,translation-candidate,2,0,0,0,9,frappe,in-ledger (no vendor PO location match),,AI-R: confirm prior-approved exclusion at W6-0b AI-R pass (stage6-w60b AI-R record),
06,Condition description,translation-candidate,2,0,0,0,21,frappe,in-ledger (no vendor PO location match),,AI-R: confirm prior-approved exclusion at W6-0b AI-R pass (stage6-w60b AI-R record),
06,Conditions,translation-candidate,2,0,0,0,10,frappe,in-ledger (no vendor PO location match),,AI-R: confirm prior-approved exclusion at W6-0b AI-R pass (stage6-w60b AI-R record),
06,Configuration,translation-candidate,2,0,0,0,13,frappe,in-ledger (no vendor PO location match),,AI-R: confirm prior-approved exclusion at W6-0b AI-R pass (stage6-w60b AI-R record),
06,Console Logs can not be deleted,translation-candidate,2,0,0,0,31,frappe,in-ledger (no vendor PO location match),,AI-R: confirm prior-approved exclusion at W6-0b AI-R pass (stage6-w60b AI-R record),
06,Constraints,translation-candidate,2,0,0,0,11,frappe,in-ledger (no vendor PO location match),,AI-R: confirm prior-approved exclusion at W6-0b AI-R pass (stage6-w60b AI-R record),
06,Contacts,translation-candidate,2,0,0,0,8,frappe,in-ledger (no vendor PO location match),,AI-R: confirm prior-approved exclusion at W6-0b AI-R pass (stage6-w60b AI-R record),
06,Contains {0} security fix,translation-candidate,2,0,0,0,25,frappe,in-ledger (no vendor PO location match),,AI-R: confirm prior-approved exclusion at W6-0b AI-R pass (stage6-w60b AI-R record),
06,Contains {0} security fixes,translation-candidate,2,0,0,0,27,frappe,in-ledger (no vendor PO location match),,AI-R: confirm prior-approved exclusion at W6-0b AI-R pass (stage6-w60b AI-R record),
06,Content data shoud be a list,translation-candidate,2,0,0,0,28,frappe,in-ledger (no vendor PO location match),,AI-R: confirm prior-approved exclusion at W6-0b AI-R pass (stage6-w60b AI-R record),
06,Could not parse field: {0},translation-candidate,2,0,0,0,26,frappe,in-ledger (no vendor PO location match),,AI-R: confirm prior-approved exclusion at W6-0b AI-R pass (stage6-w60b AI-R record),
06,Country Code Required,translation-candidate,2,0,0,0,21,frappe,in-ledger (no vendor PO location match),,AI-R: confirm prior-approved exclusion at W6-0b AI-R pass (stage6-w60b AI-R record),
06,Custom Document Types Limit Exceeded,translation-candidate,2,0,0,0,36,frappe,in-ledger (no vendor PO location match),,AI-R: confirm prior-approved exclusion at W6-0b AI-R pass (stage6-w60b AI-R record),
06,Customize Child Table,translation-candidate,2,0,0,0,21,frappe,in-ledger (no vendor PO location match),,AI-R: confirm prior-approved exclusion at W6-0b AI-R pass (stage6-w60b AI-R record),
06,Database,translation-candidate,2,0,0,0,8,frappe,in-ledger (no vendor PO location match),,AI-R: confirm prior-approved exclusion at W6-0b AI-R pass (stage6-w60b AI-R record),
06,Database Storage Usage By Tables,translation-candidate,2,0,0,0,32,frappe,in-ledger (no vendor PO location match),,AI-R: confirm prior-approved exclusion at W6-0b AI-R pass (stage6-w60b AI-R record),
06,Database Table Row Size Limit,translation-candidate,2,0,0,0,29,frappe,in-ledger (no vendor PO location match),,AI-R: confirm prior-approved exclusion at W6-0b AI-R pass (stage6-w60b AI-R record),
06,Default Amendment Naming,translation-candidate,2,0,0,0,24,frappe,in-ledger (no vendor PO location match),,AI-R: confirm prior-approved exclusion at W6-0b AI-R pass (stage6-w60b AI-R record),
06,Default Email Template,translation-candidate,2,0,0,0,22,frappe,in-ledger (no vendor PO location match),,AI-R: confirm prior-approved exclusion at W6-0b AI-R pass (stage6-w60b AI-R record),
06,Default Template For Field,translation-candidate,2,0,0,0,26,frappe,in-ledger (no vendor PO location match),,AI-R: confirm prior-approved exclusion at W6-0b AI-R pass (stage6-w60b AI-R record),
06,Delayed,translation-candidate,2,0,0,0,7,frappe,in-ledger (no vendor PO location match),,AI-R: confirm prior-approved exclusion at W6-0b AI-R pass (stage6-w60b AI-R record),
06,Deleted all documents successfully,translation-candidate,2,0,0,0,34,frappe,in-ledger (no vendor PO location match),,AI-R: confirm prior-approved exclusion at W6-0b AI-R pass (stage6-w60b AI-R record),
06,Disable Automatic Recency Filters,translation-candidate,2,0,0,0,33,frappe,in-ledger (no vendor PO location match),,AI-R: confirm prior-approved exclusion at W6-0b AI-R pass (stage6-w60b AI-R record),
06,Disable Comment Count,translation-candidate,2,0,0,0,21,frappe,in-ledger (no vendor PO location match),,AI-R: confirm prior-approved exclusion at W6-0b AI-R pass (stage6-w60b AI-R record),
06,Disable Document Sharing,translation-candidate,2,0,0,0,24,frappe,in-ledger (no vendor PO location match),,AI-R: confirm prior-approved exclusion at W6-0b AI-R pass (stage6-w60b AI-R record),
06,Disable Product Suggestion,translation-candidate,2,0,0,0,26,frappe,in-ledger (no vendor PO location match),,AI-R: confirm prior-approved exclusion at W6-0b AI-R pass (stage6-w60b AI-R record),
06,Disable Username/Password Login,translation-candidate,2,0,0,0,31,frappe,in-ledger (no vendor PO location match),,AI-R: confirm prior-approved exclusion at W6-0b AI-R pass (stage6-w60b AI-R record),
06,Discarded,translation-candidate,2,0,0,0,9,frappe,in-ledger (no vendor PO location match),,AI-R: confirm prior-approved exclusion at W6-0b AI-R pass (stage6-w60b AI-R record),
06,Do you still want to proceed?,translation-candidate,2,0,0,0,29,frappe,in-ledger (no vendor PO location match),,AI-R: confirm prior-approved exclusion at W6-0b AI-R pass (stage6-w60b AI-R record),
06,DocShare,translation-candidate,2,0,0,0,8,frappe,in-ledger (no vendor PO location match),,AI-R: confirm prior-approved exclusion at W6-0b AI-R pass (stage6-w60b AI-R record),
06,DocType must be a string,translation-candidate,2,0,0,0,24,frappe,in-ledger (no vendor PO location match),,AI-R: confirm prior-approved exclusion at W6-0b AI-R pass (stage6-w60b AI-R record),
06,DocType not supported by Log Settings.,translation-candidate,2,0,0,0,38,frappe,in-ledger (no vendor PO location match),,AI-R: confirm prior-approved exclusion at W6-0b AI-R pass (stage6-w60b AI-R record),
06,DocType {0} does not exist.,translation-candidate,2,0,0,0,27,frappe,in-ledger (no vendor PO location match),,AI-R: confirm prior-approved exclusion at W6-0b AI-R pass (stage6-w60b AI-R record),
06,Document Name must be a string,translation-candidate,2,0,0,0,30,frappe,in-ledger (no vendor PO location match),,AI-R: confirm prior-approved exclusion at W6-0b AI-R pass (stage6-w60b AI-R record),
06,Document Naming Settings,translation-candidate,2,0,0,0,24,frappe,in-ledger (no vendor PO location match),,AI-R: confirm prior-approved exclusion at W6-0b AI-R pass (stage6-w60b AI-R record),
06,Document Types (Select Permissions Only),translation-candidate,2,0,0,0,40,frappe,in-ledger (no vendor PO location match),,AI-R: confirm prior-approved exclusion at W6-0b AI-R pass (stage6-w60b AI-R record),
06,Document Types and Permissions,translation-candidate,2,0,0,0,30,frappe,in-ledger (no vendor PO location match),,AI-R: confirm prior-approved exclusion at W6-0b AI-R pass (stage6-w60b AI-R record),
06,Document not Relinked,translation-candidate,2,0,0,0,21,frappe,in-ledger (no vendor PO location match),,AI-R: confirm prior-approved exclusion at W6-0b AI-R pass (stage6-w60b AI-R record),
06,Document {0} {1} does not exist,translation-candidate,2,0,0,0,31,frappe,in-ledger (no vendor PO location match),,AI-R: confirm prior-approved exclusion at W6-0b AI-R pass (stage6-w60b AI-R record),
06,Dr,translation-candidate,2,0,0,0,2,frappe,in-ledger (no vendor PO location match),,AI-R: confirm prior-approved exclusion at W6-0b AI-R pass (stage6-w60b AI-R record),
06,Dynamic,translation-candidate,2,0,0,0,7,frappe,in-ledger (no vendor PO location match),,AI-R: confirm prior-approved exclusion at W6-0b AI-R pass (stage6-w60b AI-R record),
06,Either key or IP flag is required.,translation-candidate,2,0,0,0,34,frappe,in-ledger (no vendor PO location match),,AI-R: confirm prior-approved exclusion at W6-0b AI-R pass (stage6-w60b AI-R record),
06,Email Account Disabled.,translation-candidate,2,0,0,0,23,frappe,in-ledger (no vendor PO location match),,AI-R: confirm prior-approved exclusion at W6-0b AI-R pass (stage6-w60b AI-R record),
06,Email Account {0} Disabled,translation-candidate,2,0,0,0,26,frappe,in-ledger (no vendor PO location match),,AI-R: confirm prior-approved exclusion at W6-0b AI-R pass (stage6-w60b AI-R record),
06,Email Threads on Assigned Document,translation-candidate,2,0,0,0,34,frappe,in-ledger (no vendor PO location match),,AI-R: confirm prior-approved exclusion at W6-0b AI-R pass (stage6-w60b AI-R record),
06,Email is mandatory to create User Email,translation-candidate,2,0,0,0,39,frappe,in-ledger (no vendor PO location match),,AI-R: confirm prior-approved exclusion at W6-0b AI-R pass (stage6-w60b AI-R record),
06,Emails,translation-candidate,2,0,0,0,6,frappe,in-ledger (no vendor PO location match),,AI-R: confirm prior-approved exclusion at W6-0b AI-R pass (stage6-w60b AI-R record),
06,Empty alias is not allowed,translation-candidate,2,0,0,0,26,frappe,in-ledger (no vendor PO location match),,AI-R: confirm prior-approved exclusion at W6-0b AI-R pass (stage6-w60b AI-R record),
06,Empty string arguments are not allowed,translation-candidate,2,0,0,0,38,frappe,in-ledger (no vendor PO location match),,AI-R: confirm prior-approved exclusion at W6-0b AI-R pass (stage6-w60b AI-R record),
06,Enable Action Confirmation,translation-candidate,2,0,0,0,26,frappe,in-ledger (no vendor PO location match),,AI-R: confirm prior-approved exclusion at W6-0b AI-R pass (stage6-w60b AI-R record),
06,Enable Address Autocompletion,translation-candidate,2,0,0,0,29,frappe,in-ledger (no vendor PO location match),,AI-R: confirm prior-approved exclusion at W6-0b AI-R pass (stage6-w60b AI-R record),
06,Enable Dynamic Client Registration,translation-candidate,2,0,0,0,34,frappe,in-ledger (no vendor PO location match),,AI-R: confirm prior-approved exclusion at W6-0b AI-R pass (stage6-w60b AI-R record),
06,Enable Google indexing,translation-candidate,2,0,0,0,22,frappe,in-ledger (no vendor PO location match),,AI-R: confirm prior-approved exclusion at W6-0b AI-R pass (stage6-w60b AI-R record),
06,Enable in-app website tracking,translation-candidate,2,0,0,0,30,frappe,in-ledger (no vendor PO location match),,AI-R: confirm prior-approved exclusion at W6-0b AI-R pass (stage6-w60b AI-R record),
06,Enables Calendar and Gantt views.,translation-candidate,2,0,0,0,33,frappe,in-ledger (no vendor PO location match),,AI-R: confirm prior-approved exclusion at W6-0b AI-R pass (stage6-w60b AI-R record),
06,Encryption key is in invalid format!,translation-candidate,2,0,0,0,36,frappe,in-ledger (no vendor PO location match),,AI-R: confirm prior-approved exclusion at W6-0b AI-R pass (stage6-w60b AI-R record),
06,End Date cannot be today.,translation-candidate,2,0,0,0,25,frappe,in-ledger (no vendor PO location match),,AI-R: confirm prior-approved exclusion at W6-0b AI-R pass (stage6-w60b AI-R record),
06,Endpoints,translation-candidate,2,0,0,0,9,frappe,in-ledger (no vendor PO location match),,AI-R: confirm prior-approved exclusion at W6-0b AI-R pass (stage6-w60b AI-R record),
06,Enqueued creation of indexes,translation-candidate,2,0,0,0,28,frappe,in-ledger (no vendor PO location match),,AI-R: confirm prior-approved exclusion at W6-0b AI-R pass (stage6-w60b AI-R record),
06,Error connecting via IMAP/POP3: {e},translation-candidate,2,0,0,0,35,frappe,in-ledger (no vendor PO location match),,AI-R: confirm prior-approved exclusion at W6-0b AI-R pass (stage6-w60b AI-R record),
06,Error connecting via SMTP: {e},translation-candidate,2,0,0,0,30,frappe,in-ledger (no vendor PO location match),,AI-R: confirm prior-approved exclusion at W6-0b AI-R pass (stage6-w60b AI-R record),
06,Error in Header/Footer Script,translation-candidate,2,0,0,0,29,frappe,in-ledger (no vendor PO location match),,AI-R: confirm prior-approved exclusion at W6-0b AI-R pass (stage6-w60b AI-R record),
06,Error in print format on line {0}: {1},translation-candidate,2,0,0,0,38,frappe,in-ledger (no vendor PO location match),,AI-R: confirm prior-approved exclusion at W6-0b AI-R pass (stage6-w60b AI-R record),
06,Error in {0}.get_list: {1},translation-candidate,2,0,0,0,26,frappe,in-ledger (no vendor PO location match),,AI-R: confirm prior-approved exclusion at W6-0b AI-R pass (stage6-w60b AI-R record),
06,Error parsing nested filters: {0}. {1},translation-candidate,2,0,0,0,38,frappe,in-ledger (no vendor PO location match),,AI-R: confirm prior-approved exclusion at W6-0b AI-R pass (stage6-w60b AI-R record),
06,Error: Data missing in table {0},translation-candidate,2,0,0,0,32,frappe,in-ledger (no vendor PO location match),,AI-R: confirm prior-approved exclusion at W6-0b AI-R pass (stage6-w60b AI-R record),
06,Errors,translation-candidate,2,0,0,0,6,frappe,in-ledger (no vendor PO location match),,AI-R: confirm prior-approved exclusion at W6-0b AI-R pass (stage6-w60b AI-R record),
06,Executing...,translation-candidate,2,0,0,0,12,frappe,in-ledger (no vendor PO location match),,AI-R: confirm prior-approved exclusion at W6-0b AI-R pass (stage6-w60b AI-R record),
06,Expired,translation-candidate,2,0,0,0,7,frappe,in-ledger (no vendor PO location match),,AI-R: confirm prior-approved exclusion at W6-0b AI-R pass (stage6-w60b AI-R record),
06,Fail,translation-candidate,2,0,0,0,4,frappe,in-ledger (no vendor PO location match),,AI-R: confirm prior-approved exclusion at W6-0b AI-R pass (stage6-w60b AI-R record),
06,Failed Logins (Last 30 days),translation-candidate,2,0,0,0,28,frappe,in-ledger (no vendor PO location match),,AI-R: confirm prior-approved exclusion at W6-0b AI-R pass (stage6-w60b AI-R record),
06,Failed to compute request body: {},translation-candidate,2,0,0,0,34,frappe,in-ledger (no vendor PO location match),,AI-R: confirm prior-approved exclusion at W6-0b AI-R pass (stage6-w60b AI-R record),
06,Failed to decrypt key {0},translation-candidate,2,0,0,0,25,frappe,in-ledger (no vendor PO location match),,AI-R: confirm prior-approved exclusion at W6-0b AI-R pass (stage6-w60b AI-R record),
06,Failed to enable scheduler: {0},translation-candidate,2,0,0,0,31,frappe,in-ledger (no vendor PO location match),,AI-R: confirm prior-approved exclusion at W6-0b AI-R pass (stage6-w60b AI-R record),
06,Failed to evaluate conditions: {},translation-candidate,2,0,0,0,33,frappe,in-ledger (no vendor PO location match),,AI-R: confirm prior-approved exclusion at W6-0b AI-R pass (stage6-w60b AI-R record),
06,Failed to generate names from the series,translation-candidate,2,0,0,0,40,frappe,in-ledger (no vendor PO location match),,AI-R: confirm prior-approved exclusion at W6-0b AI-R pass (stage6-w60b AI-R record),
06,Failed to get method {0} with {1},translation-candidate,2,0,0,0,33,frappe,in-ledger (no vendor PO location match),,AI-R: confirm prior-approved exclusion at W6-0b AI-R pass (stage6-w60b AI-R record),
06,Failed to get site info,translation-candidate,2,0,0,0,23,frappe,in-ledger (no vendor PO location match),,AI-R: confirm prior-approved exclusion at W6-0b AI-R pass (stage6-w60b AI-R record),
06,Failed to optimize image: {0},translation-candidate,2,0,0,0,29,frappe,in-ledger (no vendor PO location match),,AI-R: confirm prior-approved exclusion at W6-0b AI-R pass (stage6-w60b AI-R record),
06,Failed to render message: {},translation-candidate,2,0,0,0,28,frappe,in-ledger (no vendor PO location match),,AI-R: confirm prior-approved exclusion at W6-0b AI-R pass (stage6-w60b AI-R record),
06,Failed to render subject: {},translation-candidate,2,0,0,0,28,frappe,in-ledger (no vendor PO location match),,AI-R: confirm prior-approved exclusion at W6-0b AI-R pass (stage6-w60b AI-R record),
06,Failed to request login to Frappe Cloud,translation-candidate,2,0,0,0,39,frappe,in-ledger (no vendor PO location match),,AI-R: confirm prior-approved exclusion at W6-0b AI-R pass (stage6-w60b AI-R record),
06,Failed to send email with subject:,translation-candidate,2,0,0,0,34,frappe,in-ledger (no vendor PO location match),,AI-R: confirm prior-approved exclusion at W6-0b AI-R pass (stage6-w60b AI-R record),
06,Failed to update global settings,translation-candidate,2,0,0,0,32,frappe,in-ledger (no vendor PO location match),,AI-R: confirm prior-approved exclusion at W6-0b AI-R pass (stage6-w60b AI-R record),
06,Failed while calling API {0},translation-candidate,2,0,0,0,28,frappe,in-ledger (no vendor PO location match),,AI-R: confirm prior-approved exclusion at W6-0b AI-R pass (stage6-w60b AI-R record),
06,Failing Scheduled Jobs (last 7 days),translation-candidate,2,0,0,0,36,frappe,in-ledger (no vendor PO location match),,AI-R: confirm prior-approved exclusion at W6-0b AI-R pass (stage6-w60b AI-R record),
06,Failure,translation-candidate,2,0,0,0,7,frappe,in-ledger (no vendor PO location match),,AI-R: confirm prior-approved exclusion at W6-0b AI-R pass (stage6-w60b AI-R record),
06,Female,translation-candidate,2,0,0,0,6,frappe,in-ledger (no vendor PO location match),,AI-R: confirm prior-approved exclusion at W6-0b AI-R pass (stage6-w60b AI-R record),
06,Fetching fields from {0}...,translation-candidate,2,0,0,0,27,frappe,in-ledger (no vendor PO location match),,AI-R: confirm prior-approved exclusion at W6-0b AI-R pass (stage6-w60b AI-R record),
06,Field not permitted in query,translation-candidate,2,0,0,0,28,frappe,in-ledger (no vendor PO location match),,AI-R: confirm prior-approved exclusion at W6-0b AI-R pass (stage6-w60b AI-R record),
06,Field {0} does not exist on {1},translation-candidate,2,0,0,0,31,frappe,in-ledger (no vendor PO location match),,AI-R: confirm prior-approved exclusion at W6-0b AI-R pass (stage6-w60b AI-R record),
06,File type of {0} is not allowed,translation-candidate,2,0,0,0,31,frappe,in-ledger (no vendor PO location match),,AI-R: confirm prior-approved exclusion at W6-0b AI-R pass (stage6-w60b AI-R record),
06,First Day of the Week,translation-candidate,2,0,0,0,21,frappe,in-ledger (no vendor PO location match),,AI-R: confirm prior-approved exclusion at W6-0b AI-R pass (stage6-w60b AI-R record),
06,Following document {0},translation-candidate,2,0,0,0,22,frappe,in-ledger (no vendor PO location match),,AI-R: confirm prior-approved exclusion at W6-0b AI-R pass (stage6-w60b AI-R record),
06,Footer HTML set from attachment {0},translation-candidate,2,0,0,0,35,frappe,in-ledger (no vendor PO location match),,AI-R: confirm prior-approved exclusion at W6-0b AI-R pass (stage6-w60b AI-R record),
06,"Footer \""Powered By\""",translation-candidate,2,0,0,0,21,frappe,in-ledger (no vendor PO location match),,AI-R: confirm prior-approved exclusion at W6-0b AI-R pass (stage6-w60b AI-R record),
06,Force Web Capture Mode for Uploads,translation-candidate,2,0,0,0,34,frappe,in-ledger (no vendor PO location match),,AI-R: confirm prior-approved exclusion at W6-0b AI-R pass (stage6-w60b AI-R record),
06,Forward Query Parameters,translation-candidate,2,0,0,0,24,frappe,in-ledger (no vendor PO location match),,AI-R: confirm prior-approved exclusion at W6-0b AI-R pass (stage6-w60b AI-R record),
06,Frappe Mail OAuth Error,translation-candidate,2,0,0,0,23,frappe,in-ledger (no vendor PO location match),,AI-R: confirm prior-approved exclusion at W6-0b AI-R pass (stage6-w60b AI-R record),
06,Frappe page builder using components,translation-candidate,2,0,0,0,36,frappe,in-ledger (no vendor PO location match),,AI-R: confirm prior-approved exclusion at W6-0b AI-R pass (stage6-w60b AI-R record),
06,Function {0} is not whitelisted.,translation-candidate,2,0,0,0,32,frappe,in-ledger (no vendor PO location match),,AI-R: confirm prior-approved exclusion at W6-0b AI-R pass (stage6-w60b AI-R record),
06,GNU Affero General Public License,translation-candidate,2,0,0,0,33,frappe,in-ledger (no vendor PO location match),,AI-R: confirm prior-approved exclusion at W6-0b AI-R pass (stage6-w60b AI-R record),
06,GNU General Public License,translation-candidate,2,0,0,0,26,frappe,in-ledger (no vendor PO location match),,AI-R: confirm prior-approved exclusion at W6-0b AI-R pass (stage6-w60b AI-R record),
06,Genderqueer,translation-candidate,2,0,0,0,11,frappe,in-ledger (no vendor PO location match),,AI-R: confirm prior-approved exclusion at W6-0b AI-R pass (stage6-w60b AI-R record),
06,Geoapify,translation-candidate,2,0,0,0,8,frappe,in-ledger (no vendor PO location match),,AI-R: confirm prior-approved exclusion at W6-0b AI-R pass (stage6-w60b AI-R record),
06,Get Backup Encryption Key,translation-candidate,2,0,0,0,25,frappe,in-ledger (no vendor PO location match),,AI-R: confirm prior-approved exclusion at W6-0b AI-R pass (stage6-w60b AI-R record),
06,Get OpenID Configuration,translation-candidate,2,0,0,0,24,frappe,in-ledger (no vendor PO location match),,AI-R: confirm prior-approved exclusion at W6-0b AI-R pass (stage6-w60b AI-R record),
06,Github flavoured markdown syntax,translation-candidate,2,0,0,0,32,frappe,in-ledger (no vendor PO location match),,AI-R: confirm prior-approved exclusion at W6-0b AI-R pass (stage6-w60b AI-R record),
06,Go to this URL after completing the form,translation-candidate,2,0,0,0,40,frappe,in-ledger (no vendor PO location match),,AI-R: confirm prior-approved exclusion at W6-0b AI-R pass (stage6-w60b AI-R record),
06,Google Analytics anonymise IP,translation-candidate,2,0,0,0,29,frappe,in-ledger (no vendor PO location match),,AI-R: confirm prior-approved exclusion at W6-0b AI-R pass (stage6-w60b AI-R record),
06,Google Drive Picker Enabled,translation-candidate,2,0,0,0,27,frappe,in-ledger (no vendor PO location match),,AI-R: confirm prior-approved exclusion at W6-0b AI-R pass (stage6-w60b AI-R record),
06,Gray,translation-candidate,2,0,0,0,4,frappe,in-ledger (no vendor PO location match),,AI-R: confirm prior-approved exclusion at W6-0b AI-R pass (stage6-w60b AI-R record),
06,HERE,translation-candidate,2,0,0,0,4,frappe,in-ledger (no vendor PO location match),,AI-R: confirm prior-approved exclusion at W6-0b AI-R pass (stage6-w60b AI-R record),
06,HTML with jinja support,translation-candidate,2,0,0,0,23,frappe,in-ledger (no vendor PO location match),,AI-R: confirm prior-approved exclusion at W6-0b AI-R pass (stage6-w60b AI-R record),
06,Headers must be a dictionary,translation-candidate,2,0,0,0,28,frappe,in-ledger (no vendor PO location match),,AI-R: confirm prior-approved exclusion at W6-0b AI-R pass (stage6-w60b AI-R record),
06,Helpful,translation-candidate,2,0,0,0,7,frappe,in-ledger (no vendor PO location match),,AI-R: confirm prior-approved exclusion at W6-0b AI-R pass (stage6-w60b AI-R record),
06,Hidden columns include: {0},translation-candidate,2,0,0,0,27,frappe,in-ledger (no vendor PO location match),,AI-R: confirm prior-approved exclusion at W6-0b AI-R pass (stage6-w60b AI-R record),
06,Hide Empty Read-Only Fields,translation-candidate,2,0,0,0,27,frappe,in-ledger (no vendor PO location match),,AI-R: confirm prior-approved exclusion at W6-0b AI-R pass (stage6-w60b AI-R record),
06,Highlight,translation-candidate,2,0,0,0,9,frappe,in-ledger (no vendor PO location match),,AI-R: confirm prior-approved exclusion at W6-0b AI-R pass (stage6-w60b AI-R record),
06,Image link '{0}' is not valid,translation-candidate,2,0,0,0,29,frappe,in-ledger (no vendor PO location match),,AI-R: confirm prior-approved exclusion at W6-0b AI-R pass (stage6-w60b AI-R record),
06,Image: Corrupted Data Stream,translation-candidate,2,0,0,0,28,frappe,in-ledger (no vendor PO location match),,AI-R: confirm prior-approved exclusion at W6-0b AI-R pass (stage6-w60b AI-R record),
06,Impersonate,translation-candidate,2,0,0,0,11,frappe,in-ledger (no vendor PO location match),,AI-R: confirm prior-approved exclusion at W6-0b AI-R pass (stage6-w60b AI-R record),
06,Importing {0} is not allowed.,translation-candidate,2,0,0,0,29,frappe,in-ledger (no vendor PO location match),,AI-R: confirm prior-approved exclusion at W6-0b AI-R pass (stage6-w60b AI-R record),
06,"Importing {0} of {1}, {2}",translation-candidate,2,0,0,0,25,frappe,in-ledger (no vendor PO location match),,AI-R: confirm prior-approved exclusion at W6-0b AI-R pass (stage6-w60b AI-R record),
06,Incoming,translation-candidate,2,0,0,0,8,frappe,in-ledger (no vendor PO location match),,AI-R: confirm prior-approved exclusion at W6-0b AI-R pass (stage6-w60b AI-R record),
06,Incoming (POP/IMAP) Settings,translation-candidate,2,0,0,0,28,frappe,in-ledger (no vendor PO location match),,AI-R: confirm prior-approved exclusion at W6-0b AI-R pass (stage6-w60b AI-R record),
06,Incoming Emails (Last 7 days),translation-candidate,2,0,0,0,29,frappe,in-ledger (no vendor PO location match),,AI-R: confirm prior-approved exclusion at W6-0b AI-R pass (stage6-w60b AI-R record),
06,Incorrect value in row {0}:,translation-candidate,2,0,0,0,27,frappe,in-ledger (no vendor PO location match),,AI-R: confirm prior-approved exclusion at W6-0b AI-R pass (stage6-w60b AI-R record),
06,Indexing authorization code,translation-candidate,2,0,0,0,27,frappe,in-ledger (no vendor PO location match),,AI-R: confirm prior-approved exclusion at W6-0b AI-R pass (stage6-w60b AI-R record),
06,InnoDB,translation-candidate,2,0,0,0,6,frappe,in-ledger (no vendor PO location match),,AI-R: confirm prior-approved exclusion at W6-0b AI-R pass (stage6-w60b AI-R record),
06,Insufficient Permission Level for {0},translation-candidate,2,0,0,0,37,frappe,in-ledger (no vendor PO location match),,AI-R: confirm prior-approved exclusion at W6-0b AI-R pass (stage6-w60b AI-R record),
06,Insufficient attachment limit,translation-candidate,2,0,0,0,29,frappe,in-ledger (no vendor PO location match),,AI-R: confirm prior-approved exclusion at W6-0b AI-R pass (stage6-w60b AI-R record),
06,Intermediate,translation-candidate,2,0,0,0,12,frappe,in-ledger (no vendor PO location match),,AI-R: confirm prior-approved exclusion at W6-0b AI-R pass (stage6-w60b AI-R record),
06,Internal record of document shares,translation-candidate,2,0,0,0,34,frappe,in-ledger (no vendor PO location match),,AI-R: confirm prior-approved exclusion at W6-0b AI-R pass (stage6-w60b AI-R record),
06,Introduction,translation-candidate,2,0,0,0,12,frappe,in-ledger (no vendor PO location match),,AI-R: confirm prior-approved exclusion at W6-0b AI-R pass (stage6-w60b AI-R record),
06,Invalid,translation-candidate,2,0,0,0,7,frappe,in-ledger (no vendor PO location match),,AI-R: confirm prior-approved exclusion at W6-0b AI-R pass (stage6-w60b AI-R record),
06,Invalid Code. Please try again.,translation-candidate,2,0,0,0,31,frappe,in-ledger (no vendor PO location match),,AI-R: confirm prior-approved exclusion at W6-0b AI-R pass (stage6-w60b AI-R record),
06,Invalid Condition: {},translation-candidate,2,0,0,0,21,frappe,in-ledger (no vendor PO location match),,AI-R: confirm prior-approved exclusion at W6-0b AI-R pass (stage6-w60b AI-R record),
06,Invalid Naming Series: {},translation-candidate,2,0,0,0,25,frappe,in-ledger (no vendor PO location match),,AI-R: confirm prior-approved exclusion at W6-0b AI-R pass (stage6-w60b AI-R record),
06,Invalid Table Fieldname,translation-candidate,2,0,0,0,23,frappe,in-ledger (no vendor PO location match),,AI-R: confirm prior-approved exclusion at W6-0b AI-R pass (stage6-w60b AI-R record),
06,Invalid Webhook Secret,translation-candidate,2,0,0,0,22,frappe,in-ledger (no vendor PO location match),,AI-R: confirm prior-approved exclusion at W6-0b AI-R pass (stage6-w60b AI-R record),
06,Invalid aggregate function,translation-candidate,2,0,0,0,26,frappe,in-ledger (no vendor PO location match),,AI-R: confirm prior-approved exclusion at W6-0b AI-R pass (stage6-w60b AI-R record),
06,Invalid characters in table name: {0},translation-candidate,2,0,0,0,37,frappe,in-ledger (no vendor PO location match),,AI-R: confirm prior-approved exclusion at W6-0b AI-R pass (stage6-w60b AI-R record),
06,Invalid field type: {0},translation-candidate,2,0,0,0,23,frappe,in-ledger (no vendor PO location match),,AI-R: confirm prior-approved exclusion at W6-0b AI-R pass (stage6-w60b AI-R record),
06,Invalid redirect regex in row #{}: {},translation-candidate,2,0,0,0,37,frappe,in-ledger (no vendor PO location match),,AI-R: confirm prior-approved exclusion at W6-0b AI-R pass (stage6-w60b AI-R record),
06,Invalid request arguments,translation-candidate,2,0,0,0,25,frappe,in-ledger (no vendor PO location match),,AI-R: confirm prior-approved exclusion at W6-0b AI-R pass (stage6-w60b AI-R record),
06,Invalid value specified for UUID: {},translation-candidate,2,0,0,0,36,frappe,in-ledger (no vendor PO location match),,AI-R: confirm prior-approved exclusion at W6-0b AI-R pass (stage6-w60b AI-R record),
06,Invalid wkhtmltopdf version,translation-candidate,2,0,0,0,27,frappe,in-ledger (no vendor PO location match),,AI-R: confirm prior-approved exclusion at W6-0b AI-R pass (stage6-w60b AI-R record),
06,Invalid {0} dictionary format,translation-candidate,2,0,0,0,29,frappe,in-ledger (no vendor PO location match),,AI-R: confirm prior-approved exclusion at W6-0b AI-R pass (stage6-w60b AI-R record),
06,Invitation already accepted,translation-candidate,2,0,0,0,27,frappe,in-ledger (no vendor PO location match),,AI-R: confirm prior-approved exclusion at W6-0b AI-R pass (stage6-w60b AI-R record),
06,Invitation already exists,translation-candidate,2,0,0,0,25,frappe,in-ledger (no vendor PO location match),,AI-R: confirm prior-approved exclusion at W6-0b AI-R pass (stage6-w60b AI-R record),
06,Invitation cannot be cancelled,translation-candidate,2,0,0,0,30,frappe,in-ledger (no vendor PO location match),,AI-R: confirm prior-approved exclusion at W6-0b AI-R pass (stage6-w60b AI-R record),
06,Invitation is cancelled,translation-candidate,2,0,0,0,23,frappe,in-ledger (no vendor PO location match),,AI-R: confirm prior-approved exclusion at W6-0b AI-R pass (stage6-w60b AI-R record),
06,Invitation is expired,translation-candidate,2,0,0,0,21,frappe,in-ledger (no vendor PO location match),,AI-R: confirm prior-approved exclusion at W6-0b AI-R pass (stage6-w60b AI-R record),
06,Invitation to join {0} cancelled,translation-candidate,2,0,0,0,32,frappe,in-ledger (no vendor PO location match),,AI-R: confirm prior-approved exclusion at W6-0b AI-R pass (stage6-w60b AI-R record),
06,Invitation to join {0} expired,translation-candidate,2,0,0,0,30,frappe,in-ledger (no vendor PO location match),,AI-R: confirm prior-approved exclusion at W6-0b AI-R pass (stage6-w60b AI-R record),
06,Is Calendar and Gantt,translation-candidate,2,0,0,0,21,frappe,in-ledger (no vendor PO location match),,AI-R: confirm prior-approved exclusion at W6-0b AI-R pass (stage6-w60b AI-R record),
06,Job Stopped Successfully,translation-candidate,2,0,0,0,24,frappe,in-ledger (no vendor PO location match),,AI-R: confirm prior-approved exclusion at W6-0b AI-R pass (stage6-w60b AI-R record),
06,Job stopped successfully,translation-candidate,2,0,0,0,24,frappe,in-ledger (no vendor PO location match),,AI-R: confirm prior-approved exclusion at W6-0b AI-R pass (stage6-w60b AI-R record),
06,Join video conference with {0},translation-candidate,2,0,0,0,30,frappe,in-ledger (no vendor PO location match),,AI-R: confirm prior-approved exclusion at W6-0b AI-R pass (stage6-w60b AI-R record),
06,Keep track of all update feeds,translation-candidate,2,0,0,0,30,frappe,in-ledger (no vendor PO location match),,AI-R: confirm prior-approved exclusion at W6-0b AI-R pass (stage6-w60b AI-R record),
06,Keeps track of all communications,translation-candidate,2,0,0,0,33,frappe,in-ledger (no vendor PO location match),,AI-R: confirm prior-approved exclusion at W6-0b AI-R pass (stage6-w60b AI-R record),
06,Keycloak,translation-candidate,2,0,0,0,8,frappe,in-ledger (no vendor PO location match),,AI-R: confirm prior-approved exclusion at W6-0b AI-R pass (stage6-w60b AI-R record),
06,Last Reset Password Key Generated On,translation-candidate,2,0,0,0,36,frappe,in-ledger (no vendor PO location match),,AI-R: confirm prior-approved exclusion at W6-0b AI-R pass (stage6-w60b AI-R record),
06,Length,translation-candidate,2,0,0,0,6,frappe,in-ledger (no vendor PO location match),,AI-R: confirm prior-approved exclusion at W6-0b AI-R pass (stage6-w60b AI-R record),
06,Let's set up your account,translation-candidate,2,0,0,0,25,frappe,in-ledger (no vendor PO location match),,AI-R: confirm prior-approved exclusion at W6-0b AI-R pass (stage6-w60b AI-R record),
06,Likes,translation-candidate,2,0,0,0,5,frappe,in-ledger (no vendor PO location match),,AI-R: confirm prior-approved exclusion at W6-0b AI-R pass (stage6-w60b AI-R record),
06,Limit must be a non-negative integer,translation-candidate,2,0,0,0,36,frappe,in-ledger (no vendor PO location match),,AI-R: confirm prior-approved exclusion at W6-0b AI-R pass (stage6-w60b AI-R record),
06,Location,translation-candidate,2,0,0,0,8,frappe,in-ledger (no vendor PO location match),,AI-R: confirm prior-approved exclusion at W6-0b AI-R pass (stage6-w60b AI-R record),
06,Login with email link,translation-candidate,2,0,0,0,21,frappe,in-ledger (no vendor PO location match),,AI-R: confirm prior-approved exclusion at W6-0b AI-R pass (stage6-w60b AI-R record),
06,Madam,translation-candidate,2,0,0,0,5,frappe,in-ledger (no vendor PO location match),,AI-R: confirm prior-approved exclusion at W6-0b AI-R pass (stage6-w60b AI-R record),
06,Major,translation-candidate,2,0,0,0,5,frappe,in-ledger (no vendor PO location match),,AI-R: confirm prior-approved exclusion at W6-0b AI-R pass (stage6-w60b AI-R record),
06,Make Attachment Public (by default),translation-candidate,2,0,0,0,35,frappe,in-ledger (no vendor PO location match),,AI-R: confirm prior-approved exclusion at W6-0b AI-R pass (stage6-w60b AI-R record),
06,Make Attachments Public by Default,translation-candidate,2,0,0,0,34,frappe,in-ledger (no vendor PO location match),,AI-R: confirm prior-approved exclusion at W6-0b AI-R pass (stage6-w60b AI-R record),
06,Male,translation-candidate,2,0,0,0,4,frappe,in-ledger (no vendor PO location match),,AI-R: confirm prior-approved exclusion at W6-0b AI-R pass (stage6-w60b AI-R record),
06,Mandatory Depends On (JS),translation-candidate,2,0,0,0,25,frappe,in-ledger (no vendor PO location match),,AI-R: confirm prior-approved exclusion at W6-0b AI-R pass (stage6-w60b AI-R record),
06,Master,translation-candidate,2,0,0,0,6,frappe,in-ledger (no vendor PO location match),,AI-R: confirm prior-approved exclusion at W6-0b AI-R pass (stage6-w60b AI-R record),
06,Max auto email report per user,translation-candidate,2,0,0,0,30,frappe,in-ledger (no vendor PO location match),,AI-R: confirm prior-approved exclusion at W6-0b AI-R pass (stage6-w60b AI-R record),
06,Max signups allowed per hour,translation-candidate,2,0,0,0,28,frappe,in-ledger (no vendor PO location match),,AI-R: confirm prior-approved exclusion at W6-0b AI-R pass (stage6-w60b AI-R record),
06,Meeting,translation-candidate,2,0,0,0,7,frappe,in-ledger (no vendor PO location match),,AI-R: confirm prior-approved exclusion at W6-0b AI-R pass (stage6-w60b AI-R record),
06,Members,translation-candidate,2,0,0,0,7,frappe,in-ledger (no vendor PO location match),,AI-R: confirm prior-approved exclusion at W6-0b AI-R pass (stage6-w60b AI-R record),
06,Metadata,translation-candidate,2,0,0,0,8,frappe,in-ledger (no vendor PO location match),,AI-R: confirm prior-approved exclusion at W6-0b AI-R pass (stage6-w60b AI-R record),
06,Middle Name (Optional),translation-candidate,2,0,0,0,22,frappe,in-ledger (no vendor PO location match),,AI-R: confirm prior-approved exclusion at W6-0b AI-R pass (stage6-w60b AI-R record),
06,Minor,translation-candidate,2,0,0,0,5,frappe,in-ledger (no vendor PO location match),,AI-R: confirm prior-approved exclusion at W6-0b AI-R pass (stage6-w60b AI-R record),
06,Misconfigured,translation-candidate,2,0,0,0,13,frappe,in-ledger (no vendor PO location match),,AI-R: confirm prior-approved exclusion at W6-0b AI-R pass (stage6-w60b AI-R record),
06,Miss,translation-candidate,2,0,0,0,4,frappe,in-ledger (no vendor PO location match),,AI-R: confirm prior-approved exclusion at W6-0b AI-R pass (stage6-w60b AI-R record),
06,Missing Filters Required,translation-candidate,2,0,0,0,24,frappe,in-ledger (no vendor PO location match),,AI-R: confirm prior-approved exclusion at W6-0b AI-R pass (stage6-w60b AI-R record),
06,Mobile,translation-candidate,2,0,0,0,6,frappe,in-ledger (no vendor PO location match),,AI-R: confirm prior-approved exclusion at W6-0b AI-R pass (stage6-w60b AI-R record),
06,Module onboarding progress reset,translation-candidate,2,0,0,0,32,frappe,in-ledger (no vendor PO location match),,AI-R: confirm prior-approved exclusion at W6-0b AI-R pass (stage6-w60b AI-R record),
06,Most probably your password is too long.,translation-candidate,2,0,0,0,40,frappe,in-ledger (no vendor PO location match),,AI-R: confirm prior-approved exclusion at W6-0b AI-R pass (stage6-w60b AI-R record),
06,Mr,translation-candidate,2,0,0,0,2,frappe,in-ledger (no vendor PO location match),,AI-R: confirm prior-approved exclusion at W6-0b AI-R pass (stage6-w60b AI-R record),
06,Mrs,translation-candidate,2,0,0,0,3,frappe,in-ledger (no vendor PO location match),,AI-R: confirm prior-approved exclusion at W6-0b AI-R pass (stage6-w60b AI-R record),
06,Ms,translation-candidate,2,0,0,0,2,frappe,in-ledger (no vendor PO location match),,AI-R: confirm prior-approved exclusion at W6-0b AI-R pass (stage6-w60b AI-R record),
06,Mx,translation-candidate,2,0,0,0,2,frappe,in-ledger (no vendor PO location match),,AI-R: confirm prior-approved exclusion at W6-0b AI-R pass (stage6-w60b AI-R record),
06,Network Printer Settings,translation-candidate,2,0,0,0,24,frappe,in-ledger (no vendor PO location match),,AI-R: confirm prior-approved exclusion at W6-0b AI-R pass (stage6-w60b AI-R record),
06,No Email field found in {0},translation-candidate,2,0,0,0,27,frappe,in-ledger (no vendor PO location match),,AI-R: confirm prior-approved exclusion at W6-0b AI-R pass (stage6-w60b AI-R record),
06,No email addresses to invite,translation-candidate,2,0,0,0,28,frappe,in-ledger (no vendor PO location match),,AI-R: confirm prior-approved exclusion at W6-0b AI-R pass (stage6-w60b AI-R record),
06,Nomatim,translation-candidate,2,0,0,0,7,frappe,in-ledger (no vendor PO location match),,AI-R: confirm prior-approved exclusion at W6-0b AI-R pass (stage6-w60b AI-R record),
07,Non-Conforming,translation-candidate,2,0,0,0,14,frappe,in-ledger (no vendor PO location match),,AI-R: confirm prior-approved exclusion at W6-0b AI-R pass (stage6-w60b AI-R record),
07,Not Allowed: Disabled User,translation-candidate,2,0,0,0,26,frappe,in-ledger (no vendor PO location match),,AI-R: confirm prior-approved exclusion at W6-0b AI-R pass (stage6-w60b AI-R record),
07,Not Permitted to read {0},translation-candidate,2,0,0,0,25,frappe,in-ledger (no vendor PO location match),,AI-R: confirm prior-approved exclusion at W6-0b AI-R pass (stage6-w60b AI-R record),
07,Note: This will be shared with user.,translation-candidate,2,0,0,0,36,frappe,in-ledger (no vendor PO location match),,AI-R: confirm prior-approved exclusion at W6-0b AI-R pass (stage6-w60b AI-R record),
07,Number of onsite backups,translation-candidate,2,0,0,0,24,frappe,in-ledger (no vendor PO location match),,AI-R: confirm prior-approved exclusion at W6-0b AI-R pass (stage6-w60b AI-R record),
07,OAuth,translation-candidate,2,0,0,0,5,frappe,in-ledger (no vendor PO location match),,AI-R: confirm prior-approved exclusion at W6-0b AI-R pass (stage6-w60b AI-R record),
07,OTP Secret Reset - {0},translation-candidate,2,0,0,0,22,frappe,in-ledger (no vendor PO location match),,AI-R: confirm prior-approved exclusion at W6-0b AI-R pass (stage6-w60b AI-R record),
07,Occurrences,translation-candidate,2,0,0,0,11,frappe,in-ledger (no vendor PO location match),,AI-R: confirm prior-approved exclusion at W6-0b AI-R pass (stage6-w60b AI-R record),
07,Official Documentation,translation-candidate,2,0,0,0,22,frappe,in-ledger (no vendor PO location match),,AI-R: confirm prior-approved exclusion at W6-0b AI-R pass (stage6-w60b AI-R record),
07,Offset must be a non-negative integer,translation-candidate,2,0,0,0,37,frappe,in-ledger (no vendor PO location match),,AI-R: confirm prior-approved exclusion at W6-0b AI-R pass (stage6-w60b AI-R record),
07,Old and new fieldnames are same.,translation-candidate,2,0,0,0,32,frappe,in-ledger (no vendor PO location match),,AI-R: confirm prior-approved exclusion at W6-0b AI-R pass (stage6-w60b AI-R record),
07,Oldest Unscheduled Job,translation-candidate,2,0,0,0,22,frappe,in-ledger (no vendor PO location match),,AI-R: confirm prior-approved exclusion at W6-0b AI-R pass (stage6-w60b AI-R record),
07,Only draft documents can be discarded,translation-candidate,2,0,0,0,37,frappe,in-ledger (no vendor PO location match),,AI-R: confirm prior-approved exclusion at W6-0b AI-R pass (stage6-w60b AI-R record),
07,OpenLDAP,translation-candidate,2,0,0,0,8,frappe,in-ledger (no vendor PO location match),,AI-R: confirm prior-approved exclusion at W6-0b AI-R pass (stage6-w60b AI-R record),
07,Order By must be a string,translation-candidate,2,0,0,0,25,frappe,in-ledger (no vendor PO location match),,AI-R: confirm prior-approved exclusion at W6-0b AI-R pass (stage6-w60b AI-R record),
07,Outgoing,translation-candidate,2,0,0,0,8,frappe,in-ledger (no vendor PO location match),,AI-R: confirm prior-approved exclusion at W6-0b AI-R pass (stage6-w60b AI-R record),
07,Outgoing (SMTP) Settings,translation-candidate,2,0,0,0,24,frappe,in-ledger (no vendor PO location match),,AI-R: confirm prior-approved exclusion at W6-0b AI-R pass (stage6-w60b AI-R record),
07,Outgoing Emails (Last 7 days),translation-candidate,2,0,0,0,29,frappe,in-ledger (no vendor PO location match),,AI-R: confirm prior-approved exclusion at W6-0b AI-R pass (stage6-w60b AI-R record),
07,Outlook.com,translation-candidate,2,0,0,0,11,frappe,in-ledger (no vendor PO location match),,AI-R: confirm prior-approved exclusion at W6-0b AI-R pass (stage6-w60b AI-R record),
07,PATCH,translation-candidate,2,0,0,0,5,frappe,in-ledger (no vendor PO location match),,AI-R: confirm prior-approved exclusion at W6-0b AI-R pass (stage6-w60b AI-R record),
07,PDF Generation in Progress,translation-candidate,2,0,0,0,26,frappe,in-ledger (no vendor PO location match),,AI-R: confirm prior-approved exclusion at W6-0b AI-R pass (stage6-w60b AI-R record),
07,PDF Page Height (in mm),translation-candidate,2,0,0,0,23,frappe,in-ledger (no vendor PO location match),,AI-R: confirm prior-approved exclusion at W6-0b AI-R pass (stage6-w60b AI-R record),
07,PDF Page Width (in mm),translation-candidate,2,0,0,0,22,frappe,in-ledger (no vendor PO location match),,AI-R: confirm prior-approved exclusion at W6-0b AI-R pass (stage6-w60b AI-R record),
07,PDF generation may not work as expected.,translation-candidate,2,0,0,0,40,frappe,in-ledger (no vendor PO location match),,AI-R: confirm prior-approved exclusion at W6-0b AI-R pass (stage6-w60b AI-R record),
07,PID,translation-candidate,2,0,0,0,3,frappe,in-ledger (no vendor PO location match),,AI-R: confirm prior-approved exclusion at W6-0b AI-R pass (stage6-w60b AI-R record),
07,PUT,translation-candidate,2,0,0,0,3,frappe,in-ledger (no vendor PO location match),,AI-R: confirm prior-approved exclusion at W6-0b AI-R pass (stage6-w60b AI-R record),
07,Packages,translation-candidate,2,0,0,0,8,frappe,in-ledger (no vendor PO location match),,AI-R: confirm prior-approved exclusion at W6-0b AI-R pass (stage6-w60b AI-R record),
07,Page to show on the website,translation-candidate,2,0,0,0,27,frappe,in-ledger (no vendor PO location match),,AI-R: confirm prior-approved exclusion at W6-0b AI-R pass (stage6-w60b AI-R record),
07,Parameter,translation-candidate,2,0,0,0,9,frappe,in-ledger (no vendor PO location match),,AI-R: confirm prior-approved exclusion at W6-0b AI-R pass (stage6-w60b AI-R record),
07,Parent Element Selector,translation-candidate,2,0,0,0,23,frappe,in-ledger (no vendor PO location match),,AI-R: confirm prior-approved exclusion at W6-0b AI-R pass (stage6-w60b AI-R record),
07,Parentfield not specified in {0}: {1},translation-candidate,2,0,0,0,37,frappe,in-ledger (no vendor PO location match),,AI-R: confirm prior-approved exclusion at W6-0b AI-R pass (stage6-w60b AI-R record),
07,Pass,translation-candidate,2,0,0,0,4,frappe,in-ledger (no vendor PO location match),,AI-R: confirm prior-approved exclusion at W6-0b AI-R pass (stage6-w60b AI-R record),
07,Password not found for {0} {1} {2},translation-candidate,2,0,0,0,34,frappe,in-ledger (no vendor PO location match),,AI-R: confirm prior-approved exclusion at W6-0b AI-R pass (stage6-w60b AI-R record),
07,Password requirements not met,translation-candidate,2,0,0,0,29,frappe,in-ledger (no vendor PO location match),,AI-R: confirm prior-approved exclusion at W6-0b AI-R pass (stage6-w60b AI-R record),
07,Patch type {} not found in patches.txt,translation-candidate,2,0,0,0,38,frappe,in-ledger (no vendor PO location match),,AI-R: confirm prior-approved exclusion at W6-0b AI-R pass (stage6-w60b AI-R record),
07,Path {0} is not within module {1},translation-candidate,2,0,0,0,33,frappe,in-ledger (no vendor PO location match),,AI-R: confirm prior-approved exclusion at W6-0b AI-R pass (stage6-w60b AI-R record),
07,Path {0} it not a valid path,translation-candidate,2,0,0,0,28,frappe,in-ledger (no vendor PO location match),,AI-R: confirm prior-approved exclusion at W6-0b AI-R pass (stage6-w60b AI-R record),
07,Personal Data Deletion Step,translation-candidate,2,0,0,0,27,frappe,in-ledger (no vendor PO location match),,AI-R: confirm prior-approved exclusion at W6-0b AI-R pass (stage6-w60b AI-R record),
07,Please attach the package,translation-candidate,2,0,0,0,25,frappe,in-ledger (no vendor PO location match),,AI-R: confirm prior-approved exclusion at W6-0b AI-R pass (stage6-w60b AI-R record),
07,Please enable {} before continuing.,translation-candidate,2,0,0,0,35,frappe,in-ledger (no vendor PO location match),,AI-R: confirm prior-approved exclusion at W6-0b AI-R pass (stage6-w60b AI-R record),
07,Please enter OpenID Configuration URL,translation-candidate,2,0,0,0,37,frappe,in-ledger (no vendor PO location match),,AI-R: confirm prior-approved exclusion at W6-0b AI-R pass (stage6-w60b AI-R record),
07,Please login to post a comment.,translation-candidate,2,0,0,0,31,frappe,in-ledger (no vendor PO location match),,AI-R: confirm prior-approved exclusion at W6-0b AI-R pass (stage6-w60b AI-R record),
07,Please set the document name,translation-candidate,2,0,0,0,28,frappe,in-ledger (no vendor PO location match),,AI-R: confirm prior-approved exclusion at W6-0b AI-R pass (stage6-w60b AI-R record),
07,Please specify the minutes offset,translation-candidate,2,0,0,0,33,frappe,in-ledger (no vendor PO location match),,AI-R: confirm prior-approved exclusion at W6-0b AI-R pass (stage6-w60b AI-R record),
07,Please update {} before continuing.,translation-candidate,2,0,0,0,35,frappe,in-ledger (no vendor PO location match),,AI-R: confirm prior-approved exclusion at W6-0b AI-R pass (stage6-w60b AI-R record),
07,Polling,translation-candidate,2,0,0,0,7,frappe,in-ledger (no vendor PO location match),,AI-R: confirm prior-approved exclusion at W6-0b AI-R pass (stage6-w60b AI-R record),
07,Prepared report render failed,translation-candidate,2,0,0,0,29,frappe,in-ledger (no vendor PO location match),,AI-R: confirm prior-approved exclusion at W6-0b AI-R pass (stage6-w60b AI-R record),
07,Printer mapping not set.,translation-candidate,2,0,0,0,24,frappe,in-ledger (no vendor PO location match),,AI-R: confirm prior-approved exclusion at W6-0b AI-R pass (stage6-w60b AI-R record),
07,Proceed,translation-candidate,2,0,0,0,7,frappe,in-ledger (no vendor PO location match),,AI-R: confirm prior-approved exclusion at W6-0b AI-R pass (stage6-w60b AI-R record),
07,Prof,translation-candidate,2,0,0,0,4,frappe,in-ledger (no vendor PO location match),,AI-R: confirm prior-approved exclusion at W6-0b AI-R pass (stage6-w60b AI-R record),
07,Profile,translation-candidate,2,0,0,0,7,frappe,in-ledger (no vendor PO location match),,AI-R: confirm prior-approved exclusion at W6-0b AI-R pass (stage6-w60b AI-R record),
07,Protect Attached Files,translation-candidate,2,0,0,0,22,frappe,in-ledger (no vendor PO location match),,AI-R: confirm prior-approved exclusion at W6-0b AI-R pass (stage6-w60b AI-R record),
07,Purchase Master Manager,translation-candidate,2,0,0,0,23,frappe,in-ledger (no vendor PO location match),,AI-R: confirm prior-approved exclusion at W6-0b AI-R pass (stage6-w60b AI-R record),
07,Purple,translation-candidate,2,0,0,0,6,frappe,in-ledger (no vendor PO location match),,AI-R: confirm prior-approved exclusion at W6-0b AI-R pass (stage6-w60b AI-R record),
07,Queue,translation-candidate,2,0,0,0,5,frappe,in-ledger (no vendor PO location match),,AI-R: confirm prior-approved exclusion at W6-0b AI-R pass (stage6-w60b AI-R record),
07,Queue in Background (BETA),translation-candidate,2,0,0,0,26,frappe,in-ledger (no vendor PO location match),,AI-R: confirm prior-approved exclusion at W6-0b AI-R pass (stage6-w60b AI-R record),
07,Queue(s),translation-candidate,2,0,0,0,8,frappe,in-ledger (no vendor PO location match),,AI-R: confirm prior-approved exclusion at W6-0b AI-R pass (stage6-w60b AI-R record),
07,Queues,translation-candidate,2,0,0,0,6,frappe,in-ledger (no vendor PO location match),,AI-R: confirm prior-approved exclusion at W6-0b AI-R pass (stage6-w60b AI-R record),
07,Queuing {0} for Submission,translation-candidate,2,0,0,0,26,frappe,in-ledger (no vendor PO location match),,AI-R: confirm prior-approved exclusion at W6-0b AI-R pass (stage6-w60b AI-R record),
07,Quick Help for Setting Permissions,translation-candidate,2,0,0,0,34,frappe,in-ledger (no vendor PO location match),,AI-R: confirm prior-approved exclusion at W6-0b AI-R pass (stage6-w60b AI-R record),
07,Range,translation-candidate,2,0,0,0,5,frappe,in-ledger (no vendor PO location match),,AI-R: confirm prior-approved exclusion at W6-0b AI-R pass (stage6-w60b AI-R record),
07,Rate limit for email link login,translation-candidate,2,0,0,0,31,frappe,in-ledger (no vendor PO location match),,AI-R: confirm prior-approved exclusion at W6-0b AI-R pass (stage6-w60b AI-R record),
07,Read Only Depends On (JS),translation-candidate,2,0,0,0,25,frappe,in-ledger (no vendor PO location match),,AI-R: confirm prior-approved exclusion at W6-0b AI-R pass (stage6-w60b AI-R record),
07,Read the documentation to know more,translation-candidate,2,0,0,0,35,frappe,in-ledger (no vendor PO location match),,AI-R: confirm prior-approved exclusion at W6-0b AI-R pass (stage6-w60b AI-R record),
07,Readme,translation-candidate,2,0,0,0,6,frappe,in-ledger (no vendor PO location match),,AI-R: confirm prior-approved exclusion at W6-0b AI-R pass (stage6-w60b AI-R record),
07,Reason,translation-candidate,2,0,0,0,6,frappe,in-ledger (no vendor PO location match),,AI-R: confirm prior-approved exclusion at W6-0b AI-R pass (stage6-w60b AI-R record),
07,Received an invalid token type.,translation-candidate,2,0,0,0,31,frappe,in-ledger (no vendor PO location match),,AI-R: confirm prior-approved exclusion at W6-0b AI-R pass (stage6-w60b AI-R record),
07,Recipient Account Field,translation-candidate,2,0,0,0,23,frappe,in-ledger (no vendor PO location match),,AI-R: confirm prior-approved exclusion at W6-0b AI-R pass (stage6-w60b AI-R record),
07,Recorder Suggested Index,translation-candidate,2,0,0,0,24,frappe,in-ledger (no vendor PO location match),,AI-R: confirm prior-approved exclusion at W6-0b AI-R pass (stage6-w60b AI-R record),
07,Redirect to the selected app after login,translation-candidate,2,0,0,0,40,frappe,in-ledger (no vendor PO location match),,AI-R: confirm prior-approved exclusion at W6-0b AI-R pass (stage6-w60b AI-R record),
07,Redirects,translation-candidate,2,0,0,0,9,frappe,in-ledger (no vendor PO location match),,AI-R: confirm prior-approved exclusion at W6-0b AI-R pass (stage6-w60b AI-R record),
07,Reference Document Name,translation-candidate,2,0,0,0,23,frappe,in-ledger (no vendor PO location match),,AI-R: confirm prior-approved exclusion at W6-0b AI-R pass (stage6-w60b AI-R record),
07,Relay Server URL missing,translation-candidate,2,0,0,0,24,frappe,in-ledger (no vendor PO location match),,AI-R: confirm prior-approved exclusion at W6-0b AI-R pass (stage6-w60b AI-R record),
07,Release,translation-candidate,2,0,0,0,7,frappe,in-ledger (no vendor PO location match),,AI-R: confirm prior-approved exclusion at W6-0b AI-R pass (stage6-w60b AI-R record),
07,Reminder,translation-candidate,2,0,0,0,8,frappe,in-ledger (no vendor PO location match),,AI-R: confirm prior-approved exclusion at W6-0b AI-R pass (stage6-w60b AI-R record),
07,Reminder cannot be created in past.,translation-candidate,2,0,0,0,35,frappe,in-ledger (no vendor PO location match),,AI-R: confirm prior-approved exclusion at W6-0b AI-R pass (stage6-w60b AI-R record),
07,Removed,translation-candidate,2,0,0,0,7,frappe,in-ledger (no vendor PO location match),,AI-R: confirm prior-approved exclusion at W6-0b AI-R pass (stage6-w60b AI-R record),
07,Reopen,translation-candidate,2,0,0,0,6,frappe,in-ledger (no vendor PO location match),,AI-R: confirm prior-approved exclusion at W6-0b AI-R pass (stage6-w60b AI-R record),
07,Repeat Header and Footer,translation-candidate,2,0,0,0,24,frappe,in-ledger (no vendor PO location match),,AI-R: confirm prior-approved exclusion at W6-0b AI-R pass (stage6-w60b AI-R record),
07,Replicate,translation-candidate,2,0,0,0,9,frappe,in-ledger (no vendor PO location match),,AI-R: confirm prior-approved exclusion at W6-0b AI-R pass (stage6-w60b AI-R record),
07,Replicating...,translation-candidate,2,0,0,0,14,frappe,in-ledger (no vendor PO location match),,AI-R: confirm prior-approved exclusion at W6-0b AI-R pass (stage6-w60b AI-R record),
07,Replication completed.,translation-candidate,2,0,0,0,22,frappe,in-ledger (no vendor PO location match),,AI-R: confirm prior-approved exclusion at W6-0b AI-R pass (stage6-w60b AI-R record),
07,Represents a User in the system.,translation-candidate,2,0,0,0,32,frappe,in-ledger (no vendor PO location match),,AI-R: confirm prior-approved exclusion at W6-0b AI-R pass (stage6-w60b AI-R record),
07,Request for Account Deletion,translation-candidate,2,0,0,0,28,frappe,in-ledger (no vendor PO location match),,AI-R: confirm prior-approved exclusion at W6-0b AI-R pass (stage6-w60b AI-R record),
07,Reset All Customizations,translation-candidate,2,0,0,0,24,frappe,in-ledger (no vendor PO location match),,AI-R: confirm prior-approved exclusion at W6-0b AI-R pass (stage6-w60b AI-R record),
07,Reset Password Template,translation-candidate,2,0,0,0,23,frappe,in-ledger (no vendor PO location match),,AI-R: confirm prior-approved exclusion at W6-0b AI-R pass (stage6-w60b AI-R record),
07,Resource,translation-candidate,2,0,0,0,8,frappe,in-ledger (no vendor PO location match),,AI-R: confirm prior-approved exclusion at W6-0b AI-R pass (stage6-w60b AI-R record),
07,Resource Documentation,translation-candidate,2,0,0,0,22,frappe,in-ledger (no vendor PO location match),,AI-R: confirm prior-approved exclusion at W6-0b AI-R pass (stage6-w60b AI-R record),
07,"Route: Example \""/app\""",translation-candidate,2,0,0,0,23,frappe,in-ledger (no vendor PO location match),,AI-R: confirm prior-approved exclusion at W6-0b AI-R pass (stage6-w60b AI-R record),
07,Row #{}: Fieldname is required,translation-candidate,2,0,0,0,30,frappe,in-ledger (no vendor PO location match),,AI-R: confirm prior-approved exclusion at W6-0b AI-R pass (stage6-w60b AI-R record),
07,Rules,translation-candidate,2,0,0,0,5,frappe,in-ledger (no vendor PO location match),,AI-R: confirm prior-approved exclusion at W6-0b AI-R pass (stage6-w60b AI-R record),
07,SMS sent successfully,translation-candidate,2,0,0,0,21,frappe,in-ledger (no vendor PO location match),,AI-R: confirm prior-approved exclusion at W6-0b AI-R pass (stage6-w60b AI-R record),
07,SMTP Server is required,translation-candidate,2,0,0,0,23,frappe,in-ledger (no vendor PO location match),,AI-R: confirm prior-approved exclusion at W6-0b AI-R pass (stage6-w60b AI-R record),
07,Saving Customization...,translation-candidate,2,0,0,0,23,frappe,in-ledger (no vendor PO location match),,AI-R: confirm prior-approved exclusion at W6-0b AI-R pass (stage6-w60b AI-R record),
07,Schedule,translation-candidate,2,0,0,0,8,frappe,in-ledger (no vendor PO location match),,AI-R: confirm prior-approved exclusion at W6-0b AI-R pass (stage6-w60b AI-R record),
07,Scheduler,translation-candidate,2,0,0,0,9,frappe,in-ledger (no vendor PO location match),,AI-R: confirm prior-approved exclusion at W6-0b AI-R pass (stage6-w60b AI-R record),
07,Scope,translation-candidate,2,0,0,0,5,frappe,in-ledger (no vendor PO location match),,AI-R: confirm prior-approved exclusion at W6-0b AI-R pass (stage6-w60b AI-R record),
07,Script to attach to all web pages.,translation-candidate,2,0,0,0,34,frappe,in-ledger (no vendor PO location match),,AI-R: confirm prior-approved exclusion at W6-0b AI-R pass (stage6-w60b AI-R record),
07,Scripting,translation-candidate,2,0,0,0,9,frappe,in-ledger (no vendor PO location match),,AI-R: confirm prior-approved exclusion at W6-0b AI-R pass (stage6-w60b AI-R record),
07,Scripts,translation-candidate,2,0,0,0,7,frappe,in-ledger (no vendor PO location match),,AI-R: confirm prior-approved exclusion at W6-0b AI-R pass (stage6-w60b AI-R record),
07,See previous responses,translation-candidate,2,0,0,0,22,frappe,in-ledger (no vendor PO location match),,AI-R: confirm prior-approved exclusion at W6-0b AI-R pass (stage6-w60b AI-R record),
07,Select Network Printer,translation-candidate,2,0,0,0,22,frappe,in-ledger (no vendor PO location match),,AI-R: confirm prior-approved exclusion at W6-0b AI-R pass (stage6-w60b AI-R record),
07,Send Email To Creator,translation-candidate,2,0,0,0,21,frappe,in-ledger (no vendor PO location match),,AI-R: confirm prior-approved exclusion at W6-0b AI-R pass (stage6-w60b AI-R record),
07,Sender,translation-candidate,2,0,0,0,6,frappe,in-ledger (no vendor PO location match),,AI-R: confirm prior-approved exclusion at W6-0b AI-R pass (stage6-w60b AI-R record),
07,Sendgrid,translation-candidate,2,0,0,0,8,frappe,in-ledger (no vendor PO location match),,AI-R: confirm prior-approved exclusion at W6-0b AI-R pass (stage6-w60b AI-R record),
07,Series Updated for {},translation-candidate,2,0,0,0,21,frappe,in-ledger (no vendor PO location match),,AI-R: confirm prior-approved exclusion at W6-0b AI-R pass (stage6-w60b AI-R record),
07,Service,translation-candidate,2,0,0,0,7,frappe,in-ledger (no vendor PO location match),,AI-R: confirm prior-approved exclusion at W6-0b AI-R pass (stage6-w60b AI-R record),
07,Session Expiry (idle timeout),translation-candidate,2,0,0,0,29,frappe,in-ledger (no vendor PO location match),,AI-R: confirm prior-approved exclusion at W6-0b AI-R pass (stage6-w60b AI-R record),
07,Sessions,translation-candidate,2,0,0,0,8,frappe,in-ledger (no vendor PO location match),,AI-R: confirm prior-approved exclusion at W6-0b AI-R pass (stage6-w60b AI-R record),
07,Settings for Contact Us Page,translation-candidate,2,0,0,0,28,frappe,in-ledger (no vendor PO location match),,AI-R: confirm prior-approved exclusion at W6-0b AI-R pass (stage6-w60b AI-R record),
07,Settings for the About Us Page,translation-candidate,2,0,0,0,30,frappe,in-ledger (no vendor PO location match),,AI-R: confirm prior-approved exclusion at W6-0b AI-R pass (stage6-w60b AI-R record),
07,Setup > Customize Form,translation-candidate,2,0,0,0,22,frappe,in-ledger (no vendor PO location match),,AI-R: confirm prior-approved exclusion at W6-0b AI-R pass (stage6-w60b AI-R record),
07,Setup > User Permissions,translation-candidate,2,0,0,0,24,frappe,in-ledger (no vendor PO location match),,AI-R: confirm prior-approved exclusion at W6-0b AI-R pass (stage6-w60b AI-R record),
07,Setup Series for transactions,translation-candidate,2,0,0,0,29,frappe,in-ledger (no vendor PO location match),,AI-R: confirm prior-approved exclusion at W6-0b AI-R pass (stage6-w60b AI-R record),
07,Show Absolute Datetime in Timeline,translation-candidate,2,0,0,0,34,frappe,in-ledger (no vendor PO location match),,AI-R: confirm prior-approved exclusion at W6-0b AI-R pass (stage6-w60b AI-R record),
07,Show App Icons As Folder,translation-candidate,2,0,0,0,24,frappe,in-ledger (no vendor PO location match),,AI-R: confirm prior-approved exclusion at W6-0b AI-R pass (stage6-w60b AI-R record),
07,Show Auth Server Metadata,translation-candidate,2,0,0,0,25,frappe,in-ledger (no vendor PO location match),,AI-R: confirm prior-approved exclusion at W6-0b AI-R pass (stage6-w60b AI-R record),
07,Show First Document Tour,translation-candidate,2,0,0,0,24,frappe,in-ledger (no vendor PO location match),,AI-R: confirm prior-approved exclusion at W6-0b AI-R pass (stage6-w60b AI-R record),
07,Show Only Failed Logs,translation-candidate,2,0,0,0,21,frappe,in-ledger (no vendor PO location match),,AI-R: confirm prior-approved exclusion at W6-0b AI-R pass (stage6-w60b AI-R record),
07,Show Protected Resource Metadata,translation-candidate,2,0,0,0,32,frappe,in-ledger (no vendor PO location match),,AI-R: confirm prior-approved exclusion at W6-0b AI-R pass (stage6-w60b AI-R record),
07,Show Values over Chart,translation-candidate,2,0,0,0,22,frappe,in-ledger (no vendor PO location match),,AI-R: confirm prior-approved exclusion at W6-0b AI-R pass (stage6-w60b AI-R record),
07,Show in Resource Metadata,translation-candidate,2,0,0,0,25,frappe,in-ledger (no vendor PO location match),,AI-R: confirm prior-approved exclusion at W6-0b AI-R pass (stage6-w60b AI-R record),
07,Show link to document,translation-candidate,2,0,0,0,21,frappe,in-ledger (no vendor PO location match),,AI-R: confirm prior-approved exclusion at W6-0b AI-R pass (stage6-w60b AI-R record),
07,Sign Up and Confirmation,translation-candidate,2,0,0,0,24,frappe,in-ledger (no vendor PO location match),,AI-R: confirm prior-approved exclusion at W6-0b AI-R pass (stage6-w60b AI-R record),
07,Skipped,translation-candidate,2,0,0,0,7,frappe,in-ledger (no vendor PO location match),,AI-R: confirm prior-approved exclusion at W6-0b AI-R pass (stage6-w60b AI-R record),
07,"Skipping {0} of {1}, {2}",translation-candidate,2,0,0,0,24,frappe,in-ledger (no vendor PO location match),,AI-R: confirm prior-approved exclusion at W6-0b AI-R pass (stage6-w60b AI-R record),
07,Slideshow like display for the website,translation-candidate,2,0,0,0,38,frappe,in-ledger (no vendor PO location match),,AI-R: confirm prior-approved exclusion at W6-0b AI-R pass (stage6-w60b AI-R record),
07,Slug,translation-candidate,2,0,0,0,4,frappe,in-ledger (no vendor PO location match),,AI-R: confirm prior-approved exclusion at W6-0b AI-R pass (stage6-w60b AI-R record),
07,Snippet and more variables:  {0},translation-candidate,2,0,0,0,32,frappe,in-ledger (no vendor PO location match),,AI-R: confirm prior-approved exclusion at W6-0b AI-R pass (stage6-w60b AI-R record),
07,SocketIO Transport Mode,translation-candidate,2,0,0,0,23,frappe,in-ledger (no vendor PO location match),,AI-R: confirm prior-approved exclusion at W6-0b AI-R pass (stage6-w60b AI-R record),
07,SparkPost,translation-candidate,2,0,0,0,9,frappe,in-ledger (no vendor PO location match),,AI-R: confirm prior-approved exclusion at W6-0b AI-R pass (stage6-w60b AI-R record),
07,Spawns actions in a background job,translation-candidate,2,0,0,0,34,frappe,in-ledger (no vendor PO location match),,AI-R: confirm prior-approved exclusion at W6-0b AI-R pass (stage6-w60b AI-R record),
07,Standard DocType can not be deleted.,translation-candidate,2,0,0,0,36,frappe,in-ledger (no vendor PO location match),,AI-R: confirm prior-approved exclusion at W6-0b AI-R pass (stage6-w60b AI-R record),
07,Standard Reports cannot be deleted,translation-candidate,2,0,0,0,34,frappe,in-ledger (no vendor PO location match),,AI-R: confirm prior-approved exclusion at W6-0b AI-R pass (stage6-w60b AI-R record),
07,Standard Reports cannot be edited,translation-candidate,2,0,0,0,33,frappe,in-ledger (no vendor PO location match),,AI-R: confirm prior-approved exclusion at W6-0b AI-R pass (stage6-w60b AI-R record),
07,Standard rich text editor with controls,translation-candidate,2,0,0,0,39,frappe,in-ledger (no vendor PO location match),,AI-R: confirm prior-approved exclusion at W6-0b AI-R pass (stage6-w60b AI-R record),
07,State,translation-candidate,2,0,0,0,5,frappe,in-ledger (no vendor PO location match),,AI-R: confirm prior-approved exclusion at W6-0b AI-R pass (stage6-w60b AI-R record),
07,Statistics,translation-candidate,2,0,0,0,10,frappe,in-ledger (no vendor PO location match),,AI-R: confirm prior-approved exclusion at W6-0b AI-R pass (stage6-w60b AI-R record),
07,Stop,translation-candidate,2,0,0,0,4,frappe,in-ledger (no vendor PO location match),,AI-R: confirm prior-approved exclusion at W6-0b AI-R pass (stage6-w60b AI-R record),
07,Storage Usage By Table,translation-candidate,2,0,0,0,22,frappe,in-ledger (no vendor PO location match),,AI-R: confirm prior-approved exclusion at W6-0b AI-R pass (stage6-w60b AI-R record),
07,Store Attached PDF Document,translation-candidate,2,0,0,0,27,frappe,in-ledger (no vendor PO location match),,AI-R: confirm prior-approved exclusion at W6-0b AI-R pass (stage6-w60b AI-R record),
07,Strip EXIF tags from uploaded images,translation-candidate,2,0,0,0,36,frappe,in-ledger (no vendor PO location match),,AI-R: confirm prior-approved exclusion at W6-0b AI-R pass (stage6-w60b AI-R record),
07,Subtle,translation-candidate,2,0,0,0,6,frappe,in-ledger (no vendor PO location match),,AI-R: confirm prior-approved exclusion at W6-0b AI-R pass (stage6-w60b AI-R record),
07,Successfully imported {0},translation-candidate,2,0,0,0,25,frappe,in-ledger (no vendor PO location match),,AI-R: confirm prior-approved exclusion at W6-0b AI-R pass (stage6-w60b AI-R record),
07,Successfully signed out,translation-candidate,2,0,0,0,23,frappe,in-ledger (no vendor PO location match),,AI-R: confirm prior-approved exclusion at W6-0b AI-R pass (stage6-w60b AI-R record),
07,Successfully updated {0},translation-candidate,2,0,0,0,24,frappe,in-ledger (no vendor PO location match),,AI-R: confirm prior-approved exclusion at W6-0b AI-R pass (stage6-w60b AI-R record),
07,Suggest Optimizations,translation-candidate,2,0,0,0,21,frappe,in-ledger (no vendor PO location match),,AI-R: confirm prior-approved exclusion at W6-0b AI-R pass (stage6-w60b AI-R record),
07,Sync events from Google as public,translation-candidate,2,0,0,0,33,frappe,in-ledger (no vendor PO location match),,AI-R: confirm prior-approved exclusion at W6-0b AI-R pass (stage6-w60b AI-R record),
07,System Manager privileges required.,translation-candidate,2,0,0,0,35,frappe,in-ledger (no vendor PO location match),,AI-R: confirm prior-approved exclusion at W6-0b AI-R pass (stage6-w60b AI-R record),
07,Table Fieldname Missing,translation-candidate,2,0,0,0,23,frappe,in-ledger (no vendor PO location match),,AI-R: confirm prior-approved exclusion at W6-0b AI-R pass (stage6-w60b AI-R record),
07,Target,translation-candidate,2,0,0,0,6,frappe,in-ledger (no vendor PO location match),,AI-R: confirm prior-approved exclusion at W6-0b AI-R pass (stage6-w60b AI-R record),
07,Team Members Subtitle,translation-candidate,2,0,0,0,21,frappe,in-ledger (no vendor PO location match),,AI-R: confirm prior-approved exclusion at W6-0b AI-R pass (stage6-w60b AI-R record),
07,Telemetry,translation-candidate,2,0,0,0,9,frappe,in-ledger (no vendor PO location match),,AI-R: confirm prior-approved exclusion at W6-0b AI-R pass (stage6-w60b AI-R record),
07,The Condition '{0}' is invalid,translation-candidate,2,0,0,0,30,frappe,in-ledger (no vendor PO location match),,AI-R: confirm prior-approved exclusion at W6-0b AI-R pass (stage6-w60b AI-R record),
07,The File URL you've entered is incorrect,translation-candidate,2,0,0,0,40,frappe,in-ledger (no vendor PO location match),,AI-R: confirm prior-approved exclusion at W6-0b AI-R pass (stage6-w60b AI-R record),
07,The changes have been reverted.,translation-candidate,2,0,0,0,31,frappe,in-ledger (no vendor PO location match),,AI-R: confirm prior-approved exclusion at W6-0b AI-R pass (stage6-w60b AI-R record),
07,The country's ISO 3166 ALPHA-2 code.,translation-candidate,2,0,0,0,36,frappe,in-ledger (no vendor PO location match),,AI-R: confirm prior-approved exclusion at W6-0b AI-R pass (stage6-w60b AI-R record),
07,The field {0} is mandatory,translation-candidate,2,0,0,0,26,frappe,in-ledger (no vendor PO location match),,AI-R: confirm prior-approved exclusion at W6-0b AI-R pass (stage6-w60b AI-R record),
07,The reset password link has been expired,translation-candidate,2,0,0,0,40,frappe,in-ledger (no vendor PO location match),,AI-R: confirm prior-approved exclusion at W6-0b AI-R pass (stage6-w60b AI-R record),
07,The role {0} should be a custom role.,translation-candidate,2,0,0,0,37,frappe,in-ledger (no vendor PO location match),,AI-R: confirm prior-approved exclusion at W6-0b AI-R pass (stage6-w60b AI-R record),
07,The selected document {0} is not a {1}.,translation-candidate,2,0,0,0,39,frappe,in-ledger (no vendor PO location match),,AI-R: confirm prior-approved exclusion at W6-0b AI-R pass (stage6-w60b AI-R record),
07,"There is no task called \""{}\""",translation-candidate,2,0,0,0,30,frappe,in-ledger (no vendor PO location match),,AI-R: confirm prior-approved exclusion at W6-0b AI-R pass (stage6-w60b AI-R record),
07,Time Window (Seconds),translation-candidate,2,0,0,0,21,frappe,in-ledger (no vendor PO location match),,AI-R: confirm prior-approved exclusion at W6-0b AI-R pass (stage6-w60b AI-R record),
07,Timeline,translation-candidate,2,0,0,0,8,frappe,in-ledger (no vendor PO location match),,AI-R: confirm prior-approved exclusion at W6-0b AI-R pass (stage6-w60b AI-R record),
07,Tip: Try the new dropdown console using,translation-candidate,2,0,0,0,39,frappe,in-ledger (no vendor PO location match),,AI-R: confirm prior-approved exclusion at W6-0b AI-R pass (stage6-w60b AI-R record),
07,"To enable server scripts, read the {0}.",translation-candidate,2,0,0,0,39,frappe,in-ledger (no vendor PO location match),,AI-R: confirm prior-approved exclusion at W6-0b AI-R pass (stage6-w60b AI-R record),
07,To generate password click {0},translation-candidate,2,0,0,0,30,frappe,in-ledger (no vendor PO location match),,AI-R: confirm prior-approved exclusion at W6-0b AI-R pass (stage6-w60b AI-R record),
07,To know more click {0},translation-candidate,2,0,0,0,22,frappe,in-ledger (no vendor PO location match),,AI-R: confirm prior-approved exclusion at W6-0b AI-R pass (stage6-w60b AI-R record),
07,Token Endpoint Auth Method,translation-candidate,2,0,0,0,26,frappe,in-ledger (no vendor PO location match),,AI-R: confirm prior-approved exclusion at W6-0b AI-R pass (stage6-w60b AI-R record),
07,Total Background Workers,translation-candidate,2,0,0,0,24,frappe,in-ledger (no vendor PO location match),,AI-R: confirm prior-approved exclusion at W6-0b AI-R pass (stage6-w60b AI-R record),
07,Total Errors (last 1 day),translation-candidate,2,0,0,0,25,frappe,in-ledger (no vendor PO location match),,AI-R: confirm prior-approved exclusion at W6-0b AI-R pass (stage6-w60b AI-R record),
07,Total Outgoing Emails,translation-candidate,2,0,0,0,21,frappe,in-ledger (no vendor PO location match),,AI-R: confirm prior-approved exclusion at W6-0b AI-R pass (stage6-w60b AI-R record),
07,Traceback,translation-candidate,2,0,0,0,9,frappe,in-ledger (no vendor PO location match),,AI-R: confirm prior-approved exclusion at W6-0b AI-R pass (stage6-w60b AI-R record),
07,Track milestones for any document,translation-candidate,2,0,0,0,33,frappe,in-ledger (no vendor PO location match),,AI-R: confirm prior-approved exclusion at W6-0b AI-R pass (stage6-w60b AI-R record),
07,Transgender,translation-candidate,2,0,0,0,11,frappe,in-ledger (no vendor PO location match),,AI-R: confirm prior-approved exclusion at W6-0b AI-R pass (stage6-w60b AI-R record),
07,Translator,translation-candidate,2,0,0,0,10,frappe,in-ledger (no vendor PO location match),,AI-R: confirm prior-approved exclusion at W6-0b AI-R pass (stage6-w60b AI-R record),
07,UIDNEXT,translation-candidate,2,0,0,0,7,frappe,in-ledger (no vendor PO location match),,AI-R: confirm prior-approved exclusion at W6-0b AI-R pass (stage6-w60b AI-R record),
07,UIDVALIDITY,translation-candidate,2,0,0,0,11,frappe,in-ledger (no vendor PO location match),,AI-R: confirm prior-approved exclusion at W6-0b AI-R pass (stage6-w60b AI-R record),
07,URL must start with http:// or https://,translation-candidate,2,0,0,0,39,frappe,in-ledger (no vendor PO location match),,AI-R: confirm prior-approved exclusion at W6-0b AI-R pass (stage6-w60b AI-R record),
07,Un-following document {0},translation-candidate,2,0,0,0,25,frappe,in-ledger (no vendor PO location match),,AI-R: confirm prior-approved exclusion at W6-0b AI-R pass (stage6-w60b AI-R record),
07,Unknown Rounding Method: {},translation-candidate,2,0,0,0,27,frappe,in-ledger (no vendor PO location match),,AI-R: confirm prior-approved exclusion at W6-0b AI-R pass (stage6-w60b AI-R record),
07,Unknown file encoding. Tried to use: {0},translation-candidate,2,0,0,0,40,frappe,in-ledger (no vendor PO location match),,AI-R: confirm prior-approved exclusion at W6-0b AI-R pass (stage6-w60b AI-R record),
07,Unlock Reference Document,translation-candidate,2,0,0,0,25,frappe,in-ledger (no vendor PO location match),,AI-R: confirm prior-approved exclusion at W6-0b AI-R pass (stage6-w60b AI-R record),
07,Unsupported function or operator: {0},translation-candidate,2,0,0,0,37,frappe,in-ledger (no vendor PO location match),,AI-R: confirm prior-approved exclusion at W6-0b AI-R pass (stage6-w60b AI-R record),
07,Updating global settings,translation-candidate,2,0,0,0,24,frappe,in-ledger (no vendor PO location match),,AI-R: confirm prior-approved exclusion at W6-0b AI-R pass (stage6-w60b AI-R record),
07,Updating naming series options,translation-candidate,2,0,0,0,30,frappe,in-ledger (no vendor PO location match),,AI-R: confirm prior-approved exclusion at W6-0b AI-R pass (stage6-w60b AI-R record),
07,"Updating {0} of {1}, {2}",translation-candidate,2,0,0,0,24,frappe,in-ledger (no vendor PO location match),,AI-R: confirm prior-approved exclusion at W6-0b AI-R pass (stage6-w60b AI-R record),
07,Use % for any non empty value.,translation-candidate,2,0,0,0,30,frappe,in-ledger (no vendor PO location match),,AI-R: confirm prior-approved exclusion at W6-0b AI-R pass (stage6-w60b AI-R record),
07,Use First Day of Period,translation-candidate,2,0,0,0,23,frappe,in-ledger (no vendor PO location match),,AI-R: confirm prior-approved exclusion at W6-0b AI-R pass (stage6-w60b AI-R record),
07,Use a few uncommon words together.,translation-candidate,2,0,0,0,34,frappe,in-ledger (no vendor PO location match),,AI-R: confirm prior-approved exclusion at W6-0b AI-R pass (stage6-w60b AI-R record),
07,Use different Email ID,translation-candidate,2,0,0,0,22,frappe,in-ledger (no vendor PO location match),,AI-R: confirm prior-approved exclusion at W6-0b AI-R pass (stage6-w60b AI-R record),
07,User Doctype Permissions,translation-candidate,2,0,0,0,24,frappe,in-ledger (no vendor PO location match),,AI-R: confirm prior-approved exclusion at W6-0b AI-R pass (stage6-w60b AI-R record),
07,User Document Types Limit Exceeded,translation-candidate,2,0,0,0,34,frappe,in-ledger (no vendor PO location match),,AI-R: confirm prior-approved exclusion at W6-0b AI-R pass (stage6-w60b AI-R record),
07,User Permissions created successfully,translation-candidate,2,0,0,0,37,frappe,in-ledger (no vendor PO location match),,AI-R: confirm prior-approved exclusion at W6-0b AI-R pass (stage6-w60b AI-R record),
07,User {0} impersonated as {1},translation-candidate,2,0,0,0,28,frappe,in-ledger (no vendor PO location match),,AI-R: confirm prior-approved exclusion at W6-0b AI-R pass (stage6-w60b AI-R record),
07,Utilization,translation-candidate,2,0,0,0,11,frappe,in-ledger (no vendor PO location match),,AI-R: confirm prior-approved exclusion at W6-0b AI-R pass (stage6-w60b AI-R record),
07,Validate Frappe Mail Settings,translation-candidate,2,0,0,0,29,frappe,in-ledger (no vendor PO location match),,AI-R: confirm prior-approved exclusion at W6-0b AI-R pass (stage6-w60b AI-R record),
07,Validate SSL Certificate,translation-candidate,2,0,0,0,24,frappe,in-ledger (no vendor PO location match),,AI-R: confirm prior-approved exclusion at W6-0b AI-R pass (stage6-w60b AI-R record),
07,Views,translation-candidate,2,0,0,0,5,frappe,in-ledger (no vendor PO location match),,AI-R: confirm prior-approved exclusion at W6-0b AI-R pass (stage6-w60b AI-R record),
07,Virtual,translation-candidate,2,0,0,0,7,frappe,in-ledger (no vendor PO location match),,AI-R: confirm prior-approved exclusion at W6-0b AI-R pass (stage6-w60b AI-R record),
07,Virtual tables must be virtual fields,translation-candidate,2,0,0,0,37,frappe,in-ledger (no vendor PO location match),,AI-R: confirm prior-approved exclusion at W6-0b AI-R pass (stage6-w60b AI-R record),
07,Visibility,translation-candidate,2,0,0,0,10,frappe,in-ledger (no vendor PO location match),,AI-R: confirm prior-approved exclusion at W6-0b AI-R pass (stage6-w60b AI-R record),
07,Warning: Naming is not set,translation-candidate,2,0,0,0,26,frappe,in-ledger (no vendor PO location match),,AI-R: confirm prior-approved exclusion at W6-0b AI-R pass (stage6-w60b AI-R record),
07,We've received your query!,translation-candidate,2,0,0,0,26,frappe,in-ledger (no vendor PO location match),,AI-R: confirm prior-approved exclusion at W6-0b AI-R pass (stage6-w60b AI-R record),
07,Web Template is not specified,translation-candidate,2,0,0,0,29,frappe,in-ledger (no vendor PO location match),,AI-R: confirm prior-approved exclusion at W6-0b AI-R pass (stage6-w60b AI-R record),
07,Webhook,translation-candidate,2,0,0,0,7,frappe,in-ledger (no vendor PO location match),,AI-R: confirm prior-approved exclusion at W6-0b AI-R pass (stage6-w60b AI-R record),
07,Website Theme image link,translation-candidate,2,0,0,0,24,frappe,in-ledger (no vendor PO location match),,AI-R: confirm prior-approved exclusion at W6-0b AI-R pass (stage6-w60b AI-R record),
07,Website Themes Available,translation-candidate,2,0,0,0,24,frappe,in-ledger (no vendor PO location match),,AI-R: confirm prior-approved exclusion at W6-0b AI-R pass (stage6-w60b AI-R record),
07,Websocket,translation-candidate,2,0,0,0,9,frappe,in-ledger (no vendor PO location match),,AI-R: confirm prior-approved exclusion at W6-0b AI-R pass (stage6-w60b AI-R record),
07,Widths can be set in px or %.,translation-candidate,2,0,0,0,29,frappe,in-ledger (no vendor PO location match),,AI-R: confirm prior-approved exclusion at W6-0b AI-R pass (stage6-w60b AI-R record),
07,Workflow Action Permitted Role,translation-candidate,2,0,0,0,30,frappe,in-ledger (no vendor PO location match),,AI-R: confirm prior-approved exclusion at W6-0b AI-R pass (stage6-w60b AI-R record),
07,Workflow States Don't Exist,translation-candidate,2,0,0,0,27,frappe,in-ledger (no vendor PO location match),,AI-R: confirm prior-approved exclusion at W6-0b AI-R pass (stage6-w60b AI-R record),
07,Workflow Transition Task,translation-candidate,2,0,0,0,24,frappe,in-ledger (no vendor PO location match),,AI-R: confirm prior-approved exclusion at W6-0b AI-R pass (stage6-w60b AI-R record),
07,Workflow Transition Tasks,translation-candidate,2,0,0,0,25,frappe,in-ledger (no vendor PO location match),,AI-R: confirm prior-approved exclusion at W6-0b AI-R pass (stage6-w60b AI-R record),
07,XLSX,translation-candidate,2,0,0,0,4,frappe,in-ledger (no vendor PO location match),,AI-R: confirm prior-approved exclusion at W6-0b AI-R pass (stage6-w60b AI-R record),
07,Yandex.Mail,translation-candidate,2,0,0,0,11,frappe,in-ledger (no vendor PO location match),,AI-R: confirm prior-approved exclusion at W6-0b AI-R pass (stage6-w60b AI-R record),
07,Year,translation-candidate,2,0,0,0,4,frappe,in-ledger (no vendor PO location match),,AI-R: confirm prior-approved exclusion at W6-0b AI-R pass (stage6-w60b AI-R record),
07,You are impersonating as another user.,translation-candidate,2,0,0,0,38,frappe,in-ledger (no vendor PO location match),,AI-R: confirm prior-approved exclusion at W6-0b AI-R pass (stage6-w60b AI-R record),
07,You are not allowed to edit the report.,translation-candidate,2,0,0,0,39,frappe,in-ledger (no vendor PO location match),,AI-R: confirm prior-approved exclusion at W6-0b AI-R pass (stage6-w60b AI-R record),
07,"You can select one from the following,",translation-candidate,2,0,0,0,38,frappe,in-ledger (no vendor PO location match),,AI-R: confirm prior-approved exclusion at W6-0b AI-R pass (stage6-w60b AI-R record),
07,You can use wildcard %,translation-candidate,2,0,0,0,22,frappe,in-ledger (no vendor PO location match),,AI-R: confirm prior-approved exclusion at W6-0b AI-R pass (stage6-w60b AI-R record),
07,You must be logged in to use this form.,translation-candidate,2,0,0,0,39,frappe,in-ledger (no vendor PO location match),,AI-R: confirm prior-approved exclusion at W6-0b AI-R pass (stage6-w60b AI-R record),
07,You need to set one IMAP folder for {0},translation-candidate,2,0,0,0,39,frappe,in-ledger (no vendor PO location match),,AI-R: confirm prior-approved exclusion at W6-0b AI-R pass (stage6-w60b AI-R record),
07,You've been invited to join {0},translation-candidate,2,0,0,0,31,frappe,in-ledger (no vendor PO location match),,AI-R: confirm prior-approved exclusion at W6-0b AI-R pass (stage6-w60b AI-R record),
07,Your account has been deleted,translation-candidate,2,0,0,0,29,frappe,in-ledger (no vendor PO location match),,AI-R: confirm prior-approved exclusion at W6-0b AI-R pass (stage6-w60b AI-R record),
07,Your exported report: {0},translation-candidate,2,0,0,0,25,frappe,in-ledger (no vendor PO location match),,AI-R: confirm prior-approved exclusion at W6-0b AI-R pass (stage6-w60b AI-R record),
07,cProfile Output,translation-candidate,2,0,0,0,15,frappe,in-ledger (no vendor PO location match),,AI-R: confirm prior-approved exclusion at W6-0b AI-R pass (stage6-w60b AI-R record),
07,deferred,translation-candidate,2,0,0,0,8,frappe,in-ledger (no vendor PO location match),,AI-R: confirm prior-approved exclusion at W6-0b AI-R pass (stage6-w60b AI-R record),
07,emacs,translation-candidate,2,0,0,0,5,frappe,in-ledger (no vendor PO location match),,AI-R: confirm prior-approved exclusion at W6-0b AI-R pass (stage6-w60b AI-R record),
07,fairlogin,translation-candidate,2,0,0,0,9,frappe,in-ledger (no vendor PO location match),,AI-R: confirm prior-approved exclusion at W6-0b AI-R pass (stage6-w60b AI-R record),
07,login_required,translation-candidate,2,0,0,0,14,frappe,in-ledger (no vendor PO location match),,AI-R: confirm prior-approved exclusion at W6-0b AI-R pass (stage6-w60b AI-R record),
07,macOS Launchpad,translation-candidate,2,0,0,0,15,frappe,in-ledger (no vendor PO location match),,AI-R: confirm prior-approved exclusion at W6-0b AI-R pass (stage6-w60b AI-R record),
07,notified,translation-candidate,2,0,0,0,8,frappe,in-ledger (no vendor PO location match),,AI-R: confirm prior-approved exclusion at W6-0b AI-R pass (stage6-w60b AI-R record),
07,on_cancel,translation-candidate,2,0,0,0,9,frappe,in-ledger (no vendor PO location match),,AI-R: confirm prior-approved exclusion at W6-0b AI-R pass (stage6-w60b AI-R record),
07,on_trash,translation-candidate,2,0,0,0,8,frappe,in-ledger (no vendor PO location match),,AI-R: confirm prior-approved exclusion at W6-0b AI-R pass (stage6-w60b AI-R record),
07,on_update,translation-candidate,2,0,0,0,9,frappe,in-ledger (no vendor PO location match),,AI-R: confirm prior-approved exclusion at W6-0b AI-R pass (stage6-w60b AI-R record),
07,on_update_after_submit,translation-candidate,2,0,0,0,22,frappe,in-ledger (no vendor PO location match),,AI-R: confirm prior-approved exclusion at W6-0b AI-R pass (stage6-w60b AI-R record),
07,processlist,translation-candidate,2,0,0,0,11,frappe,in-ledger (no vendor PO location match),,AI-R: confirm prior-approved exclusion at W6-0b AI-R pass (stage6-w60b AI-R record),
07,s256,translation-candidate,2,0,0,0,4,frappe,in-ledger (no vendor PO location match),,AI-R: confirm prior-approved exclusion at W6-0b AI-R pass (stage6-w60b AI-R record),
07,starting the setup...,translation-candidate,2,0,0,0,21,frappe,in-ledger (no vendor PO location match),,AI-R: confirm prior-approved exclusion at W6-0b AI-R pass (stage6-w60b AI-R record),
07,"string value, i.e. group",translation-candidate,2,0,0,0,24,frappe,in-ledger (no vendor PO location match),,AI-R: confirm prior-approved exclusion at W6-0b AI-R pass (stage6-w60b AI-R record),
07,"string value, i.e. member",translation-candidate,2,0,0,0,25,frappe,in-ledger (no vendor PO location match),,AI-R: confirm prior-approved exclusion at W6-0b AI-R pass (stage6-w60b AI-R record),
07,this shouldn't break,translation-candidate,2,0,0,0,20,frappe,in-ledger (no vendor PO location match),,AI-R: confirm prior-approved exclusion at W6-0b AI-R pass (stage6-w60b AI-R record),
07,version_table,translation-candidate,2,0,0,0,13,frappe,in-ledger (no vendor PO location match),,AI-R: confirm prior-approved exclusion at W6-0b AI-R pass (stage6-w60b AI-R record),
07,via Auto Repeat,translation-candidate,2,0,0,0,15,frappe,in-ledger (no vendor PO location match),,AI-R: confirm prior-approved exclusion at W6-0b AI-R pass (stage6-w60b AI-R record),
07,via Google Meet,translation-candidate,2,0,0,0,15,frappe,in-ledger (no vendor PO location match),,AI-R: confirm prior-approved exclusion at W6-0b AI-R pass (stage6-w60b AI-R record),
07,vim,translation-candidate,2,0,0,0,3,frappe,in-ledger (no vendor PO location match),,AI-R: confirm prior-approved exclusion at W6-0b AI-R pass (stage6-w60b AI-R record),
07,wkhtmltopdf,translation-candidate,2,0,0,0,11,frappe,in-ledger (no vendor PO location match),,AI-R: confirm prior-approved exclusion at W6-0b AI-R pass (stage6-w60b AI-R record),
07,wkhtmltopdf 0.12.x (with patched qt).,translation-candidate,2,0,0,0,37,frappe,in-ledger (no vendor PO location match),,AI-R: confirm prior-approved exclusion at W6-0b AI-R pass (stage6-w60b AI-R record),
07,workflow_transition,translation-candidate,2,0,0,0,19,frappe,in-ledger (no vendor PO location match),,AI-R: confirm prior-approved exclusion at W6-0b AI-R pass (stage6-w60b AI-R record),
07,{0} and {1},translation-candidate,2,0,0,0,11,frappe,in-ledger (no vendor PO location match),,AI-R: confirm prior-approved exclusion at W6-0b AI-R pass (stage6-w60b AI-R record),
07,{0} can not be more than {1},translation-candidate,2,0,0,0,28,frappe,in-ledger (no vendor PO location match),,AI-R: confirm prior-approved exclusion at W6-0b AI-R pass (stage6-w60b AI-R record),
07,{0} has invalid backtick notation: {1},translation-candidate,2,0,0,0,38,frappe,in-ledger (no vendor PO location match),,AI-R: confirm prior-approved exclusion at W6-0b AI-R pass (stage6-w60b AI-R record),
07,{0} is a not a valid zip file,translation-candidate,2,0,0,0,29,frappe,in-ledger (no vendor PO location match),,AI-R: confirm prior-approved exclusion at W6-0b AI-R pass (stage6-w60b AI-R record),
07,{0} is mandatory,translation-candidate,2,0,0,0,16,frappe,in-ledger (no vendor PO location match),,AI-R: confirm prior-approved exclusion at W6-0b AI-R pass (stage6-w60b AI-R record),
07,{0} is not a child table of {1},translation-candidate,2,0,0,0,31,frappe,in-ledger (no vendor PO location match),,AI-R: confirm prior-approved exclusion at W6-0b AI-R pass (stage6-w60b AI-R record),
07,{0} is not a field of doctype {1},translation-candidate,2,0,0,0,33,frappe,in-ledger (no vendor PO location match),,AI-R: confirm prior-approved exclusion at W6-0b AI-R pass (stage6-w60b AI-R record),
07,{0} is not a valid Cron expression.,translation-candidate,2,0,0,0,35,frappe,in-ledger (no vendor PO location match),,AI-R: confirm prior-approved exclusion at W6-0b AI-R pass (stage6-w60b AI-R record),
07,{0} is not a valid parentfield for {1},translation-candidate,2,0,0,0,38,frappe,in-ledger (no vendor PO location match),,AI-R: confirm prior-approved exclusion at W6-0b AI-R pass (stage6-w60b AI-R record),
07,{0} is not a zip file,translation-candidate,2,0,0,0,21,frappe,in-ledger (no vendor PO location match),,AI-R: confirm prior-approved exclusion at W6-0b AI-R pass (stage6-w60b AI-R record),
07,{0} is not an allowed role for {1},translation-candidate,2,0,0,0,34,frappe,in-ledger (no vendor PO location match),,AI-R: confirm prior-approved exclusion at W6-0b AI-R pass (stage6-w60b AI-R record),
07,{0} must be beginning with '{1}',translation-candidate,2,0,0,0,32,frappe,in-ledger (no vendor PO location match),,AI-R: confirm prior-approved exclusion at W6-0b AI-R pass (stage6-w60b AI-R record),
07,{0} must be equal to '{1}',translation-candidate,2,0,0,0,26,frappe,in-ledger (no vendor PO location match),,AI-R: confirm prior-approved exclusion at W6-0b AI-R pass (stage6-w60b AI-R record),
07,{0} must be none of {1},translation-candidate,2,0,0,0,23,frappe,in-ledger (no vendor PO location match),,AI-R: confirm prior-approved exclusion at W6-0b AI-R pass (stage6-w60b AI-R record),
07,{0} must be {1} {2},translation-candidate,2,0,0,0,19,frappe,in-ledger (no vendor PO location match),,AI-R: confirm prior-approved exclusion at W6-0b AI-R pass (stage6-w60b AI-R record),
07,{0} only.,translation-candidate,2,0,0,0,9,frappe,in-ledger (no vendor PO location match),,AI-R: confirm prior-approved exclusion at W6-0b AI-R pass (stage6-w60b AI-R record),
07,{0} removed their assignment.,translation-candidate,2,0,0,0,29,frappe,in-ledger (no vendor PO location match),,AI-R: confirm prior-approved exclusion at W6-0b AI-R pass (stage6-w60b AI-R record),
07,{0} row #{1}:,translation-candidate,2,0,0,0,13,frappe,in-ledger (no vendor PO location match),,AI-R: confirm prior-approved exclusion at W6-0b AI-R pass (stage6-w60b AI-R record),
07,{} Invalid python code on line {},translation-candidate,2,0,0,0,33,frappe,in-ledger (no vendor PO location match),,AI-R: confirm prior-approved exclusion at W6-0b AI-R pass (stage6-w60b AI-R record),
07,{} field cannot be empty.,translation-candidate,2,0,0,0,25,frappe,in-ledger (no vendor PO location match),,AI-R: confirm prior-approved exclusion at W6-0b AI-R pass (stage6-w60b AI-R record),
