source_text,proposed_ar,translated_text,proposed_disposition,quorum_decision,disposition_rationale,decision_ref,locations,notes
 Amount, المبلغ, المبلغ,PROPOSED-payload,preserved-site-override (strip-collision),AI draft; requires independent A1/A2/A3 quorum before release.,stage6-W6-1 Accounts Batch 01 pending-owner-approval 2026-09-24,erpnext/accounts/report/item_wise_sales_register/item_wise_sales_register.py:605,Reclassified out of Released catalog per Plan §12; strip-collision with runtime Site Override
 Name, الاسم, الاسم,PROPOSED-payload,preserved-site-override (strip-collision),AI draft; requires independent A1/A2/A3 quorum before release.,stage6-W6-1 Accounts Batch 01 pending-owner-approval 2026-09-24,erpnext/accounts/report/customer_ledger_summary/customer_ledger_summary.py:153; erpnext/accounts/report/tax_withholding_details/tax_withholding_details.py:206; erpnext/accounts/report/tds_computation_summary/tds_computation_summary.py:107; erpnext/selling/report/sales_analytics/sales_analytics.py:128,Reclassified out of Released catalog per Plan §12; strip-collision with runtime Site Override
 Rate, السعر, السعر,PROPOSED-payload,preserved-site-override (strip-collision),AI draft; requires independent A1/A2/A3 quorum before release.,stage6-W6-1 Accounts Batch 01 pending-owner-approval 2026-09-24,erpnext/accounts/report/item_wise_sales_register/item_wise_sales_register.py:596,Reclassified out of Released catalog per Plan §12; strip-collision with runtime Site Override
% Of Grand Total,نسبة من الإجمالي النهائي,نسبة من الإجمالي النهائي,preserved-site-override,preserved-site-override,Preserve the exact live v16.localhost Site Override; do not import or replace.,stage6-W6-1 Accounts Batch 01 pending-owner-approval 2026-09-24,erpnext/accounts/report/item_wise_purchase_register/item_wise_purchase_register.py:277; erpnext/accounts/report/item_wise_sales_register/item_wise_sales_register.py:329,Preserved verbatim from live v16.localhost; not imported
'{0}' account is already used by {1}. Use another account.,الحساب '{0}' مستخدم بالفعل بواسطة {1}. استخدم حسابا آخر.,الحساب '{0}' مستخدم بالفعل بواسطة {1}. استخدم حسابا آخر.,PROPOSED-payload,quorum-confirmed-payload,AI draft; requires independent A1/A2/A3 quorum before release.,content:docs/translation/stage6_w601_accounts_batch01_content_evidence_2026-09-26.txt,erpnext/accounts/doctype/bank_account/bank_account.py:64,Released and imported into catalog under version 1.11
'{0}' has been already added.,تمت إضافة '{0}' بالفعل.,تمت إضافة '{0}' بالفعل.,PROPOSED-payload,quorum-confirmed-payload,AI draft; requires independent A1/A2/A3 quorum before release.,content:docs/translation/stage6_w601_accounts_batch01_content_evidence_2026-09-26.txt,erpnext/accounts/doctype/pos_settings/pos_settings.py:43,Released and imported into catalog under version 1.11
(Purchase Order + Material Request + Actual Expense),(أمر الشراء + طلب المواد + المصروف الفعلي),(أمر الشراء + طلب المواد + المصروف الفعلي),PROPOSED-payload,quorum-confirmed-payload,AI draft; requires independent A1/A2/A3 quorum before release.,content:docs/translation/stage6_w601_accounts_batch01_content_evidence_2026-09-26.txt,erpnext/accounts/doctype/budget/budget.json:None,Released and imported into catalog under version 1.11
90 Above,أكثر من 90,أكثر من 90,PROPOSED-payload,quorum-confirmed-payload,AI draft; requires independent A1/A2/A3 quorum before release.,content:docs/translation/stage6_w601_accounts_batch01_content_evidence_2026-09-26.txt,erpnext/accounts/report/payment_period_based_on_invoice_date/payment_period_based_on_invoice_date.py:117; erpnext/manufacturing/report/work_order_summary/work_order_summary.py:110,Released and imported into catalog under version 1.11
A Reconciliation Job {0} is running for the same filters. Cannot reconcile now,هناك مهمة تسوية {0} قيد التشغيل لنفس عوامل التصفية. لا يمكن التسوية الآن,هناك مهمة تسوية {0} قيد التشغيل لنفس عوامل التصفية. لا يمكن التسوية الآن,PROPOSED-payload,quorum-confirmed-payload,AI draft; requires independent A1/A2/A3 quorum before release.,content:docs/translation/stage6_w601_accounts_batch01_content_evidence_2026-09-26.txt,erpnext/accounts/doctype/payment_reconciliation/payment_reconciliation.py:560,Released and imported into catalog under version 1.11
A condition for a Shipping Rule,شرط لقاعدة الشحن,شرط لقاعدة الشحن,PROPOSED-payload,quorum-confirmed-payload,AI draft; requires independent A1/A2/A3 quorum before release.,content:docs/translation/stage6_w601_accounts_batch01_content_evidence_2026-09-26.txt,erpnext/accounts/doctype/shipping_rule_condition/shipping_rule_condition.json:None,Released and imported into catalog under version 1.11
A customer must have primary contact email.,يجب أن يكون للعميل بريد إلكتروني لجهة الاتصال الأساسية.,يجب أن يكون للعميل بريد إلكتروني لجهة الاتصال الأساسية.,PROPOSED-payload,quorum-confirmed-payload,AI draft; requires independent A1/A2/A3 quorum before release.,content:docs/translation/stage6_w601_accounts_batch01_content_evidence_2026-09-26.txt,erpnext/accounts/doctype/process_statement_of_accounts/process_statement_of_accounts.json:None,Released and imported into catalog under version 1.11
A template with tax category {0} already exists. Only one template is allowed with each tax category,يوجد بالفعل قالب بالفئة الضريبية {0}. يُسمح بقالب واحد فقط لكل فئة ضريبية,يوجد بالفعل قالب بالفئة الضريبية {0}. يُسمح بقالب واحد فقط لكل فئة ضريبية,PROPOSED-payload,quorum-confirmed-payload,AI draft; requires independent A1/A2/A3 quorum before release.,content:docs/translation/stage6_w601_accounts_batch01_content_evidence_2026-09-26.txt,erpnext/accounts/doctype/sales_taxes_and_charges_template/sales_taxes_and_charges_template.py:96,Released and imported into catalog under version 1.11
API Details,تفاصيل واجهة برمجة التطبيقات,تفاصيل واجهة برمجة التطبيقات,PROPOSED-payload,quorum-confirmed-payload,AI draft; requires independent A1/A2/A3 quorum before release.,content:docs/translation/stage6_w601_accounts_batch01_content_evidence_2026-09-26.txt,erpnext/accounts/doctype/currency_exchange_settings/currency_exchange_settings.json:None,Released and imported into catalog under version 1.11
Accepted Qty in Stock UOM,الكمية المقبولة بوحدة قياس المخزون,الكمية المقبولة بوحدة قياس المخزون,PROPOSED-payload,quorum-confirmed-payload,AI draft; requires independent A1/A2/A3 quorum before release.,content:docs/translation/stage6_w601_accounts_batch01_content_evidence_2026-09-26.txt,erpnext/accounts/doctype/purchase_invoice_item/purchase_invoice_item.json:None; erpnext/stock/doctype/purchase_receipt_item/purchase_receipt_item.json:None,Released and imported into catalog under version 1.11
Access Key,مفتاح الوصول,مفتاح الوصول,PROPOSED-payload,quorum-confirmed-payload,AI draft; requires independent A1/A2/A3 quorum before release.,content:docs/translation/stage6_w601_accounts_batch01_content_evidence_2026-09-26.txt,erpnext/accounts/doctype/currency_exchange_settings/currency_exchange_settings.json:None,Released and imported into catalog under version 1.11
Access Key is required for Service Provider: {0},مفتاح الوصول مطلوب لمزود الخدمة: {0},مفتاح الوصول مطلوب لمزود الخدمة: {0},PROPOSED-payload,quorum-confirmed-payload,AI draft; requires independent A1/A2/A3 quorum before release.,content:docs/translation/stage6_w601_accounts_batch01_content_evidence_2026-09-26.txt,erpnext/accounts/doctype/currency_exchange_settings/currency_exchange_settings.py:48,Released and imported into catalog under version 1.11
Account Category,فئة الحساب,فئة الحساب,preserved-site-override,preserved-site-override,Preserve the exact live v16.localhost Site Override; do not import or replace.,stage6-W6-1 Accounts Batch 01 pending-owner-approval 2026-09-24,erpnext/accounts/doctype/account/account.json:None; erpnext/accounts/doctype/account/account_tree.js:166; erpnext/accounts/doctype/account_category/account_category.json:None,Preserved verbatim from live v16.localhost; not imported
Account Category Name,اسم فئة الحساب,اسم فئة الحساب,preserved-site-override,preserved-site-override,Preserve the exact live v16.localhost Site Override; do not import or replace.,stage6-W6-1 Accounts Batch 01 pending-owner-approval 2026-09-24,erpnext/accounts/doctype/account_category/account_category.json:None,Preserved verbatim from live v16.localhost; not imported
Account Closing Balance,رصيد إغلاق الحساب,رصيد إغلاق الحساب,preserved-site-override,preserved-site-override,Preserve the exact live v16.localhost Site Override; do not import or replace.,stage6-W6-1 Accounts Batch 01 pending-owner-approval 2026-09-24,erpnext/accounts/doctype/account_closing_balance/account_closing_balance.json:None,Preserved verbatim from live v16.localhost; not imported
Account Data,بيانات الحساب,بيانات الحساب,preserved-site-override,preserved-site-override,Preserve the exact live v16.localhost Site Override; do not import or replace.,stage6-W6-1 Accounts Batch 01 pending-owner-approval 2026-09-24,erpnext/accounts/doctype/financial_report_row/financial_report_row.json:None,Preserved verbatim from live v16.localhost; not imported
Account Detail Level,مستوى تفاصيل الحساب,مستوى تفاصيل الحساب,preserved-site-override,preserved-site-override,Preserve the exact live v16.localhost Site Override; do not import or replace.,stage6-W6-1 Accounts Batch 01 pending-owner-approval 2026-09-24,erpnext/accounts/report/balance_sheet/balance_sheet.js:20; erpnext/accounts/report/cash_flow/cash_flow.js:29; erpnext/accounts/report/custom_financial_statement/custom_financial_statement.js:21; erpnext/accounts/report/profit_and_loss_statement/profit_and_loss_statement.js:20,Preserved verbatim from live v16.localhost; not imported
Account Head,رأس الحساب,رأس الحساب,preserved-site-override,preserved-site-override,Preserve the exact live v16.localhost Site Override; do not import or replace.,stage6-W6-1 Accounts Batch 01 pending-owner-approval 2026-09-24,erpnext/accounts/doctype/advance_tax/advance_tax.json:None; erpnext/accounts/doctype/advance_taxes_and_charges/advance_taxes_and_charges.json:None; erpnext/accounts/doctype/pos_closing_entry_taxes/pos_closing_entry_taxes.json:None; erpnext/accounts/doctype/purchase_taxes_and_charges/purchase_taxes_and_charges.json:None; erpnext/accounts/doctype/sales_taxes_and_charges/sales_taxes_and_charges.json:None,Preserved verbatim from live v16.localhost; not imported
Account Opening Balance,رصيد افتتاح الحساب,رصيد افتتاح الحساب,preserved-site-override,preserved-site-override,Preserve the exact live v16.localhost Site Override; do not import or replace.,stage6-W6-1 Accounts Batch 01 pending-owner-approval 2026-09-24,erpnext/accounts/doctype/bank_reconciliation_tool/bank_reconciliation_tool.json:None,Preserved verbatim from live v16.localhost; not imported
Account is mandatory,الحساب إلزامي,الحساب إلزامي,PROPOSED-payload,quorum-confirmed-payload,AI draft; requires independent A1/A2/A3 quorum before release.,content:docs/translation/stage6_w601_accounts_batch01_content_evidence_2026-09-26.txt,erpnext/accounts/doctype/budget/budget.py:150,Released and imported into catalog under version 1.11
Account {0} added multiple times,تمت إضافة الحساب {0} عدة مرات,تمت إضافة الحساب {0} عدة مرات,PROPOSED-payload,quorum-confirmed-payload,AI draft; requires independent A1/A2/A3 quorum before release.,content:docs/translation/stage6_w601_accounts_batch01_content_evidence_2026-09-26.txt,erpnext/accounts/doctype/tax_withholding_category/tax_withholding_category.py:67,Released and imported into catalog under version 1.11
Account {0} cannot be converted to Group as it is already set as {1} for {2}.,لا يمكن تحويل الحساب {0} إلى مجموعة لأنه معين بالفعل كـ {1} لـ {2}.,لا يمكن تحويل الحساب {0} إلى مجموعة لأنه معين بالفعل كـ {1} لـ {2}.,PROPOSED-payload,quorum-confirmed-payload,AI draft; requires independent A1/A2/A3 quorum before release.,content:docs/translation/stage6_w601_accounts_batch01_content_evidence_2026-09-26.txt,erpnext/accounts/doctype/account/account.py:291,Released and imported into catalog under version 1.11
Account {0} cannot be disabled as it is already set as {1} for {2}.,لا يمكن تعطيل الحساب {0} لأنه معين بالفعل كـ {1} لـ {2}.,لا يمكن تعطيل الحساب {0} لأنه معين بالفعل كـ {1} لـ {2}.,PROPOSED-payload,quorum-confirmed-payload,AI draft; requires independent A1/A2/A3 quorum before release.,content:docs/translation/stage6_w601_accounts_batch01_content_evidence_2026-09-26.txt,erpnext/accounts/doctype/account/account.py:288,Released and imported into catalog under version 1.11
Account {0} does not belong to company {1},الحساب {0} لا يتبع الشركة {1},الحساب {0} لا يتبع الشركة {1},PROPOSED-payload,quorum-confirmed-payload,AI draft; requires independent A1/A2/A3 quorum before release.,content:docs/translation/stage6_w601_accounts_batch01_content_evidence_2026-09-26.txt,erpnext/accounts/doctype/budget/budget.py:159,Released and imported into catalog under version 1.11
Account {0} doesn't belong to Company {1},الحساب {0} لا يتبع الشركة {1},الحساب {0} لا يتبع الشركة {1},PROPOSED-payload,quorum-confirmed-payload,AI draft; requires independent A1/A2/A3 quorum before release.,content:docs/translation/stage6_w601_accounts_batch01_content_evidence_2026-09-26.txt,erpnext/accounts/doctype/process_statement_of_accounts/process_statement_of_accounts.py:138,Released and imported into catalog under version 1.11
Accounting Details,تفاصيل المحاسبة,تفاصيل المحاسبة,preserved-site-override,preserved-site-override,Preserve the exact live v16.localhost Site Override; do not import or replace.,stage6-W6-1 Accounts Batch 01 pending-owner-approval 2026-09-24,erpnext/accounts/doctype/dunning/dunning.json:None; erpnext/accounts/doctype/dunning_type/dunning_type.json:None; erpnext/accounts/doctype/pos_invoice/pos_invoice.json:None; erpnext/accounts/doctype/pos_invoice_item/pos_invoice_item.json:None; erpnext/accounts/doctype/purchase_invoice/purchase_invoice.json:None; erpnext/accounts/doctype/sales_invoice/sales_invoice.json:None; erpnext/accounts/doctype/sales_invoice_item/sales_invoice_item.json:None; erpnext/buying/doctype/purchase_order_item/purchase_order_item.json:None; erpnext/stock/doctype/delivery_note_item/delivery_note_item.json:None; erpnext/stock/doctype/material_request_item/material_request_item.json:None; erpnext/stock/doctype/purchase_receipt_item/purchase_receipt_item.json:None; erpnext/subcontracting/doctype/subcontracting_order_item/subcontracting_order_item.json:None; erpnext/subcontracting/doctype/subcontracting_receipt_item/subcontracting_receipt_item.json:None; erpnext/subcontracting/doctype/subcontracting_receipt_supplied_item/subcontracting_receipt_supplied_item.json:None,Preserved verbatim from live v16.localhost; not imported
Accounting Dimension Filter,عامل تصفية بُعد المحاسبة,عامل تصفية بُعد المحاسبة,preserved-site-override,preserved-site-override,Preserve the exact live v16.localhost Site Override; do not import or replace.,stage6-W6-1 Accounts Batch 01 pending-owner-approval 2026-09-24,erpnext/accounts/doctype/accounting_dimension_filter/accounting_dimension_filter.json:None,Preserved verbatim from live v16.localhost; not imported
Accounting Dimensions Filter,عامل تصفية أبعاد المحاسبة,عامل تصفية أبعاد المحاسبة,preserved-site-override,preserved-site-override,Preserve the exact live v16.localhost Site Override; do not import or replace.,stage6-W6-1 Accounts Batch 01 pending-owner-approval 2026-09-24,erpnext/accounts/doctype/payment_reconciliation/payment_reconciliation.json:None,Preserved verbatim from live v16.localhost; not imported
Accounts Closing,إغلاق الحسابات,إغلاق الحسابات,preserved-site-override,preserved-site-override,Preserve the exact live v16.localhost Site Override; do not import or replace.,stage6-W6-1 Accounts Batch 01 pending-owner-approval 2026-09-24,erpnext/accounts/doctype/accounts_settings/accounts_settings.json:None; erpnext/setup/doctype/company/company.json:None,Preserved verbatim from live v16.localhost; not imported
Accounts Included in Report,الحسابات المضمنة في التقرير,الحسابات المضمنة في التقرير,preserved-site-override,preserved-site-override,Preserve the exact live v16.localhost Site Override; do not import or replace.,stage6-W6-1 Accounts Batch 01 pending-owner-approval 2026-09-24,erpnext/accounts/doctype/financial_report_template/financial_report_template.js:192,Preserved verbatim from live v16.localhost; not imported
Accounts Missing Error,خطأ الحسابات المفقودة,خطأ الحسابات المفقودة,preserved-site-override,preserved-site-override,Preserve the exact live v16.localhost Site Override; do not import or replace.,stage6-W6-1 Accounts Batch 01 pending-owner-approval 2026-09-24,erpnext/accounts/report/tax_withholding_details/tax_withholding_details.py:362,Preserved verbatim from live v16.localhost; not imported
Accounts Missing from Report,حسابات مفقودة من التقرير,حسابات مفقودة من التقرير,preserved-site-override,preserved-site-override,Preserve the exact live v16.localhost Site Override; do not import or replace.,stage6-W6-1 Accounts Batch 01 pending-owner-approval 2026-09-24,erpnext/accounts/doctype/financial_report_template/financial_report_template.js:166; erpnext/accounts/doctype/financial_report_template/financial_report_template.js:191,Preserved verbatim from live v16.localhost; not imported
Accounts Receivable / Payable Tuning,ضبط الحسابات المدينة والدائنة,ضبط الحسابات المدينة والدائنة,preserved-site-override,preserved-site-override,Preserve the exact live v16.localhost Site Override; do not import or replace.,stage6-W6-1 Accounts Batch 01 pending-owner-approval 2026-09-24,erpnext/accounts/doctype/accounts_settings/accounts_settings.json:None,Preserved verbatim from live v16.localhost; not imported
Accounts Receivable/Payable,الحسابات المدينة/الدائنة,الحسابات المدينة/الدائنة,preserved-site-override,preserved-site-override,Preserve the exact live v16.localhost Site Override; do not import or replace.,stage6-W6-1 Accounts Batch 01 pending-owner-approval 2026-09-24,erpnext/accounts/doctype/accounts_settings/accounts_settings.json:None,Preserved verbatim from live v16.localhost; not imported
Accounts to Merge,الحسابات المطلوب دمجها,الحسابات المطلوب دمجها,preserved-site-override,preserved-site-override,Preserve the exact live v16.localhost Site Override; do not import or replace.,stage6-W6-1 Accounts Batch 01 pending-owner-approval 2026-09-24,erpnext/accounts/doctype/ledger_merge/ledger_merge.json:None,Preserved verbatim from live v16.localhost; not imported
Accrued Expenses,مصروفات مستحقة,مصروفات مستحقة,PROPOSED-payload,quorum-confirmed-payload,AI draft; requires independent A1/A2/A3 quorum before release.,content:docs/translation/stage6_w601_accounts_batch01_content_evidence_2026-09-26.txt,erpnext/accounts/doctype/account/chart_of_accounts/verified/standard_chart_of_accounts.py:158; erpnext/accounts/doctype/account/chart_of_accounts/verified/standard_chart_of_accounts_with_account_number.py:265,Released and imported into catalog under version 1.11
Action if Accumulative Monthly Budget Exceeded on Cumulative Expense,الإجراء عند تجاوز الميزانية الشهرية التراكمية للمصروف التراكمي,الإجراء عند تجاوز الميزانية الشهرية التراكمية للمصروف التراكمي,PROPOSED-payload,quorum-confirmed-payload,AI draft; requires independent A1/A2/A3 quorum before release.,content:docs/translation/stage6_w601_accounts_batch01_content_evidence_2026-09-26.txt,erpnext/accounts/doctype/budget/budget.json:None,Released and imported into catalog under version 1.11
Action if Anual Budget Exceeded on Cumulative Expense,الإجراء عند تجاوز الميزانية السنوية للمصروف التراكمي,الإجراء عند تجاوز الميزانية السنوية للمصروف التراكمي,PROPOSED-payload,quorum-confirmed-payload,AI draft; requires independent A1/A2/A3 quorum before release.,content:docs/translation/stage6_w601_accounts_batch01_content_evidence_2026-09-26.txt,erpnext/accounts/doctype/budget/budget.json:None,Released and imported into catalog under version 1.11
Action if Same Rate is Not Maintained Throughout  Internal Transaction,الإجراء إذا لم يتم الحفاظ على نفس السعر طوال المعاملة الداخلية,الإجراء إذا لم يتم الحفاظ على نفس السعر طوال المعاملة الداخلية,PROPOSED-payload,quorum-confirmed-payload,AI draft; requires independent A1/A2/A3 quorum before release.,content:docs/translation/stage6_w601_accounts_batch01_content_evidence_2026-09-26.txt,erpnext/accounts/doctype/accounts_settings/accounts_settings.json:None,Released and imported into catalog under version 1.11
Action on New Invoice,الإجراء عند فاتورة جديدة,الإجراء عند فاتورة جديدة,preserved-site-override,preserved-site-override,Preserve the exact live v16.localhost Site Override; do not import or replace.,stage6-W6-1 Accounts Batch 01 pending-owner-approval 2026-09-24,erpnext/accounts/doctype/pos_profile/pos_profile.json:None,Preserved verbatim from live v16.localhost; not imported
Actual Expense,المصروف الفعلي,المصروف الفعلي,preserved-site-override,preserved-site-override,Preserve the exact live v16.localhost Site Override; do not import or replace.,stage6-W6-1 Accounts Batch 01 pending-owner-approval 2026-09-24,erpnext/accounts/report/budget_variance_report/budget_variance_report.py:381,Preserved verbatim from live v16.localhost; not imported
Actual Expenses,المصروفات الفعلية,المصروفات الفعلية,preserved-site-override,preserved-site-override,Preserve the exact live v16.localhost Site Override; do not import or replace.,stage6-W6-1 Accounts Batch 01 pending-owner-approval 2026-09-24,erpnext/accounts/doctype/budget/budget.py:601,Preserved verbatim from live v16.localhost; not imported
Actual Posting,الترحيل الفعلي,الترحيل الفعلي,preserved-site-override,preserved-site-override,Preserve the exact live v16.localhost Site Override; do not import or replace.,stage6-W6-1 Accounts Batch 01 pending-owner-approval 2026-09-24,erpnext/accounts/report/deferred_revenue_and_expense/deferred_revenue_and_expense.py:430,Preserved verbatim from live v16.localhost; not imported
Add Manually,إضافة يدويا,إضافة يدويا,preserved-site-override,preserved-site-override,Preserve the exact live v16.localhost Site Override; do not import or replace.,stage6-W6-1 Accounts Batch 01 pending-owner-approval 2026-09-24,erpnext/accounts/doctype/repost_payment_ledger/repost_payment_ledger.json:None,Preserved verbatim from live v16.localhost; not imported
Add Or Deduct,إضافة أو خصم,إضافة أو خصم,preserved-site-override,preserved-site-override,Preserve the exact live v16.localhost Site Override; do not import or replace.,stage6-W6-1 Accounts Batch 01 pending-owner-approval 2026-09-24,erpnext/accounts/doctype/advance_taxes_and_charges/advance_taxes_and_charges.json:None,Preserved verbatim from live v16.localhost; not imported
Add Serial / Batch No,إضافة رقم تسلسلي/دفعة,إضافة رقم تسلسلي/دفعة,preserved-site-override,preserved-site-override,Preserve the exact live v16.localhost Site Override; do not import or replace.,stage6-W6-1 Accounts Batch 01 pending-owner-approval 2026-09-24,erpnext/accounts/doctype/purchase_invoice_item/purchase_invoice_item.json:None; erpnext/stock/doctype/purchase_receipt_item/purchase_receipt_item.json:None; erpnext/stock/doctype/stock_entry_detail/stock_entry_detail.json:None; erpnext/stock/doctype/stock_reconciliation_item/stock_reconciliation_item.json:None,Preserved verbatim from live v16.localhost; not imported
Additional Info,معلومات إضافية,معلومات إضافية,preserved-site-override,preserved-site-override,Preserve the exact live v16.localhost Site Override; do not import or replace.,stage6-W6-1 Accounts Batch 01 pending-owner-approval 2026-09-24,erpnext/accounts/doctype/purchase_invoice/purchase_invoice.json:None; erpnext/accounts/doctype/sales_invoice/sales_invoice.json:None; erpnext/assets/doctype/asset/asset.json:None; erpnext/buying/doctype/purchase_order/purchase_order.json:None; erpnext/buying/doctype/supplier_quotation/supplier_quotation.json:None; erpnext/selling/doctype/quotation/quotation.json:None; erpnext/selling/doctype/sales_order/sales_order.json:None; erpnext/stock/doctype/delivery_note/delivery_note.json:None; erpnext/stock/doctype/purchase_receipt/purchase_receipt.json:None,Preserved verbatim from live v16.localhost; not imported
Address And Contacts,العناوين وجهات الاتصال,العناوين وجهات الاتصال,preserved-site-override,preserved-site-override,Preserve the exact live v16.localhost Site Override; do not import or replace.,stage6-W6-1 Accounts Batch 01 pending-owner-approval 2026-09-24,erpnext/accounts/workspace/financial_reports/financial_reports.json:None; erpnext/selling/report/address_and_contacts/address_and_contacts.json:None,Preserved verbatim from live v16.localhost; not imported
Adjustment Against,تسوية مقابل,تسوية مقابل,preserved-site-override,preserved-site-override,Preserve the exact live v16.localhost Site Override; do not import or replace.,stage6-W6-1 Accounts Batch 01 pending-owner-approval 2026-09-24,erpnext/accounts/doctype/sales_invoice/sales_invoice.js:1108,Preserved verbatim from live v16.localhost; not imported
Advance Account,حساب الدفعة المقدمة,حساب الدفعة المقدمة,preserved-site-override,preserved-site-override,Preserve the exact live v16.localhost Site Override; do not import or replace.,stage6-W6-1 Accounts Batch 01 pending-owner-approval 2026-09-24,erpnext/accounts/doctype/party_account/party_account.json:None,Preserved verbatim from live v16.localhost; not imported
Advance Payment Ledger Entry,قيد دفتر الأستاذ للدفع المسبق,قيد دفتر الأستاذ للدفع المسبق,preserved-site-override,preserved-site-override,Preserve the exact live v16.localhost Site Override; do not import or replace.,stage6-W6-1 Accounts Batch 01 pending-owner-approval 2026-09-24,erpnext/accounts/doctype/advance_payment_ledger_entry/advance_payment_ledger_entry.json:None,Preserved verbatim from live v16.localhost; not imported
Advance Tax,ضريبة مسبقة,ضريبة مسبقة,preserved-site-override,preserved-site-override,Preserve the exact live v16.localhost Site Override; do not import or replace.,stage6-W6-1 Accounts Batch 01 pending-owner-approval 2026-09-24,erpnext/accounts/doctype/advance_tax/advance_tax.json:None; erpnext/accounts/doctype/purchase_invoice/purchase_invoice.json:None,Preserved verbatim from live v16.localhost; not imported
Advance payments allocated against orders will only be fetched,سيتم فقط جلب الدفعات المقدمة المخصصة مقابل الأوامر,سيتم فقط جلب الدفعات المقدمة المخصصة مقابل الأوامر,PROPOSED-payload,quorum-confirmed-payload,AI draft; requires independent A1/A2/A3 quorum before release.,content:docs/translation/stage6_w601_accounts_batch01_content_evidence_2026-09-26.txt,erpnext/accounts/doctype/purchase_invoice/purchase_invoice.json:None; erpnext/accounts/doctype/sales_invoice/sales_invoice.json:None,Released and imported into catalog under version 1.11
Advanced Filtering,تصفية متقدمة,تصفية متقدمة,preserved-site-override,preserved-site-override,Preserve the exact live v16.localhost Site Override; do not import or replace.,stage6-W6-1 Accounts Batch 01 pending-owner-approval 2026-09-24,erpnext/accounts/doctype/financial_report_row/financial_report_row.json:None,Preserved verbatim from live v16.localhost; not imported
Advances,دفعات مقدمة,دفعات مقدمة,preserved-site-override,preserved-site-override,Preserve the exact live v16.localhost Site Override; do not import or replace.,stage6-W6-1 Accounts Batch 01 pending-owner-approval 2026-09-24,erpnext/accounts/doctype/pos_invoice/pos_invoice.json:None; erpnext/accounts/doctype/purchase_invoice/purchase_invoice.json:None; erpnext/accounts/doctype/sales_invoice/sales_invoice.json:None,Preserved verbatim from live v16.localhost; not imported
Against Customer Order {0},مقابل أمر العميل {0},مقابل أمر العميل {0},PROPOSED-payload,quorum-confirmed-payload,AI draft; requires independent A1/A2/A3 quorum before release.,content:docs/translation/stage6_w601_accounts_batch01_content_evidence_2026-09-26.txt,erpnext/accounts/doctype/sales_invoice/sales_invoice.py:1076,Released and imported into catalog under version 1.11
Against Supplier Invoice {0},مقابل فاتورة المورد {0},مقابل فاتورة المورد {0},PROPOSED-payload,quorum-confirmed-payload,AI draft; requires independent A1/A2/A3 quorum before release.,content:docs/translation/stage6_w601_accounts_batch01_content_evidence_2026-09-26.txt,erpnext/accounts/doctype/purchase_invoice/purchase_invoice.py:332,Released and imported into catalog under version 1.11
Algorithm,الخوارزمية,الخوارزمية,preserved-site-override,preserved-site-override,Preserve the exact live v16.localhost Site Override; do not import or replace.,stage6-W6-1 Accounts Batch 01 pending-owner-approval 2026-09-24,erpnext/accounts/doctype/bisect_accounting_statements/bisect_accounting_statements.json:None,Preserved verbatim from live v16.localhost; not imported
All Parties ,كل الجهات ,كل الجهات ,PROPOSED-payload,preserved-site-override (strip-collision),AI draft; requires independent A1/A2/A3 quorum before release.,stage6-W6-1 Accounts Batch 01 pending-owner-approval 2026-09-24,erpnext/accounts/report/general_ledger/general_ledger.html:68,Reclassified out of Released catalog per Plan §12; strip-collision with runtime Site Override
All allocations have been successfully reconciled,تمت تسوية جميع التخصيصات بنجاح,تمت تسوية جميع التخصيصات بنجاح,PROPOSED-payload,quorum-confirmed-payload,AI draft; requires independent A1/A2/A3 quorum before release.,content:docs/translation/stage6_w601_accounts_batch01_content_evidence_2026-09-26.txt,erpnext/accounts/doctype/process_payment_reconciliation_log/process_payment_reconciliation_log.json:None,Released and imported into catalog under version 1.11
All items must be linked to a Sales Order or Subcontracting Inward Order for this Sales Invoice.,يجب ربط جميع الأصناف بأمر بيع أو أمر توريد من الباطن لفاتورة المبيعات هذه.,يجب ربط جميع الأصناف بأمر بيع أو أمر توريد من الباطن لفاتورة المبيعات هذه.,PROPOSED-payload,quorum-confirmed-payload,AI draft; requires independent A1/A2/A3 quorum before release.,content:docs/translation/stage6_w601_accounts_batch01_content_evidence_2026-09-26.txt,erpnext/accounts/doctype/sales_invoice/sales_invoice.py:1215,Released and imported into catalog under version 1.11
All linked Sales Orders must be subcontracted.,يجب أن تكون جميع أوامر البيع المرتبطة من الباطن.,يجب أن تكون جميع أوامر البيع المرتبطة من الباطن.,PROPOSED-payload,quorum-confirmed-payload,AI draft; requires independent A1/A2/A3 quorum before release.,content:docs/translation/stage6_w601_accounts_batch01_content_evidence_2026-09-26.txt,erpnext/accounts/doctype/sales_invoice/sales_invoice.py:1226,Released and imported into catalog under version 1.11
Allocated Entries,القيود المخصصة,القيود المخصصة,preserved-site-override,preserved-site-override,Preserve the exact live v16.localhost Site Override; do not import or replace.,stage6-W6-1 Accounts Batch 01 pending-owner-approval 2026-09-24,erpnext/accounts/doctype/payment_reconciliation/payment_reconciliation.json:None,Preserved verbatim from live v16.localhost; not imported
Allocations,التخصيصات,التخصيصات,preserved-site-override,preserved-site-override,Preserve the exact live v16.localhost Site Override; do not import or replace.,stage6-W6-1 Accounts Batch 01 pending-owner-approval 2026-09-24,erpnext/accounts/doctype/process_payment_reconciliation_log/process_payment_reconciliation_log.json:None; erpnext/accounts/doctype/unreconcile_payment/unreconcile_payment.json:None; erpnext/public/js/utils/unreconcile.js:104,Preserved verbatim from live v16.localhost; not imported
Allow Implicit Pegged Currency Conversion,السماح بالتحويل الضمني للعملة المربوطة,السماح بالتحويل الضمني للعملة المربوطة,PROPOSED-payload,quorum-confirmed-payload,AI draft; requires independent A1/A2/A3 quorum before release.,content:docs/translation/stage6_w601_accounts_batch01_content_evidence_2026-09-26.txt,erpnext/accounts/doctype/accounts_settings/accounts_settings.json:None,Released and imported into catalog under version 1.11
Allow Or Restrict Dimension,السماح بالبُعد أو تقييده,السماح بالبُعد أو تقييده,preserved-site-override,preserved-site-override,Preserve the exact live v16.localhost Site Override; do not import or replace.,stage6-W6-1 Accounts Batch 01 pending-owner-approval 2026-09-24,erpnext/accounts/doctype/accounting_dimension_filter/accounting_dimension_filter.json:None,Preserved verbatim from live v16.localhost; not imported
Allow Partial Payment,السماح بالدفع الجزئي,السماح بالدفع الجزئي,preserved-site-override,preserved-site-override,Preserve the exact live v16.localhost Site Override; do not import or replace.,stage6-W6-1 Accounts Batch 01 pending-owner-approval 2026-09-24,erpnext/accounts/doctype/pos_profile/pos_profile.json:None,Preserved verbatim from live v16.localhost; not imported
Allow User to Edit Discount,السماح للمستخدم بتعديل الخصم,السماح للمستخدم بتعديل الخصم,preserved-site-override,preserved-site-override,Preserve the exact live v16.localhost Site Override; do not import or replace.,stage6-W6-1 Accounts Batch 01 pending-owner-approval 2026-09-24,erpnext/accounts/doctype/pos_profile/pos_profile.json:None,Preserved verbatim from live v16.localhost; not imported
Allow User to Edit Rate,السماح للمستخدم بتعديل السعر,السماح للمستخدم بتعديل السعر,preserved-site-override,preserved-site-override,Preserve the exact live v16.localhost Site Override; do not import or replace.,stage6-W6-1 Accounts Batch 01 pending-owner-approval 2026-09-24,erpnext/accounts/doctype/pos_profile/pos_profile.json:None,Preserved verbatim from live v16.localhost; not imported
Allow multi-currency invoices against single party account ,السماح بفواتير متعددة العملات مقابل حساب جهة واحد ,السماح بفواتير متعددة العملات مقابل حساب جهة واحد ,PROPOSED-payload,quorum-confirmed-payload,AI draft; requires independent A1/A2/A3 quorum before release.,content:docs/translation/stage6_w601_accounts_batch01_content_evidence_2026-09-26.txt,erpnext/accounts/doctype/accounts_settings/accounts_settings.json:None,Released and imported into catalog under version 1.11
Allowed Dimension,البُعد المسموح,البُعد المسموح,preserved-site-override,preserved-site-override,Preserve the exact live v16.localhost Site Override; do not import or replace.,stage6-W6-1 Accounts Batch 01 pending-owner-approval 2026-09-24,erpnext/accounts/doctype/allowed_dimension/allowed_dimension.json:None,Preserved verbatim from live v16.localhost; not imported
Allowed Doctypes,أنواع المستندات المسموحة,أنواع المستندات المسموحة,preserved-site-override,preserved-site-override,Preserve the exact live v16.localhost Site Override; do not import or replace.,stage6-W6-1 Accounts Batch 01 pending-owner-approval 2026-09-24,erpnext/accounts/doctype/repost_accounting_ledger_settings/repost_accounting_ledger_settings.json:None,Preserved verbatim from live v16.localhost; not imported
Allowed primary roles are 'Customer' and 'Supplier'. Please select one of these roles only.,الأدوار الأساسية المسموح بها هي 'عميل' و'مورد'. يرجى اختيار أحد هذين الدورين فقط.,الأدوار الأساسية المسموح بها هي 'عميل' و'مورد'. يرجى اختيار أحد هذين الدورين فقط.,PROPOSED-payload,quorum-confirmed-payload,AI draft; requires independent A1/A2/A3 quorum before release.,content:docs/translation/stage6_w601_accounts_batch01_content_evidence_2026-09-26.txt,erpnext/accounts/doctype/party_link/party_link.py:27,Released and imported into catalog under version 1.11
"Alternatively, you can download the template and fill your data in.",بدلا من ذلك، يمكنك تنزيل القالب وتعبئة بياناتك فيه.,بدلا من ذلك، يمكنك تنزيل القالب وتعبئة بياناتك فيه.,PROPOSED-payload,quorum-confirmed-payload,AI draft; requires independent A1/A2/A3 quorum before release.,content:docs/translation/stage6_w601_accounts_batch01_content_evidence_2026-09-26.txt,erpnext/accounts/doctype/chart_of_accounts_importer/chart_of_accounts_importer.py:378,Released and imported into catalog under version 1.11
Always Ask,اسأل دائما,اسأل دائما,preserved-site-override,preserved-site-override,Preserve the exact live v16.localhost Site Override; do not import or replace.,stage6-W6-1 Accounts Batch 01 pending-owner-approval 2026-09-24,erpnext/accounts/doctype/pos_profile/pos_profile.json:None,Preserved verbatim from live v16.localhost; not imported
Amount Eligible for Commission,المبلغ المؤهل للعمولة,المبلغ المؤهل للعمولة,preserved-site-override,preserved-site-override,Preserve the exact live v16.localhost Site Override; do not import or replace.,stage6-W6-1 Accounts Batch 01 pending-owner-approval 2026-09-24,erpnext/accounts/doctype/pos_invoice/pos_invoice.json:None; erpnext/accounts/doctype/sales_invoice/sales_invoice.json:None; erpnext/selling/doctype/sales_order/sales_order.json:None; erpnext/stock/doctype/delivery_note/delivery_note.json:None,Preserved verbatim from live v16.localhost; not imported
Amount in Account Currency,المبلغ بعملة الحساب,المبلغ بعملة الحساب,preserved-site-override,preserved-site-override,Preserve the exact live v16.localhost Site Override; do not import or replace.,stage6-W6-1 Accounts Batch 01 pending-owner-approval 2026-09-24,erpnext/accounts/doctype/payment_ledger_entry/payment_ledger_entry.json:None; erpnext/accounts/report/payment_ledger/payment_ledger.py:212,Preserved verbatim from live v16.localhost; not imported
Amount in Words,المبلغ كتابة,المبلغ كتابة,preserved-site-override,preserved-site-override,Preserve the exact live v16.localhost Site Override; do not import or replace.,stage6-W6-1 Accounts Batch 01 pending-owner-approval 2026-09-24,erpnext/accounts/print_format/sales_invoice_print/sales_invoice_print.html:119,Preserved verbatim from live v16.localhost; not imported
Amount in party's bank account currency,المبلغ بعملة الحساب البنكي للجهة,المبلغ بعملة الحساب البنكي للجهة,PROPOSED-payload,quorum-confirmed-payload,AI draft; requires independent A1/A2/A3 quorum before release.,content:docs/translation/stage6_w601_accounts_batch01_content_evidence_2026-09-26.txt,erpnext/accounts/doctype/payment_request/payment_request.json:None,Released and imported into catalog under version 1.11
Amount in transaction currency,المبلغ بعملة المعاملة,المبلغ بعملة المعاملة,PROPOSED-payload,quorum-confirmed-payload,AI draft; requires independent A1/A2/A3 quorum before release.,content:docs/translation/stage6_w601_accounts_batch01_content_evidence_2026-09-26.txt,erpnext/accounts/doctype/payment_request/payment_request.json:None,Released and imported into catalog under version 1.11
Amounts,المبالغ,المبالغ,preserved-site-override,preserved-site-override,Preserve the exact live v16.localhost Site Override; do not import or replace.,stage6-W6-1 Accounts Batch 01 pending-owner-approval 2026-09-24,erpnext/accounts/doctype/gl_entry/gl_entry.json:None,Preserved verbatim from live v16.localhost; not imported
Another Budget record '{0}' already exists against {1} '{2}' and account '{3}' with overlapping fiscal years.,يوجد بالفعل سجل ميزانية آخر '{0}' مقابل {1} '{2}' والحساب '{3}' مع سنوات مالية متداخلة.,يوجد بالفعل سجل ميزانية آخر '{0}' مقابل {1} '{2}' والحساب '{3}' مع سنوات مالية متداخلة.,PROPOSED-payload,quorum-confirmed-payload,AI draft; requires independent A1/A2/A3 quorum before release.,content:docs/translation/stage6_w601_accounts_batch01_content_evidence_2026-09-26.txt,erpnext/accounts/doctype/budget/budget.py:142,Released and imported into catalog under version 1.11
"Another Cost Center Allocation record {0} applicable from {1}, hence this allocation will be applicable upto {2}",سجل تخصيص مركز تكلفة آخر {0} ينطبق من {1}، وبالتالي سيكون هذا التخصيص ساريا حتى {2},سجل تخصيص مركز تكلفة آخر {0} ينطبق من {1}، وبالتالي سيكون هذا التخصيص ساريا حتى {2},PROPOSED-payload,quorum-confirmed-payload,AI draft; requires independent A1/A2/A3 quorum before release.,content:docs/translation/stage6_w601_accounts_batch01_content_evidence_2026-09-26.txt,erpnext/accounts/doctype/cost_center_allocation/cost_center_allocation.py:107,Released and imported into catalog under version 1.11
Another Payment Request is already processed,تمت بالفعل معالجة طلب دفع آخر,تمت بالفعل معالجة طلب دفع آخر,PROPOSED-payload,quorum-confirmed-payload,AI draft; requires independent A1/A2/A3 quorum before release.,content:docs/translation/stage6_w601_accounts_batch01_content_evidence_2026-09-26.txt,erpnext/accounts/doctype/payment_request/payment_request.py:752,Released and imported into catalog under version 1.11
Applicable Dimension,البُعد المطبق,البُعد المطبق,preserved-site-override,preserved-site-override,Preserve the exact live v16.localhost Site Override; do not import or replace.,stage6-W6-1 Accounts Batch 01 pending-owner-approval 2026-09-24,erpnext/accounts/doctype/accounting_dimension_filter/accounting_dimension_filter.json:None,Preserved verbatim from live v16.localhost; not imported
Applicable On Account,المطبق على الحساب,المطبق على الحساب,preserved-site-override,preserved-site-override,Preserve the exact live v16.localhost Site Override; do not import or replace.,stage6-W6-1 Accounts Batch 01 pending-owner-approval 2026-09-24,erpnext/accounts/doctype/accounting_dimension_filter/accounting_dimension_filter.json:None; erpnext/accounts/doctype/applicable_on_account/applicable_on_account.json:None,Preserved verbatim from live v16.localhost; not imported
Applicable on Cumulative Expense,ينطبق على المصروف التراكمي,ينطبق على المصروف التراكمي,preserved-site-override,preserved-site-override,Preserve the exact live v16.localhost Site Override; do not import or replace.,stage6-W6-1 Accounts Batch 01 pending-owner-approval 2026-09-24,erpnext/accounts/doctype/budget/budget.json:None,Preserved verbatim from live v16.localhost; not imported
Apply Recursion Over (As Per Transaction UOM),تطبيق التكرار على (وفقا لوحدة قياس المعاملة),تطبيق التكرار على (وفقا لوحدة قياس المعاملة),PROPOSED-payload,quorum-confirmed-payload,AI draft; requires independent A1/A2/A3 quorum before release.,content:docs/translation/stage6_w601_accounts_batch01_content_evidence_2026-09-26.txt,erpnext/accounts/doctype/pricing_rule/pricing_rule.json:None; erpnext/accounts/doctype/promotional_scheme_product_discount/promotional_scheme_product_discount.json:None,Released and imported into catalog under version 1.11
Apply TDS,تطبيق ضريبة الخصم,تطبيق ضريبة الخصم,preserved-site-override,preserved-site-override,Preserve the exact live v16.localhost Site Override; do not import or replace.,stage6-W6-1 Accounts Batch 01 pending-owner-approval 2026-09-24,erpnext/accounts/doctype/purchase_invoice_item/purchase_invoice_item.json:None; erpnext/buying/doctype/purchase_order_item/purchase_order_item.json:None; erpnext/stock/doctype/purchase_receipt_item/purchase_receipt_item.json:None,Preserved verbatim from live v16.localhost; not imported
Apply Tax Withholding Amount ,تطبيق مبلغ ضريبة الخصم ,تطبيق مبلغ ضريبة الخصم ,PROPOSED-payload,preserved-site-override (strip-collision),AI draft; requires independent A1/A2/A3 quorum before release.,stage6-W6-1 Accounts Batch 01 pending-owner-approval 2026-09-24,erpnext/accounts/doctype/journal_entry/journal_entry.json:None,Reclassified out of Released catalog per Plan §12; strip-collision with runtime Site Override
Apply restriction on dimension values,تطبيق قيد على قيم البُعد,تطبيق قيد على قيم البُعد,preserved-site-override,preserved-site-override,Preserve the exact live v16.localhost Site Override; do not import or replace.,stage6-W6-1 Accounts Batch 01 pending-owner-approval 2026-09-24,erpnext/accounts/doctype/accounting_dimension_filter/accounting_dimension_filter.json:None,Preserved verbatim from live v16.localhost; not imported
Approximately match the description/party name against parties,مطابقة تقريبية للوصف/اسم الجهة مقابل الجهات,مطابقة تقريبية للوصف/اسم الجهة مقابل الجهات,PROPOSED-payload,quorum-confirmed-payload,AI draft; requires independent A1/A2/A3 quorum before release.,content:docs/translation/stage6_w601_accounts_batch01_content_evidence_2026-09-26.txt,erpnext/accounts/doctype/accounts_settings/accounts_settings.json:None,Released and imported into catalog under version 1.11
Are you sure you want to restart this subscription?,هل أنت متأكد من رغبتك في إعادة بدء هذا الاشتراك؟,هل أنت متأكد من رغبتك في إعادة بدء هذا الاشتراك؟,PROPOSED-payload,quorum-confirmed-payload,AI draft; requires independent A1/A2/A3 quorum before release.,content:docs/translation/stage6_w601_accounts_batch01_content_evidence_2026-09-26.txt,erpnext/accounts/doctype/subscription/subscription.js:75,Released and imported into catalog under version 1.11
Are you sure you want to revise this budget? The current budget will be cancelled and a new draft will be created.,هل أنت متأكد من رغبتك في تعديل هذه الميزانية؟ سيتم إلغاء الميزانية الحالية وإنشاء مسودة جديدة.,هل أنت متأكد من رغبتك في تعديل هذه الميزانية؟ سيتم إلغاء الميزانية الحالية وإنشاء مسودة جديدة.,PROPOSED-payload,quorum-confirmed-payload,AI draft; requires independent A1/A2/A3 quorum before release.,content:docs/translation/stage6_w601_accounts_batch01_content_evidence_2026-09-26.txt,erpnext/accounts/doctype/budget/budget.js:82,Released and imported into catalog under version 1.11
As on Date,كما في تاريخ,كما في تاريخ,preserved-site-override,preserved-site-override,Preserve the exact live v16.localhost Site Override; do not import or replace.,stage6-W6-1 Accounts Batch 01 pending-owner-approval 2026-09-24,erpnext/accounts/report/billed_items_to_be_received/billed_items_to_be_received.js:15; erpnext/accounts/report/delivered_items_to_be_billed/delivered_items_to_be_billed.js:15; erpnext/accounts/report/received_items_to_be_billed/received_items_to_be_billed.js:15,Preserved verbatim from live v16.localhost; not imported
Asset Settings,إعدادات الأصول,إعدادات الأصول,preserved-site-override,preserved-site-override,Preserve the exact live v16.localhost Site Override; do not import or replace.,stage6-W6-1 Accounts Batch 01 pending-owner-approval 2026-09-24,erpnext/accounts/doctype/accounts_settings/accounts_settings.json:None,Preserved verbatim from live v16.localhost; not imported
Asset returned,تم إرجاع الأصل,تم إرجاع الأصل,preserved-site-override,preserved-site-override,Preserve the exact live v16.localhost Site Override; do not import or replace.,stage6-W6-1 Accounts Batch 01 pending-owner-approval 2026-09-24,erpnext/accounts/doctype/sales_invoice/sales_invoice.py:1445,Preserved verbatim from live v16.localhost; not imported
Asset sold,تم بيع الأصل,تم بيع الأصل,preserved-site-override,preserved-site-override,Preserve the exact live v16.localhost Site Override; do not import or replace.,stage6-W6-1 Accounts Batch 01 pending-owner-approval 2026-09-24,erpnext/accounts/doctype/sales_invoice/sales_invoice.py:1445; erpnext/accounts/doctype/sales_invoice/sales_invoice.py:1448,Preserved verbatim from live v16.localhost; not imported
At least one account with exchange gain or loss is required,مطلوب حساب واحد على الأقل مع أرباح أو خسائر أسعار الصرف,مطلوب حساب واحد على الأقل مع أرباح أو خسائر أسعار الصرف,PROPOSED-payload,quorum-confirmed-payload,AI draft; requires independent A1/A2/A3 quorum before release.,content:docs/translation/stage6_w601_accounts_batch01_content_evidence_2026-09-26.txt,erpnext/accounts/doctype/exchange_rate_revaluation/exchange_rate_revaluation.py:84,Released and imported into catalog under version 1.11
At least one invoice has to be selected.,يجب تحديد فاتورة واحدة على الأقل.,يجب تحديد فاتورة واحدة على الأقل.,preserved-site-override,preserved-site-override,Preserve the exact live v16.localhost Site Override; do not import or replace.,stage6-W6-1 Accounts Batch 01 pending-owner-approval 2026-09-24,erpnext/accounts/doctype/pos_invoice/pos_invoice.py:1037,Preserved verbatim from live v16.localhost; not imported
At least one of the Selling or Buying must be selected,يجب تحديد البيع أو الشراء على الأقل,يجب تحديد البيع أو الشراء على الأقل,PROPOSED-payload,quorum-confirmed-payload,AI draft; requires independent A1/A2/A3 quorum before release.,content:docs/translation/stage6_w601_accounts_batch01_content_evidence_2026-09-26.txt,erpnext/accounts/doctype/pricing_rule/pricing_rule.py:204,Released and imported into catalog under version 1.11
At least one row is required for a financial report template,مطلوب صف واحد على الأقل لقالب التقرير المالي,مطلوب صف واحد على الأقل لقالب التقرير المالي,PROPOSED-payload,quorum-confirmed-payload,AI draft; requires independent A1/A2/A3 quorum before release.,content:docs/translation/stage6_w601_accounts_batch01_content_evidence_2026-09-26.txt,erpnext/accounts/doctype/financial_report_template/financial_report_template.js:25,Released and imported into catalog under version 1.11
Auto Reconcile,تسوية تلقائية,تسوية تلقائية,preserved-site-override,preserved-site-override,Preserve the exact live v16.localhost Site Override; do not import or replace.,stage6-W6-1 Accounts Batch 01 pending-owner-approval 2026-09-24,erpnext/accounts/doctype/bank_reconciliation_tool/bank_reconciliation_tool.js:66,Preserved verbatim from live v16.localhost; not imported
Auto Reconcile Payments,تسوية المدفوعات تلقائيا,تسوية المدفوعات تلقائيا,preserved-site-override,preserved-site-override,Preserve the exact live v16.localhost Site Override; do not import or replace.,stage6-W6-1 Accounts Batch 01 pending-owner-approval 2026-09-24,erpnext/accounts/doctype/accounts_settings/accounts_settings.json:None,Preserved verbatim from live v16.localhost; not imported
Auto Reconciliation,التسوية التلقائية,التسوية التلقائية,preserved-site-override,preserved-site-override,Preserve the exact live v16.localhost Site Override; do not import or replace.,stage6-W6-1 Accounts Batch 01 pending-owner-approval 2026-09-24,erpnext/accounts/doctype/bank_reconciliation_tool/bank_reconciliation_tool.py:443,Preserved verbatim from live v16.localhost; not imported
Auto Reconciliation Job Trigger,مشغل مهمة التسوية التلقائية,مشغل مهمة التسوية التلقائية,preserved-site-override,preserved-site-override,Preserve the exact live v16.localhost Site Override; do not import or replace.,stage6-W6-1 Accounts Batch 01 pending-owner-approval 2026-09-24,erpnext/accounts/doctype/accounts_settings/accounts_settings.json:None,Preserved verbatim from live v16.localhost; not imported
Auto Reconciliation has started in the background,بدأت التسوية التلقائية في الخلفية,بدأت التسوية التلقائية في الخلفية,PROPOSED-payload,quorum-confirmed-payload,AI draft; requires independent A1/A2/A3 quorum before release.,content:docs/translation/stage6_w601_accounts_batch01_content_evidence_2026-09-26.txt,erpnext/accounts/doctype/bank_reconciliation_tool/bank_reconciliation_tool.py:391,Released and imported into catalog under version 1.11
Auto Reconciliation of Payments has been disabled. Enable it through {0},تم تعطيل التسوية التلقائية للمدفوعات. قم بتمكينها من خلال {0},تم تعطيل التسوية التلقائية للمدفوعات. قم بتمكينها من خلال {0},PROPOSED-payload,quorum-confirmed-payload,AI draft; requires independent A1/A2/A3 quorum before release.,content:docs/translation/stage6_w601_accounts_batch01_content_evidence_2026-09-26.txt,erpnext/accounts/doctype/process_payment_reconciliation/process_payment_reconciliation.py:147; erpnext/accounts/doctype/process_payment_reconciliation/process_payment_reconciliation.py:195,Released and imported into catalog under version 1.11
Auto Tax Settings Error,خطأ إعدادات الضريبة التلقائية,خطأ إعدادات الضريبة التلقائية,preserved-site-override,preserved-site-override,Preserve the exact live v16.localhost Site Override; do not import or replace.,stage6-W6-1 Accounts Batch 01 pending-owner-approval 2026-09-24,erpnext/accounts/doctype/accounts_settings/accounts_settings.py:148,Preserved verbatim from live v16.localhost; not imported
Auto match and set the Party in Bank Transactions,مطابقة وتعيين الجهة تلقائيا في المعاملات البنكية,مطابقة وتعيين الجهة تلقائيا في المعاملات البنكية,PROPOSED-payload,quorum-confirmed-payload,AI draft; requires independent A1/A2/A3 quorum before release.,content:docs/translation/stage6_w601_accounts_batch01_content_evidence_2026-09-26.txt,erpnext/accounts/doctype/accounts_settings/accounts_settings.json:None,Released and imported into catalog under version 1.11
Auto write off precision loss while consolidation,الشطب التلقائي لفارق دقة التقريب أثناء الدمج,الشطب التلقائي لفارق دقة التقريب أثناء الدمج,PROPOSED-payload,quorum-confirmed-payload,AI draft; requires independent A1/A2/A3 quorum before release.,content:docs/translation/stage6_w601_accounts_batch01_content_evidence_2026-09-26.txt,erpnext/accounts/doctype/pos_profile/pos_profile.json:None,Released and imported into catalog under version 1.11
Automatically Add Filtered Item To Cart,إضافة الصنف المصفى إلى السلة تلقائيا,إضافة الصنف المصفى إلى السلة تلقائيا,preserved-site-override,preserved-site-override,Preserve the exact live v16.localhost Site Override; do not import or replace.,stage6-W6-1 Accounts Batch 01 pending-owner-approval 2026-09-24,erpnext/accounts/doctype/pos_profile/pos_profile.json:None,Preserved verbatim from live v16.localhost; not imported
Automatically Add Taxes from Taxes and Charges Template,إضافة الضرائب تلقائيا من قالب الضرائب والرسوم,إضافة الضرائب تلقائيا من قالب الضرائب والرسوم,preserved-site-override,preserved-site-override,Preserve the exact live v16.localhost Site Override; do not import or replace.,stage6-W6-1 Accounts Batch 01 pending-owner-approval 2026-09-24,erpnext/accounts/doctype/accounts_settings/accounts_settings.json:None,Preserved verbatim from live v16.localhost; not imported
Automatically Fetch Payment Terms from Order,جلب شروط الدفع تلقائيا من الأمر,جلب شروط الدفع تلقائيا من الأمر,preserved-site-override,preserved-site-override,Preserve the exact live v16.localhost Site Override; do not import or replace.,stage6-W6-1 Accounts Batch 01 pending-owner-approval 2026-09-24,erpnext/accounts/doctype/accounts_settings/accounts_settings.json:None,Preserved verbatim from live v16.localhost; not imported
Automatically post balancing accounting entry,ترحيل قيد محاسبي موازن تلقائيا,ترحيل قيد محاسبي موازن تلقائيا,preserved-site-override,preserved-site-override,Preserve the exact live v16.localhost Site Override; do not import or replace.,stage6-W6-1 Accounts Batch 01 pending-owner-approval 2026-09-24,erpnext/accounts/doctype/accounting_dimension_detail/accounting_dimension_detail.json:None,Preserved verbatim from live v16.localhost; not imported
BFS,بحث أفضل أولا,بحث أفضل أولا,preserved-site-override,preserved-site-override,Preserve the exact live v16.localhost Site Override; do not import or replace.,stage6-W6-1 Accounts Batch 01 pending-owner-approval 2026-09-24,erpnext/accounts/doctype/bisect_accounting_statements/bisect_accounting_statements.json:None,Preserved verbatim from live v16.localhost; not imported
Balance Sheet Closing Balance,رصيد إغلاق الميزانية العمومية,رصيد إغلاق الميزانية العمومية,preserved-site-override,preserved-site-override,Preserve the exact live v16.localhost Site Override; do not import or replace.,stage6-W6-1 Accounts Batch 01 pending-owner-approval 2026-09-24,erpnext/accounts/doctype/process_period_closing_voucher/process_period_closing_voucher.json:None,Preserved verbatim from live v16.localhost; not imported
Balance Sheet Summary,ملخص الميزانية العمومية,ملخص الميزانية العمومية,preserved-site-override,preserved-site-override,Preserve the exact live v16.localhost Site Override; do not import or replace.,stage6-W6-1 Accounts Batch 01 pending-owner-approval 2026-09-24,erpnext/accounts/doctype/bisect_accounting_statements/bisect_accounting_statements.json:None; erpnext/accounts/doctype/bisect_nodes/bisect_nodes.json:None,Preserved verbatim from live v16.localhost; not imported
Balance Type,نوع الرصيد,نوع الرصيد,preserved-site-override,preserved-site-override,Preserve the exact live v16.localhost Site Override; do not import or replace.,stage6-W6-1 Accounts Batch 01 pending-owner-approval 2026-09-24,erpnext/accounts/doctype/financial_report_row/financial_report_row.json:None,Preserved verbatim from live v16.localhost; not imported
Bank Account {} in Bank Transaction {} is not matching with Bank Account {},الحساب البنكي {} في المعاملة البنكية {} لا يتطابق مع الحساب البنكي {},الحساب البنكي {} في المعاملة البنكية {} لا يتطابق مع الحساب البنكي {},PROPOSED-payload,quorum-confirmed-payload,AI draft; requires independent A1/A2/A3 quorum before release.,content:docs/translation/stage6_w601_accounts_batch01_content_evidence_2026-09-26.txt,erpnext/accounts/doctype/bank_transaction/bank_transaction.py:376,Released and imported into catalog under version 1.11
Bank Name,اسم البنك,اسم البنك,preserved-site-override,preserved-site-override,Preserve the exact live v16.localhost Site Override; do not import or replace.,stage6-W6-1 Accounts Batch 01 pending-owner-approval 2026-09-24,erpnext/accounts/doctype/bank/bank.json:None; erpnext/accounts/doctype/cheque_print_template/cheque_print_template.json:None; erpnext/setup/doctype/employee/employee.json:None,Preserved verbatim from live v16.localhost; not imported
Bank Reconciliation Tool,أداة التسوية البنكية,أداة التسوية البنكية,preserved-site-override,preserved-site-override,Preserve the exact live v16.localhost Site Override; do not import or replace.,stage6-W6-1 Accounts Batch 01 pending-owner-approval 2026-09-24,erpnext/accounts/doctype/bank_reconciliation_tool/bank_reconciliation_tool.json:None; erpnext/accounts/workspace/accounting/accounting.json:None,Preserved verbatim from live v16.localhost; not imported
Bank Statement Import,استيراد كشف البنك,استيراد كشف البنك,preserved-site-override,preserved-site-override,Preserve the exact live v16.localhost Site Override; do not import or replace.,stage6-W6-1 Accounts Batch 01 pending-owner-approval 2026-09-24,erpnext/accounts/doctype/bank_statement_import/bank_statement_import.json:None,Preserved verbatim from live v16.localhost; not imported
Bank Transaction {0} is already fully reconciled,المعاملة البنكية {0} تمت تسويتها بالكامل بالفعل,المعاملة البنكية {0} تمت تسويتها بالكامل بالفعل,PROPOSED-payload,quorum-confirmed-payload,AI draft; requires independent A1/A2/A3 quorum before release.,content:docs/translation/stage6_w601_accounts_batch01_content_evidence_2026-09-26.txt,erpnext/accounts/doctype/bank_transaction/bank_transaction.py:147,Released and imported into catalog under version 1.11
Bank/Cash Account,حساب البنك/النقدية,حساب البنك/النقدية,preserved-site-override,preserved-site-override,Preserve the exact live v16.localhost Site Override; do not import or replace.,stage6-W6-1 Accounts Batch 01 pending-owner-approval 2026-09-24,erpnext/accounts/doctype/process_payment_reconciliation/process_payment_reconciliation.json:None,Preserved verbatim from live v16.localhost; not imported
Bank/Cash Account {0} doesn't belong to company {1},حساب البنك/النقدية {0} لا يتبع الشركة {1},حساب البنك/النقدية {0} لا يتبع الشركة {1},PROPOSED-payload,quorum-confirmed-payload,AI draft; requires independent A1/A2/A3 quorum before release.,content:docs/translation/stage6_w601_accounts_batch01_content_evidence_2026-09-26.txt,erpnext/accounts/doctype/process_payment_reconciliation/process_payment_reconciliation.py:57,Released and imported into catalog under version 1.11
Base Tax Withholding Net Total,صافي إجمالي ضريبة الخصم الأساسي,صافي إجمالي ضريبة الخصم الأساسي,preserved-site-override,preserved-site-override,Preserve the exact live v16.localhost Site Override; do not import or replace.,stage6-W6-1 Accounts Batch 01 pending-owner-approval 2026-09-24,erpnext/accounts/doctype/purchase_invoice/purchase_invoice.json:None; erpnext/buying/doctype/purchase_order/purchase_order.json:None; erpnext/stock/doctype/purchase_receipt/purchase_receipt.json:None,Preserved verbatim from live v16.localhost; not imported
Base Total,الإجمالي الأساسي,الإجمالي الأساسي,preserved-site-override,preserved-site-override,Preserve the exact live v16.localhost Site Override; do not import or replace.,stage6-W6-1 Accounts Batch 01 pending-owner-approval 2026-09-24,erpnext/accounts/report/tax_withholding_details/tax_withholding_details.py:261,Preserved verbatim from live v16.localhost; not imported
Beginning of the current subscription period,بداية فترة الاشتراك الحالية,بداية فترة الاشتراك الحالية,preserved-site-override,preserved-site-override,Preserve the exact live v16.localhost Site Override; do not import or replace.,stage6-W6-1 Accounts Batch 01 pending-owner-approval 2026-09-24,erpnext/accounts/doctype/subscription/subscription.json:None,Preserved verbatim from live v16.localhost; not imported
Below Subscription Plans are of different currency to the party default billing currency/Company currency: {0},خطط الاشتراك التالية بعملة مختلفة عن عملة الفوترة الافتراضية للجهة/عملة الشركة: {0},خطط الاشتراك التالية بعملة مختلفة عن عملة الفوترة الافتراضية للجهة/عملة الشركة: {0},PROPOSED-payload,quorum-confirmed-payload,AI draft; requires independent A1/A2/A3 quorum before release.,content:docs/translation/stage6_w601_accounts_batch01_content_evidence_2026-09-26.txt,erpnext/accounts/doctype/subscription/subscription.py:320,Released and imported into catalog under version 1.11
Billed Items To Be Received,أصناف مفوترة بانتظار الاستلام,أصناف مفوترة بانتظار الاستلام,preserved-site-override,preserved-site-override,Preserve the exact live v16.localhost Site Override; do not import or replace.,stage6-W6-1 Accounts Batch 01 pending-owner-approval 2026-09-24,erpnext/accounts/report/billed_items_to_be_received/billed_items_to_be_received.json:None,Preserved verbatim from live v16.localhost; not imported
Billing Interval in Subscription Plan must be Month to follow calendar months,يجب أن تكون فترة الفوترة في خطة الاشتراك شهرا لاتباع الأشهر التقويمية,يجب أن تكون فترة الفوترة في خطة الاشتراك شهرا لاتباع الأشهر التقويمية,PROPOSED-payload,quorum-confirmed-payload,AI draft; requires independent A1/A2/A3 quorum before release.,content:docs/translation/stage6_w601_accounts_batch01_content_evidence_2026-09-26.txt,erpnext/accounts/doctype/subscription/subscription.py:363,Released and imported into catalog under version 1.11
Bisect Accounting Statements,تقسيم بيانات المحاسبة,تقسيم بيانات المحاسبة,preserved-site-override,preserved-site-override,Preserve the exact live v16.localhost Site Override; do not import or replace.,stage6-W6-1 Accounts Batch 01 pending-owner-approval 2026-09-24,erpnext/accounts/doctype/bisect_accounting_statements/bisect_accounting_statements.json:None,Preserved verbatim from live v16.localhost; not imported
Bisect Left,تقسيم يسارا,تقسيم يسارا,preserved-site-override,preserved-site-override,Preserve the exact live v16.localhost Site Override; do not import or replace.,stage6-W6-1 Accounts Batch 01 pending-owner-approval 2026-09-24,erpnext/accounts/doctype/bisect_accounting_statements/bisect_accounting_statements.js:9,Preserved verbatim from live v16.localhost; not imported
Bisect Nodes,عقد التقسيم,عقد التقسيم,preserved-site-override,preserved-site-override,Preserve the exact live v16.localhost Site Override; do not import or replace.,stage6-W6-1 Accounts Batch 01 pending-owner-approval 2026-09-24,erpnext/accounts/doctype/bisect_nodes/bisect_nodes.json:None,Preserved verbatim from live v16.localhost; not imported
Bisect Right,تقسيم يمينا,تقسيم يمينا,preserved-site-override,preserved-site-override,Preserve the exact live v16.localhost Site Override; do not import or replace.,stage6-W6-1 Accounts Batch 01 pending-owner-approval 2026-09-24,erpnext/accounts/doctype/bisect_accounting_statements/bisect_accounting_statements.js:13,Preserved verbatim from live v16.localhost; not imported
Bisecting From,التقسيم من,التقسيم من,preserved-site-override,preserved-site-override,Preserve the exact live v16.localhost Site Override; do not import or replace.,stage6-W6-1 Accounts Batch 01 pending-owner-approval 2026-09-24,erpnext/accounts/doctype/bisect_accounting_statements/bisect_accounting_statements.json:None,Preserved verbatim from live v16.localhost; not imported
Bisecting Left ...,جار التقسيم يسارا ...,جار التقسيم يسارا ...,preserved-site-override,preserved-site-override,Preserve the exact live v16.localhost Site Override; do not import or replace.,stage6-W6-1 Accounts Batch 01 pending-owner-approval 2026-09-24,erpnext/accounts/doctype/bisect_accounting_statements/bisect_accounting_statements.js:61,Preserved verbatim from live v16.localhost; not imported
Bisecting Right ...,جار التقسيم يمينا ...,جار التقسيم يمينا ...,preserved-site-override,preserved-site-override,Preserve the exact live v16.localhost Site Override; do not import or replace.,stage6-W6-1 Accounts Batch 01 pending-owner-approval 2026-09-24,erpnext/accounts/doctype/bisect_accounting_statements/bisect_accounting_statements.js:71,Preserved verbatim from live v16.localhost; not imported
Bisecting To,التقسيم إلى,التقسيم إلى,preserved-site-override,preserved-site-override,Preserve the exact live v16.localhost Site Override; do not import or replace.,stage6-W6-1 Accounts Batch 01 pending-owner-approval 2026-09-24,erpnext/accounts/doctype/bisect_accounting_statements/bisect_accounting_statements.json:None,Preserved verbatim from live v16.localhost; not imported
Biweekly,كل أسبوعين,كل أسبوعين,preserved-site-override,preserved-site-override,Preserve the exact live v16.localhost Site Override; do not import or replace.,stage6-W6-1 Accounts Batch 01 pending-owner-approval 2026-09-24,erpnext/accounts/doctype/process_statement_of_accounts/process_statement_of_accounts.json:None,Preserved verbatim from live v16.localhost; not imported
Blank Line,سطر فارغ,سطر فارغ,preserved-site-override,preserved-site-override,Preserve the exact live v16.localhost Site Override; do not import or replace.,stage6-W6-1 Accounts Batch 01 pending-owner-approval 2026-09-24,erpnext/accounts/doctype/financial_report_row/financial_report_row.json:None,Preserved verbatim from live v16.localhost; not imported
Body,المتن,المتن,preserved-site-override,preserved-site-override,Preserve the exact live v16.localhost Site Override; do not import or replace.,stage6-W6-1 Accounts Batch 01 pending-owner-approval 2026-09-24,erpnext/accounts/doctype/process_statement_of_accounts/process_statement_of_accounts.json:None,Preserved verbatim from live v16.localhost; not imported
Bold Text,نص عريض,نص عريض,preserved-site-override,preserved-site-override,Preserve the exact live v16.localhost Site Override; do not import or replace.,stage6-W6-1 Accounts Batch 01 pending-owner-approval 2026-09-24,erpnext/accounts/doctype/financial_report_row/financial_report_row.json:None,Preserved verbatim from live v16.localhost; not imported
"Bold text for emphasis (totals, major headings)",نص عريض للتأكيد (الإجماليات، العناوين الرئيسية),نص عريض للتأكيد (الإجماليات، العناوين الرئيسية),PROPOSED-payload,quorum-confirmed-payload,AI draft; requires independent A1/A2/A3 quorum before release.,content:docs/translation/stage6_w601_accounts_batch01_content_evidence_2026-09-26.txt,erpnext/accounts/doctype/financial_report_row/financial_report_row.json:None,Released and imported into catalog under version 1.11
Book Tax Loss on Early Payment Discount,تسجيل خسارة الضريبة على خصم الدفع المبكر,تسجيل خسارة الضريبة على خصم الدفع المبكر,preserved-site-override,preserved-site-override,Preserve the exact live v16.localhost Site Override; do not import or replace.,stage6-W6-1 Accounts Batch 01 pending-owner-approval 2026-09-24,erpnext/accounts/doctype/accounts_settings/accounts_settings.json:None,Preserved verbatim from live v16.localhost; not imported
Budget Amount can not be {0}.,لا يمكن أن يكون مبلغ الميزانية {0}.,لا يمكن أن يكون مبلغ الميزانية {0}.,preserved-site-override,preserved-site-override,Preserve the exact live v16.localhost Site Override; do not import or replace.,stage6-W6-1 Accounts Batch 01 pending-owner-approval 2026-09-24,erpnext/accounts/doctype/budget/budget.py:84,Preserved verbatim from live v16.localhost; not imported
Budget Distribution,توزيع الميزانية,توزيع الميزانية,preserved-site-override,preserved-site-override,Preserve the exact live v16.localhost Site Override; do not import or replace.,stage6-W6-1 Accounts Batch 01 pending-owner-approval 2026-09-24,erpnext/accounts/doctype/budget/budget.json:None; erpnext/accounts/doctype/budget_distribution/budget_distribution.json:None,Preserved verbatim from live v16.localhost; not imported
Budget Distribution Total,إجمالي توزيع الميزانية,إجمالي توزيع الميزانية,preserved-site-override,preserved-site-override,Preserve the exact live v16.localhost Site Override; do not import or replace.,stage6-W6-1 Accounts Batch 01 pending-owner-approval 2026-09-24,erpnext/accounts/doctype/budget/budget.json:None,Preserved verbatim from live v16.localhost; not imported
Budget End Date,تاريخ نهاية الميزانية,تاريخ نهاية الميزانية,preserved-site-override,preserved-site-override,Preserve the exact live v16.localhost Site Override; do not import or replace.,stage6-W6-1 Accounts Batch 01 pending-owner-approval 2026-09-24,erpnext/accounts/doctype/budget/budget.json:None,Preserved verbatim from live v16.localhost; not imported
Budget Exceeded,تم تجاوز الميزانية,تم تجاوز الميزانية,preserved-site-override,preserved-site-override,Preserve the exact live v16.localhost Site Override; do not import or replace.,stage6-W6-1 Accounts Batch 01 pending-owner-approval 2026-09-24,erpnext/accounts/doctype/budget/budget.py:570; erpnext/accounts/doctype/budget/budget.py:572; erpnext/controllers/budget_controller.py:289; erpnext/controllers/budget_controller.py:292,Preserved verbatim from live v16.localhost; not imported
Budget Limit Exceeded,تم تجاوز حد الميزانية,تم تجاوز حد الميزانية,preserved-site-override,preserved-site-override,Preserve the exact live v16.localhost Site Override; do not import or replace.,stage6-W6-1 Accounts Batch 01 pending-owner-approval 2026-09-24,erpnext/accounts/doctype/budget/budget.py:229,Preserved verbatim from live v16.localhost; not imported
Budget Start Date,تاريخ بداية الميزانية,تاريخ بداية الميزانية,preserved-site-override,preserved-site-override,Preserve the exact live v16.localhost Site Override; do not import or replace.,stage6-W6-1 Accounts Batch 01 pending-owner-approval 2026-09-24,erpnext/accounts/doctype/budget/budget.json:None,Preserved verbatim from live v16.localhost; not imported
Buffered Cursor,مؤشر مخزن,مؤشر مخزن,preserved-site-override,preserved-site-override,Preserve the exact live v16.localhost Site Override; do not import or replace.,stage6-W6-1 Accounts Batch 01 pending-owner-approval 2026-09-24,erpnext/accounts/doctype/accounts_settings/accounts_settings.json:None,Preserved verbatim from live v16.localhost; not imported
Build Tree,إنشاء الشجرة,إنشاء الشجرة,preserved-site-override,preserved-site-override,Preserve the exact live v16.localhost Site Override; do not import or replace.,stage6-W6-1 Accounts Batch 01 pending-owner-approval 2026-09-24,erpnext/accounts/doctype/bisect_accounting_statements/bisect_accounting_statements.js:20,Preserved verbatim from live v16.localhost; not imported
Calculate but don't show on final report,الحساب مع عدم الإظهار في التقرير النهائي,الحساب مع عدم الإظهار في التقرير النهائي,PROPOSED-payload,quorum-confirmed-payload,AI draft; requires independent A1/A2/A3 quorum before release.,content:docs/translation/stage6_w601_accounts_batch01_content_evidence_2026-09-26.txt,erpnext/accounts/doctype/financial_report_row/financial_report_row.json:None,Released and imported into catalog under version 1.11
Calculate daily depreciation using total days in depreciation period,حساب الإهلاك اليومي باستخدام إجمالي الأيام في فترة الإهلاك,حساب الإهلاك اليومي باستخدام إجمالي الأيام في فترة الإهلاك,PROPOSED-payload,quorum-confirmed-payload,AI draft; requires independent A1/A2/A3 quorum before release.,content:docs/translation/stage6_w601_accounts_batch01_content_evidence_2026-09-26.txt,erpnext/accounts/doctype/accounts_settings/accounts_settings.json:None,Released and imported into catalog under version 1.11
Calculated Amount,المبلغ المحسوب,المبلغ المحسوب,preserved-site-override,preserved-site-override,Preserve the exact live v16.localhost Site Override; do not import or replace.,stage6-W6-1 Accounts Batch 01 pending-owner-approval 2026-09-24,erpnext/accounts/doctype/financial_report_row/financial_report_row.json:None,Preserved verbatim from live v16.localhost; not imported
Calculated Discount Mismatch,عدم تطابق الخصم المحسوب,عدم تطابق الخصم المحسوب,preserved-site-override,preserved-site-override,Preserve the exact live v16.localhost Site Override; do not import or replace.,stage6-W6-1 Accounts Batch 01 pending-owner-approval 2026-09-24,erpnext/accounts/report/calculated_discount_mismatch/calculated_discount_mismatch.json:None,Preserved verbatim from live v16.localhost; not imported
Campaign Item,عنصر الحملة,عنصر الحملة,preserved-site-override,preserved-site-override,Preserve the exact live v16.localhost Site Override; do not import or replace.,stage6-W6-1 Accounts Batch 01 pending-owner-approval 2026-09-24,erpnext/accounts/doctype/campaign_item/campaign_item.json:None,Preserved verbatim from live v16.localhost; not imported
Cannot Assign Cashier,لا يمكن إسناد أمين الصندوق,لا يمكن إسناد أمين الصندوق,preserved-site-override,preserved-site-override,Preserve the exact live v16.localhost Site Override; do not import or replace.,stage6-W6-1 Accounts Batch 01 pending-owner-approval 2026-09-24,erpnext/accounts/doctype/pos_opening_entry/pos_opening_entry.py:76,Preserved verbatim from live v16.localhost; not imported
Cannot Resubmit Ledger entries for vouchers in Closed fiscal year.,لا يمكن إعادة إرسال قيود دفتر الأستاذ للسندات في سنة مالية مغلقة.,لا يمكن إعادة إرسال قيود دفتر الأستاذ للسندات في سنة مالية مغلقة.,PROPOSED-payload,quorum-confirmed-payload,AI draft; requires independent A1/A2/A3 quorum before release.,content:docs/translation/stage6_w601_accounts_batch01_content_evidence_2026-09-26.txt,erpnext/accounts/doctype/repost_accounting_ledger/repost_accounting_ledger.py:73,Released and imported into catalog under version 1.11
Cannot cancel POS Closing Entry,لا يمكن إلغاء قيد إغلاق نقطة البيع,لا يمكن إلغاء قيد إغلاق نقطة البيع,PROPOSED-payload,quorum-confirmed-payload,AI draft; requires independent A1/A2/A3 quorum before release.,content:docs/translation/stage6_w601_accounts_batch01_content_evidence_2026-09-26.txt,erpnext/accounts/doctype/pos_closing_entry/pos_closing_entry.py:246,Released and imported into catalog under version 1.11
Cannot change Reference Document Type.,لا يمكن تغيير نوع المستند المرجعي.,لا يمكن تغيير نوع المستند المرجعي.,PROPOSED-payload,quorum-confirmed-payload,AI draft; requires independent A1/A2/A3 quorum before release.,content:docs/translation/stage6_w601_accounts_batch01_content_evidence_2026-09-26.txt,erpnext/accounts/doctype/accounting_dimension/accounting_dimension.py:73,Released and imported into catalog under version 1.11
Cannot convert to Group because Account Type is selected.,لا يمكن التحويل إلى مجموعة لأن نوع الحساب محدد.,لا يمكن التحويل إلى مجموعة لأن نوع الحساب محدد.,PROPOSED-payload,quorum-confirmed-payload,AI draft; requires independent A1/A2/A3 quorum before release.,content:docs/translation/stage6_w601_accounts_batch01_content_evidence_2026-09-26.txt,erpnext/accounts/doctype/account/account.py:440,Released and imported into catalog under version 1.11
Cannot retrieve link token for update. Check Error Log for more information,تعذر استرداد رمز الرابط للتحديث. تحقق من سجل الأخطاء لمزيد من المعلومات,تعذر استرداد رمز الرابط للتحديث. تحقق من سجل الأخطاء لمزيد من المعلومات,PROPOSED-payload,quorum-confirmed-payload,AI draft; requires independent A1/A2/A3 quorum before release.,content:docs/translation/stage6_w601_accounts_batch01_content_evidence_2026-09-26.txt,erpnext/accounts/doctype/bank/bank.js:66,Released and imported into catalog under version 1.11
Capital Equipment,معدات رأسمالية,معدات رأسمالية,PROPOSED-payload,quorum-confirmed-payload,AI draft; requires independent A1/A2/A3 quorum before release.,content:docs/translation/stage6_w601_accounts_batch01_content_evidence_2026-09-26.txt,erpnext/accounts/doctype/account/chart_of_accounts/verified/standard_chart_of_accounts.py:44; erpnext/accounts/doctype/account/chart_of_accounts/verified/standard_chart_of_accounts_with_account_number.py:77,Released and imported into catalog under version 1.11
Cashier is currently assigned to another POS.,أمين الصندوق مسند حاليا إلى نقطة بيع أخرى.,أمين الصندوق مسند حاليا إلى نقطة بيع أخرى.,preserved-site-override,preserved-site-override,Preserve the exact live v16.localhost Site Override; do not import or replace.,stage6-W6-1 Accounts Batch 01 pending-owner-approval 2026-09-24,erpnext/accounts/doctype/pos_opening_entry/pos_opening_entry.py:77,Preserved verbatim from live v16.localhost; not imported
Categorize By,تصنيف حسب,تصنيف حسب,preserved-site-override,preserved-site-override,Preserve the exact live v16.localhost Site Override; do not import or replace.,stage6-W6-1 Accounts Batch 01 pending-owner-approval 2026-09-24,erpnext/accounts/doctype/process_statement_of_accounts/process_statement_of_accounts.json:None,Preserved verbatim from live v16.localhost; not imported
Chart Of Accounts,دليل الحسابات,دليل الحسابات,PROPOSED-payload,quorum-confirmed-payload,AI draft; requires independent A1/A2/A3 quorum before release.,content:docs/translation/stage6_w601_accounts_batch01_content_evidence_2026-09-26.txt,erpnext/accounts/doctype/accounts_settings/accounts_settings.json:None,Released and imported into catalog under version 1.11
Checked On,تم الفحص في,تم الفحص في,preserved-site-override,preserved-site-override,Preserve the exact live v16.localhost Site Override; do not import or replace.,stage6-W6-1 Accounts Batch 01 pending-owner-approval 2026-09-24,erpnext/accounts/doctype/ledger_health/ledger_health.json:None,Preserved verbatim from live v16.localhost; not imported
Checking this will round off the tax amount to the nearest integer,سيؤدي تحديد هذا إلى تقريب مبلغ الضريبة إلى أقرب عدد صحيح,سيؤدي تحديد هذا إلى تقريب مبلغ الضريبة إلى أقرب عدد صحيح,PROPOSED-payload,quorum-confirmed-payload,AI draft; requires independent A1/A2/A3 quorum before release.,content:docs/translation/stage6_w601_accounts_batch01_content_evidence_2026-09-26.txt,erpnext/accounts/doctype/tax_withholding_category/tax_withholding_category.json:None,Released and imported into catalog under version 1.11
Cheques and Deposits Incorrectly cleared,شيكات وإيداعات تمت تصفيتها بشكل غير صحيح,شيكات وإيداعات تمت تصفيتها بشكل غير صحيح,preserved-site-override,preserved-site-override,Preserve the exact live v16.localhost Site Override; do not import or replace.,stage6-W6-1 Accounts Batch 01 pending-owner-approval 2026-09-24,erpnext/accounts/report/cheques_and_deposits_incorrectly_cleared/cheques_and_deposits_incorrectly_cleared.json:None,Preserved verbatim from live v16.localhost; not imported
Claimed Landed Cost Amount (Company Currency),مبلغ التكلفة الإضافية المطالب به (عملة الشركة),مبلغ التكلفة الإضافية المطالب به (عملة الشركة),preserved-site-override,preserved-site-override,Preserve the exact live v16.localhost Site Override; do not import or replace.,stage6-W6-1 Accounts Batch 01 pending-owner-approval 2026-09-24,erpnext/accounts/doctype/purchase_invoice/purchase_invoice.json:None,Preserved verbatim from live v16.localhost; not imported
Closing [Opening + Total] ,الإغلاق [الافتتاحي + الإجمالي] ,الإغلاق [الافتتاحي + الإجمالي] ,PROPOSED-payload,already-released (catalog row retained; not re-appended),AI draft; requires independent A1/A2/A3 quorum before release.,stage6-W6-1 Accounts Batch 01 pending-owner-approval 2026-09-24,erpnext/accounts/report/general_ledger/general_ledger.html:141,Already present in catalog line 52 (version 1.2); not re-appended
"Code to reference this line in formulas (e.g., REV100, EXP200, ASSET100)",رمز للإشارة إلى هذا السطر في الصيغ (مثل REV100، EXP200، ASSET100),رمز للإشارة إلى هذا السطر في الصيغ (مثل REV100، EXP200، ASSET100),PROPOSED-payload,quorum-confirmed-payload,AI draft; requires independent A1/A2/A3 quorum before release.,content:docs/translation/stage6_w601_accounts_batch01_content_evidence_2026-09-26.txt,erpnext/accounts/doctype/financial_report_row/financial_report_row.json:None,Released and imported into catalog under version 1.11
Collect Outstanding Amount,تحصيل المبلغ المستحق,تحصيل المبلغ المستحق,preserved-site-override,preserved-site-override,Preserve the exact live v16.localhost Site Override; do not import or replace.,stage6-W6-1 Accounts Batch 01 pending-owner-approval 2026-09-24,erpnext/accounts/doctype/pos_invoice/pos_invoice.js:281,Preserved verbatim from live v16.localhost; not imported
"Color to highlight values (e.g., red for exceptions)",لون لتمييز القيم (مثل الأحمر للاستثناءات),لون لتمييز القيم (مثل الأحمر للاستثناءات),PROPOSED-payload,quorum-confirmed-payload,AI draft; requires independent A1/A2/A3 quorum before release.,content:docs/translation/stage6_w601_accounts_batch01_content_evidence_2026-09-26.txt,erpnext/accounts/doctype/financial_report_row/financial_report_row.json:None,Released and imported into catalog under version 1.11
Columns are not according to template. Please compare the uploaded file with standard template,الأعمدة ليست وفقا للقالب. يرجى مقارنة الملف المرفوع بالقالب القياسي,الأعمدة ليست وفقا للقالب. يرجى مقارنة الملف المرفوع بالقالب القياسي,PROPOSED-payload,quorum-confirmed-payload,AI draft; requires independent A1/A2/A3 quorum before release.,content:docs/translation/stage6_w601_accounts_batch01_content_evidence_2026-09-26.txt,erpnext/accounts/doctype/chart_of_accounts_importer/chart_of_accounts_importer.py:52,Released and imported into catalog under version 1.11
Combined invoice portion must equal 100%,يجب أن تساوي حصة الفاتورة المجمعة 100%,يجب أن تساوي حصة الفاتورة المجمعة 100%,PROPOSED-payload,quorum-confirmed-payload,AI draft; requires independent A1/A2/A3 quorum before release.,content:docs/translation/stage6_w601_accounts_batch01_content_evidence_2026-09-26.txt,erpnext/accounts/doctype/payment_terms_template/payment_terms_template.py:39,Released and imported into catalog under version 1.11
Commission Rate (%),نسبة العمولة,نسبة العمولة,preserved-site-override,preserved-site-override,Preserve the exact live v16.localhost Site Override; do not import or replace.,stage6-W6-1 Accounts Batch 01 pending-owner-approval 2026-09-24,erpnext/accounts/doctype/pos_invoice/pos_invoice.json:None; erpnext/accounts/doctype/sales_invoice/sales_invoice.json:None; erpnext/stock/doctype/delivery_note/delivery_note.json:None,Preserved verbatim from live v16.localhost; not imported
Company Address Display,عرض عنوان الشركة,عرض عنوان الشركة,preserved-site-override,preserved-site-override,Preserve the exact live v16.localhost Site Override; do not import or replace.,stage6-W6-1 Accounts Batch 01 pending-owner-approval 2026-09-24,erpnext/accounts/doctype/dunning/dunning.json:None,Preserved verbatim from live v16.localhost; not imported
Company Billing Address,عنوان فوترة الشركة,عنوان فوترة الشركة,preserved-site-override,preserved-site-override,Preserve the exact live v16.localhost Site Override; do not import or replace.,stage6-W6-1 Accounts Batch 01 pending-owner-approval 2026-09-24,erpnext/accounts/doctype/purchase_invoice/purchase_invoice.json:None; erpnext/buying/doctype/purchase_order/purchase_order.json:None; erpnext/buying/doctype/request_for_quotation/request_for_quotation.json:None; erpnext/buying/doctype/supplier_quotation/supplier_quotation.json:None; erpnext/stock/doctype/purchase_receipt/purchase_receipt.json:None; erpnext/subcontracting/doctype/subcontracting_order/subcontracting_order.json:None,Preserved verbatim from live v16.localhost; not imported
Company Contact Person,شخص الاتصال بالشركة,شخص الاتصال بالشركة,preserved-site-override,preserved-site-override,Preserve the exact live v16.localhost Site Override; do not import or replace.,stage6-W6-1 Accounts Batch 01 pending-owner-approval 2026-09-24,erpnext/accounts/doctype/pos_invoice/pos_invoice.json:None; erpnext/accounts/doctype/sales_invoice/sales_invoice.json:None; erpnext/selling/doctype/quotation/quotation.json:None; erpnext/selling/doctype/sales_order/sales_order.json:None; erpnext/stock/doctype/delivery_note/delivery_note.json:None,Preserved verbatim from live v16.localhost; not imported
Company Tax ID,الرقم الضريبي للشركة,الرقم الضريبي للشركة,preserved-site-override,preserved-site-override,Preserve the exact live v16.localhost Site Override; do not import or replace.,stage6-W6-1 Accounts Batch 01 pending-owner-approval 2026-09-24,erpnext/accounts/doctype/sales_invoice/sales_invoice.json:None,Preserved verbatim from live v16.localhost; not imported
Company and Posting Date is mandatory,الشركة وتاريخ الترحيل إلزاميان,الشركة وتاريخ الترحيل إلزاميان,PROPOSED-payload,quorum-confirmed-payload,AI draft; requires independent A1/A2/A3 quorum before release.,content:docs/translation/stage6_w601_accounts_batch01_content_evidence_2026-09-26.txt,erpnext/accounts/doctype/exchange_rate_revaluation/exchange_rate_revaluation.py:620,Released and imported into catalog under version 1.11
Company is mandatory,الشركة إلزامية,الشركة إلزامية,PROPOSED-payload,quorum-confirmed-payload,AI draft; requires independent A1/A2/A3 quorum before release.,content:docs/translation/stage6_w601_accounts_batch01_content_evidence_2026-09-26.txt,erpnext/accounts/report/invalid_ledger_entries/invalid_ledger_entries.py:77,Released and imported into catalog under version 1.11
Company is mandatory for company account,الشركة إلزامية لحساب الشركة,الشركة إلزامية لحساب الشركة,PROPOSED-payload,quorum-confirmed-payload,AI draft; requires independent A1/A2/A3 quorum before release.,content:docs/translation/stage6_w601_accounts_batch01_content_evidence_2026-09-26.txt,erpnext/accounts/doctype/bank_account/bank_account.py:72,Released and imported into catalog under version 1.11
Company is mandatory for generating an invoice. Please set a default company in Global Defaults.,الشركة إلزامية لإنشاء فاتورة. يرجى تعيين شركة افتراضية في الإعدادات العامة الافتراضية.,الشركة إلزامية لإنشاء فاتورة. يرجى تعيين شركة افتراضية في الإعدادات العامة الافتراضية.,PROPOSED-payload,quorum-confirmed-payload,AI draft; requires independent A1/A2/A3 quorum before release.,content:docs/translation/stage6_w601_accounts_batch01_content_evidence_2026-09-26.txt,erpnext/accounts/doctype/subscription/subscription.py:392,Released and imported into catalog under version 1.11
Company which internal customer represents,الشركة التي يمثلها العميل الداخلي,الشركة التي يمثلها العميل الداخلي,PROPOSED-payload,quorum-confirmed-payload,AI draft; requires independent A1/A2/A3 quorum before release.,content:docs/translation/stage6_w601_accounts_batch01_content_evidence_2026-09-26.txt,erpnext/accounts/doctype/sales_invoice/sales_invoice.json:None,Released and imported into catalog under version 1.11
Company which internal supplier represents,الشركة التي يمثلها المورد الداخلي,الشركة التي يمثلها المورد الداخلي,PROPOSED-payload,quorum-confirmed-payload,AI draft; requires independent A1/A2/A3 quorum before release.,content:docs/translation/stage6_w601_accounts_batch01_content_evidence_2026-09-26.txt,erpnext/accounts/doctype/purchase_invoice/purchase_invoice.json:None,Released and imported into catalog under version 1.11
Company {0} added multiple times,تمت إضافة الشركة {0} عدة مرات,تمت إضافة الشركة {0} عدة مرات,PROPOSED-payload,quorum-confirmed-payload,AI draft; requires independent A1/A2/A3 quorum before release.,content:docs/translation/stage6_w601_accounts_batch01_content_evidence_2026-09-26.txt,erpnext/accounts/doctype/tax_withholding_category/tax_withholding_category.py:62,Released and imported into catalog under version 1.11
Company {0} is added more than once,تمت إضافة الشركة {0} أكثر من مرة,تمت إضافة الشركة {0} أكثر من مرة,PROPOSED-payload,quorum-confirmed-payload,AI draft; requires independent A1/A2/A3 quorum before release.,content:docs/translation/stage6_w601_accounts_batch01_content_evidence_2026-09-26.txt,erpnext/accounts/doctype/accounting_dimension/accounting_dimension.py:83,Released and imported into catalog under version 1.11
Company {} does not match with POS Profile Company {},الشركة {} لا تتطابق مع شركة ملف تعريف نقطة البيع {},الشركة {} لا تتطابق مع شركة ملف تعريف نقطة البيع {},PROPOSED-payload,quorum-confirmed-payload,AI draft; requires independent A1/A2/A3 quorum before release.,content:docs/translation/stage6_w601_accounts_batch01_content_evidence_2026-09-26.txt,erpnext/accounts/doctype/pos_invoice/pos_invoice.py:574,Released and imported into catalog under version 1.11
Confirm before resetting posting date,التأكيد قبل إعادة تعيين تاريخ الترحيل,التأكيد قبل إعادة تعيين تاريخ الترحيل,preserved-site-override,preserved-site-override,Preserve the exact live v16.localhost Site Override; do not import or replace.,stage6-W6-1 Accounts Batch 01 pending-owner-approval 2026-09-24,erpnext/accounts/doctype/accounts_settings/accounts_settings.json:None,Preserved verbatim from live v16.localhost; not imported
Consider Entire Party Ledger Amount,احتساب كامل مبلغ دفتر أستاذ الجهة,احتساب كامل مبلغ دفتر أستاذ الجهة,preserved-site-override,preserved-site-override,Preserve the exact live v16.localhost Site Override; do not import or replace.,stage6-W6-1 Accounts Batch 01 pending-owner-approval 2026-09-24,erpnext/accounts/doctype/tax_withholding_category/tax_withholding_category.json:None,Preserved verbatim from live v16.localhost; not imported
Considered In Paid Amount,محتسب ضمن المبلغ المدفوع,محتسب ضمن المبلغ المدفوع,preserved-site-override,preserved-site-override,Preserve the exact live v16.localhost Site Override; do not import or replace.,stage6-W6-1 Accounts Batch 01 pending-owner-approval 2026-09-24,erpnext/accounts/doctype/advance_taxes_and_charges/advance_taxes_and_charges.json:None; erpnext/accounts/doctype/purchase_taxes_and_charges/purchase_taxes_and_charges.json:None; erpnext/accounts/doctype/sales_taxes_and_charges/sales_taxes_and_charges.json:None,Preserved verbatim from live v16.localhost; not imported
Control Action for Cumulative Expense,إجراء التحكم للمصروف التراكمي,إجراء التحكم للمصروف التراكمي,preserved-site-override,preserved-site-override,Preserve the exact live v16.localhost Site Override; do not import or replace.,stage6-W6-1 Accounts Batch 01 pending-owner-approval 2026-09-24,erpnext/accounts/doctype/budget/budget.json:None,Preserved verbatim from live v16.localhost; not imported
Cost,التكلفة,التكلفة,preserved-site-override,preserved-site-override,Preserve the exact live v16.localhost Site Override; do not import or replace.,stage6-W6-1 Accounts Batch 01 pending-owner-approval 2026-09-24,erpnext/accounts/doctype/subscription_plan/subscription_plan.json:None,Preserved verbatim from live v16.localhost; not imported
Cost Center Allocation,تخصيص مركز التكلفة,تخصيص مركز التكلفة,preserved-site-override,preserved-site-override,Preserve the exact live v16.localhost Site Override; do not import or replace.,stage6-W6-1 Accounts Batch 01 pending-owner-approval 2026-09-24,erpnext/accounts/doctype/cost_center_allocation/cost_center_allocation.json:None; erpnext/accounts/workspace/accounting/accounting.json:None,Preserved verbatim from live v16.localhost; not imported
Cost Center Allocation Percentage,نسبة تخصيص مركز التكلفة,نسبة تخصيص مركز التكلفة,preserved-site-override,preserved-site-override,Preserve the exact live v16.localhost Site Override; do not import or replace.,stage6-W6-1 Accounts Batch 01 pending-owner-approval 2026-09-24,erpnext/accounts/doctype/cost_center_allocation_percentage/cost_center_allocation_percentage.json:None,Preserved verbatim from live v16.localhost; not imported
Cost Center Allocation Percentages,نسب تخصيص مركز التكلفة,نسب تخصيص مركز التكلفة,preserved-site-override,preserved-site-override,Preserve the exact live v16.localhost Site Override; do not import or replace.,stage6-W6-1 Accounts Batch 01 pending-owner-approval 2026-09-24,erpnext/accounts/doctype/cost_center_allocation/cost_center_allocation.json:None,Preserved verbatim from live v16.localhost; not imported
"Cost Center is a part of Cost Center Allocation, hence cannot be converted to a group",مركز التكلفة جزء من تخصيص مركز التكلفة، وبالتالي لا يمكن تحويله إلى مجموعة,مركز التكلفة جزء من تخصيص مركز التكلفة، وبالتالي لا يمكن تحويله إلى مجموعة,PROPOSED-payload,quorum-confirmed-payload,AI draft; requires independent A1/A2/A3 quorum before release.,content:docs/translation/stage6_w601_accounts_batch01_content_evidence_2026-09-26.txt,erpnext/accounts/doctype/cost_center/cost_center.py:75,Released and imported into catalog under version 1.11
Cost Center with Allocation records can not be converted to a group,مركز التكلفة الذي يحتوي على سجلات تخصيص لا يمكن تحويله إلى مجموعة,مركز التكلفة الذي يحتوي على سجلات تخصيص لا يمكن تحويله إلى مجموعة,PROPOSED-payload,quorum-confirmed-payload,AI draft; requires independent A1/A2/A3 quorum before release.,content:docs/translation/stage6_w601_accounts_batch01_content_evidence_2026-09-26.txt,erpnext/accounts/doctype/cost_center/cost_center.py:72,Released and imported into catalog under version 1.11
Cost Center {0} cannot be used for allocation as it is used as main cost center in other allocation record.,لا يمكن استخدام مركز التكلفة {0} للتخصيص لأنه مستخدم كمركز تكلفة رئيسي في سجل تخصيص آخر.,لا يمكن استخدام مركز التكلفة {0} للتخصيص لأنه مستخدم كمركز تكلفة رئيسي في سجل تخصيص آخر.,PROPOSED-payload,quorum-confirmed-payload,AI draft; requires independent A1/A2/A3 quorum before release.,content:docs/translation/stage6_w601_accounts_batch01_content_evidence_2026-09-26.txt,erpnext/accounts/doctype/cost_center_allocation/cost_center_allocation.py:152,Released and imported into catalog under version 1.11
Cr,دائن,دائن,PROPOSED-payload,quorum-confirmed-payload,AI draft; requires independent A1/A2/A3 quorum before release.,content:docs/translation/stage6_w601_accounts_batch01_content_evidence_2026-09-26.txt,erpnext/accounts/doctype/account/account_tree.js:85; erpnext/accounts/doctype/bank_clearance/bank_clearance.py:82; erpnext/templates/form_grid/bank_reconciliation_grid.html:16,Released and imported into catalog under version 1.11
Create Journal Entries,إنشاء قيود يومية,إنشاء قيود يومية,preserved-site-override,preserved-site-override,Preserve the exact live v16.localhost Site Override; do not import or replace.,stage6-W6-1 Accounts Batch 01 pending-owner-approval 2026-09-24,erpnext/accounts/doctype/payment_order/payment_order.js:39,Preserved verbatim from live v16.localhost; not imported
Create Ledger Entries for Change Amount,إنشاء قيود دفتر الأستاذ لمبلغ الباقي,إنشاء قيود دفتر الأستاذ لمبلغ الباقي,preserved-site-override,preserved-site-override,Preserve the exact live v16.localhost Site Override; do not import or replace.,stage6-W6-1 Accounts Batch 01 pending-owner-approval 2026-09-24,erpnext/accounts/doctype/accounts_settings/accounts_settings.json:None,Preserved verbatim from live v16.localhost; not imported
Create Payment Entry for Consolidated POS Invoices.,إنشاء قيد دفع لفواتير نقاط البيع المجمعة.,إنشاء قيد دفع لفواتير نقاط البيع المجمعة.,PROPOSED-payload,quorum-confirmed-payload,AI draft; requires independent A1/A2/A3 quorum before release.,content:docs/translation/stage6_w601_accounts_batch01_content_evidence_2026-09-26.txt,erpnext/accounts/doctype/pos_invoice/pos_invoice.py:859,Released and imported into catalog under version 1.11
Create in Draft Status,إنشاء في حالة مسودة,إنشاء في حالة مسودة,PROPOSED-payload,quorum-confirmed-payload,AI draft; requires independent A1/A2/A3 quorum before release.,content:docs/translation/stage6_w601_accounts_batch01_content_evidence_2026-09-26.txt,erpnext/accounts/doctype/accounts_settings/accounts_settings.json:None,Released and imported into catalog under version 1.11
Creating Journal Entries...,جار إنشاء قيود اليومية...,جار إنشاء قيود اليومية...,preserved-site-override,preserved-site-override,Preserve the exact live v16.localhost Site Override; do not import or replace.,stage6-W6-1 Accounts Batch 01 pending-owner-approval 2026-09-24,erpnext/accounts/doctype/exchange_rate_revaluation/exchange_rate_revaluation.js:92,Preserved verbatim from live v16.localhost; not imported
Creating Purchase Invoices ...,جار إنشاء فواتير الشراء ...,جار إنشاء فواتير الشراء ...,PROPOSED-payload,quorum-confirmed-payload,AI draft; requires independent A1/A2/A3 quorum before release.,content:docs/translation/stage6_w601_accounts_batch01_content_evidence_2026-09-26.txt,erpnext/accounts/doctype/opening_invoice_creation_tool/opening_invoice_creation_tool.js:60,Released and imported into catalog under version 1.11
Creating Purchase Receipt ...,جار إنشاء إيصال شراء ...,جار إنشاء إيصال شراء ...,preserved-site-override,preserved-site-override,Preserve the exact live v16.localhost Site Override; do not import or replace.,stage6-W6-1 Accounts Batch 01 pending-owner-approval 2026-09-24,erpnext/accounts/doctype/purchase_invoice/purchase_invoice.js:728; erpnext/buying/doctype/purchase_order/purchase_order.js:560; erpnext/subcontracting/doctype/subcontracting_receipt/subcontracting_receipt.js:73,Preserved verbatim from live v16.localhost; not imported
Creating Sales Invoices ...,جار إنشاء فواتير المبيعات ...,جار إنشاء فواتير المبيعات ...,PROPOSED-payload,quorum-confirmed-payload,AI draft; requires independent A1/A2/A3 quorum before release.,content:docs/translation/stage6_w601_accounts_batch01_content_evidence_2026-09-26.txt,erpnext/accounts/doctype/opening_invoice_creation_tool/opening_invoice_creation_tool.js:58,Released and imported into catalog under version 1.11
Credit Amount in Reporting Currency,مبلغ الدائن بعملة التقارير,مبلغ الدائن بعملة التقارير,preserved-site-override,preserved-site-override,Preserve the exact live v16.localhost Site Override; do not import or replace.,stage6-W6-1 Accounts Batch 01 pending-owner-approval 2026-09-24,erpnext/accounts/doctype/account_closing_balance/account_closing_balance.json:None; erpnext/accounts/doctype/gl_entry/gl_entry.json:None,Preserved verbatim from live v16.localhost; not imported
Credit Amount in Transaction Currency,مبلغ الدائن بعملة المعاملة,مبلغ الدائن بعملة المعاملة,preserved-site-override,preserved-site-override,Preserve the exact live v16.localhost Site Override; do not import or replace.,stage6-W6-1 Accounts Batch 01 pending-owner-approval 2026-09-24,erpnext/accounts/doctype/gl_entry/gl_entry.json:None,Preserved verbatim from live v16.localhost; not imported
Credit Limit Settings,إعدادات حد الائتمان,إعدادات حد الائتمان,preserved-site-override,preserved-site-override,Preserve the exact live v16.localhost Site Override; do not import or replace.,stage6-W6-1 Accounts Batch 01 pending-owner-approval 2026-09-24,erpnext/accounts/doctype/accounts_settings/accounts_settings.json:None,Preserved verbatim from live v16.localhost; not imported
"Credit Note will update it's own outstanding amount, even if 'Return Against' is specified.",سيقوم إشعار الدائن بتحديث مبلغه المستحق، حتى لو تم تحديد 'مرتجع مقابل'.,سيقوم إشعار الدائن بتحديث مبلغه المستحق، حتى لو تم تحديد 'مرتجع مقابل'.,PROPOSED-payload,quorum-confirmed-payload,AI draft; requires independent A1/A2/A3 quorum before release.,content:docs/translation/stage6_w601_accounts_batch01_content_evidence_2026-09-26.txt,erpnext/accounts/doctype/sales_invoice/sales_invoice.json:None,Released and imported into catalog under version 1.11
Creditor Turnover Ratio,معدل دوران الدائنين,معدل دوران الدائنين,preserved-site-override,preserved-site-override,Preserve the exact live v16.localhost Site Override; do not import or replace.,stage6-W6-1 Accounts Batch 01 pending-owner-approval 2026-09-24,erpnext/accounts/report/financial_ratios/financial_ratios.py:213,Preserved verbatim from live v16.localhost; not imported
Cron Interval should be between 1 and 59 Min,يجب أن تكون فترة Cron بين 1 و 59 دقيقة,يجب أن تكون فترة Cron بين 1 و 59 دقيقة,PROPOSED-payload,quorum-confirmed-payload,AI draft; requires independent A1/A2/A3 quorum before release.,content:docs/translation/stage6_w601_accounts_batch01_content_evidence_2026-09-26.txt,erpnext/accounts/doctype/accounts_settings/accounts_settings.py:135,Released and imported into catalog under version 1.11
Currency Exchange Settings Details,تفاصيل إعدادات أسعار صرف العملات,تفاصيل إعدادات أسعار صرف العملات,PROPOSED-payload,quorum-confirmed-payload,AI draft; requires independent A1/A2/A3 quorum before release.,content:docs/translation/stage6_w601_accounts_batch01_content_evidence_2026-09-26.txt,erpnext/accounts/doctype/currency_exchange_settings_details/currency_exchange_settings_details.json:None,Released and imported into catalog under version 1.11
Currency Exchange Settings Result,نتيجة إعدادات أسعار صرف العملات,نتيجة إعدادات أسعار صرف العملات,PROPOSED-payload,quorum-confirmed-payload,AI draft; requires independent A1/A2/A3 quorum before release.,content:docs/translation/stage6_w601_accounts_batch01_content_evidence_2026-09-26.txt,erpnext/accounts/doctype/currency_exchange_settings_result/currency_exchange_settings_result.json:None,Released and imported into catalog under version 1.11
Currency filters are currently unsupported in Custom Financial Report.,عوامل تصفية العملة غير مدعومة حاليا في التقرير المالي المخصص.,عوامل تصفية العملة غير مدعومة حاليا في التقرير المالي المخصص.,PROPOSED-payload,quorum-confirmed-payload,AI draft; requires independent A1/A2/A3 quorum before release.,content:docs/translation/stage6_w601_accounts_batch01_content_evidence_2026-09-26.txt,erpnext/accounts/doctype/financial_report_template/financial_report_engine.py:226,Released and imported into catalog under version 1.11
Current Asset,أصل متداول,أصل متداول,preserved-site-override,preserved-site-override,Preserve the exact live v16.localhost Site Override; do not import or replace.,stage6-W6-1 Accounts Batch 01 pending-owner-approval 2026-09-24,erpnext/accounts/doctype/account/account.json:None,Preserved verbatim from live v16.localhost; not imported
Current Liability,التزام متداول,التزام متداول,preserved-site-override,preserved-site-override,Preserve the exact live v16.localhost Site Override; do not import or replace.,stage6-W6-1 Accounts Batch 01 pending-owner-approval 2026-09-24,erpnext/accounts/doctype/account/account.json:None,Preserved verbatim from live v16.localhost; not imported
Current Node,العقدة الحالية,العقدة الحالية,preserved-site-override,preserved-site-override,Preserve the exact live v16.localhost Site Override; do not import or replace.,stage6-W6-1 Accounts Batch 01 pending-owner-approval 2026-09-24,erpnext/accounts/doctype/bisect_accounting_statements/bisect_accounting_statements.json:None,Preserved verbatim from live v16.localhost; not imported
Current Ratio,نسبة التداول,نسبة التداول,preserved-site-override,preserved-site-override,Preserve the exact live v16.localhost Site Override; do not import or replace.,stage6-W6-1 Accounts Batch 01 pending-owner-approval 2026-09-24,erpnext/accounts/report/financial_ratios/financial_ratios.py:152,Preserved verbatim from live v16.localhost; not imported
Custom API,واجهة برمجة تطبيقات مخصصة,واجهة برمجة تطبيقات مخصصة,PROPOSED-payload,quorum-confirmed-payload,AI draft; requires independent A1/A2/A3 quorum before release.,content:docs/translation/stage6_w601_accounts_batch01_content_evidence_2026-09-26.txt,erpnext/accounts/doctype/financial_report_row/financial_report_row.json:None,Released and imported into catalog under version 1.11
Custom Financial Statement,قائمة مالية مخصصة,قائمة مالية مخصصة,preserved-site-override,preserved-site-override,Preserve the exact live v16.localhost Site Override; do not import or replace.,stage6-W6-1 Accounts Batch 01 pending-owner-approval 2026-09-24,erpnext/accounts/doctype/financial_report_template/financial_report_template.json:None; erpnext/accounts/report/custom_financial_statement/custom_financial_statement.json:None,Preserved verbatim from live v16.localhost; not imported
Custom delimiters,محددات مخصصة,محددات مخصصة,PROPOSED-payload,quorum-confirmed-payload,AI draft; requires independent A1/A2/A3 quorum before release.,content:docs/translation/stage6_w601_accounts_batch01_content_evidence_2026-09-26.txt,erpnext/accounts/doctype/bank_statement_import/bank_statement_import.json:None,Released and imported into catalog under version 1.11
Customer ,العميل ,العميل ,PROPOSED-payload,preserved-site-override (strip-collision),AI draft; requires independent A1/A2/A3 quorum before release.,stage6-W6-1 Accounts Batch 01 pending-owner-approval 2026-09-24,erpnext/accounts/doctype/customer_item/customer_item.json:None,Reclassified out of Released catalog per Plan §12; strip-collision with runtime Site Override
Customer > Customer Group > Territory,العميل > مجموعة العملاء > المنطقة,العميل > مجموعة العملاء > المنطقة,PROPOSED-payload,quorum-confirmed-payload,AI draft; requires independent A1/A2/A3 quorum before release.,content:docs/translation/stage6_w601_accounts_batch01_content_evidence_2026-09-26.txt,erpnext/accounts/doctype/pricing_rule/pricing_rule.js:50,Released and imported into catalog under version 1.11
Customer Advances,دفعات العملاء المقدمة,دفعات العملاء المقدمة,preserved-site-override,preserved-site-override,Preserve the exact live v16.localhost Site Override; do not import or replace.,stage6-W6-1 Accounts Batch 01 pending-owner-approval 2026-09-24,erpnext/accounts/doctype/account/chart_of_accounts/verified/standard_chart_of_accounts.py:159; erpnext/accounts/doctype/account/chart_of_accounts/verified/standard_chart_of_accounts_with_account_number.py:269,Preserved verbatim from live v16.localhost; not imported
Customer Group Item,عنصر مجموعة العملاء,عنصر مجموعة العملاء,preserved-site-override,preserved-site-override,Preserve the exact live v16.localhost Site Override; do not import or replace.,stage6-W6-1 Accounts Batch 01 pending-owner-approval 2026-09-24,erpnext/accounts/doctype/customer_group_item/customer_group_item.json:None,Preserved verbatim from live v16.localhost; not imported
Customer Item,عنصر العميل,عنصر العميل,preserved-site-override,preserved-site-override,Preserve the exact live v16.localhost Site Override; do not import or replace.,stage6-W6-1 Accounts Batch 01 pending-owner-approval 2026-09-24,erpnext/accounts/doctype/customer_item/customer_item.json:None,Preserved verbatim from live v16.localhost; not imported
Customer Name: ,اسم العميل: ,اسم العميل: ,PROPOSED-payload,quorum-confirmed-payload,AI draft; requires independent A1/A2/A3 quorum before release.,content:docs/translation/stage6_w601_accounts_batch01_content_evidence_2026-09-26.txt,erpnext/accounts/doctype/process_statement_of_accounts/process_statement_of_accounts.html:22,Released and imported into catalog under version 1.11
Customer: ,العميل: ,العميل: ,PROPOSED-payload,quorum-confirmed-payload,AI draft; requires independent A1/A2/A3 quorum before release.,content:docs/translation/stage6_w601_accounts_batch01_content_evidence_2026-09-26.txt,erpnext/accounts/doctype/process_statement_of_accounts/process_statement_of_accounts.html:19; erpnext/accounts/doctype/process_statement_of_accounts/process_statement_of_accounts.html:21,Released and imported into catalog under version 1.11
DFS,بحث أولا بالعمق,بحث أولا بالعمق,preserved-site-override,preserved-site-override,Preserve the exact live v16.localhost Site Override; do not import or replace.,stage6-W6-1 Accounts Batch 01 pending-owner-approval 2026-09-24,erpnext/accounts/doctype/bisect_accounting_statements/bisect_accounting_statements.json:None,Preserved verbatim from live v16.localhost; not imported
Data Fetch Method,طريقة جلب البيانات,طريقة جلب البيانات,preserved-site-override,preserved-site-override,Preserve the exact live v16.localhost Site Override; do not import or replace.,stage6-W6-1 Accounts Batch 01 pending-owner-approval 2026-09-24,erpnext/accounts/doctype/accounts_settings/accounts_settings.json:None,Preserved verbatim from live v16.localhost; not imported
Data Source,مصدر البيانات,مصدر البيانات,preserved-site-override,preserved-site-override,Preserve the exact live v16.localhost Site Override; do not import or replace.,stage6-W6-1 Accounts Batch 01 pending-owner-approval 2026-09-24,erpnext/accounts/doctype/financial_report_row/financial_report_row.json:None,Preserved verbatim from live v16.localhost; not imported
Date: {0} to {1},التاريخ: {0} إلى {1},التاريخ: {0} إلى {1},PROPOSED-payload,quorum-confirmed-payload,AI draft; requires independent A1/A2/A3 quorum before release.,content:docs/translation/stage6_w601_accounts_batch01_content_evidence_2026-09-26.txt,erpnext/accounts/doctype/process_statement_of_accounts/process_statement_of_accounts.html:25,Released and imported into catalog under version 1.11
Dates,التواريخ,التواريخ,preserved-site-override,preserved-site-override,Preserve the exact live v16.localhost Site Override; do not import or replace.,stage6-W6-1 Accounts Batch 01 pending-owner-approval 2026-09-24,erpnext/accounts/doctype/gl_entry/gl_entry.json:None,Preserved verbatim from live v16.localhost; not imported
Dates to Process,التواريخ المطلوب معالجتها,التواريخ المطلوب معالجتها,preserved-site-override,preserved-site-override,Preserve the exact live v16.localhost Site Override; do not import or replace.,stage6-W6-1 Accounts Batch 01 pending-owner-approval 2026-09-24,erpnext/accounts/doctype/process_period_closing_voucher/process_period_closing_voucher.json:None,Preserved verbatim from live v16.localhost; not imported
Days before the current subscription period,أيام قبل فترة الاشتراك الحالية,أيام قبل فترة الاشتراك الحالية,preserved-site-override,preserved-site-override,Preserve the exact live v16.localhost Site Override; do not import or replace.,stage6-W6-1 Accounts Batch 01 pending-owner-approval 2026-09-24,erpnext/accounts/doctype/subscription/subscription.json:None,Preserved verbatim from live v16.localhost; not imported
DeLinked,مفصول الربط,مفصول الربط,preserved-site-override,preserved-site-override,Preserve the exact live v16.localhost Site Override; do not import or replace.,stage6-W6-1 Accounts Batch 01 pending-owner-approval 2026-09-24,erpnext/accounts/doctype/advance_payment_ledger_entry/advance_payment_ledger_entry.json:None; erpnext/accounts/doctype/payment_ledger_entry/payment_ledger_entry.json:None,Preserved verbatim from live v16.localhost; not imported
Debit / Credit Note Posting Date,تاريخ ترحيل إشعار المدين/الدائن,تاريخ ترحيل إشعار المدين/الدائن,preserved-site-override,preserved-site-override,Preserve the exact live v16.localhost Site Override; do not import or replace.,stage6-W6-1 Accounts Batch 01 pending-owner-approval 2026-09-24,erpnext/accounts/doctype/payment_reconciliation_allocation/payment_reconciliation_allocation.json:None,Preserved verbatim from live v16.localhost; not imported
