source_text,translated_text,quorum_decision,disposition_rationale,decision_ref,proposal_sha256
'{0}' should be in company currency {1}.,يجب أن يكون '{0}' بعملة الشركة {1}.,quorum-confirmed-payload,AI draft; requires independent A1/A2/A3 quorum before release.,stage6-W6-5 Setup owner-approved 2026-09-24,7b0a4215c710d0c7f9469ee76d3be7ea1d964767d605acd465282294e7578970
A Transaction Deletion Document: {0} is triggered for {0},تم تشغيل مستند حذف المعاملات: {0} لـ {0},quorum-confirmed-payload,AI draft; requires independent A1/A2/A3 quorum before release.,stage6-W6-5 Setup owner-approved 2026-09-24,7b0a4215c710d0c7f9469ee76d3be7ea1d964767d605acd465282294e7578970
Abampere,أبامبير,quorum-confirmed-payload,AI draft; requires independent A1/A2/A3 quorum before release.,stage6-W6-5 Setup owner-approved 2026-09-24,7b0a4215c710d0c7f9469ee76d3be7ea1d964767d605acd465282294e7578970
Abbr,الاختصار,"preserved-site-override (not imported, plan §12)",Preserve the exact live v16.localhost Site Override; do not import or replace.,stage6-W6-5 Setup owner-approved 2026-09-24,7b0a4215c710d0c7f9469ee76d3be7ea1d964767d605acd465282294e7578970
According to CEFACT/ICG/2010/IC013 or CEFACT/ICG/2010/IC010,وفقًا للمعيار CEFACT/ICG/2010/IC013 أو CEFACT/ICG/2010/IC010,quorum-confirmed-payload,AI draft; requires independent A1/A2/A3 quorum before release.,stage6-W6-5 Setup owner-approved 2026-09-24,7b0a4215c710d0c7f9469ee76d3be7ea1d964767d605acd465282294e7578970
Account {0} is disabled.,الحساب {0} معطّل.,quorum-confirmed-payload,AI draft; requires independent A1/A2/A3 quorum before release.,stage6-W6-5 Setup owner-approved 2026-09-24,7b0a4215c710d0c7f9469ee76d3be7ea1d964767d605acd465282294e7578970
Accountant,محاسب,"preserved-site-override (not imported, plan §12)",Preserve the exact live v16.localhost Site Override; do not import or replace.,stage6-W6-5 Setup owner-approved 2026-09-24,7b0a4215c710d0c7f9469ee76d3be7ea1d964767d605acd465282294e7578970
Acre,فدان,quorum-confirmed-payload,AI draft; requires independent A1/A2/A3 quorum before release.,stage6-W6-5 Setup owner-approved 2026-09-24,7b0a4215c710d0c7f9469ee76d3be7ea1d964767d605acd465282294e7578970
Acre (US),فدان (أمريكي),quorum-confirmed-payload,AI draft; requires independent A1/A2/A3 quorum before release.,stage6-W6-5 Setup owner-approved 2026-09-24,7b0a4215c710d0c7f9469ee76d3be7ea1d964767d605acd465282294e7578970
Add Local Holidays,إضافة العطلات المحلية,"preserved-site-override (not imported, plan §12)",Preserve the exact live v16.localhost Site Override; do not import or replace.,stage6-W6-5 Setup owner-approved 2026-09-24,7b0a4215c710d0c7f9469ee76d3be7ea1d964767d605acd465282294e7578970
Administrative Assistant,مساعد إداري,"preserved-site-override (not imported, plan §12)",Preserve the exact live v16.localhost Site Override; do not import or replace.,stage6-W6-5 Setup owner-approved 2026-09-24,7b0a4215c710d0c7f9469ee76d3be7ea1d964767d605acd465282294e7578970
Administrative Officer,مسؤول إداري,"preserved-site-override (not imported, plan §12)",Preserve the exact live v16.localhost Site Override; do not import or replace.,stage6-W6-5 Setup owner-approved 2026-09-24,7b0a4215c710d0c7f9469ee76d3be7ea1d964767d605acd465282294e7578970
Advance Payment Date,تاريخ الدفعة المقدمة,"preserved-site-override (not imported, plan §12)",Preserve the exact live v16.localhost Site Override; do not import or replace.,stage6-W6-5 Setup owner-approved 2026-09-24,7b0a4215c710d0c7f9469ee76d3be7ea1d964767d605acd465282294e7578970
Advertisement,إعلان,"preserved-site-override (not imported, plan §12)",Preserve the exact live v16.localhost Site Override; do not import or replace.,stage6-W6-5 Setup owner-approved 2026-09-24,7b0a4215c710d0c7f9469ee76d3be7ea1d964767d605acd465282294e7578970
Advertising,إعلانات,"preserved-site-override (not imported, plan §12)",Preserve the exact live v16.localhost Site Override; do not import or replace.,stage6-W6-5 Setup owner-approved 2026-09-24,7b0a4215c710d0c7f9469ee76d3be7ea1d964767d605acd465282294e7578970
Aerospace,صناعات الفضاء والطيران,quorum-confirmed-payload,AI draft; requires independent A1/A2/A3 quorum before release.,stage6-W6-5 Setup owner-approved 2026-09-24,7b0a4215c710d0c7f9469ee76d3be7ea1d964767d605acd465282294e7578970
Agent,وكيل,"preserved-site-override (not imported, plan §12)",Preserve the exact live v16.localhost Site Override; do not import or replace.,stage6-W6-5 Setup owner-approved 2026-09-24,7b0a4215c710d0c7f9469ee76d3be7ea1d964767d605acd465282294e7578970
Agriculture,الزراعة,"preserved-site-override (not imported, plan §12)",Preserve the exact live v16.localhost Site Override; do not import or replace.,stage6-W6-5 Setup owner-approved 2026-09-24,7b0a4215c710d0c7f9469ee76d3be7ea1d964767d605acd465282294e7578970
Airline,خطوط طيران,quorum-confirmed-payload,AI draft; requires independent A1/A2/A3 quorum before release.,stage6-W6-5 Setup owner-approved 2026-09-24,7b0a4215c710d0c7f9469ee76d3be7ea1d964767d605acd465282294e7578970
All Sales Transactions can be tagged against multiple Sales Persons so that you can set and monitor targets.,يمكن ربط جميع معاملات المبيعات بعدة مندوبي مبيعات لتمكينك من تحديد الأهداف ومتابعتها.,quorum-confirmed-payload,AI draft; requires independent A1/A2/A3 quorum before release.,stage6-W6-5 Setup owner-approved 2026-09-24,7b0a4215c710d0c7f9469ee76d3be7ea1d964767d605acd465282294e7578970
Ampere,أمبير,quorum-confirmed-payload,AI draft; requires independent A1/A2/A3 quorum before release.,stage6-W6-5 Setup owner-approved 2026-09-24,7b0a4215c710d0c7f9469ee76d3be7ea1d964767d605acd465282294e7578970
Ampere-Hour,,EXCEPTION-technical (keep vendor rendering; no translation),Technical UOM/force unit token; retain vendor rendering; no catalog release.,stage6-W6-5 Setup owner-approved 2026-09-24,7b0a4215c710d0c7f9469ee76d3be7ea1d964767d605acd465282294e7578970
Ampere-Minute,,EXCEPTION-technical (keep vendor rendering; no translation),Technical UOM/force unit token; retain vendor rendering; no catalog release.,stage6-W6-5 Setup owner-approved 2026-09-24,7b0a4215c710d0c7f9469ee76d3be7ea1d964767d605acd465282294e7578970
Ampere-Second,,EXCEPTION-technical (keep vendor rendering; no translation),Technical UOM/force unit token; retain vendor rendering; no catalog release.,stage6-W6-5 Setup owner-approved 2026-09-24,7b0a4215c710d0c7f9469ee76d3be7ea1d964767d605acd465282294e7578970
An Item Group is a way to classify items based on types.,مجموعة الأصناف هي طريقة لتصنيف الأصناف بناءً على أنواعها.,quorum-confirmed-payload,AI draft; requires independent A1/A2/A3 quorum before release.,stage6-W6-5 Setup owner-approved 2026-09-24,7b0a4215c710d0c7f9469ee76d3be7ea1d964767d605acd465282294e7578970
Analyst,محلل,"preserved-site-override (not imported, plan §12)",Preserve the exact live v16.localhost Site Override; do not import or replace.,stage6-W6-5 Setup owner-approved 2026-09-24,7b0a4215c710d0c7f9469ee76d3be7ea1d964767d605acd465282294e7578970
Apparel & Accessories,الملابس والإكسسوارات,quorum-confirmed-payload,AI draft; requires independent A1/A2/A3 quorum before release.,stage6-W6-5 Setup owner-approved 2026-09-24,7b0a4215c710d0c7f9469ee76d3be7ea1d964767d605acd465282294e7578970
Are,آر,quorum-confirmed-payload,AI draft; requires independent A1/A2/A3 quorum before release.,stage6-W6-5 Setup owner-approved 2026-09-24,7b0a4215c710d0c7f9469ee76d3be7ea1d964767d605acd465282294e7578970
Arshin,أرشين,quorum-confirmed-payload,AI draft; requires independent A1/A2/A3 quorum before release.,stage6-W6-5 Setup owner-approved 2026-09-24,7b0a4215c710d0c7f9469ee76d3be7ea1d964767d605acd465282294e7578970
Associate,مشارك,"preserved-site-override (not imported, plan §12)",Preserve the exact live v16.localhost Site Override; do not import or replace.,stage6-W6-5 Setup owner-approved 2026-09-24,7b0a4215c710d0c7f9469ee76d3be7ea1d964767d605acd465282294e7578970
Atmosphere,ضغط جوي,quorum-confirmed-payload,AI draft; requires independent A1/A2/A3 quorum before release.,stage6-W6-5 Setup owner-approved 2026-09-24,7b0a4215c710d0c7f9469ee76d3be7ea1d964767d605acd465282294e7578970
Attendance & Leaves,الحضور والإجازات,"preserved-site-override (not imported, plan §12)",Preserve the exact live v16.localhost Site Override; do not import or replace.,stage6-W6-5 Setup owner-approved 2026-09-24,7b0a4215c710d0c7f9469ee76d3be7ea1d964767d605acd465282294e7578970
Auto Create Exchange Rate Revaluation,إنشاء إعادة تقييم سعر الصرف تلقائيا,"preserved-site-override (not imported, plan §12)",Preserve the exact live v16.localhost Site Override; do not import or replace.,stage6-W6-5 Setup owner-approved 2026-09-24,7b0a4215c710d0c7f9469ee76d3be7ea1d964767d605acd465282294e7578970
Automotive,السيارات والمحركات,quorum-confirmed-payload,AI draft; requires independent A1/A2/A3 quorum before release.,stage6-W6-5 Setup owner-approved 2026-09-24,7b0a4215c710d0c7f9469ee76d3be7ea1d964767d605acd465282294e7578970
B+,+B,quorum-confirmed-payload,AI draft; requires independent A1/A2/A3 quorum before release.,stage6-W6-5 Setup owner-approved 2026-09-24,7b0a4215c710d0c7f9469ee76d3be7ea1d964767d605acd465282294e7578970
B-,-B,quorum-confirmed-payload,AI draft; requires independent A1/A2/A3 quorum before release.,stage6-W6-5 Setup owner-approved 2026-09-24,7b0a4215c710d0c7f9469ee76d3be7ea1d964767d605acd465282294e7578970
Barleycorn,حبة شعير,quorum-confirmed-payload,AI draft; requires independent A1/A2/A3 quorum before release.,stage6-W6-5 Setup owner-approved 2026-09-24,7b0a4215c710d0c7f9469ee76d3be7ea1d964767d605acd465282294e7578970
Barrel (Oil),برميل (نفط),quorum-confirmed-payload,AI draft; requires independent A1/A2/A3 quorum before release.,stage6-W6-5 Setup owner-approved 2026-09-24,7b0a4215c710d0c7f9469ee76d3be7ea1d964767d605acd465282294e7578970
Barrel(Beer),برميل (بيرة),quorum-confirmed-payload,AI draft; requires independent A1/A2/A3 quorum before release.,stage6-W6-5 Setup owner-approved 2026-09-24,7b0a4215c710d0c7f9469ee76d3be7ea1d964767d605acd465282294e7578970
"Based on your HR Policy, select your leave allocation period's end date",بناءً على سياسة الموارد البشرية لديك، حدد تاريخ انتهاء فترة تخصيص الإجازات,quorum-confirmed-payload,AI draft; requires independent A1/A2/A3 quorum before release.,stage6-W6-5 Setup owner-approved 2026-09-24,7b0a4215c710d0c7f9469ee76d3be7ea1d964767d605acd465282294e7578970
"Based on your HR Policy, select your leave allocation period's start date",بناءً على سياسة الموارد البشرية لديك، حدد تاريخ بدء فترة تخصيص الإجازات,quorum-confirmed-payload,AI draft; requires independent A1/A2/A3 quorum before release.,stage6-W6-5 Setup owner-approved 2026-09-24,7b0a4215c710d0c7f9469ee76d3be7ea1d964767d605acd465282294e7578970
Biot,بيوت,quorum-confirmed-payload,AI draft; requires independent A1/A2/A3 quorum before release.,stage6-W6-5 Setup owner-approved 2026-09-24,7b0a4215c710d0c7f9469ee76d3be7ea1d964767d605acd465282294e7578970
Biotechnology,التكنولوجيا الحيوية,quorum-confirmed-payload,AI draft; requires independent A1/A2/A3 quorum before release.,stage6-W6-5 Setup owner-approved 2026-09-24,7b0a4215c710d0c7f9469ee76d3be7ea1d964767d605acd465282294e7578970
Both Payable Account: {0} and Advance Account: {1} must be of same currency for company: {2},يجب أن يكون كلٌّ من حساب الدائنين: {0} وحساب الدفعات المقدمة: {1} بالعملة نفسها للشركة: {2},quorum-confirmed-payload,AI draft; requires independent A1/A2/A3 quorum before release.,stage6-W6-5 Setup owner-approved 2026-09-24,7b0a4215c710d0c7f9469ee76d3be7ea1d964767d605acd465282294e7578970
Both Receivable Account: {0} and Advance Account: {1} must be of same currency for company: {2},يجب أن يكون كلٌّ من حساب المدينين: {0} وحساب الدفعات المقدمة: {1} بالعملة نفسها للشركة: {2},quorum-confirmed-payload,AI draft; requires independent A1/A2/A3 quorum before release.,stage6-W6-5 Setup owner-approved 2026-09-24,7b0a4215c710d0c7f9469ee76d3be7ea1d964767d605acd465282294e7578970
Box,صندوق,"preserved-site-override (not imported, plan §12)",Preserve the exact live v16.localhost Site Override; do not import or replace.,stage6-W6-5 Setup owner-approved 2026-09-24,7b0a4215c710d0c7f9469ee76d3be7ea1d964767d605acd465282294e7578970
Broadcasting,البث الإذاعي والتلفزيوني,quorum-confirmed-payload,AI draft; requires independent A1/A2/A3 quorum before release.,stage6-W6-5 Setup owner-approved 2026-09-24,7b0a4215c710d0c7f9469ee76d3be7ea1d964767d605acd465282294e7578970
Brokerage,الوساطة المالية,quorum-confirmed-payload,AI draft; requires independent A1/A2/A3 quorum before release.,stage6-W6-5 Setup owner-approved 2026-09-24,7b0a4215c710d0c7f9469ee76d3be7ea1d964767d605acd465282294e7578970
Btu (It),وحدة حرارية بريطانية (دولية),quorum-confirmed-payload,AI draft; requires independent A1/A2/A3 quorum before release.,stage6-W6-5 Setup owner-approved 2026-09-24,7b0a4215c710d0c7f9469ee76d3be7ea1d964767d605acd465282294e7578970
Btu (Mean),وحدة حرارية بريطانية (متوسطة),quorum-confirmed-payload,AI draft; requires independent A1/A2/A3 quorum before release.,stage6-W6-5 Setup owner-approved 2026-09-24,7b0a4215c710d0c7f9469ee76d3be7ea1d964767d605acd465282294e7578970
Btu (Th),وحدة حرارية بريطانية (حرارية كيميائية),quorum-confirmed-payload,AI draft; requires independent A1/A2/A3 quorum before release.,stage6-W6-5 Setup owner-approved 2026-09-24,7b0a4215c710d0c7f9469ee76d3be7ea1d964767d605acd465282294e7578970
Btu/Hour,وحدة حرارية بريطانية/ساعة,quorum-confirmed-payload,AI draft; requires independent A1/A2/A3 quorum before release.,stage6-W6-5 Setup owner-approved 2026-09-24,7b0a4215c710d0c7f9469ee76d3be7ea1d964767d605acd465282294e7578970
Btu/Minutes,وحدة حرارية بريطانية/دقيقة,quorum-confirmed-payload,AI draft; requires independent A1/A2/A3 quorum before release.,stage6-W6-5 Setup owner-approved 2026-09-24,7b0a4215c710d0c7f9469ee76d3be7ea1d964767d605acd465282294e7578970
Btu/Seconds,وحدة حرارية بريطانية/ثانية,quorum-confirmed-payload,AI draft; requires independent A1/A2/A3 quorum before release.,stage6-W6-5 Setup owner-approved 2026-09-24,7b0a4215c710d0c7f9469ee76d3be7ea1d964767d605acd465282294e7578970
Bushel (UK),بوشل (بريطاني),quorum-confirmed-payload,AI draft; requires independent A1/A2/A3 quorum before release.,stage6-W6-5 Setup owner-approved 2026-09-24,7b0a4215c710d0c7f9469ee76d3be7ea1d964767d605acd465282294e7578970
Bushel (US Dry Level),بوشل (أمريكي جاف),quorum-confirmed-payload,AI draft; requires independent A1/A2/A3 quorum before release.,stage6-W6-5 Setup owner-approved 2026-09-24,7b0a4215c710d0c7f9469ee76d3be7ea1d964767d605acd465282294e7578970
Business Analyst,محلل أعمال,"preserved-site-override (not imported, plan §12)",Preserve the exact live v16.localhost Site Override; do not import or replace.,stage6-W6-5 Setup owner-approved 2026-09-24,7b0a4215c710d0c7f9469ee76d3be7ea1d964767d605acd465282294e7578970
Business Development Manager,مدير تطوير الأعمال,"preserved-site-override (not imported, plan §12)",Preserve the exact live v16.localhost Site Override; do not import or replace.,stage6-W6-5 Setup owner-approved 2026-09-24,7b0a4215c710d0c7f9469ee76d3be7ea1d964767d605acd465282294e7578970
Buying & Selling Settings,إعدادات الشراء والبيع,"preserved-site-override (not imported, plan §12)",Preserve the exact live v16.localhost Site Override; do not import or replace.,stage6-W6-5 Setup owner-approved 2026-09-24,7b0a4215c710d0c7f9469ee76d3be7ea1d964767d605acd465282294e7578970
Buying and Selling,الشراء والبيع,"preserved-site-override (not imported, plan §12)",Preserve the exact live v16.localhost Site Override; do not import or replace.,stage6-W6-5 Setup owner-approved 2026-09-24,7b0a4215c710d0c7f9469ee76d3be7ea1d964767d605acd465282294e7578970
Caballeria,كاباليريا,quorum-confirmed-payload,AI draft; requires independent A1/A2/A3 quorum before release.,stage6-W6-5 Setup owner-approved 2026-09-24,7b0a4215c710d0c7f9469ee76d3be7ea1d964767d605acd465282294e7578970
Cable Length,طول الكابل,quorum-confirmed-payload,AI draft; requires independent A1/A2/A3 quorum before release.,stage6-W6-5 Setup owner-approved 2026-09-24,7b0a4215c710d0c7f9469ee76d3be7ea1d964767d605acd465282294e7578970
Cable Length (UK),طول الكابل (بريطاني),quorum-confirmed-payload,AI draft; requires independent A1/A2/A3 quorum before release.,stage6-W6-5 Setup owner-approved 2026-09-24,7b0a4215c710d0c7f9469ee76d3be7ea1d964767d605acd465282294e7578970
Cable Length (US),طول الكابل (أمريكي),quorum-confirmed-payload,AI draft; requires independent A1/A2/A3 quorum before release.,stage6-W6-5 Setup owner-approved 2026-09-24,7b0a4215c710d0c7f9469ee76d3be7ea1d964767d605acd465282294e7578970
Calibre,عيار,quorum-confirmed-payload,AI draft; requires independent A1/A2/A3 quorum before release.,stage6-W6-5 Setup owner-approved 2026-09-24,7b0a4215c710d0c7f9469ee76d3be7ea1d964767d605acd465282294e7578970
Calorie (Food),سعرة حرارية (غذائية),quorum-confirmed-payload,AI draft; requires independent A1/A2/A3 quorum before release.,stage6-W6-5 Setup owner-approved 2026-09-24,7b0a4215c710d0c7f9469ee76d3be7ea1d964767d605acd465282294e7578970
Calorie (It),سعرة حرارية (دولية),quorum-confirmed-payload,AI draft; requires independent A1/A2/A3 quorum before release.,stage6-W6-5 Setup owner-approved 2026-09-24,7b0a4215c710d0c7f9469ee76d3be7ea1d964767d605acd465282294e7578970
Calorie (Mean),سعرة حرارية (متوسطة),quorum-confirmed-payload,AI draft; requires independent A1/A2/A3 quorum before release.,stage6-W6-5 Setup owner-approved 2026-09-24,7b0a4215c710d0c7f9469ee76d3be7ea1d964767d605acd465282294e7578970
Calorie (Th),سعرة حرارية (حرارية كيميائية),quorum-confirmed-payload,AI draft; requires independent A1/A2/A3 quorum before release.,stage6-W6-5 Setup owner-approved 2026-09-24,7b0a4215c710d0c7f9469ee76d3be7ea1d964767d605acd465282294e7578970
Calorie/Seconds,سعرة حرارية/ثانية,quorum-confirmed-payload,AI draft; requires independent A1/A2/A3 quorum before release.,stage6-W6-5 Setup owner-approved 2026-09-24,7b0a4215c710d0c7f9469ee76d3be7ea1d964767d605acd465282294e7578970
Cannot Change Inventory Account Setting,لا يمكن تغيير إعداد حساب المخزون,"preserved-site-override (not imported, plan §12)",Preserve the exact live v16.localhost Site Override; do not import or replace.,stage6-W6-5 Setup owner-approved 2026-09-24,7b0a4215c710d0c7f9469ee76d3be7ea1d964767d605acd465282294e7578970
Cannot enqueue multi docs for one company. {0} is already queued/running for company: {1},لا يمكن إدراج مستندات متعددة في قائمة الانتظار لشركة واحدة. {0} قيد الانتظار أو التشغيل بالفعل للشركة: {1},quorum-confirmed-payload,AI draft; requires independent A1/A2/A3 quorum before release.,stage6-W6-5 Setup owner-approved 2026-09-24,7b0a4215c710d0c7f9469ee76d3be7ea1d964767d605acd465282294e7578970
Cannot make any transactions until the deletion job is completed,لا يمكن إجراء أي معاملات حتى تكتمل مهمة الحذف,quorum-confirmed-payload,AI draft; requires independent A1/A2/A3 quorum before release.,stage6-W6-5 Setup owner-approved 2026-09-24,7b0a4215c710d0c7f9469ee76d3be7ea1d964767d605acd465282294e7578970
Carat,قيراط,quorum-confirmed-payload,AI draft; requires independent A1/A2/A3 quorum before release.,stage6-W6-5 Setup owner-approved 2026-09-24,7b0a4215c710d0c7f9469ee76d3be7ea1d964767d605acd465282294e7578970
Carriage Paid To,أجور النقل مدفوعة إلى,quorum-confirmed-payload,AI draft; requires independent A1/A2/A3 quorum before release.,stage6-W6-5 Setup owner-approved 2026-09-24,7b0a4215c710d0c7f9469ee76d3be7ea1d964767d605acd465282294e7578970
Carriage and Insurance Paid to,أجور النقل والتأمين مدفوعة إلى,quorum-confirmed-payload,AI draft; requires independent A1/A2/A3 quorum before release.,stage6-W6-5 Setup owner-approved 2026-09-24,7b0a4215c710d0c7f9469ee76d3be7ea1d964767d605acd465282294e7578970
Celsius,مئوية,quorum-confirmed-payload,AI draft; requires independent A1/A2/A3 quorum before release.,stage6-W6-5 Setup owner-approved 2026-09-24,7b0a4215c710d0c7f9469ee76d3be7ea1d964767d605acd465282294e7578970
Cental,سنتال,quorum-confirmed-payload,AI draft; requires independent A1/A2/A3 quorum before release.,stage6-W6-5 Setup owner-approved 2026-09-24,7b0a4215c710d0c7f9469ee76d3be7ea1d964767d605acd465282294e7578970
Centiarea,سنتيار,quorum-confirmed-payload,AI draft; requires independent A1/A2/A3 quorum before release.,stage6-W6-5 Setup owner-approved 2026-09-24,7b0a4215c710d0c7f9469ee76d3be7ea1d964767d605acd465282294e7578970
Centigram/Litre,سنتيجرام/لتر,quorum-confirmed-payload,AI draft; requires independent A1/A2/A3 quorum before release.,stage6-W6-5 Setup owner-approved 2026-09-24,7b0a4215c710d0c7f9469ee76d3be7ea1d964767d605acd465282294e7578970
Centilitre,سنتيلتر,quorum-confirmed-payload,AI draft; requires independent A1/A2/A3 quorum before release.,stage6-W6-5 Setup owner-approved 2026-09-24,7b0a4215c710d0c7f9469ee76d3be7ea1d964767d605acd465282294e7578970
Centimeter,سنتيمتر,quorum-confirmed-payload,AI draft; requires independent A1/A2/A3 quorum before release.,stage6-W6-5 Setup owner-approved 2026-09-24,7b0a4215c710d0c7f9469ee76d3be7ea1d964767d605acd465282294e7578970
Chain,سلسلة,quorum-confirmed-payload,AI draft; requires independent A1/A2/A3 quorum before release.,stage6-W6-5 Setup owner-approved 2026-09-24,7b0a4215c710d0c7f9469ee76d3be7ea1d964767d605acd465282294e7578970
Chemical,الكيماويات,quorum-confirmed-payload,AI draft; requires independent A1/A2/A3 quorum before release.,stage6-W6-5 Setup owner-approved 2026-09-24,7b0a4215c710d0c7f9469ee76d3be7ea1d964767d605acd465282294e7578970
Chief Executive Officer,الرئيس التنفيذي,quorum-confirmed-payload,AI draft; requires independent A1/A2/A3 quorum before release.,stage6-W6-5 Setup owner-approved 2026-09-24,7b0a4215c710d0c7f9469ee76d3be7ea1d964767d605acd465282294e7578970
Chief Financial Officer,المدير المالي التنفيذي,quorum-confirmed-payload,AI draft; requires independent A1/A2/A3 quorum before release.,stage6-W6-5 Setup owner-approved 2026-09-24,7b0a4215c710d0c7f9469ee76d3be7ea1d964767d605acd465282294e7578970
Chief Operating Officer,مدير العمليات التنفيذي,quorum-confirmed-payload,AI draft; requires independent A1/A2/A3 quorum before release.,stage6-W6-5 Setup owner-approved 2026-09-24,7b0a4215c710d0c7f9469ee76d3be7ea1d964767d605acd465282294e7578970
Chief Technology Officer,المدير التقني التنفيذي,quorum-confirmed-payload,AI draft; requires independent A1/A2/A3 quorum before release.,stage6-W6-5 Setup owner-approved 2026-09-24,7b0a4215c710d0c7f9469ee76d3be7ea1d964767d605acd465282294e7578970
Classification of Customers by region,تصنيف العملاء حسب المنطقة,quorum-confirmed-payload,AI draft; requires independent A1/A2/A3 quorum before release.,stage6-W6-5 Setup owner-approved 2026-09-24,7b0a4215c710d0c7f9469ee76d3be7ea1d964767d605acd465282294e7578970
Clear Notifications,مسح الإشعارات,"preserved-site-override (not imported, plan §12)",Preserve the exact live v16.localhost Site Override; do not import or replace.,stage6-W6-5 Setup owner-approved 2026-09-24,7b0a4215c710d0c7f9469ee76d3be7ea1d964767d605acd465282294e7578970
Cold Calling,اتصال بارد,"preserved-site-override (not imported, plan §12)",Preserve the exact live v16.localhost Site Override; do not import or replace.,stage6-W6-5 Setup owner-approved 2026-09-24,7b0a4215c710d0c7f9469ee76d3be7ea1d964767d605acd465282294e7578970
Company Details,تفاصيل الشركة,"preserved-site-override (not imported, plan §12)",Preserve the exact live v16.localhost Site Override; do not import or replace.,stage6-W6-5 Setup owner-approved 2026-09-24,7b0a4215c710d0c7f9469ee76d3be7ea1d964767d605acd465282294e7578970
Company {} does not exist yet. Taxes setup aborted.,الشركة {} غير موجودة بعد. تم إلغاء إعداد الضرائب.,quorum-confirmed-payload,AI draft; requires independent A1/A2/A3 quorum before release.,stage6-W6-5 Setup owner-approved 2026-09-24,7b0a4215c710d0c7f9469ee76d3be7ea1d964767d605acd465282294e7578970
Consulting,الاستشارات,quorum-confirmed-payload,AI draft; requires independent A1/A2/A3 quorum before release.,stage6-W6-5 Setup owner-approved 2026-09-24,7b0a4215c710d0c7f9469ee76d3be7ea1d964767d605acd465282294e7578970
Consumer Products,المنتجات الاستهلاكية,quorum-confirmed-payload,AI draft; requires independent A1/A2/A3 quorum before release.,stage6-W6-5 Setup owner-approved 2026-09-24,7b0a4215c710d0c7f9469ee76d3be7ea1d964767d605acd465282294e7578970
Cosmetics,مستحضرات التجميل,quorum-confirmed-payload,AI draft; requires independent A1/A2/A3 quorum before release.,stage6-W6-5 Setup owner-approved 2026-09-24,7b0a4215c710d0c7f9469ee76d3be7ea1d964767d605acd465282294e7578970
Cost and Freight,التكلفة وأجور الشحن,quorum-confirmed-payload,AI draft; requires independent A1/A2/A3 quorum before release.,stage6-W6-5 Setup owner-approved 2026-09-24,7b0a4215c710d0c7f9469ee76d3be7ea1d964767d605acd465282294e7578970
Cost to Company (CTC),التكلفة على الشركة,"preserved-site-override (not imported, plan §12)",Preserve the exact live v16.localhost Site Override; do not import or replace.,stage6-W6-5 Setup owner-approved 2026-09-24,7b0a4215c710d0c7f9469ee76d3be7ea1d964767d605acd465282294e7578970
"Cost, Insurance and Freight",التكلفة والتأمين وأجور الشحن,quorum-confirmed-payload,AI draft; requires independent A1/A2/A3 quorum before release.,stage6-W6-5 Setup owner-approved 2026-09-24,7b0a4215c710d0c7f9469ee76d3be7ea1d964767d605acd465282294e7578970
Could Not Delete Demo Data,تعذر حذف البيانات التجريبية,quorum-confirmed-payload,AI draft; requires independent A1/A2/A3 quorum before release.,stage6-W6-5 Setup owner-approved 2026-09-24,7b0a4215c710d0c7f9469ee76d3be7ea1d964767d605acd465282294e7578970
Coulomb,كولوم,quorum-confirmed-payload,AI draft; requires independent A1/A2/A3 quorum before release.,stage6-W6-5 Setup owner-approved 2026-09-24,7b0a4215c710d0c7f9469ee76d3be7ea1d964767d605acd465282294e7578970
Creating User...,جارٍ إنشاء المستخدم...,quorum-confirmed-payload,AI draft; requires independent A1/A2/A3 quorum before release.,stage6-W6-5 Setup owner-approved 2026-09-24,7b0a4215c710d0c7f9469ee76d3be7ea1d964767d605acd465282294e7578970
Cross Listing of Item in multiple groups,إدراج الصنف في مجموعات متعددة,quorum-confirmed-payload,AI draft; requires independent A1/A2/A3 quorum before release.,stage6-W6-5 Setup owner-approved 2026-09-24,7b0a4215c710d0c7f9469ee76d3be7ea1d964767d605acd465282294e7578970
Cubic Centimeter,سنتيمتر مكعب,quorum-confirmed-payload,AI draft; requires independent A1/A2/A3 quorum before release.,stage6-W6-5 Setup owner-approved 2026-09-24,7b0a4215c710d0c7f9469ee76d3be7ea1d964767d605acd465282294e7578970
Cubic Decimeter,ديسيمتر مكعب,quorum-confirmed-payload,AI draft; requires independent A1/A2/A3 quorum before release.,stage6-W6-5 Setup owner-approved 2026-09-24,7b0a4215c710d0c7f9469ee76d3be7ea1d964767d605acd465282294e7578970
Cubic Foot,قدم مكعب,quorum-confirmed-payload,AI draft; requires independent A1/A2/A3 quorum before release.,stage6-W6-5 Setup owner-approved 2026-09-24,7b0a4215c710d0c7f9469ee76d3be7ea1d964767d605acd465282294e7578970
Cubic Inch,بوصة مكعبة,quorum-confirmed-payload,AI draft; requires independent A1/A2/A3 quorum before release.,stage6-W6-5 Setup owner-approved 2026-09-24,7b0a4215c710d0c7f9469ee76d3be7ea1d964767d605acd465282294e7578970
Cubic Meter,متر مكعب,quorum-confirmed-payload,AI draft; requires independent A1/A2/A3 quorum before release.,stage6-W6-5 Setup owner-approved 2026-09-24,7b0a4215c710d0c7f9469ee76d3be7ea1d964767d605acd465282294e7578970
Cubic Millimeter,مليمتر مكعب,quorum-confirmed-payload,AI draft; requires independent A1/A2/A3 quorum before release.,stage6-W6-5 Setup owner-approved 2026-09-24,7b0a4215c710d0c7f9469ee76d3be7ea1d964767d605acd465282294e7578970
Cubic Yard,ياردة مكعبة,quorum-confirmed-payload,AI draft; requires independent A1/A2/A3 quorum before release.,stage6-W6-5 Setup owner-approved 2026-09-24,7b0a4215c710d0c7f9469ee76d3be7ea1d964767d605acd465282294e7578970
Cup,كوب,quorum-confirmed-payload,AI draft; requires independent A1/A2/A3 quorum before release.,stage6-W6-5 Setup owner-approved 2026-09-24,7b0a4215c710d0c7f9469ee76d3be7ea1d964767d605acd465282294e7578970
Customer / Item / Item Group,العميل / الصنف / مجموعة الأصناف,quorum-confirmed-payload,AI draft; requires independent A1/A2/A3 quorum before release.,stage6-W6-5 Setup owner-approved 2026-09-24,7b0a4215c710d0c7f9469ee76d3be7ea1d964767d605acd465282294e7578970
Customer Service Representative,ممثل خدمة العملاء,"preserved-site-override (not imported, plan §12)",Preserve the exact live v16.localhost Site Override; do not import or replace.,stage6-W6-5 Setup owner-approved 2026-09-24,7b0a4215c710d0c7f9469ee76d3be7ea1d964767d605acd465282294e7578970
Customer's Vendor,مورد العميل,quorum-confirmed-payload,AI draft; requires independent A1/A2/A3 quorum before release.,stage6-W6-5 Setup owner-approved 2026-09-24,7b0a4215c710d0c7f9469ee76d3be7ea1d964767d605acd465282294e7578970
Cycle/Second,دورة/ثانية,quorum-confirmed-payload,AI draft; requires independent A1/A2/A3 quorum before release.,stage6-W6-5 Setup owner-approved 2026-09-24,7b0a4215c710d0c7f9469ee76d3be7ea1d964767d605acd465282294e7578970
Date of Birth,تاريخ الميلاد,"preserved-site-override (not imported, plan §12)",Preserve the exact live v16.localhost Site Override; do not import or replace.,stage6-W6-5 Setup owner-approved 2026-09-24,7b0a4215c710d0c7f9469ee76d3be7ea1d964767d605acd465282294e7578970
Date of Joining,تاريخ الانضمام,"preserved-site-override (not imported, plan §12)",Preserve the exact live v16.localhost Site Override; do not import or replace.,stage6-W6-5 Setup owner-approved 2026-09-24,7b0a4215c710d0c7f9469ee76d3be7ea1d964767d605acd465282294e7578970
Dealer,تاجر,quorum-confirmed-payload,AI draft; requires independent A1/A2/A3 quorum before release.,stage6-W6-5 Setup owner-approved 2026-09-24,7b0a4215c710d0c7f9469ee76d3be7ea1d964767d605acd465282294e7578970
Decigram/Litre,ديسيجرام/لتر,quorum-confirmed-payload,AI draft; requires independent A1/A2/A3 quorum before release.,stage6-W6-5 Setup owner-approved 2026-09-24,7b0a4215c710d0c7f9469ee76d3be7ea1d964767d605acd465282294e7578970
Decilitre,ديسيلتر,quorum-confirmed-payload,AI draft; requires independent A1/A2/A3 quorum before release.,stage6-W6-5 Setup owner-approved 2026-09-24,7b0a4215c710d0c7f9469ee76d3be7ea1d964767d605acd465282294e7578970
Decimeter,ديسيمتر,quorum-confirmed-payload,AI draft; requires independent A1/A2/A3 quorum before release.,stage6-W6-5 Setup owner-approved 2026-09-24,7b0a4215c710d0c7f9469ee76d3be7ea1d964767d605acd465282294e7578970
Default Advance Paid Account,حساب الدفعات المقدمة المدفوعة الافتراضي,"preserved-site-override (not imported, plan §12)",Preserve the exact live v16.localhost Site Override; do not import or replace.,stage6-W6-5 Setup owner-approved 2026-09-24,7b0a4215c710d0c7f9469ee76d3be7ea1d964767d605acd465282294e7578970
Default Advance Received Account,حساب الدفعات المقدمة المستلمة الافتراضي,"preserved-site-override (not imported, plan §12)",Preserve the exact live v16.localhost Site Override; do not import or replace.,stage6-W6-5 Setup owner-approved 2026-09-24,7b0a4215c710d0c7f9469ee76d3be7ea1d964767d605acd465282294e7578970
Default In-Transit Warehouse,مستودع العبور الافتراضي,"preserved-site-override (not imported, plan §12)",Preserve the exact live v16.localhost Site Override; do not import or replace.,stage6-W6-5 Setup owner-approved 2026-09-24,7b0a4215c710d0c7f9469ee76d3be7ea1d964767d605acd465282294e7578970
Default Operating Cost Account,حساب تكلفة التشغيل الافتراضي,"preserved-site-override (not imported, plan §12)",Preserve the exact live v16.localhost Site Override; do not import or replace.,stage6-W6-5 Setup owner-approved 2026-09-24,7b0a4215c710d0c7f9469ee76d3be7ea1d964767d605acd465282294e7578970
Default Payment Discount Account,حساب خصم الدفع الافتراضي,"preserved-site-override (not imported, plan §12)",Preserve the exact live v16.localhost Site Override; do not import or replace.,stage6-W6-5 Setup owner-approved 2026-09-24,7b0a4215c710d0c7f9469ee76d3be7ea1d964767d605acd465282294e7578970
Default Provisional Account,الحساب المؤقت الافتراضي,"preserved-site-override (not imported, plan §12)",Preserve the exact live v16.localhost Site Override; do not import or replace.,stage6-W6-5 Setup owner-approved 2026-09-24,7b0a4215c710d0c7f9469ee76d3be7ea1d964767d605acd465282294e7578970
Default Sales Contact,جهة اتصال المبيعات الافتراضية,"preserved-site-override (not imported, plan §12)",Preserve the exact live v16.localhost Site Override; do not import or replace.,stage6-W6-5 Setup owner-approved 2026-09-24,7b0a4215c710d0c7f9469ee76d3be7ea1d964767d605acd465282294e7578970
Default Stock Valuation Method,طريقة تقييم المخزون الافتراضية,"preserved-site-override (not imported, plan §12)",Preserve the exact live v16.localhost Site Override; do not import or replace.,stage6-W6-5 Setup owner-approved 2026-09-24,7b0a4215c710d0c7f9469ee76d3be7ea1d964767d605acd465282294e7578970
"Default tax templates for sales, purchase and items are created.",تم إنشاء قوالب الضرائب الافتراضية للمبيعات والمشتريات والأصناف.,quorum-confirmed-payload,AI draft; requires independent A1/A2/A3 quorum before release.,stage6-W6-5 Setup owner-approved 2026-09-24,7b0a4215c710d0c7f9469ee76d3be7ea1d964767d605acd465282294e7578970
Defense,الصناعات الدفاعية,quorum-confirmed-payload,AI draft; requires independent A1/A2/A3 quorum before release.,stage6-W6-5 Setup owner-approved 2026-09-24,7b0a4215c710d0c7f9469ee76d3be7ea1d964767d605acd465282294e7578970
Deferred Accounting,المحاسبة المؤجلة,"preserved-site-override (not imported, plan §12)",Preserve the exact live v16.localhost Site Override; do not import or replace.,stage6-W6-5 Setup owner-approved 2026-09-24,7b0a4215c710d0c7f9469ee76d3be7ea1d964767d605acd465282294e7578970
Dekagram/Litre,ديكاجرام/لتر,quorum-confirmed-payload,AI draft; requires independent A1/A2/A3 quorum before release.,stage6-W6-5 Setup owner-approved 2026-09-24,7b0a4215c710d0c7f9469ee76d3be7ea1d964767d605acd465282294e7578970
Delete Bins,حذف الحاويات,"preserved-site-override (not imported, plan §12)",Preserve the exact live v16.localhost Site Override; do not import or replace.,stage6-W6-5 Setup owner-approved 2026-09-24,7b0a4215c710d0c7f9469ee76d3be7ea1d964767d605acd465282294e7578970
Delete Leads and Addresses,حذف العملاء المحتملين والعناوين,"preserved-site-override (not imported, plan §12)",Preserve the exact live v16.localhost Site Override; do not import or replace.,stage6-W6-5 Setup owner-approved 2026-09-24,7b0a4215c710d0c7f9469ee76d3be7ea1d964767d605acd465282294e7578970
Delete Transactions,حذف المعاملات,"preserved-site-override (not imported, plan §12)",Preserve the exact live v16.localhost Site Override; do not import or replace.,stage6-W6-5 Setup owner-approved 2026-09-24,7b0a4215c710d0c7f9469ee76d3be7ea1d964767d605acd465282294e7578970
Deleted Documents,المستندات المحذوفة,"preserved-site-override (not imported, plan §12)",Preserve the exact live v16.localhost Site Override; do not import or replace.,stage6-W6-5 Setup owner-approved 2026-09-24,7b0a4215c710d0c7f9469ee76d3be7ea1d964767d605acd465282294e7578970
Deletion in Progress!,الحذف جار!,"preserved-site-override (not imported, plan §12)",Preserve the exact live v16.localhost Site Override; do not import or replace.,stage6-W6-5 Setup owner-approved 2026-09-24,7b0a4215c710d0c7f9469ee76d3be7ea1d964767d605acd465282294e7578970
Delivered At Place,تسليم في المكان المحدد,quorum-confirmed-payload,AI draft; requires independent A1/A2/A3 quorum before release.,stage6-W6-5 Setup owner-approved 2026-09-24,7b0a4215c710d0c7f9469ee76d3be7ea1d964767d605acd465282294e7578970
Delivered At Place Unloaded,تسليم في المكان مع التفريغ,quorum-confirmed-payload,AI draft; requires independent A1/A2/A3 quorum before release.,stage6-W6-5 Setup owner-approved 2026-09-24,7b0a4215c710d0c7f9469ee76d3be7ea1d964767d605acd465282294e7578970
Delivered Duty Paid,تسليم مع دفع الرسوم الجمركية,quorum-confirmed-payload,AI draft; requires independent A1/A2/A3 quorum before release.,stage6-W6-5 Setup owner-approved 2026-09-24,7b0a4215c710d0c7f9469ee76d3be7ea1d964767d605acd465282294e7578970
Delivery Manager,مدير التسليم,"preserved-site-override (not imported, plan §12)",Preserve the exact live v16.localhost Site Override; do not import or replace.,stage6-W6-5 Setup owner-approved 2026-09-24,7b0a4215c710d0c7f9469ee76d3be7ea1d964767d605acd465282294e7578970
Delivery User,مستخدم التسليم,"preserved-site-override (not imported, plan §12)",Preserve the exact live v16.localhost Site Override; do not import or replace.,stage6-W6-5 Setup owner-approved 2026-09-24,7b0a4215c710d0c7f9469ee76d3be7ea1d964767d605acd465282294e7578970
Demo Bank Account,حساب مصرفي تجريبي,quorum-confirmed-payload,AI draft; requires independent A1/A2/A3 quorum before release.,stage6-W6-5 Setup owner-approved 2026-09-24,7b0a4215c710d0c7f9469ee76d3be7ea1d964767d605acd465282294e7578970
Demo Company,شركة تجريبية,quorum-confirmed-payload,AI draft; requires independent A1/A2/A3 quorum before release.,stage6-W6-5 Setup owner-approved 2026-09-24,7b0a4215c710d0c7f9469ee76d3be7ea1d964767d605acd465282294e7578970
Department Stores,متاجر الأقسام,"preserved-site-override (not imported, plan §12)",Preserve the exact live v16.localhost Site Override; do not import or replace.,stage6-W6-5 Setup owner-approved 2026-09-24,7b0a4215c710d0c7f9469ee76d3be7ea1d964767d605acd465282294e7578970
Designer,مصمم,quorum-confirmed-payload,AI draft; requires independent A1/A2/A3 quorum before release.,stage6-W6-5 Setup owner-approved 2026-09-24,7b0a4215c710d0c7f9469ee76d3be7ea1d964767d605acd465282294e7578970
DocTypes should not be added manually to the 'Excluded DocTypes' table. You are only allowed to remove entries from it.,لا ينبغي إضافة أنواع المستندات يدويًا إلى جدول 'أنواع المستندات المستبعدة'. يُسمح لك فقط بحذف الإدخالات منه.,quorum-confirmed-payload,AI draft; requires independent A1/A2/A3 quorum before release.,stage6-W6-5 Setup owner-approved 2026-09-24,7b0a4215c710d0c7f9469ee76d3be7ea1d964767d605acd465282294e7578970
Documentation,التوثيق,quorum-confirmed-payload,AI draft; requires independent A1/A2/A3 quorum before release.,stage6-W6-5 Setup owner-approved 2026-09-24,7b0a4215c710d0c7f9469ee76d3be7ea1d964767d605acd465282294e7578970
Dram,درام,quorum-confirmed-payload,AI draft; requires independent A1/A2/A3 quorum before release.,stage6-W6-5 Setup owner-approved 2026-09-24,7b0a4215c710d0c7f9469ee76d3be7ea1d964767d605acd465282294e7578970
Dyne,داين,quorum-confirmed-payload,AI draft; requires independent A1/A2/A3 quorum before release.,stage6-W6-5 Setup owner-approved 2026-09-24,7b0a4215c710d0c7f9469ee76d3be7ea1d964767d605acd465282294e7578970
EMU Of Charge,وحدة كهرومغناطيسية للشحنة,quorum-confirmed-payload,AI draft; requires independent A1/A2/A3 quorum before release.,stage6-W6-5 Setup owner-approved 2026-09-24,7b0a4215c710d0c7f9469ee76d3be7ea1d964767d605acd465282294e7578970
EMU of current,وحدة كهرومغناطيسية للتيار,quorum-confirmed-payload,AI draft; requires independent A1/A2/A3 quorum before release.,stage6-W6-5 Setup owner-approved 2026-09-24,7b0a4215c710d0c7f9469ee76d3be7ea1d964767d605acd465282294e7578970
Electronics,الإلكترونيات,quorum-confirmed-payload,AI draft; requires independent A1/A2/A3 quorum before release.,stage6-W6-5 Setup owner-approved 2026-09-24,7b0a4215c710d0c7f9469ee76d3be7ea1d964767d605acd465282294e7578970
Ells (UK),إلس (بريطاني),quorum-confirmed-payload,AI draft; requires independent A1/A2/A3 quorum before release.,stage6-W6-5 Setup owner-approved 2026-09-24,7b0a4215c710d0c7f9469ee76d3be7ea1d964767d605acd465282294e7578970
Email Digest Recipient,مستلم ملخص البريد,"preserved-site-override (not imported, plan §12)",Preserve the exact live v16.localhost Site Override; do not import or replace.,stage6-W6-5 Setup owner-approved 2026-09-24,7b0a4215c710d0c7f9469ee76d3be7ea1d964767d605acd465282294e7578970
Email Digest: {0},ملخص البريد: {0},"preserved-site-override (not imported, plan §12)",Preserve the exact live v16.localhost Site Override; do not import or replace.,stage6-W6-5 Setup owner-approved 2026-09-24,7b0a4215c710d0c7f9469ee76d3be7ea1d964767d605acd465282294e7578970
Employee Exit,خروج الموظف,"preserved-site-override (not imported, plan §12)",Preserve the exact live v16.localhost Site Override; do not import or replace.,stage6-W6-5 Setup owner-approved 2026-09-24,7b0a4215c710d0c7f9469ee76d3be7ea1d964767d605acd465282294e7578970
Employee Number,رقم الموظف,"preserved-site-override (not imported, plan §12)",Preserve the exact live v16.localhost Site Override; do not import or replace.,stage6-W6-5 Setup owner-approved 2026-09-24,7b0a4215c710d0c7f9469ee76d3be7ea1d964767d605acd465282294e7578970
Ems(Pica),إمس (بيكا),quorum-confirmed-payload,AI draft; requires independent A1/A2/A3 quorum before release.,stage6-W6-5 Setup owner-approved 2026-09-24,7b0a4215c710d0c7f9469ee76d3be7ea1d964767d605acd465282294e7578970
Enable Item-wise Inventory Account,تمكين حساب المخزون حسب الصنف,"preserved-site-override (not imported, plan §12)",Preserve the exact live v16.localhost Site Override; do not import or replace.,stage6-W6-5 Setup owner-approved 2026-09-24,7b0a4215c710d0c7f9469ee76d3be7ea1d964767d605acd465282294e7578970
Enable Provisional Accounting For Non Stock Items,تفعيل المحاسبة التقديرية للأصناف غير المخزنية,quorum-confirmed-payload,AI draft; requires independent A1/A2/A3 quorum before release.,stage6-W6-5 Setup owner-approved 2026-09-24,7b0a4215c710d0c7f9469ee76d3be7ea1d964767d605acd465282294e7578970
Encashment Date,تاريخ الصرف النقدي,quorum-confirmed-payload,AI draft; requires independent A1/A2/A3 quorum before release.,stage6-W6-5 Setup owner-approved 2026-09-24,7b0a4215c710d0c7f9469ee76d3be7ea1d964767d605acd465282294e7578970
Energy,الطاقة,quorum-confirmed-payload,AI draft; requires independent A1/A2/A3 quorum before release.,stage6-W6-5 Setup owner-approved 2026-09-24,7b0a4215c710d0c7f9469ee76d3be7ea1d964767d605acd465282294e7578970
Engineer,مهندس,quorum-confirmed-payload,AI draft; requires independent A1/A2/A3 quorum before release.,stage6-W6-5 Setup owner-approved 2026-09-24,7b0a4215c710d0c7f9469ee76d3be7ea1d964767d605acd465282294e7578970
Enter a name for this Holiday List.,أدخل اسمًا لقائمة العطلات هذه.,quorum-confirmed-payload,AI draft; requires independent A1/A2/A3 quorum before release.,stage6-W6-5 Setup owner-approved 2026-09-24,7b0a4215c710d0c7f9469ee76d3be7ea1d964767d605acd465282294e7578970
Entertainment & Leisure,الترفيه والتسلية,quorum-confirmed-payload,AI draft; requires independent A1/A2/A3 quorum before release.,stage6-W6-5 Setup owner-approved 2026-09-24,7b0a4215c710d0c7f9469ee76d3be7ea1d964767d605acd465282294e7578970
Erg,إرج,quorum-confirmed-payload,AI draft; requires independent A1/A2/A3 quorum before release.,stage6-W6-5 Setup owner-approved 2026-09-24,7b0a4215c710d0c7f9469ee76d3be7ea1d964767d605acd465282294e7578970
Ex Works,تسليم المصنع,"preserved-site-override (not imported, plan §12)",Preserve the exact live v16.localhost Site Override; do not import or replace.,stage6-W6-5 Setup owner-approved 2026-09-24,7b0a4215c710d0c7f9469ee76d3be7ea1d964767d605acd465282294e7578970
Exchange Gain / Loss,ربح/خسارة الصرف,"preserved-site-override (not imported, plan §12)",Preserve the exact live v16.localhost Site Override; do not import or replace.,stage6-W6-5 Setup owner-approved 2026-09-24,7b0a4215c710d0c7f9469ee76d3be7ea1d964767d605acd465282294e7578970
Exchange Rate Revaluation Settings,إعدادات إعادة تقييم سعر الصرف,"preserved-site-override (not imported, plan §12)",Preserve the exact live v16.localhost Site Override; do not import or replace.,stage6-W6-5 Setup owner-approved 2026-09-24,7b0a4215c710d0c7f9469ee76d3be7ea1d964767d605acd465282294e7578970
Excluded DocTypes,أنواع المستندات المستثناة,"preserved-site-override (not imported, plan §12)",Preserve the exact live v16.localhost Site Override; do not import or replace.,stage6-W6-5 Setup owner-approved 2026-09-24,7b0a4215c710d0c7f9469ee76d3be7ea1d964767d605acd465282294e7578970
Executive Assistant,مساعد تنفيذي,"preserved-site-override (not imported, plan §12)",Preserve the exact live v16.localhost Site Override; do not import or replace.,stage6-W6-5 Setup owner-approved 2026-09-24,7b0a4215c710d0c7f9469ee76d3be7ea1d964767d605acd465282294e7578970
Executive Search,استقطاب الكفاءات التنفيذية,quorum-confirmed-payload,AI draft; requires independent A1/A2/A3 quorum before release.,stage6-W6-5 Setup owner-approved 2026-09-24,7b0a4215c710d0c7f9469ee76d3be7ea1d964767d605acd465282294e7578970
Exhibition,معرض,quorum-confirmed-payload,AI draft; requires independent A1/A2/A3 quorum before release.,stage6-W6-5 Setup owner-approved 2026-09-24,7b0a4215c710d0c7f9469ee76d3be7ea1d964767d605acd465282294e7578970
Existing Customer,عميل حالي,quorum-confirmed-payload,AI draft; requires independent A1/A2/A3 quorum before release.,stage6-W6-5 Setup owner-approved 2026-09-24,7b0a4215c710d0c7f9469ee76d3be7ea1d964767d605acd465282294e7578970
FIFO,الأول داخل أول خارج,"preserved-site-override (not imported, plan §12)",Preserve the exact live v16.localhost Site Override; do not import or replace.,stage6-W6-5 Setup owner-approved 2026-09-24,7b0a4215c710d0c7f9469ee76d3be7ea1d964767d605acd465282294e7578970
Fahrenheit,فهرنهايت,quorum-confirmed-payload,AI draft; requires independent A1/A2/A3 quorum before release.,stage6-W6-5 Setup owner-approved 2026-09-24,7b0a4215c710d0c7f9469ee76d3be7ea1d964767d605acd465282294e7578970
"Failed to erase demo data, please delete the demo company manually.",فشل مسح البيانات التجريبية، يُرجى حذف الشركة التجريبية يدويًا.,quorum-confirmed-payload,AI draft; requires independent A1/A2/A3 quorum before release.,stage6-W6-5 Setup owner-approved 2026-09-24,7b0a4215c710d0c7f9469ee76d3be7ea1d964767d605acd465282294e7578970
Failed to setup defaults for country {0}. Please contact support.,فشل إعداد الإعدادات الافتراضية للبلد {0}. يُرجى الاتصال بالدعم الفني.,quorum-confirmed-payload,AI draft; requires independent A1/A2/A3 quorum before release.,stage6-W6-5 Setup owner-approved 2026-09-24,7b0a4215c710d0c7f9469ee76d3be7ea1d964767d605acd465282294e7578970
Faraday,فاراداي,quorum-confirmed-payload,AI draft; requires independent A1/A2/A3 quorum before release.,stage6-W6-5 Setup owner-approved 2026-09-24,7b0a4215c710d0c7f9469ee76d3be7ea1d964767d605acd465282294e7578970
Fathom,قامة,quorum-confirmed-payload,AI draft; requires independent A1/A2/A3 quorum before release.,stage6-W6-5 Setup owner-approved 2026-09-24,7b0a4215c710d0c7f9469ee76d3be7ea1d964767d605acd465282294e7578970
Finance Manager,مدير مالي,"preserved-site-override (not imported, plan §12)",Preserve the exact live v16.localhost Site Override; do not import or replace.,stage6-W6-5 Setup owner-approved 2026-09-24,7b0a4215c710d0c7f9469ee76d3be7ea1d964767d605acd465282294e7578970
Financial Services,الخدمات المالية,quorum-confirmed-payload,AI draft; requires independent A1/A2/A3 quorum before release.,stage6-W6-5 Setup owner-approved 2026-09-24,7b0a4215c710d0c7f9469ee76d3be7ea1d964767d605acd465282294e7578970
Fixed Asset Defaults,إعدادات الأصول الثابتة الافتراضية,"preserved-site-override (not imported, plan §12)",Preserve the exact live v16.localhost Site Override; do not import or replace.,stage6-W6-5 Setup owner-approved 2026-09-24,7b0a4215c710d0c7f9469ee76d3be7ea1d964767d605acd465282294e7578970
Fluid Ounce (UK),أونصة سائلة (بريطانية),quorum-confirmed-payload,AI draft; requires independent A1/A2/A3 quorum before release.,stage6-W6-5 Setup owner-approved 2026-09-24,7b0a4215c710d0c7f9469ee76d3be7ea1d964767d605acd465282294e7578970
Fluid Ounce (US),أونصة سائلة (أمريكية),quorum-confirmed-payload,AI draft; requires independent A1/A2/A3 quorum before release.,stage6-W6-5 Setup owner-approved 2026-09-24,7b0a4215c710d0c7f9469ee76d3be7ea1d964767d605acd465282294e7578970
"Food, Beverage & Tobacco",الأغذية والمشروبات والتبغ,quorum-confirmed-payload,AI draft; requires independent A1/A2/A3 quorum before release.,stage6-W6-5 Setup owner-approved 2026-09-24,7b0a4215c710d0c7f9469ee76d3be7ea1d964767d605acd465282294e7578970
Foot,قدم,quorum-confirmed-payload,AI draft; requires independent A1/A2/A3 quorum before release.,stage6-W6-5 Setup owner-approved 2026-09-24,7b0a4215c710d0c7f9469ee76d3be7ea1d964767d605acd465282294e7578970
Foot Of Water,قدم ماء,quorum-confirmed-payload,AI draft; requires independent A1/A2/A3 quorum before release.,stage6-W6-5 Setup owner-approved 2026-09-24,7b0a4215c710d0c7f9469ee76d3be7ea1d964767d605acd465282294e7578970
Foot/Minute,قدم/دقيقة,quorum-confirmed-payload,AI draft; requires independent A1/A2/A3 quorum before release.,stage6-W6-5 Setup owner-approved 2026-09-24,7b0a4215c710d0c7f9469ee76d3be7ea1d964767d605acd465282294e7578970
Foot/Second,قدم/ثانية,quorum-confirmed-payload,AI draft; requires independent A1/A2/A3 quorum before release.,stage6-W6-5 Setup owner-approved 2026-09-24,7b0a4215c710d0c7f9469ee76d3be7ea1d964767d605acd465282294e7578970
For service item,للصنف الخدمي,quorum-confirmed-payload,AI draft; requires independent A1/A2/A3 quorum before release.,stage6-W6-5 Setup owner-approved 2026-09-24,7b0a4215c710d0c7f9469ee76d3be7ea1d964767d605acd465282294e7578970
Frappe School,مدرسة فرابي,quorum-confirmed-payload,AI draft; requires independent A1/A2/A3 quorum before release.,stage6-W6-5 Setup owner-approved 2026-09-24,7b0a4215c710d0c7f9469ee76d3be7ea1d964767d605acd465282294e7578970
Free Alongside Ship,تسليم بجانب السفينة,quorum-confirmed-payload,AI draft; requires independent A1/A2/A3 quorum before release.,stage6-W6-5 Setup owner-approved 2026-09-24,7b0a4215c710d0c7f9469ee76d3be7ea1d964767d605acd465282294e7578970
Free Carrier,تسليم للناقل,quorum-confirmed-payload,AI draft; requires independent A1/A2/A3 quorum before release.,stage6-W6-5 Setup owner-approved 2026-09-24,7b0a4215c710d0c7f9469ee76d3be7ea1d964767d605acd465282294e7578970
Free On Board,تسليم على ظهر السفينة,quorum-confirmed-payload,AI draft; requires independent A1/A2/A3 quorum before release.,stage6-W6-5 Setup owner-approved 2026-09-24,7b0a4215c710d0c7f9469ee76d3be7ea1d964767d605acd465282294e7578970
Furlong,فرلونغ,quorum-confirmed-payload,AI draft; requires independent A1/A2/A3 quorum before release.,stage6-W6-5 Setup owner-approved 2026-09-24,7b0a4215c710d0c7f9469ee76d3be7ea1d964767d605acd465282294e7578970
Gallon (UK),جالون (بريطاني),quorum-confirmed-payload,AI draft; requires independent A1/A2/A3 quorum before release.,stage6-W6-5 Setup owner-approved 2026-09-24,7b0a4215c710d0c7f9469ee76d3be7ea1d964767d605acd465282294e7578970
Gallon Dry (US),جالون جاف (أمريكي),quorum-confirmed-payload,AI draft; requires independent A1/A2/A3 quorum before release.,stage6-W6-5 Setup owner-approved 2026-09-24,7b0a4215c710d0c7f9469ee76d3be7ea1d964767d605acd465282294e7578970
Gallon Liquid (US),جالون سائل (أمريكي),quorum-confirmed-payload,AI draft; requires independent A1/A2/A3 quorum before release.,stage6-W6-5 Setup owner-approved 2026-09-24,7b0a4215c710d0c7f9469ee76d3be7ea1d964767d605acd465282294e7578970
Gamma,غاما,quorum-confirmed-payload,AI draft; requires independent A1/A2/A3 quorum before release.,stage6-W6-5 Setup owner-approved 2026-09-24,7b0a4215c710d0c7f9469ee76d3be7ea1d964767d605acd465282294e7578970
Gauss,غاوس,quorum-confirmed-payload,AI draft; requires independent A1/A2/A3 quorum before release.,stage6-W6-5 Setup owner-approved 2026-09-24,7b0a4215c710d0c7f9469ee76d3be7ea1d964767d605acd465282294e7578970
Grain,حبة,quorum-confirmed-payload,AI draft; requires independent A1/A2/A3 quorum before release.,stage6-W6-5 Setup owner-approved 2026-09-24,7b0a4215c710d0c7f9469ee76d3be7ea1d964767d605acd465282294e7578970
Grain/Cubic Foot,حبة/قدم مكعب,quorum-confirmed-payload,AI draft; requires independent A1/A2/A3 quorum before release.,stage6-W6-5 Setup owner-approved 2026-09-24,7b0a4215c710d0c7f9469ee76d3be7ea1d964767d605acd465282294e7578970
Grain/Gallon (UK),حبة/جالون (بريطاني),quorum-confirmed-payload,AI draft; requires independent A1/A2/A3 quorum before release.,stage6-W6-5 Setup owner-approved 2026-09-24,7b0a4215c710d0c7f9469ee76d3be7ea1d964767d605acd465282294e7578970
Grain/Gallon (US),حبة/جالون (أمريكي),quorum-confirmed-payload,AI draft; requires independent A1/A2/A3 quorum before release.,stage6-W6-5 Setup owner-approved 2026-09-24,7b0a4215c710d0c7f9469ee76d3be7ea1d964767d605acd465282294e7578970
Gram,جرام,quorum-confirmed-payload,AI draft; requires independent A1/A2/A3 quorum before release.,stage6-W6-5 Setup owner-approved 2026-09-24,7b0a4215c710d0c7f9469ee76d3be7ea1d964767d605acd465282294e7578970
Gram-Force,,EXCEPTION-technical (keep vendor rendering; no translation),Technical UOM/force unit token; retain vendor rendering; no catalog release.,stage6-W6-5 Setup owner-approved 2026-09-24,7b0a4215c710d0c7f9469ee76d3be7ea1d964767d605acd465282294e7578970
Gram/Cubic Centimeter,جرام/سنتيمتر مكعب,quorum-confirmed-payload,AI draft; requires independent A1/A2/A3 quorum before release.,stage6-W6-5 Setup owner-approved 2026-09-24,7b0a4215c710d0c7f9469ee76d3be7ea1d964767d605acd465282294e7578970
Gram/Cubic Meter,جرام/متر مكعب,quorum-confirmed-payload,AI draft; requires independent A1/A2/A3 quorum before release.,stage6-W6-5 Setup owner-approved 2026-09-24,7b0a4215c710d0c7f9469ee76d3be7ea1d964767d605acd465282294e7578970
Gram/Cubic Millimeter,جرام/مليمتر مكعب,quorum-confirmed-payload,AI draft; requires independent A1/A2/A3 quorum before release.,stage6-W6-5 Setup owner-approved 2026-09-24,7b0a4215c710d0c7f9469ee76d3be7ea1d964767d605acd465282294e7578970
Gram/Litre,جرام/لتر,quorum-confirmed-payload,AI draft; requires independent A1/A2/A3 quorum before release.,stage6-W6-5 Setup owner-approved 2026-09-24,7b0a4215c710d0c7f9469ee76d3be7ea1d964767d605acd465282294e7578970
Grocery,البقالة والمواد الغذائية,quorum-confirmed-payload,AI draft; requires independent A1/A2/A3 quorum before release.,stage6-W6-5 Setup owner-approved 2026-09-24,7b0a4215c710d0c7f9469ee76d3be7ea1d964767d605acd465282294e7578970
Hand,شبر,quorum-confirmed-payload,AI draft; requires independent A1/A2/A3 quorum before release.,stage6-W6-5 Setup owner-approved 2026-09-24,7b0a4215c710d0c7f9469ee76d3be7ea1d964767d605acd465282294e7578970
Head of Marketing and Sales,رئيس التسويق والمبيعات,"preserved-site-override (not imported, plan §12)",Preserve the exact live v16.localhost Site Override; do not import or replace.,stage6-W6-5 Setup owner-approved 2026-09-24,7b0a4215c710d0c7f9469ee76d3be7ea1d964767d605acd465282294e7578970
Health Care,الرعاية الصحية,"preserved-site-override (not imported, plan §12)",Preserve the exact live v16.localhost Site Override; do not import or replace.,stage6-W6-5 Setup owner-approved 2026-09-24,7b0a4215c710d0c7f9469ee76d3be7ea1d964767d605acd465282294e7578970
Hectare,هكتار,quorum-confirmed-payload,AI draft; requires independent A1/A2/A3 quorum before release.,stage6-W6-5 Setup owner-approved 2026-09-24,7b0a4215c710d0c7f9469ee76d3be7ea1d964767d605acd465282294e7578970
Hectogram/Litre,هكتوجرام/لتر,quorum-confirmed-payload,AI draft; requires independent A1/A2/A3 quorum before release.,stage6-W6-5 Setup owner-approved 2026-09-24,7b0a4215c710d0c7f9469ee76d3be7ea1d964767d605acd465282294e7578970
Hectometer,هكتومتر,quorum-confirmed-payload,AI draft; requires independent A1/A2/A3 quorum before release.,stage6-W6-5 Setup owner-approved 2026-09-24,7b0a4215c710d0c7f9469ee76d3be7ea1d964767d605acd465282294e7578970
Hectopascal,هكتوباسكال,quorum-confirmed-payload,AI draft; requires independent A1/A2/A3 quorum before release.,stage6-W6-5 Setup owner-approved 2026-09-24,7b0a4215c710d0c7f9469ee76d3be7ea1d964767d605acd465282294e7578970
"Here, you can select a senior of this Employee. Based on this, Organization Chart will be populated.",هنا يمكنك تحديد المسؤول المباشر لهذا الموظف. وبناءً على ذلك، سيتم ملء الهيكل التنظيمي.,quorum-confirmed-payload,AI draft; requires independent A1/A2/A3 quorum before release.,stage6-W6-5 Setup owner-approved 2026-09-24,7b0a4215c710d0c7f9469ee76d3be7ea1d964767d605acd465282294e7578970
Hertz,هرتز,quorum-confirmed-payload,AI draft; requires independent A1/A2/A3 quorum before release.,stage6-W6-5 Setup owner-approved 2026-09-24,7b0a4215c710d0c7f9469ee76d3be7ea1d964767d605acd465282294e7578970
Holiday Date {0} added multiple times,تاريخ العطلة {0} تمت إضافته عدة مرات,quorum-confirmed-payload,AI draft; requires independent A1/A2/A3 quorum before release.,stage6-W6-5 Setup owner-approved 2026-09-24,7b0a4215c710d0c7f9469ee76d3be7ea1d964767d605acd465282294e7578970
Holidays,العطلات,"preserved-site-override (not imported, plan §12)",Preserve the exact live v16.localhost Site Override; do not import or replace.,stage6-W6-5 Setup owner-approved 2026-09-24,7b0a4215c710d0c7f9469ee76d3be7ea1d964767d605acd465282294e7578970
Horsepower,حصان,quorum-confirmed-payload,AI draft; requires independent A1/A2/A3 quorum before release.,stage6-W6-5 Setup owner-approved 2026-09-24,7b0a4215c710d0c7f9469ee76d3be7ea1d964767d605acd465282294e7578970
Horsepower-Hours,,EXCEPTION-technical (keep vendor rendering; no translation),Technical UOM/force unit token; retain vendor rendering; no catalog release.,stage6-W6-5 Setup owner-approved 2026-09-24,7b0a4215c710d0c7f9469ee76d3be7ea1d964767d605acd465282294e7578970
Hour,ساعة,quorum-confirmed-payload,AI draft; requires independent A1/A2/A3 quorum before release.,stage6-W6-5 Setup owner-approved 2026-09-24,7b0a4215c710d0c7f9469ee76d3be7ea1d964767d605acd465282294e7578970
Hundredweight (UK),قنطار (بريطاني),quorum-confirmed-payload,AI draft; requires independent A1/A2/A3 quorum before release.,stage6-W6-5 Setup owner-approved 2026-09-24,7b0a4215c710d0c7f9469ee76d3be7ea1d964767d605acd465282294e7578970
Hundredweight (US),قنطار (أمريكي),quorum-confirmed-payload,AI draft; requires independent A1/A2/A3 quorum before release.,stage6-W6-5 Setup owner-approved 2026-09-24,7b0a4215c710d0c7f9469ee76d3be7ea1d964767d605acd465282294e7578970
Iches Of Water,بوصة ماء,quorum-confirmed-payload,AI draft; requires independent A1/A2/A3 quorum before release.,stage6-W6-5 Setup owner-approved 2026-09-24,7b0a4215c710d0c7f9469ee76d3be7ea1d964767d605acd465282294e7578970
Implementation Partner,شريك التنفيذ,quorum-confirmed-payload,AI draft; requires independent A1/A2/A3 quorum before release.,stage6-W6-5 Setup owner-approved 2026-09-24,7b0a4215c710d0c7f9469ee76d3be7ea1d964767d605acd465282294e7578970
Import Data,استيراد البيانات,"preserved-site-override (not imported, plan §12)",Preserve the exact live v16.localhost Site Override; do not import or replace.,stage6-W6-5 Setup owner-approved 2026-09-24,7b0a4215c710d0c7f9469ee76d3be7ea1d964767d605acd465282294e7578970
Inch,بوصة,quorum-confirmed-payload,AI draft; requires independent A1/A2/A3 quorum before release.,stage6-W6-5 Setup owner-approved 2026-09-24,7b0a4215c710d0c7f9469ee76d3be7ea1d964767d605acd465282294e7578970
Inch Pound-Force,بوصة رطل-قوة,quorum-confirmed-payload,AI draft; requires independent A1/A2/A3 quorum before release.,stage6-W6-5 Setup owner-approved 2026-09-24,7b0a4215c710d0c7f9469ee76d3be7ea1d964767d605acd465282294e7578970
Inch/Minute,بوصة/دقيقة,quorum-confirmed-payload,AI draft; requires independent A1/A2/A3 quorum before release.,stage6-W6-5 Setup owner-approved 2026-09-24,7b0a4215c710d0c7f9469ee76d3be7ea1d964767d605acd465282294e7578970
Inch/Second,بوصة/ثانية,quorum-confirmed-payload,AI draft; requires independent A1/A2/A3 quorum before release.,stage6-W6-5 Setup owner-approved 2026-09-24,7b0a4215c710d0c7f9469ee76d3be7ea1d964767d605acd465282294e7578970
Inches Of Mercury,بوصة زئبق,quorum-confirmed-payload,AI draft; requires independent A1/A2/A3 quorum before release.,stage6-W6-5 Setup owner-approved 2026-09-24,7b0a4215c710d0c7f9469ee76d3be7ea1d964767d605acd465282294e7578970
Initialize Summary Table,تهيئة جدول الملخص,"preserved-site-override (not imported, plan §12)",Preserve the exact live v16.localhost Site Override; do not import or replace.,stage6-W6-5 Setup owner-approved 2026-09-24,7b0a4215c710d0c7f9469ee76d3be7ea1d964767d605acd465282294e7578970
Internal,داخلي,"preserved-site-override (not imported, plan §12)",Preserve the exact live v16.localhost Site Override; do not import or replace.,stage6-W6-5 Setup owner-approved 2026-09-24,7b0a4215c710d0c7f9469ee76d3be7ea1d964767d605acd465282294e7578970
Internet Publishing,النشر عبر الإنترنت,quorum-confirmed-payload,AI draft; requires independent A1/A2/A3 quorum before release.,stage6-W6-5 Setup owner-approved 2026-09-24,7b0a4215c710d0c7f9469ee76d3be7ea1d964767d605acd465282294e7578970
Investment Banking,الخدمات المصرفية الاستثمارية,quorum-confirmed-payload,AI draft; requires independent A1/A2/A3 quorum before release.,stage6-W6-5 Setup owner-approved 2026-09-24,7b0a4215c710d0c7f9469ee76d3be7ea1d964767d605acd465282294e7578970
Is Half Day,نصف يوم,"preserved-site-override (not imported, plan §12)",Preserve the exact live v16.localhost Site Override; do not import or replace.,stage6-W6-5 Setup owner-approved 2026-09-24,7b0a4215c710d0c7f9469ee76d3be7ea1d964767d605acd465282294e7578970
Item Group wise Discount,خصم حسب مجموعة الأصناف,"preserved-site-override (not imported, plan §12)",Preserve the exact live v16.localhost Site Override; do not import or replace.,stage6-W6-5 Setup owner-approved 2026-09-24,7b0a4215c710d0c7f9469ee76d3be7ea1d964767d605acd465282294e7578970
Joining,الانضمام,"preserved-site-override (not imported, plan §12)",Preserve the exact live v16.localhost Site Override; do not import or replace.,stage6-W6-5 Setup owner-approved 2026-09-24,7b0a4215c710d0c7f9469ee76d3be7ea1d964767d605acd465282294e7578970
Joule,جول,quorum-confirmed-payload,AI draft; requires independent A1/A2/A3 quorum before release.,stage6-W6-5 Setup owner-approved 2026-09-24,7b0a4215c710d0c7f9469ee76d3be7ea1d964767d605acd465282294e7578970
Joule/Meter,جول/متر,quorum-confirmed-payload,AI draft; requires independent A1/A2/A3 quorum before release.,stage6-W6-5 Setup owner-approved 2026-09-24,7b0a4215c710d0c7f9469ee76d3be7ea1d964767d605acd465282294e7578970
Kelvin,كلفن,quorum-confirmed-payload,AI draft; requires independent A1/A2/A3 quorum before release.,stage6-W6-5 Setup owner-approved 2026-09-24,7b0a4215c710d0c7f9469ee76d3be7ea1d964767d605acd465282294e7578970
Kg,كجم,quorum-confirmed-payload,AI draft; requires independent A1/A2/A3 quorum before release.,stage6-W6-5 Setup owner-approved 2026-09-24,7b0a4215c710d0c7f9469ee76d3be7ea1d964767d605acd465282294e7578970
Kiloampere,كيلو أمبير,quorum-confirmed-payload,AI draft; requires independent A1/A2/A3 quorum before release.,stage6-W6-5 Setup owner-approved 2026-09-24,7b0a4215c710d0c7f9469ee76d3be7ea1d964767d605acd465282294e7578970
Kilocalorie,كيلو سعرة حرارية,quorum-confirmed-payload,AI draft; requires independent A1/A2/A3 quorum before release.,stage6-W6-5 Setup owner-approved 2026-09-24,7b0a4215c710d0c7f9469ee76d3be7ea1d964767d605acd465282294e7578970
Kilocoulomb,كيلو كولوم,quorum-confirmed-payload,AI draft; requires independent A1/A2/A3 quorum before release.,stage6-W6-5 Setup owner-approved 2026-09-24,7b0a4215c710d0c7f9469ee76d3be7ea1d964767d605acd465282294e7578970
Kilogram-Force,,EXCEPTION-technical (keep vendor rendering; no translation),Technical UOM/force unit token; retain vendor rendering; no catalog release.,stage6-W6-5 Setup owner-approved 2026-09-24,7b0a4215c710d0c7f9469ee76d3be7ea1d964767d605acd465282294e7578970
Kilogram/Cubic Centimeter,كيلوجرام/سنتيمتر مكعب,quorum-confirmed-payload,AI draft; requires independent A1/A2/A3 quorum before release.,stage6-W6-5 Setup owner-approved 2026-09-24,7b0a4215c710d0c7f9469ee76d3be7ea1d964767d605acd465282294e7578970
Kilogram/Cubic Meter,كيلوجرام/متر مكعب,quorum-confirmed-payload,AI draft; requires independent A1/A2/A3 quorum before release.,stage6-W6-5 Setup owner-approved 2026-09-24,7b0a4215c710d0c7f9469ee76d3be7ea1d964767d605acd465282294e7578970
Kilogram/Litre,كيلوجرام/لتر,quorum-confirmed-payload,AI draft; requires independent A1/A2/A3 quorum before release.,stage6-W6-5 Setup owner-approved 2026-09-24,7b0a4215c710d0c7f9469ee76d3be7ea1d964767d605acd465282294e7578970
Kilohertz,كيلوهرتز,quorum-confirmed-payload,AI draft; requires independent A1/A2/A3 quorum before release.,stage6-W6-5 Setup owner-approved 2026-09-24,7b0a4215c710d0c7f9469ee76d3be7ea1d964767d605acd465282294e7578970
Kilojoule,كيلوجول,quorum-confirmed-payload,AI draft; requires independent A1/A2/A3 quorum before release.,stage6-W6-5 Setup owner-approved 2026-09-24,7b0a4215c710d0c7f9469ee76d3be7ea1d964767d605acd465282294e7578970
Kilometer,كيلومتر,quorum-confirmed-payload,AI draft; requires independent A1/A2/A3 quorum before release.,stage6-W6-5 Setup owner-approved 2026-09-24,7b0a4215c710d0c7f9469ee76d3be7ea1d964767d605acd465282294e7578970
Kilometer/Hour,كيلومتر/ساعة,quorum-confirmed-payload,AI draft; requires independent A1/A2/A3 quorum before release.,stage6-W6-5 Setup owner-approved 2026-09-24,7b0a4215c710d0c7f9469ee76d3be7ea1d964767d605acd465282294e7578970
Kilopascal,كيلوباسكال,quorum-confirmed-payload,AI draft; requires independent A1/A2/A3 quorum before release.,stage6-W6-5 Setup owner-approved 2026-09-24,7b0a4215c710d0c7f9469ee76d3be7ea1d964767d605acd465282294e7578970
Kilopond,كيلوبوند,quorum-confirmed-payload,AI draft; requires independent A1/A2/A3 quorum before release.,stage6-W6-5 Setup owner-approved 2026-09-24,7b0a4215c710d0c7f9469ee76d3be7ea1d964767d605acd465282294e7578970
Kilopound-Force,,EXCEPTION-technical (keep vendor rendering; no translation),Technical UOM/force unit token; retain vendor rendering; no catalog release.,stage6-W6-5 Setup owner-approved 2026-09-24,7b0a4215c710d0c7f9469ee76d3be7ea1d964767d605acd465282294e7578970
Kilowatt,كيلوواط,quorum-confirmed-payload,AI draft; requires independent A1/A2/A3 quorum before release.,stage6-W6-5 Setup owner-approved 2026-09-24,7b0a4215c710d0c7f9469ee76d3be7ea1d964767d605acd465282294e7578970
Kilowatt-Hour,,EXCEPTION-technical (keep vendor rendering; no translation),Technical UOM/force unit token; retain vendor rendering; no catalog release.,stage6-W6-5 Setup owner-approved 2026-09-24,7b0a4215c710d0c7f9469ee76d3be7ea1d964767d605acd465282294e7578970
Kip,كيب,quorum-confirmed-payload,AI draft; requires independent A1/A2/A3 quorum before release.,stage6-W6-5 Setup owner-approved 2026-09-24,7b0a4215c710d0c7f9469ee76d3be7ea1d964767d605acd465282294e7578970
Knot,عقدة,quorum-confirmed-payload,AI draft; requires independent A1/A2/A3 quorum before release.,stage6-W6-5 Setup owner-approved 2026-09-24,7b0a4215c710d0c7f9469ee76d3be7ea1d964767d605acd465282294e7578970
LIFO,الأخير داخل أول خارج,"preserved-site-override (not imported, plan §12)",Preserve the exact live v16.localhost Site Override; do not import or replace.,stage6-W6-5 Setup owner-approved 2026-09-24,7b0a4215c710d0c7f9469ee76d3be7ea1d964767d605acd465282294e7578970
Legal Entity / Subsidiary with a separate Chart of Accounts belonging to the Organization.,كيان قانوني / شركة تابعة بدليل حسابات منفصل يتبع للمنظمة.,quorum-confirmed-payload,AI draft; requires independent A1/A2/A3 quorum before release.,stage6-W6-5 Setup owner-approved 2026-09-24,7b0a4215c710d0c7f9469ee76d3be7ea1d964767d605acd465282294e7578970
License Plate,لوحة المركبة,"preserved-site-override (not imported, plan §12)",Preserve the exact live v16.localhost Site Override; do not import or replace.,stage6-W6-5 Setup owner-approved 2026-09-24,7b0a4215c710d0c7f9469ee76d3be7ea1d964767d605acd465282294e7578970
Litre,لتر,quorum-confirmed-payload,AI draft; requires independent A1/A2/A3 quorum before release.,stage6-W6-5 Setup owner-approved 2026-09-24,7b0a4215c710d0c7f9469ee76d3be7ea1d964767d605acd465282294e7578970
Litre-Atmosphere,,EXCEPTION-technical (keep vendor rendering; no translation),Technical UOM/force unit token; retain vendor rendering; no catalog release.,stage6-W6-5 Setup owner-approved 2026-09-24,7b0a4215c710d0c7f9469ee76d3be7ea1d964767d605acd465282294e7578970
Manager,مدير,"preserved-site-override (not imported, plan §12)",Preserve the exact live v16.localhost Site Override; do not import or replace.,stage6-W6-5 Setup owner-approved 2026-09-24,7b0a4215c710d0c7f9469ee76d3be7ea1d964767d605acd465282294e7578970
Managing Director,العضو المنتدب,quorum-confirmed-payload,AI draft; requires independent A1/A2/A3 quorum before release.,stage6-W6-5 Setup owner-approved 2026-09-24,7b0a4215c710d0c7f9469ee76d3be7ea1d964767d605acd465282294e7578970
Marketing Specialist,أخصائي تسويق,"preserved-site-override (not imported, plan §12)",Preserve the exact live v16.localhost Site Override; do not import or replace.,stage6-W6-5 Setup owner-approved 2026-09-24,7b0a4215c710d0c7f9469ee76d3be7ea1d964767d605acd465282294e7578970
Mass Mailing,بريد جماعي,quorum-confirmed-payload,AI draft; requires independent A1/A2/A3 quorum before release.,stage6-W6-5 Setup owner-approved 2026-09-24,7b0a4215c710d0c7f9469ee76d3be7ea1d964767d605acd465282294e7578970
Megacoulomb,ميجا كولوم,quorum-confirmed-payload,AI draft; requires independent A1/A2/A3 quorum before release.,stage6-W6-5 Setup owner-approved 2026-09-24,7b0a4215c710d0c7f9469ee76d3be7ea1d964767d605acd465282294e7578970
Megagram/Litre,ميجاجرام/لتر,quorum-confirmed-payload,AI draft; requires independent A1/A2/A3 quorum before release.,stage6-W6-5 Setup owner-approved 2026-09-24,7b0a4215c710d0c7f9469ee76d3be7ea1d964767d605acd465282294e7578970
Megahertz,ميجاهرتز,quorum-confirmed-payload,AI draft; requires independent A1/A2/A3 quorum before release.,stage6-W6-5 Setup owner-approved 2026-09-24,7b0a4215c710d0c7f9469ee76d3be7ea1d964767d605acd465282294e7578970
Megajoule,ميجاجول,quorum-confirmed-payload,AI draft; requires independent A1/A2/A3 quorum before release.,stage6-W6-5 Setup owner-approved 2026-09-24,7b0a4215c710d0c7f9469ee76d3be7ea1d964767d605acd465282294e7578970
Megawatt,ميجاواط,quorum-confirmed-payload,AI draft; requires independent A1/A2/A3 quorum before release.,stage6-W6-5 Setup owner-approved 2026-09-24,7b0a4215c710d0c7f9469ee76d3be7ea1d964767d605acd465282294e7578970
Messaging CRM Campagin,حملة الرسائل في إدارة علاقات العملاء,quorum-confirmed-payload,AI draft; requires independent A1/A2/A3 quorum before release.,stage6-W6-5 Setup owner-approved 2026-09-24,7b0a4215c710d0c7f9469ee76d3be7ea1d964767d605acd465282294e7578970
Meter,متر,quorum-confirmed-payload,AI draft; requires independent A1/A2/A3 quorum before release.,stage6-W6-5 Setup owner-approved 2026-09-24,7b0a4215c710d0c7f9469ee76d3be7ea1d964767d605acd465282294e7578970
Meter Of Water,متر ماء,quorum-confirmed-payload,AI draft; requires independent A1/A2/A3 quorum before release.,stage6-W6-5 Setup owner-approved 2026-09-24,7b0a4215c710d0c7f9469ee76d3be7ea1d964767d605acd465282294e7578970
Meter/Second,متر/ثانية,quorum-confirmed-payload,AI draft; requires independent A1/A2/A3 quorum before release.,stage6-W6-5 Setup owner-approved 2026-09-24,7b0a4215c710d0c7f9469ee76d3be7ea1d964767d605acd465282294e7578970
Microbar,مايكروبار,quorum-confirmed-payload,AI draft; requires independent A1/A2/A3 quorum before release.,stage6-W6-5 Setup owner-approved 2026-09-24,7b0a4215c710d0c7f9469ee76d3be7ea1d964767d605acd465282294e7578970
Microgram,مايكروجرام,quorum-confirmed-payload,AI draft; requires independent A1/A2/A3 quorum before release.,stage6-W6-5 Setup owner-approved 2026-09-24,7b0a4215c710d0c7f9469ee76d3be7ea1d964767d605acd465282294e7578970
Microgram/Litre,مايكروجرام/لتر,quorum-confirmed-payload,AI draft; requires independent A1/A2/A3 quorum before release.,stage6-W6-5 Setup owner-approved 2026-09-24,7b0a4215c710d0c7f9469ee76d3be7ea1d964767d605acd465282294e7578970
Micrometer,مايكرومتر,quorum-confirmed-payload,AI draft; requires independent A1/A2/A3 quorum before release.,stage6-W6-5 Setup owner-approved 2026-09-24,7b0a4215c710d0c7f9469ee76d3be7ea1d964767d605acd465282294e7578970
Microsecond,مايكروثانية,quorum-confirmed-payload,AI draft; requires independent A1/A2/A3 quorum before release.,stage6-W6-5 Setup owner-approved 2026-09-24,7b0a4215c710d0c7f9469ee76d3be7ea1d964767d605acd465282294e7578970
Mile,ميل,quorum-confirmed-payload,AI draft; requires independent A1/A2/A3 quorum before release.,stage6-W6-5 Setup owner-approved 2026-09-24,7b0a4215c710d0c7f9469ee76d3be7ea1d964767d605acd465282294e7578970
Mile (Nautical),ميل (بحري),quorum-confirmed-payload,AI draft; requires independent A1/A2/A3 quorum before release.,stage6-W6-5 Setup owner-approved 2026-09-24,7b0a4215c710d0c7f9469ee76d3be7ea1d964767d605acd465282294e7578970
Mile/Hour,ميل/ساعة,quorum-confirmed-payload,AI draft; requires independent A1/A2/A3 quorum before release.,stage6-W6-5 Setup owner-approved 2026-09-24,7b0a4215c710d0c7f9469ee76d3be7ea1d964767d605acd465282294e7578970
Mile/Minute,ميل/دقيقة,quorum-confirmed-payload,AI draft; requires independent A1/A2/A3 quorum before release.,stage6-W6-5 Setup owner-approved 2026-09-24,7b0a4215c710d0c7f9469ee76d3be7ea1d964767d605acd465282294e7578970
Mile/Second,ميل/ثانية,quorum-confirmed-payload,AI draft; requires independent A1/A2/A3 quorum before release.,stage6-W6-5 Setup owner-approved 2026-09-24,7b0a4215c710d0c7f9469ee76d3be7ea1d964767d605acd465282294e7578970
Milibar,ميليبار,quorum-confirmed-payload,AI draft; requires independent A1/A2/A3 quorum before release.,stage6-W6-5 Setup owner-approved 2026-09-24,7b0a4215c710d0c7f9469ee76d3be7ea1d964767d605acd465282294e7578970
Milliampere,ميلي أمبير,quorum-confirmed-payload,AI draft; requires independent A1/A2/A3 quorum before release.,stage6-W6-5 Setup owner-approved 2026-09-24,7b0a4215c710d0c7f9469ee76d3be7ea1d964767d605acd465282294e7578970
Millicoulomb,ميلي كولوم,quorum-confirmed-payload,AI draft; requires independent A1/A2/A3 quorum before release.,stage6-W6-5 Setup owner-approved 2026-09-24,7b0a4215c710d0c7f9469ee76d3be7ea1d964767d605acd465282294e7578970
Milligram,مليجرام,quorum-confirmed-payload,AI draft; requires independent A1/A2/A3 quorum before release.,stage6-W6-5 Setup owner-approved 2026-09-24,7b0a4215c710d0c7f9469ee76d3be7ea1d964767d605acd465282294e7578970
Milligram/Cubic Centimeter,مليجرام/سنتيمتر مكعب,quorum-confirmed-payload,AI draft; requires independent A1/A2/A3 quorum before release.,stage6-W6-5 Setup owner-approved 2026-09-24,7b0a4215c710d0c7f9469ee76d3be7ea1d964767d605acd465282294e7578970
Milligram/Cubic Meter,مليجرام/متر مكعب,quorum-confirmed-payload,AI draft; requires independent A1/A2/A3 quorum before release.,stage6-W6-5 Setup owner-approved 2026-09-24,7b0a4215c710d0c7f9469ee76d3be7ea1d964767d605acd465282294e7578970
Milligram/Cubic Millimeter,مليجرام/مليمتر مكعب,quorum-confirmed-payload,AI draft; requires independent A1/A2/A3 quorum before release.,stage6-W6-5 Setup owner-approved 2026-09-24,7b0a4215c710d0c7f9469ee76d3be7ea1d964767d605acd465282294e7578970
Milligram/Litre,مليجرام/لتر,quorum-confirmed-payload,AI draft; requires independent A1/A2/A3 quorum before release.,stage6-W6-5 Setup owner-approved 2026-09-24,7b0a4215c710d0c7f9469ee76d3be7ea1d964767d605acd465282294e7578970
Millihertz,ميلي هرتز,quorum-confirmed-payload,AI draft; requires independent A1/A2/A3 quorum before release.,stage6-W6-5 Setup owner-approved 2026-09-24,7b0a4215c710d0c7f9469ee76d3be7ea1d964767d605acd465282294e7578970
Millilitre,مليلتر,quorum-confirmed-payload,AI draft; requires independent A1/A2/A3 quorum before release.,stage6-W6-5 Setup owner-approved 2026-09-24,7b0a4215c710d0c7f9469ee76d3be7ea1d964767d605acd465282294e7578970
Millimeter,مليمتر,quorum-confirmed-payload,AI draft; requires independent A1/A2/A3 quorum before release.,stage6-W6-5 Setup owner-approved 2026-09-24,7b0a4215c710d0c7f9469ee76d3be7ea1d964767d605acd465282294e7578970
Millimeter Of Mercury,مليمتر زئبق,quorum-confirmed-payload,AI draft; requires independent A1/A2/A3 quorum before release.,stage6-W6-5 Setup owner-approved 2026-09-24,7b0a4215c710d0c7f9469ee76d3be7ea1d964767d605acd465282294e7578970
Millimeter Of Water,مليمتر ماء,quorum-confirmed-payload,AI draft; requires independent A1/A2/A3 quorum before release.,stage6-W6-5 Setup owner-approved 2026-09-24,7b0a4215c710d0c7f9469ee76d3be7ea1d964767d605acd465282294e7578970
Millisecond,ميلي ثانية,quorum-confirmed-payload,AI draft; requires independent A1/A2/A3 quorum before release.,stage6-W6-5 Setup owner-approved 2026-09-24,7b0a4215c710d0c7f9469ee76d3be7ea1d964767d605acd465282294e7578970
Model,الطراز,"preserved-site-override (not imported, plan §12)",Preserve the exact live v16.localhost Site Override; do not import or replace.,stage6-W6-5 Setup owner-approved 2026-09-24,7b0a4215c710d0c7f9469ee76d3be7ea1d964767d605acd465282294e7578970
Motion Picture & Video,الإنتاج السينمائي والفيديو,quorum-confirmed-payload,AI draft; requires independent A1/A2/A3 quorum before release.,stage6-W6-5 Setup owner-approved 2026-09-24,7b0a4215c710d0c7f9469ee76d3be7ea1d964767d605acd465282294e7578970
Music,الموسيقى والإنتاج الصوتي,quorum-confirmed-payload,AI draft; requires independent A1/A2/A3 quorum before release.,stage6-W6-5 Setup owner-approved 2026-09-24,7b0a4215c710d0c7f9469ee76d3be7ea1d964767d605acd465282294e7578970
Nanocoulomb,نانو كولوم,quorum-confirmed-payload,AI draft; requires independent A1/A2/A3 quorum before release.,stage6-W6-5 Setup owner-approved 2026-09-24,7b0a4215c710d0c7f9469ee76d3be7ea1d964767d605acd465282294e7578970
Nanogram/Litre,نانوجرام/لتر,quorum-confirmed-payload,AI draft; requires independent A1/A2/A3 quorum before release.,stage6-W6-5 Setup owner-approved 2026-09-24,7b0a4215c710d0c7f9469ee76d3be7ea1d964767d605acd465282294e7578970
Nanohertz,نانوهيرتز,quorum-confirmed-payload,AI draft; requires independent A1/A2/A3 quorum before release.,stage6-W6-5 Setup owner-approved 2026-09-24,7b0a4215c710d0c7f9469ee76d3be7ea1d964767d605acd465282294e7578970
Nanometer,نانومتر,quorum-confirmed-payload,AI draft; requires independent A1/A2/A3 quorum before release.,stage6-W6-5 Setup owner-approved 2026-09-24,7b0a4215c710d0c7f9469ee76d3be7ea1d964767d605acd465282294e7578970
Nanosecond,نانوثانية,quorum-confirmed-payload,AI draft; requires independent A1/A2/A3 quorum before release.,stage6-W6-5 Setup owner-approved 2026-09-24,7b0a4215c710d0c7f9469ee76d3be7ea1d964767d605acd465282294e7578970
Newspaper Publishers,دور نشر الصحف,quorum-confirmed-payload,AI draft; requires independent A1/A2/A3 quorum before release.,stage6-W6-5 Setup owner-approved 2026-09-24,7b0a4215c710d0c7f9469ee76d3be7ea1d964767d605acd465282294e7578970
Newton,نيوتن,quorum-confirmed-payload,AI draft; requires independent A1/A2/A3 quorum before release.,stage6-W6-5 Setup owner-approved 2026-09-24,7b0a4215c710d0c7f9469ee76d3be7ea1d964767d605acd465282294e7578970
Nos,عدد,quorum-confirmed-payload,AI draft; requires independent A1/A2/A3 quorum before release.,stage6-W6-5 Setup owner-approved 2026-09-24,7b0a4215c710d0c7f9469ee76d3be7ea1d964767d605acd465282294e7578970
Not authorized since {0} exceeds limits,غير مصرح به لأن {0} يتجاوز الحدود,quorum-confirmed-payload,AI draft; requires independent A1/A2/A3 quorum before release.,stage6-W6-5 Setup owner-approved 2026-09-24,7b0a4215c710d0c7f9469ee76d3be7ea1d964767d605acd465282294e7578970
O+,+O,quorum-confirmed-payload,AI draft; requires independent A1/A2/A3 quorum before release.,stage6-W6-5 Setup owner-approved 2026-09-24,7b0a4215c710d0c7f9469ee76d3be7ea1d964767d605acd465282294e7578970
O-,-O,quorum-confirmed-payload,AI draft; requires independent A1/A2/A3 quorum before release.,stage6-W6-5 Setup owner-approved 2026-09-24,7b0a4215c710d0c7f9469ee76d3be7ea1d964767d605acd465282294e7578970
Offer Date,تاريخ العرض,"preserved-site-override (not imported, plan §12)",Preserve the exact live v16.localhost Site Override; do not import or replace.,stage6-W6-5 Setup owner-approved 2026-09-24,7b0a4215c710d0c7f9469ee76d3be7ea1d964767d605acd465282294e7578970
Oldest Of Invoice Or Advance,الأقدم بين الفاتورة أو الدفعة المقدمة,"preserved-site-override (not imported, plan §12)",Preserve the exact live v16.localhost Site Override; do not import or replace.,stage6-W6-5 Setup owner-approved 2026-09-24,7b0a4215c710d0c7f9469ee76d3be7ea1d964767d605acd465282294e7578970
Online Auctions,المزادات الإلكترونية,quorum-confirmed-payload,AI draft; requires independent A1/A2/A3 quorum before release.,stage6-W6-5 Setup owner-approved 2026-09-24,7b0a4215c710d0c7f9469ee76d3be7ea1d964767d605acd465282294e7578970
Ounce,أونصة,quorum-confirmed-payload,AI draft; requires independent A1/A2/A3 quorum before release.,stage6-W6-5 Setup owner-approved 2026-09-24,7b0a4215c710d0c7f9469ee76d3be7ea1d964767d605acd465282294e7578970
Ounce-Force,,EXCEPTION-technical (keep vendor rendering; no translation),Technical UOM/force unit token; retain vendor rendering; no catalog release.,stage6-W6-5 Setup owner-approved 2026-09-24,7b0a4215c710d0c7f9469ee76d3be7ea1d964767d605acd465282294e7578970
Ounce/Cubic Foot,أونصة/قدم مكعب,quorum-confirmed-payload,AI draft; requires independent A1/A2/A3 quorum before release.,stage6-W6-5 Setup owner-approved 2026-09-24,7b0a4215c710d0c7f9469ee76d3be7ea1d964767d605acd465282294e7578970
Ounce/Cubic Inch,أونصة/بوصة مكعبة,quorum-confirmed-payload,AI draft; requires independent A1/A2/A3 quorum before release.,stage6-W6-5 Setup owner-approved 2026-09-24,7b0a4215c710d0c7f9469ee76d3be7ea1d964767d605acd465282294e7578970
Ounce/Gallon (UK),أونصة/جالون (بريطاني),quorum-confirmed-payload,AI draft; requires independent A1/A2/A3 quorum before release.,stage6-W6-5 Setup owner-approved 2026-09-24,7b0a4215c710d0c7f9469ee76d3be7ea1d964767d605acd465282294e7578970
Ounce/Gallon (US),أونصة/جالون (أمريكي),quorum-confirmed-payload,AI draft; requires independent A1/A2/A3 quorum before release.,stage6-W6-5 Setup owner-approved 2026-09-24,7b0a4215c710d0c7f9469ee76d3be7ea1d964767d605acd465282294e7578970
Owned,مملوك,quorum-confirmed-payload,AI draft; requires independent A1/A2/A3 quorum before release.,stage6-W6-5 Setup owner-approved 2026-09-24,7b0a4215c710d0c7f9469ee76d3be7ea1d964767d605acd465282294e7578970
Pair,زوج,quorum-confirmed-payload,AI draft; requires independent A1/A2/A3 quorum before release.,stage6-W6-5 Setup owner-approved 2026-09-24,7b0a4215c710d0c7f9469ee76d3be7ea1d964767d605acd465282294e7578970
Parts Per Million,جزء في المليون,quorum-confirmed-payload,AI draft; requires independent A1/A2/A3 quorum before release.,stage6-W6-5 Setup owner-approved 2026-09-24,7b0a4215c710d0c7f9469ee76d3be7ea1d964767d605acd465282294e7578970
Pascal,باسكال,quorum-confirmed-payload,AI draft; requires independent A1/A2/A3 quorum before release.,stage6-W6-5 Setup owner-approved 2026-09-24,7b0a4215c710d0c7f9469ee76d3be7ea1d964767d605acd465282294e7578970
Passport Details,تفاصيل جواز السفر,"preserved-site-override (not imported, plan §12)",Preserve the exact live v16.localhost Site Override; do not import or replace.,stage6-W6-5 Setup owner-approved 2026-09-24,7b0a4215c710d0c7f9469ee76d3be7ea1d964767d605acd465282294e7578970
Passport Number,رقم جواز السفر,"preserved-site-override (not imported, plan §12)",Preserve the exact live v16.localhost Site Override; do not import or replace.,stage6-W6-5 Setup owner-approved 2026-09-24,7b0a4215c710d0c7f9469ee76d3be7ea1d964767d605acd465282294e7578970
Peck (UK),بيك (بريطاني),quorum-confirmed-payload,AI draft; requires independent A1/A2/A3 quorum before release.,stage6-W6-5 Setup owner-approved 2026-09-24,7b0a4215c710d0c7f9469ee76d3be7ea1d964767d605acd465282294e7578970
Peck (US),بيك (أمريكي),quorum-confirmed-payload,AI draft; requires independent A1/A2/A3 quorum before release.,stage6-W6-5 Setup owner-approved 2026-09-24,7b0a4215c710d0c7f9469ee76d3be7ea1d964767d605acd465282294e7578970
Pension Funds,صناديق التقاعد,quorum-confirmed-payload,AI draft; requires independent A1/A2/A3 quorum before release.,stage6-W6-5 Setup owner-approved 2026-09-24,7b0a4215c710d0c7f9469ee76d3be7ea1d964767d605acd465282294e7578970
Personal Details,تفاصيل شخصية,"preserved-site-override (not imported, plan §12)",Preserve the exact live v16.localhost Site Override; do not import or replace.,stage6-W6-5 Setup owner-approved 2026-09-24,7b0a4215c710d0c7f9469ee76d3be7ea1d964767d605acd465282294e7578970
Pharmaceuticals,الأدوية والمستحضرات الصيدلانية,quorum-confirmed-payload,AI draft; requires independent A1/A2/A3 quorum before release.,stage6-W6-5 Setup owner-approved 2026-09-24,7b0a4215c710d0c7f9469ee76d3be7ea1d964767d605acd465282294e7578970
Pint (UK),باينت (بريطاني),quorum-confirmed-payload,AI draft; requires independent A1/A2/A3 quorum before release.,stage6-W6-5 Setup owner-approved 2026-09-24,7b0a4215c710d0c7f9469ee76d3be7ea1d964767d605acd465282294e7578970
Pint (US),باينت (أمريكي),quorum-confirmed-payload,AI draft; requires independent A1/A2/A3 quorum before release.,stage6-W6-5 Setup owner-approved 2026-09-24,7b0a4215c710d0c7f9469ee76d3be7ea1d964767d605acd465282294e7578970
"Pint, Dry (US)",باينت جاف (أمريكي),quorum-confirmed-payload,AI draft; requires independent A1/A2/A3 quorum before release.,stage6-W6-5 Setup owner-approved 2026-09-24,7b0a4215c710d0c7f9469ee76d3be7ea1d964767d605acd465282294e7578970
"Pint, Liquid (US)",باينت سائل (أمريكي),quorum-confirmed-payload,AI draft; requires independent A1/A2/A3 quorum before release.,stage6-W6-5 Setup owner-approved 2026-09-24,7b0a4215c710d0c7f9469ee76d3be7ea1d964767d605acd465282294e7578970
Please select a country,يُرجى تحديد بلد,quorum-confirmed-payload,AI draft; requires independent A1/A2/A3 quorum before release.,stage6-W6-5 Setup owner-approved 2026-09-24,7b0a4215c710d0c7f9469ee76d3be7ea1d964767d605acd465282294e7578970
Pond,بوند,quorum-confirmed-payload,AI draft; requires independent A1/A2/A3 quorum before release.,stage6-W6-5 Setup owner-approved 2026-09-24,7b0a4215c710d0c7f9469ee76d3be7ea1d964767d605acd465282294e7578970
Pood,بود,quorum-confirmed-payload,AI draft; requires independent A1/A2/A3 quorum before release.,stage6-W6-5 Setup owner-approved 2026-09-24,7b0a4215c710d0c7f9469ee76d3be7ea1d964767d605acd465282294e7578970
Pound,رطل,quorum-confirmed-payload,AI draft; requires independent A1/A2/A3 quorum before release.,stage6-W6-5 Setup owner-approved 2026-09-24,7b0a4215c710d0c7f9469ee76d3be7ea1d964767d605acd465282294e7578970
Pound-Force,,EXCEPTION-technical (keep vendor rendering; no translation),Technical UOM/force unit token; retain vendor rendering; no catalog release.,stage6-W6-5 Setup owner-approved 2026-09-24,7b0a4215c710d0c7f9469ee76d3be7ea1d964767d605acd465282294e7578970
Pound/Cubic Foot,رطل/قدم مكعب,quorum-confirmed-payload,AI draft; requires independent A1/A2/A3 quorum before release.,stage6-W6-5 Setup owner-approved 2026-09-24,7b0a4215c710d0c7f9469ee76d3be7ea1d964767d605acd465282294e7578970
Pound/Cubic Inch,رطل/بوصة مكعبة,quorum-confirmed-payload,AI draft; requires independent A1/A2/A3 quorum before release.,stage6-W6-5 Setup owner-approved 2026-09-24,7b0a4215c710d0c7f9469ee76d3be7ea1d964767d605acd465282294e7578970
Pound/Cubic Yard,رطل/ياردة مكعبة,quorum-confirmed-payload,AI draft; requires independent A1/A2/A3 quorum before release.,stage6-W6-5 Setup owner-approved 2026-09-24,7b0a4215c710d0c7f9469ee76d3be7ea1d964767d605acd465282294e7578970
Pound/Gallon (UK),رطل/جالون (بريطاني),quorum-confirmed-payload,AI draft; requires independent A1/A2/A3 quorum before release.,stage6-W6-5 Setup owner-approved 2026-09-24,7b0a4215c710d0c7f9469ee76d3be7ea1d964767d605acd465282294e7578970
Pound/Gallon (US),رطل/جالون (أمريكي),quorum-confirmed-payload,AI draft; requires independent A1/A2/A3 quorum before release.,stage6-W6-5 Setup owner-approved 2026-09-24,7b0a4215c710d0c7f9469ee76d3be7ea1d964767d605acd465282294e7578970
Poundal,باوندال,quorum-confirmed-payload,AI draft; requires independent A1/A2/A3 quorum before release.,stage6-W6-5 Setup owner-approved 2026-09-24,7b0a4215c710d0c7f9469ee76d3be7ea1d964767d605acd465282294e7578970
Preferred Contact Email,بريد الاتصال المفضل,"preserved-site-override (not imported, plan §12)",Preserve the exact live v16.localhost Site Override; do not import or replace.,stage6-W6-5 Setup owner-approved 2026-09-24,7b0a4215c710d0c7f9469ee76d3be7ea1d964767d605acd465282294e7578970
Preferred Email,البريد المفضل,"preserved-site-override (not imported, plan §12)",Preserve the exact live v16.localhost Site Override; do not import or replace.,stage6-W6-5 Setup owner-approved 2026-09-24,7b0a4215c710d0c7f9469ee76d3be7ea1d964767d605acd465282294e7578970
President,رئيس,quorum-confirmed-payload,AI draft; requires independent A1/A2/A3 quorum before release.,stage6-W6-5 Setup owner-approved 2026-09-24,7b0a4215c710d0c7f9469ee76d3be7ea1d964767d605acd465282294e7578970
Private Equity,الملكية الخاصة,quorum-confirmed-payload,AI draft; requires independent A1/A2/A3 quorum before release.,stage6-W6-5 Setup owner-approved 2026-09-24,7b0a4215c710d0c7f9469ee76d3be7ea1d964767d605acd465282294e7578970
Process in Single Transaction,معالجة في معاملة واحدة,quorum-confirmed-payload,AI draft; requires independent A1/A2/A3 quorum before release.,stage6-W6-5 Setup owner-approved 2026-09-24,7b0a4215c710d0c7f9469ee76d3be7ea1d964767d605acd465282294e7578970
Product Manager,مدير منتج,"preserved-site-override (not imported, plan §12)",Preserve the exact live v16.localhost Site Override; do not import or replace.,stage6-W6-5 Setup owner-approved 2026-09-24,7b0a4215c710d0c7f9469ee76d3be7ea1d964767d605acd465282294e7578970
Project Manager,مدير مشروع,"preserved-site-override (not imported, plan §12)",Preserve the exact live v16.localhost Site Override; do not import or replace.,stage6-W6-5 Setup owner-approved 2026-09-24,7b0a4215c710d0c7f9469ee76d3be7ea1d964767d605acd465282294e7578970
Provisional Account,حساب مؤقت,"preserved-site-override (not imported, plan §12)",Preserve the exact live v16.localhost Site Override; do not import or replace.,stage6-W6-5 Setup owner-approved 2026-09-24,7b0a4215c710d0c7f9469ee76d3be7ea1d964767d605acd465282294e7578970
Psi/1000 Feet,رطل لكل بوصة مربعة/1000 قدم,quorum-confirmed-payload,AI draft; requires independent A1/A2/A3 quorum before release.,stage6-W6-5 Setup owner-approved 2026-09-24,7b0a4215c710d0c7f9469ee76d3be7ea1d964767d605acd465282294e7578970
Publishing,النشر والطباعة,quorum-confirmed-payload,AI draft; requires independent A1/A2/A3 quorum before release.,stage6-W6-5 Setup owner-approved 2026-09-24,7b0a4215c710d0c7f9469ee76d3be7ea1d964767d605acd465282294e7578970
Purchase Expense,مصروف الشراء,"preserved-site-override (not imported, plan §12)",Preserve the exact live v16.localhost Site Override; do not import or replace.,stage6-W6-5 Setup owner-approved 2026-09-24,7b0a4215c710d0c7f9469ee76d3be7ea1d964767d605acd465282294e7578970
Purchase Expense Account,حساب مصروف الشراء,"preserved-site-override (not imported, plan §12)",Preserve the exact live v16.localhost Site Override; do not import or replace.,stage6-W6-5 Setup owner-approved 2026-09-24,7b0a4215c710d0c7f9469ee76d3be7ea1d964767d605acd465282294e7578970
Purchase Expense Contra Account,حساب مقابل مصروف الشراء,"preserved-site-override (not imported, plan §12)",Preserve the exact live v16.localhost Site Override; do not import or replace.,stage6-W6-5 Setup owner-approved 2026-09-24,7b0a4215c710d0c7f9469ee76d3be7ea1d964767d605acd465282294e7578970
Quart (UK),كوارت (بريطاني),quorum-confirmed-payload,AI draft; requires independent A1/A2/A3 quorum before release.,stage6-W6-5 Setup owner-approved 2026-09-24,7b0a4215c710d0c7f9469ee76d3be7ea1d964767d605acd465282294e7578970
Quart Dry (US),كوارت جاف (أمريكي),quorum-confirmed-payload,AI draft; requires independent A1/A2/A3 quorum before release.,stage6-W6-5 Setup owner-approved 2026-09-24,7b0a4215c710d0c7f9469ee76d3be7ea1d964767d605acd465282294e7578970
Quart Liquid (US),كوارت سائل (أمريكي),quorum-confirmed-payload,AI draft; requires independent A1/A2/A3 quorum before release.,stage6-W6-5 Setup owner-approved 2026-09-24,7b0a4215c710d0c7f9469ee76d3be7ea1d964767d605acd465282294e7578970
Quintal,قنطار متري,quorum-confirmed-payload,AI draft; requires independent A1/A2/A3 quorum before release.,stage6-W6-5 Setup owner-approved 2026-09-24,7b0a4215c710d0c7f9469ee76d3be7ea1d964767d605acd465282294e7578970
Real Estate,العقارات,quorum-confirmed-payload,AI draft; requires independent A1/A2/A3 quorum before release.,stage6-W6-5 Setup owner-approved 2026-09-24,7b0a4215c710d0c7f9469ee76d3be7ea1d964767d605acd465282294e7578970
Receive from Customer,استلام من العميل,"preserved-site-override (not imported, plan §12)",Preserve the exact live v16.localhost Site Override; do not import or replace.,stage6-W6-5 Setup owner-approved 2026-09-24,7b0a4215c710d0c7f9469ee76d3be7ea1d964767d605acd465282294e7578970
Reconciliation Takes Effect On,تسري التسوية في,"preserved-site-override (not imported, plan §12)",Preserve the exact live v16.localhost Site Override; do not import or replace.,stage6-W6-5 Setup owner-approved 2026-09-24,7b0a4215c710d0c7f9469ee76d3be7ea1d964767d605acd465282294e7578970
Relieving Date,تاريخ إنهاء الخدمة,"preserved-site-override (not imported, plan §12)",Preserve the exact live v16.localhost Site Override; do not import or replace.,stage6-W6-5 Setup owner-approved 2026-09-24,7b0a4215c710d0c7f9469ee76d3be7ea1d964767d605acd465282294e7578970
Report an Issue,الإبلاغ عن مشكلة,quorum-confirmed-payload,AI draft; requires independent A1/A2/A3 quorum before release.,stage6-W6-5 Setup owner-approved 2026-09-24,7b0a4215c710d0c7f9469ee76d3be7ea1d964767d605acd465282294e7578970
Reporting Currency,عملة التقارير,"preserved-site-override (not imported, plan §12)",Preserve the exact live v16.localhost Site Override; do not import or replace.,stage6-W6-5 Setup owner-approved 2026-09-24,7b0a4215c710d0c7f9469ee76d3be7ea1d964767d605acd465282294e7578970
Researcher,باحث,"preserved-site-override (not imported, plan §12)",Preserve the exact live v16.localhost Site Override; do not import or replace.,stage6-W6-5 Setup owner-approved 2026-09-24,7b0a4215c710d0c7f9469ee76d3be7ea1d964767d605acd465282294e7578970
Reseller,موزع معتمد,quorum-confirmed-payload,AI draft; requires independent A1/A2/A3 quorum before release.,stage6-W6-5 Setup owner-approved 2026-09-24,7b0a4215c710d0c7f9469ee76d3be7ea1d964767d605acd465282294e7578970
Reset Company Default Values,إعادة تعيين القيم الافتراضية للشركة,quorum-confirmed-payload,AI draft; requires independent A1/A2/A3 quorum before release.,stage6-W6-5 Setup owner-approved 2026-09-24,7b0a4215c710d0c7f9469ee76d3be7ea1d964767d605acd465282294e7578970
Resignation Letter Date,تاريخ خطاب الاستقالة,quorum-confirmed-payload,AI draft; requires independent A1/A2/A3 quorum before release.,stage6-W6-5 Setup owner-approved 2026-09-24,7b0a4215c710d0c7f9469ee76d3be7ea1d964767d605acd465282294e7578970
Retail & Wholesale,تجارة التجزئة والجملة,quorum-confirmed-payload,AI draft; requires independent A1/A2/A3 quorum before release.,stage6-W6-5 Setup owner-approved 2026-09-24,7b0a4215c710d0c7f9469ee76d3be7ea1d964767d605acd465282294e7578970
Retailer,تاجر تجزئة,quorum-confirmed-payload,AI draft; requires independent A1/A2/A3 quorum before release.,stage6-W6-5 Setup owner-approved 2026-09-24,7b0a4215c710d0c7f9469ee76d3be7ea1d964767d605acd465282294e7578970
Return Raw Material to Customer,إرجاع المادة الخام إلى العميل,"preserved-site-override (not imported, plan §12)",Preserve the exact live v16.localhost Site Override; do not import or replace.,stage6-W6-5 Setup owner-approved 2026-09-24,7b0a4215c710d0c7f9469ee76d3be7ea1d964767d605acd465282294e7578970
Rod,قصبة,quorum-confirmed-payload,AI draft; requires independent A1/A2/A3 quorum before release.,stage6-W6-5 Setup owner-approved 2026-09-24,7b0a4215c710d0c7f9469ee76d3be7ea1d964767d605acd465282294e7578970
Roles Allowed to Set and Edit Frozen Account Entries,الأدوار المسموح لها بتعيين وتعديل قيود الحسابات المجمدة,"preserved-site-override (not imported, plan §12)",Preserve the exact live v16.localhost Site Override; do not import or replace.,stage6-W6-5 Setup owner-approved 2026-09-24,7b0a4215c710d0c7f9469ee76d3be7ea1d964767d605acd465282294e7578970
Salary Currency,عملة الراتب,"preserved-site-override (not imported, plan §12)",Preserve the exact live v16.localhost Site Override; do not import or replace.,stage6-W6-5 Setup owner-approved 2026-09-24,7b0a4215c710d0c7f9469ee76d3be7ea1d964767d605acd465282294e7578970
Sales Representative,مندوب مبيعات,"preserved-site-override (not imported, plan §12)",Preserve the exact live v16.localhost Site Override; do not import or replace.,stage6-W6-5 Setup owner-approved 2026-09-24,7b0a4215c710d0c7f9469ee76d3be7ea1d964767d605acd465282294e7578970
Sazhen,ساجين,quorum-confirmed-payload,AI draft; requires independent A1/A2/A3 quorum before release.,stage6-W6-5 Setup owner-approved 2026-09-24,7b0a4215c710d0c7f9469ee76d3be7ea1d964767d605acd465282294e7578970
Second,ثانية,quorum-confirmed-payload,AI draft; requires independent A1/A2/A3 quorum before release.,stage6-W6-5 Setup owner-approved 2026-09-24,7b0a4215c710d0c7f9469ee76d3be7ea1d964767d605acd465282294e7578970
Secretary,أمين السر,quorum-confirmed-payload,AI draft; requires independent A1/A2/A3 quorum before release.,stage6-W6-5 Setup owner-approved 2026-09-24,7b0a4215c710d0c7f9469ee76d3be7ea1d964767d605acd465282294e7578970
Securities & Commodity Exchanges,بورصات الأوراق المالية والسلع,quorum-confirmed-payload,AI draft; requires independent A1/A2/A3 quorum before release.,stage6-W6-5 Setup owner-approved 2026-09-24,7b0a4215c710d0c7f9469ee76d3be7ea1d964767d605acd465282294e7578970
Select Date of Birth. This will validate Employees age and prevent hiring of under-age staff.,حدد تاريخ الميلاد. سيتحقق هذا من عمر الموظفين ويمنع توظيف القاصرين.,quorum-confirmed-payload,AI draft; requires independent A1/A2/A3 quorum before release.,stage6-W6-5 Setup owner-approved 2026-09-24,7b0a4215c710d0c7f9469ee76d3be7ea1d964767d605acd465282294e7578970
"Select Date of joining. It will have impact on the first salary calculation, Leave allocation on pro-rata bases.",حدد تاريخ الالتحاق بالعمل. سيؤثر ذلك في حساب الراتب الأول وتخصيص الإجازات على أساس تناسبي.,quorum-confirmed-payload,AI draft; requires independent A1/A2/A3 quorum before release.,stage6-W6-5 Setup owner-approved 2026-09-24,7b0a4215c710d0c7f9469ee76d3be7ea1d964767d605acd465282294e7578970
Select a Company this Employee belongs to.,حدد الشركة التي ينتمي إليها هذا الموظف.,"preserved-site-override (not imported, plan §12)",Preserve the exact live v16.localhost Site Override; do not import or replace.,stage6-W6-5 Setup owner-approved 2026-09-24,7b0a4215c710d0c7f9469ee76d3be7ea1d964767d605acd465282294e7578970
Select your weekly off day,حدد يوم عطلتك الأسبوعية,quorum-confirmed-payload,AI draft; requires independent A1/A2/A3 quorum before release.,stage6-W6-5 Setup owner-approved 2026-09-24,7b0a4215c710d0c7f9469ee76d3be7ea1d964767d605acd465282294e7578970
Send regular summary reports via Email.,إرسال تقارير ملخصة دورية عبر البريد الإلكتروني.,quorum-confirmed-payload,AI draft; requires independent A1/A2/A3 quorum before release.,stage6-W6-5 Setup owner-approved 2026-09-24,7b0a4215c710d0c7f9469ee76d3be7ea1d964767d605acd465282294e7578970
Service Expense Account,حساب مصروف الخدمة,"preserved-site-override (not imported, plan §12)",Preserve the exact live v16.localhost Site Override; do not import or replace.,stage6-W6-5 Setup owner-approved 2026-09-24,7b0a4215c710d0c7f9469ee76d3be7ea1d964767d605acd465282294e7578970
Set default {0} account for non stock items,تعيين حساب {0} الافتراضي للأصناف غير المخزنية,quorum-confirmed-payload,AI draft; requires independent A1/A2/A3 quorum before release.,stage6-W6-5 Setup owner-approved 2026-09-24,7b0a4215c710d0c7f9469ee76d3be7ea1d964767d605acd465282294e7578970
Slug/Cubic Foot,سبيكة/قدم مكعب,quorum-confirmed-payload,AI draft; requires independent A1/A2/A3 quorum before release.,stage6-W6-5 Setup owner-approved 2026-09-24,7b0a4215c710d0c7f9469ee76d3be7ea1d964767d605acd465282294e7578970
Soap & Detergent,الصابون والمنظفات,quorum-confirmed-payload,AI draft; requires independent A1/A2/A3 quorum before release.,stage6-W6-5 Setup owner-approved 2026-09-24,7b0a4215c710d0c7f9469ee76d3be7ea1d964767d605acd465282294e7578970
Software Developer,مطور برمجيات,quorum-confirmed-payload,AI draft; requires independent A1/A2/A3 quorum before release.,stage6-W6-5 Setup owner-approved 2026-09-24,7b0a4215c710d0c7f9469ee76d3be7ea1d964767d605acd465282294e7578970
Specify Exchange Rate to convert one currency into another,حدد سعر الصرف لتحويل عملة إلى أخرى,quorum-confirmed-payload,AI draft; requires independent A1/A2/A3 quorum before release.,stage6-W6-5 Setup owner-approved 2026-09-24,7b0a4215c710d0c7f9469ee76d3be7ea1d964767d605acd465282294e7578970
Sports,الرياضة,quorum-confirmed-payload,AI draft; requires independent A1/A2/A3 quorum before release.,stage6-W6-5 Setup owner-approved 2026-09-24,7b0a4215c710d0c7f9469ee76d3be7ea1d964767d605acd465282294e7578970
Square Centimeter,سنتيمتر مربع,quorum-confirmed-payload,AI draft; requires independent A1/A2/A3 quorum before release.,stage6-W6-5 Setup owner-approved 2026-09-24,7b0a4215c710d0c7f9469ee76d3be7ea1d964767d605acd465282294e7578970
Square Foot,قدم مربع,quorum-confirmed-payload,AI draft; requires independent A1/A2/A3 quorum before release.,stage6-W6-5 Setup owner-approved 2026-09-24,7b0a4215c710d0c7f9469ee76d3be7ea1d964767d605acd465282294e7578970
Square Inch,بوصة مربعة,quorum-confirmed-payload,AI draft; requires independent A1/A2/A3 quorum before release.,stage6-W6-5 Setup owner-approved 2026-09-24,7b0a4215c710d0c7f9469ee76d3be7ea1d964767d605acd465282294e7578970
Square Kilometer,كيلومتر مربع,quorum-confirmed-payload,AI draft; requires independent A1/A2/A3 quorum before release.,stage6-W6-5 Setup owner-approved 2026-09-24,7b0a4215c710d0c7f9469ee76d3be7ea1d964767d605acd465282294e7578970
Square Meter,متر مربع,quorum-confirmed-payload,AI draft; requires independent A1/A2/A3 quorum before release.,stage6-W6-5 Setup owner-approved 2026-09-24,7b0a4215c710d0c7f9469ee76d3be7ea1d964767d605acd465282294e7578970
Square Mile,ميل مربع,quorum-confirmed-payload,AI draft; requires independent A1/A2/A3 quorum before release.,stage6-W6-5 Setup owner-approved 2026-09-24,7b0a4215c710d0c7f9469ee76d3be7ea1d964767d605acd465282294e7578970
Square Yard,ياردة مربعة,quorum-confirmed-payload,AI draft; requires independent A1/A2/A3 quorum before release.,stage6-W6-5 Setup owner-approved 2026-09-24,7b0a4215c710d0c7f9469ee76d3be7ea1d964767d605acd465282294e7578970
Start Deletion,بدء الحذف,"preserved-site-override (not imported, plan §12)",Preserve the exact live v16.localhost Site Override; do not import or replace.,stage6-W6-5 Setup owner-approved 2026-09-24,7b0a4215c710d0c7f9469ee76d3be7ea1d964767d605acd465282294e7578970
Stock and Manufacturing,المخزون والتصنيع,"preserved-site-override (not imported, plan §12)",Preserve the exact live v16.localhost Site Override; do not import or replace.,stage6-W6-5 Setup owner-approved 2026-09-24,7b0a4215c710d0c7f9469ee76d3be7ea1d964767d605acd465282294e7578970
Stone,ستون,quorum-confirmed-payload,AI draft; requires independent A1/A2/A3 quorum before release.,stage6-W6-5 Setup owner-approved 2026-09-24,7b0a4215c710d0c7f9469ee76d3be7ea1d964767d605acd465282294e7578970
Subcontracting Delivery,تسليم مقاولات الباطن,"preserved-site-override (not imported, plan §12)",Preserve the exact live v16.localhost Site Override; do not import or replace.,stage6-W6-5 Setup owner-approved 2026-09-24,7b0a4215c710d0c7f9469ee76d3be7ea1d964767d605acd465282294e7578970
Subcontracting Return,مرتجع مقاولات باطن,"preserved-site-override (not imported, plan §12)",Preserve the exact live v16.localhost Site Override; do not import or replace.,stage6-W6-5 Setup owner-approved 2026-09-24,7b0a4215c710d0c7f9469ee76d3be7ea1d964767d605acd465282294e7578970
Subdivision,تقسيم إداري,"preserved-site-override (not imported, plan §12)",Preserve the exact live v16.localhost Site Override; do not import or replace.,stage6-W6-5 Setup owner-approved 2026-09-24,7b0a4215c710d0c7f9469ee76d3be7ea1d964767d605acd465282294e7578970
Submit ERR Journals?,ترحيل قيود إعادة تقييم سعر الصرف؟,"preserved-site-override (not imported, plan §12)",Preserve the exact live v16.localhost Site Override; do not import or replace.,stage6-W6-5 Setup owner-approved 2026-09-24,7b0a4215c710d0c7f9469ee76d3be7ea1d964767d605acd465282294e7578970
Supplier Reference,مرجع المورد,"preserved-site-override (not imported, plan §12)",Preserve the exact live v16.localhost Site Override; do not import or replace.,stage6-W6-5 Setup owner-approved 2026-09-24,7b0a4215c710d0c7f9469ee76d3be7ea1d964767d605acd465282294e7578970
Suspended,موقوف,"preserved-site-override (not imported, plan §12)",Preserve the exact live v16.localhost Site Override; do not import or replace.,stage6-W6-5 Setup owner-approved 2026-09-24,7b0a4215c710d0c7f9469ee76d3be7ea1d964767d605acd465282294e7578970
Tablespoon (US),ملعقة كبيرة (أمريكية),quorum-confirmed-payload,AI draft; requires independent A1/A2/A3 quorum before release.,stage6-W6-5 Setup owner-approved 2026-09-24,7b0a4215c710d0c7f9469ee76d3be7ea1d964767d605acd465282294e7578970
Teaspoon,ملعقة صغيرة,quorum-confirmed-payload,AI draft; requires independent A1/A2/A3 quorum before release.,stage6-W6-5 Setup owner-approved 2026-09-24,7b0a4215c710d0c7f9469ee76d3be7ea1d964767d605acd465282294e7578970
Technical Atmosphere,ضغط جوي فني,quorum-confirmed-payload,AI draft; requires independent A1/A2/A3 quorum before release.,stage6-W6-5 Setup owner-approved 2026-09-24,7b0a4215c710d0c7f9469ee76d3be7ea1d964767d605acd465282294e7578970
Technology,التكنولوجيا والتقنية,quorum-confirmed-payload,AI draft; requires independent A1/A2/A3 quorum before release.,stage6-W6-5 Setup owner-approved 2026-09-24,7b0a4215c710d0c7f9469ee76d3be7ea1d964767d605acd465282294e7578970
Telecommunications,الاتصالات,quorum-confirmed-payload,AI draft; requires independent A1/A2/A3 quorum before release.,stage6-W6-5 Setup owner-approved 2026-09-24,7b0a4215c710d0c7f9469ee76d3be7ea1d964767d605acd465282294e7578970
Television,التلفزيون,quorum-confirmed-payload,AI draft; requires independent A1/A2/A3 quorum before release.,stage6-W6-5 Setup owner-approved 2026-09-24,7b0a4215c710d0c7f9469ee76d3be7ea1d964767d605acd465282294e7578970
Tesla,تسلا,quorum-confirmed-payload,AI draft; requires independent A1/A2/A3 quorum before release.,stage6-W6-5 Setup owner-approved 2026-09-24,7b0a4215c710d0c7f9469ee76d3be7ea1d964767d605acd465282294e7578970
The Sales Person is linked with {0},مندوب المبيعات مرتبط بـ {0},quorum-confirmed-payload,AI draft; requires independent A1/A2/A3 quorum before release.,stage6-W6-5 Setup owner-approved 2026-09-24,7b0a4215c710d0c7f9469ee76d3be7ea1d964767d605acd465282294e7578970
There are no active Fiscal Years for which Demo Data can be generated.,لا توجد سنوات مالية نشطة يمكن إنشاء بيانات تجريبية لها.,quorum-confirmed-payload,AI draft; requires independent A1/A2/A3 quorum before release.,stage6-W6-5 Setup owner-approved 2026-09-24,7b0a4215c710d0c7f9469ee76d3be7ea1d964767d605acd465282294e7578970
Ton (Long)/Cubic Yard,طن (طويل)/ياردة مكعبة,quorum-confirmed-payload,AI draft; requires independent A1/A2/A3 quorum before release.,stage6-W6-5 Setup owner-approved 2026-09-24,7b0a4215c710d0c7f9469ee76d3be7ea1d964767d605acd465282294e7578970
Ton (Short)/Cubic Yard,طن (قصير)/ياردة مكعبة,quorum-confirmed-payload,AI draft; requires independent A1/A2/A3 quorum before release.,stage6-W6-5 Setup owner-approved 2026-09-24,7b0a4215c710d0c7f9469ee76d3be7ea1d964767d605acd465282294e7578970
Ton-Force (UK),طن-قوة (بريطاني),quorum-confirmed-payload,AI draft; requires independent A1/A2/A3 quorum before release.,stage6-W6-5 Setup owner-approved 2026-09-24,7b0a4215c710d0c7f9469ee76d3be7ea1d964767d605acd465282294e7578970
Ton-Force (US),طن-قوة (أمريكي),quorum-confirmed-payload,AI draft; requires independent A1/A2/A3 quorum before release.,stage6-W6-5 Setup owner-approved 2026-09-24,7b0a4215c710d0c7f9469ee76d3be7ea1d964767d605acd465282294e7578970
Tonne,طن متري,quorum-confirmed-payload,AI draft; requires independent A1/A2/A3 quorum before release.,stage6-W6-5 Setup owner-approved 2026-09-24,7b0a4215c710d0c7f9469ee76d3be7ea1d964767d605acd465282294e7578970
Tonne-Force(Metric),طن-قوة (متري),quorum-confirmed-payload,AI draft; requires independent A1/A2/A3 quorum before release.,stage6-W6-5 Setup owner-approved 2026-09-24,7b0a4215c710d0c7f9469ee76d3be7ea1d964767d605acd465282294e7578970
Torr,تور,quorum-confirmed-payload,AI draft; requires independent A1/A2/A3 quorum before release.,stage6-W6-5 Setup owner-approved 2026-09-24,7b0a4215c710d0c7f9469ee76d3be7ea1d964767d605acd465282294e7578970
Total Contribution Amount Against Invoices: {0},إجمالي مبلغ المساهمة مقابل الفواتير: {0},quorum-confirmed-payload,AI draft; requires independent A1/A2/A3 quorum before release.,stage6-W6-5 Setup owner-approved 2026-09-24,7b0a4215c710d0c7f9469ee76d3be7ea1d964767d605acd465282294e7578970
Total Contribution Amount Against Orders: {0},إجمالي مبلغ المساهمة مقابل أوامر البيع: {0},quorum-confirmed-payload,AI draft; requires independent A1/A2/A3 quorum before release.,stage6-W6-5 Setup owner-approved 2026-09-24,7b0a4215c710d0c7f9469ee76d3be7ea1d964767d605acd465282294e7578970
Total Holidays,إجمالي العطلات,"preserved-site-override (not imported, plan §12)",Preserve the exact live v16.localhost Site Override; do not import or replace.,stage6-W6-5 Setup owner-approved 2026-09-24,7b0a4215c710d0c7f9469ee76d3be7ea1d964767d605acd465282294e7578970
Transaction Deletion Document: {0} is running for this Company. {1},مستند حذف المعاملات: {0} قيد التشغيل لهذه الشركة. {1},quorum-confirmed-payload,AI draft; requires independent A1/A2/A3 quorum before release.,stage6-W6-5 Setup owner-approved 2026-09-24,7b0a4215c710d0c7f9469ee76d3be7ea1d964767d605acd465282294e7578970
Transaction Deletion Record,سجل حذف المعاملة,"preserved-site-override (not imported, plan §12)",Preserve the exact live v16.localhost Site Override; do not import or replace.,stage6-W6-5 Setup owner-approved 2026-09-24,7b0a4215c710d0c7f9469ee76d3be7ea1d964767d605acd465282294e7578970
Transaction Deletion Record Item,عنصر سجل حذف المعاملة,"preserved-site-override (not imported, plan §12)",Preserve the exact live v16.localhost Site Override; do not import or replace.,stage6-W6-5 Setup owner-approved 2026-09-24,7b0a4215c710d0c7f9469ee76d3be7ea1d964767d605acd465282294e7578970
Transportation,النقل والمواصلات,quorum-confirmed-payload,AI draft; requires independent A1/A2/A3 quorum before release.,stage6-W6-5 Setup owner-approved 2026-09-24,7b0a4215c710d0c7f9469ee76d3be7ea1d964767d605acd465282294e7578970
Unit,الوحدة,"preserved-site-override (not imported, plan §12)",Preserve the exact live v16.localhost Site Override; do not import or replace.,stage6-W6-5 Setup owner-approved 2026-09-24,7b0a4215c710d0c7f9469ee76d3be7ea1d964767d605acd465282294e7578970
"Upon enabling this, the JV will be submitted for a different exchange rate.",عند تفعيل هذا الخيار، سيتم تقديم قيد اليومية بسعر صرف مختلف.,quorum-confirmed-payload,AI draft; requires independent A1/A2/A3 quorum before release.,stage6-W6-5 Setup owner-approved 2026-09-24,7b0a4215c710d0c7f9469ee76d3be7ea1d964767d605acd465282294e7578970
User Forum,منتدى المستخدمين,quorum-confirmed-payload,AI draft; requires independent A1/A2/A3 quorum before release.,stage6-W6-5 Setup owner-approved 2026-09-24,7b0a4215c710d0c7f9469ee76d3be7ea1d964767d605acd465282294e7578970
User {0}: Removed Employee Self Service role as there is no mapped employee.,المستخدم {0}: تمت إزالة دور الخدمة الذاتية للموظف لعدم وجود موظف مرتبط.,quorum-confirmed-payload,AI draft; requires independent A1/A2/A3 quorum before release.,stage6-W6-5 Setup owner-approved 2026-09-24,7b0a4215c710d0c7f9469ee76d3be7ea1d964767d605acd465282294e7578970
User {0}: Removed Employee role as there is no mapped employee.,المستخدم {0}: تمت إزالة دور الموظف لعدم وجود موظف مرتبط.,quorum-confirmed-payload,AI draft; requires independent A1/A2/A3 quorum before release.,stage6-W6-5 Setup owner-approved 2026-09-24,7b0a4215c710d0c7f9469ee76d3be7ea1d964767d605acd465282294e7578970
Vara,فارا,quorum-confirmed-payload,AI draft; requires independent A1/A2/A3 quorum before release.,stage6-W6-5 Setup owner-approved 2026-09-24,7b0a4215c710d0c7f9469ee76d3be7ea1d964767d605acd465282294e7578970
Venture Capital,رأس المال الجريء,quorum-confirmed-payload,AI draft; requires independent A1/A2/A3 quorum before release.,stage6-W6-5 Setup owner-approved 2026-09-24,7b0a4215c710d0c7f9469ee76d3be7ea1d964767d605acd465282294e7578970
Versta,فيرستا,quorum-confirmed-payload,AI draft; requires independent A1/A2/A3 quorum before release.,stage6-W6-5 Setup owner-approved 2026-09-24,7b0a4215c710d0c7f9469ee76d3be7ea1d964767d605acd465282294e7578970
Vice President,نائب الرئيس,quorum-confirmed-payload,AI draft; requires independent A1/A2/A3 quorum before release.,stage6-W6-5 Setup owner-approved 2026-09-24,7b0a4215c710d0c7f9469ee76d3be7ea1d964767d605acd465282294e7578970
Volt-Ampere,,EXCEPTION-technical (keep vendor rendering; no translation),Technical UOM/force unit token; retain vendor rendering; no catalog release.,stage6-W6-5 Setup owner-approved 2026-09-24,7b0a4215c710d0c7f9469ee76d3be7ea1d964767d605acd465282294e7578970
Walk In,زائر مباشر,quorum-confirmed-payload,AI draft; requires independent A1/A2/A3 quorum before release.,stage6-W6-5 Setup owner-approved 2026-09-24,7b0a4215c710d0c7f9469ee76d3be7ea1d964767d605acd465282294e7578970
Watt,واط,quorum-confirmed-payload,AI draft; requires independent A1/A2/A3 quorum before release.,stage6-W6-5 Setup owner-approved 2026-09-24,7b0a4215c710d0c7f9469ee76d3be7ea1d964767d605acd465282294e7578970
Watt-Hour,,EXCEPTION-technical (keep vendor rendering; no translation),Technical UOM/force unit token; retain vendor rendering; no catalog release.,stage6-W6-5 Setup owner-approved 2026-09-24,7b0a4215c710d0c7f9469ee76d3be7ea1d964767d605acd465282294e7578970
Wavelength In Gigametres,الطول الموجي بالجيجامتر,quorum-confirmed-payload,AI draft; requires independent A1/A2/A3 quorum before release.,stage6-W6-5 Setup owner-approved 2026-09-24,7b0a4215c710d0c7f9469ee76d3be7ea1d964767d605acd465282294e7578970
Wavelength In Kilometres,الطول الموجي بالكيلومتر,quorum-confirmed-payload,AI draft; requires independent A1/A2/A3 quorum before release.,stage6-W6-5 Setup owner-approved 2026-09-24,7b0a4215c710d0c7f9469ee76d3be7ea1d964767d605acd465282294e7578970
Wavelength In Megametres,الطول الموجي بالميجامتر,quorum-confirmed-payload,AI draft; requires independent A1/A2/A3 quorum before release.,stage6-W6-5 Setup owner-approved 2026-09-24,7b0a4215c710d0c7f9469ee76d3be7ea1d964767d605acd465282294e7578970
Yard,ياردة,quorum-confirmed-payload,AI draft; requires independent A1/A2/A3 quorum before release.,stage6-W6-5 Setup owner-approved 2026-09-24,7b0a4215c710d0c7f9469ee76d3be7ea1d964767d605acd465282294e7578970
{0} currency must be same as company's default currency. Please select another account.,يجب أن تكون عملة {0} مطابقة لعملة الشركة الافتراضية. يُرجى تحديد حساب آخر.,quorum-confirmed-payload,AI draft; requires independent A1/A2/A3 quorum before release.,stage6-W6-5 Setup owner-approved 2026-09-24,7b0a4215c710d0c7f9469ee76d3be7ea1d964767d605acd465282294e7578970
{0} entered twice {1} in Item Taxes,تم إدخال {0} مرتين {1} في ضرائب الأصناف,quorum-confirmed-payload,AI draft; requires independent A1/A2/A3 quorum before release.,stage6-W6-5 Setup owner-approved 2026-09-24,7b0a4215c710d0c7f9469ee76d3be7ea1d964767d605acd465282294e7578970
{0} is already running for {1},{0} قيد التشغيل بالفعل لـ {1},quorum-confirmed-payload,AI draft; requires independent A1/A2/A3 quorum before release.,stage6-W6-5 Setup owner-approved 2026-09-24,7b0a4215c710d0c7f9469ee76d3be7ea1d964767d605acd465282294e7578970
{0} is not running. Cannot trigger events for this Document,{0} ليس قيد التشغيل. لا يمكن تشغيل الأحداث لهذا المستند,quorum-confirmed-payload,AI draft; requires independent A1/A2/A3 quorum before release.,stage6-W6-5 Setup owner-approved 2026-09-24,7b0a4215c710d0c7f9469ee76d3be7ea1d964767d605acd465282294e7578970
{0}: {1} is a group account.,{0}: {1} حساب تجميعي.,quorum-confirmed-payload,AI draft; requires independent A1/A2/A3 quorum before release.,stage6-W6-5 Setup owner-approved 2026-09-24,7b0a4215c710d0c7f9469ee76d3be7ea1d964767d605acd465282294e7578970
