source_text,classification,location,suppression_rationale,ai_r_ref,length,app,suggested_ar
!=,EXCEPTION-technical,in-ledger (no vendor PO location match),"Keep vendor code/symbol/markup content untouched — technical fragment, no translation",AI-R: confirm technical suppress at W6-0b AI-R pass (stage6-w60b AI-R record),2,frappe,
#{0},EXCEPTION-technical,in-ledger (no vendor PO location match),"Keep vendor code/symbol/markup content untouched — technical fragment, no translation",AI-R: confirm technical suppress at W6-0b AI-R pass (stage6-w60b AI-R record),4,frappe,
'{0}' is not a valid IBAN,translation-candidate,in-ledger (no vendor PO location match),,AI-R: confirm prior-approved exclusion at W6-0b AI-R pass (stage6-w60b AI-R record),25,frappe,
'{0}' is not a valid URL,translation-candidate,in-ledger (no vendor PO location match),,AI-R: confirm prior-approved exclusion at W6-0b AI-R pass (stage6-w60b AI-R record),24,frappe,
(Mandatory),translation-candidate,in-ledger (no vendor PO location match),,AI-R: confirm prior-approved exclusion at W6-0b AI-R pass (stage6-w60b AI-R record),11,frappe,
1 = True & 0 = False,translation-candidate,in-ledger (no vendor PO location match),,AI-R: confirm prior-approved exclusion at W6-0b AI-R pass (stage6-w60b AI-R record),20,frappe,
1 Day,translation-candidate,in-ledger (no vendor PO location match),,AI-R: confirm prior-approved exclusion at W6-0b AI-R pass (stage6-w60b AI-R record),5,frappe,
1 day ago,translation-candidate,in-ledger (no vendor PO location match),,AI-R: confirm prior-approved exclusion at W6-0b AI-R pass (stage6-w60b AI-R record),9,frappe,
1 hour,translation-candidate,in-ledger (no vendor PO location match),,AI-R: confirm prior-approved exclusion at W6-0b AI-R pass (stage6-w60b AI-R record),6,frappe,
1 of 2,translation-candidate,in-ledger (no vendor PO location match),,AI-R: confirm prior-approved exclusion at W6-0b AI-R pass (stage6-w60b AI-R record),6,frappe,
1 row from {0},translation-candidate,in-ledger (no vendor PO location match),,AI-R: confirm prior-approved exclusion at W6-0b AI-R pass (stage6-w60b AI-R record),14,frappe,
1 row to {0},translation-candidate,in-ledger (no vendor PO location match),,AI-R: confirm prior-approved exclusion at W6-0b AI-R pass (stage6-w60b AI-R record),12,frappe,
1 second ago,translation-candidate,in-ledger (no vendor PO location match),,AI-R: confirm prior-approved exclusion at W6-0b AI-R pass (stage6-w60b AI-R record),12,frappe,
2 hours ago,translation-candidate,in-ledger (no vendor PO location match),,AI-R: confirm prior-approved exclusion at W6-0b AI-R pass (stage6-w60b AI-R record),11,frappe,
2 months ago,translation-candidate,in-ledger (no vendor PO location match),,AI-R: confirm prior-approved exclusion at W6-0b AI-R pass (stage6-w60b AI-R record),12,frappe,
2 weeks ago,translation-candidate,in-ledger (no vendor PO location match),,AI-R: confirm prior-approved exclusion at W6-0b AI-R pass (stage6-w60b AI-R record),11,frappe,
2 years ago,translation-candidate,in-ledger (no vendor PO location match),,AI-R: confirm prior-approved exclusion at W6-0b AI-R pass (stage6-w60b AI-R record),11,frappe,
3 minutes ago,translation-candidate,in-ledger (no vendor PO location match),,AI-R: confirm prior-approved exclusion at W6-0b AI-R pass (stage6-w60b AI-R record),13,frappe,
30 minutes,translation-candidate,in-ledger (no vendor PO location match),,AI-R: confirm prior-approved exclusion at W6-0b AI-R pass (stage6-w60b AI-R record),10,frappe,
4 hours,translation-candidate,in-ledger (no vendor PO location match),,AI-R: confirm prior-approved exclusion at W6-0b AI-R pass (stage6-w60b AI-R record),7,frappe,
5 days ago,translation-candidate,in-ledger (no vendor PO location match),,AI-R: confirm prior-approved exclusion at W6-0b AI-R pass (stage6-w60b AI-R record),10,frappe,
<,EXCEPTION-technical,in-ledger (no vendor PO location match),"Keep vendor code/symbol/markup content untouched — technical fragment, no translation",AI-R: confirm technical suppress at W6-0b AI-R pass (stage6-w60b AI-R record),1,frappe,
<=,EXCEPTION-technical,in-ledger (no vendor PO location match),"Keep vendor code/symbol/markup content untouched — technical fragment, no translation",AI-R: confirm technical suppress at W6-0b AI-R pass (stage6-w60b AI-R record),2,frappe,
<b>{0}</b> is not a valid URL,EXCEPTION-technical,in-ledger (no vendor PO location match),"Keep vendor code/symbol/markup content untouched — technical fragment, no translation",AI-R: confirm technical suppress at W6-0b AI-R pass (stage6-w60b AI-R record),29,frappe,
"<span class=\""h2\"">Hi,</span>",EXCEPTION-technical,in-ledger (no vendor PO location match),"Keep vendor code/symbol/markup content untouched — technical fragment, no translation",AI-R: confirm technical suppress at W6-0b AI-R pass (stage6-w60b AI-R record),29,frappe,
=,EXCEPTION-technical,in-ledger (no vendor PO location match),"Keep vendor code/symbol/markup content untouched — technical fragment, no translation",AI-R: confirm technical suppress at W6-0b AI-R pass (stage6-w60b AI-R record),1,frappe,
>,EXCEPTION-technical,in-ledger (no vendor PO location match),"Keep vendor code/symbol/markup content untouched — technical fragment, no translation",AI-R: confirm technical suppress at W6-0b AI-R pass (stage6-w60b AI-R record),1,frappe,
>=,EXCEPTION-technical,in-ledger (no vendor PO location match),"Keep vendor code/symbol/markup content untouched — technical fragment, no translation",AI-R: confirm technical suppress at W6-0b AI-R pass (stage6-w60b AI-R record),2,frappe,
A0,translation-candidate,in-ledger (no vendor PO location match),,AI-R: confirm prior-approved exclusion at W6-0b AI-R pass (stage6-w60b AI-R record),2,frappe,
A1,translation-candidate,in-ledger (no vendor PO location match),,AI-R: confirm prior-approved exclusion at W6-0b AI-R pass (stage6-w60b AI-R record),2,frappe,
A2,translation-candidate,in-ledger (no vendor PO location match),,AI-R: confirm prior-approved exclusion at W6-0b AI-R pass (stage6-w60b AI-R record),2,frappe,
A3,translation-candidate,in-ledger (no vendor PO location match),,AI-R: confirm prior-approved exclusion at W6-0b AI-R pass (stage6-w60b AI-R record),2,frappe,
A5,translation-candidate,in-ledger (no vendor PO location match),,AI-R: confirm prior-approved exclusion at W6-0b AI-R pass (stage6-w60b AI-R record),2,frappe,
A6,translation-candidate,in-ledger (no vendor PO location match),,AI-R: confirm prior-approved exclusion at W6-0b AI-R pass (stage6-w60b AI-R record),2,frappe,
A7,translation-candidate,in-ledger (no vendor PO location match),,AI-R: confirm prior-approved exclusion at W6-0b AI-R pass (stage6-w60b AI-R record),2,frappe,
A8,translation-candidate,in-ledger (no vendor PO location match),,AI-R: confirm prior-approved exclusion at W6-0b AI-R pass (stage6-w60b AI-R record),2,frappe,
A9,translation-candidate,in-ledger (no vendor PO location match),,AI-R: confirm prior-approved exclusion at W6-0b AI-R pass (stage6-w60b AI-R record),2,frappe,
API Endpoint Args should be valid JSON,translation-candidate,in-ledger (no vendor PO location match),,AI-R: confirm prior-approved exclusion at W6-0b AI-R pass (stage6-w60b AI-R record),38,frappe,
API Key cannot be regenerated,translation-candidate,in-ledger (no vendor PO location match),,AI-R: confirm prior-approved exclusion at W6-0b AI-R pass (stage6-w60b AI-R record),29,frappe,
API Keys,translation-candidate,in-ledger (no vendor PO location match),,AI-R: confirm prior-approved exclusion at W6-0b AI-R pass (stage6-w60b AI-R record),8,frappe,
API Logging,translation-candidate,in-ledger (no vendor PO location match),,AI-R: confirm prior-approved exclusion at W6-0b AI-R pass (stage6-w60b AI-R record),11,frappe,
API Request Log,translation-candidate,in-ledger (no vendor PO location match),,AI-R: confirm prior-approved exclusion at W6-0b AI-R pass (stage6-w60b AI-R record),15,frappe,
About Us,translation-candidate,in-ledger (no vendor PO location match),,AI-R: confirm prior-approved exclusion at W6-0b AI-R pass (stage6-w60b AI-R record),8,frappe,
About Us Settings,translation-candidate,in-ledger (no vendor PO location match),,AI-R: confirm prior-approved exclusion at W6-0b AI-R pass (stage6-w60b AI-R record),17,frappe,
About {0} minute remaining,translation-candidate,in-ledger (no vendor PO location match),,AI-R: confirm prior-approved exclusion at W6-0b AI-R pass (stage6-w60b AI-R record),26,frappe,
About {0} minutes remaining,translation-candidate,in-ledger (no vendor PO location match),,AI-R: confirm prior-approved exclusion at W6-0b AI-R pass (stage6-w60b AI-R record),27,frappe,
About {0} seconds remaining,translation-candidate,in-ledger (no vendor PO location match),,AI-R: confirm prior-approved exclusion at W6-0b AI-R pass (stage6-w60b AI-R record),27,frappe,
Accept Invitation,translation-candidate,in-ledger (no vendor PO location match),,AI-R: confirm prior-approved exclusion at W6-0b AI-R pass (stage6-w60b AI-R record),17,frappe,
Accepted At,translation-candidate,in-ledger (no vendor PO location match),,AI-R: confirm prior-approved exclusion at W6-0b AI-R pass (stage6-w60b AI-R record),11,frappe,
Accounts Manager,translation-candidate,in-ledger (no vendor PO location match),,AI-R: confirm prior-approved exclusion at W6-0b AI-R pass (stage6-w60b AI-R record),16,frappe,
Accounts User,translation-candidate,in-ledger (no vendor PO location match),,AI-R: confirm prior-approved exclusion at W6-0b AI-R pass (stage6-w60b AI-R record),13,frappe,
Action,translation-candidate,in-ledger (no vendor PO location match),,AI-R: confirm prior-approved exclusion at W6-0b AI-R pass (stage6-w60b AI-R record),6,frappe,
Action Complete,translation-candidate,in-ledger (no vendor PO location match),,AI-R: confirm prior-approved exclusion at W6-0b AI-R pass (stage6-w60b AI-R record),15,frappe,
Action Label,translation-candidate,in-ledger (no vendor PO location match),,AI-R: confirm prior-approved exclusion at W6-0b AI-R pass (stage6-w60b AI-R record),12,frappe,
Activate,translation-candidate,in-ledger (no vendor PO location match),,AI-R: confirm prior-approved exclusion at W6-0b AI-R pass (stage6-w60b AI-R record),8,frappe,
Active Directory,translation-candidate,in-ledger (no vendor PO location match),,AI-R: confirm prior-approved exclusion at W6-0b AI-R pass (stage6-w60b AI-R record),16,frappe,
Activity,translation-candidate,in-ledger (no vendor PO location match),,AI-R: confirm prior-approved exclusion at W6-0b AI-R pass (stage6-w60b AI-R record),8,frappe,
Added,translation-candidate,in-ledger (no vendor PO location match),,AI-R: confirm prior-approved exclusion at W6-0b AI-R pass (stage6-w60b AI-R record),5,frappe,
Added default log doctypes: {},translation-candidate,in-ledger (no vendor PO location match),,AI-R: confirm prior-approved exclusion at W6-0b AI-R pass (stage6-w60b AI-R record),30,frappe,
Added {0} ({1}),translation-candidate,in-ledger (no vendor PO location match),,AI-R: confirm prior-approved exclusion at W6-0b AI-R pass (stage6-w60b AI-R record),15,frappe,
Address Line 1,translation-candidate,in-ledger (no vendor PO location match),,AI-R: confirm prior-approved exclusion at W6-0b AI-R pass (stage6-w60b AI-R record),14,frappe,
Address Line 2,translation-candidate,in-ledger (no vendor PO location match),,AI-R: confirm prior-approved exclusion at W6-0b AI-R pass (stage6-w60b AI-R record),14,frappe,
Adds a custom client script to a DocType,translation-candidate,in-ledger (no vendor PO location match),,AI-R: confirm prior-approved exclusion at W6-0b AI-R pass (stage6-w60b AI-R record),40,frappe,
Adds a custom field to a DocType,translation-candidate,in-ledger (no vendor PO location match),,AI-R: confirm prior-approved exclusion at W6-0b AI-R pass (stage6-w60b AI-R record),32,frappe,
Administrator can't follow,translation-candidate,in-ledger (no vendor PO location match),,AI-R: confirm prior-approved exclusion at W6-0b AI-R pass (stage6-w60b AI-R record),26,frappe,
After,translation-candidate,in-ledger (no vendor PO location match),,AI-R: confirm prior-approved exclusion at W6-0b AI-R pass (stage6-w60b AI-R record),5,frappe,
After Discard,translation-candidate,in-ledger (no vendor PO location match),,AI-R: confirm prior-approved exclusion at W6-0b AI-R pass (stage6-w60b AI-R record),13,frappe,
After Insert,translation-candidate,in-ledger (no vendor PO location match),,AI-R: confirm prior-approved exclusion at W6-0b AI-R pass (stage6-w60b AI-R record),12,frappe,
Alias must be a string,translation-candidate,in-ledger (no vendor PO location match),,AI-R: confirm prior-approved exclusion at W6-0b AI-R pass (stage6-w60b AI-R record),22,frappe,
Align,translation-candidate,in-ledger (no vendor PO location match),,AI-R: confirm prior-approved exclusion at W6-0b AI-R pass (stage6-w60b AI-R record),5,frappe,
All Day,translation-candidate,in-ledger (no vendor PO location match),,AI-R: confirm prior-approved exclusion at W6-0b AI-R pass (stage6-w60b AI-R record),7,frappe,
All Submissions,translation-candidate,in-ledger (no vendor PO location match),,AI-R: confirm prior-approved exclusion at W6-0b AI-R pass (stage6-w60b AI-R record),15,frappe,
Allow Bulk Editing,translation-candidate,in-ledger (no vendor PO location match),,AI-R: confirm prior-approved exclusion at W6-0b AI-R pass (stage6-w60b AI-R record),18,frappe,
Allow Consecutive Login Attempts,translation-candidate,in-ledger (no vendor PO location match),,AI-R: confirm prior-approved exclusion at W6-0b AI-R pass (stage6-w60b AI-R record),32,frappe,
Allow comments,translation-candidate,in-ledger (no vendor PO location match),,AI-R: confirm prior-approved exclusion at W6-0b AI-R pass (stage6-w60b AI-R record),14,frappe,
Allow delete,translation-candidate,in-ledger (no vendor PO location match),,AI-R: confirm prior-approved exclusion at W6-0b AI-R pass (stage6-w60b AI-R record),12,frappe,
Allow editing after submit,translation-candidate,in-ledger (no vendor PO location match),,AI-R: confirm prior-approved exclusion at W6-0b AI-R pass (stage6-w60b AI-R record),26,frappe,
Allow incomplete forms,translation-candidate,in-ledger (no vendor PO location match),,AI-R: confirm prior-approved exclusion at W6-0b AI-R pass (stage6-w60b AI-R record),22,frappe,
Allow multiple responses,translation-candidate,in-ledger (no vendor PO location match),,AI-R: confirm prior-approved exclusion at W6-0b AI-R pass (stage6-w60b AI-R record),24,frappe,
Allow print,translation-candidate,in-ledger (no vendor PO location match),,AI-R: confirm prior-approved exclusion at W6-0b AI-R pass (stage6-w60b AI-R record),11,frappe,
Allowed File Extensions,translation-candidate,in-ledger (no vendor PO location match),,AI-R: confirm prior-approved exclusion at W6-0b AI-R pass (stage6-w60b AI-R record),23,frappe,
Allowed Modules,translation-candidate,in-ledger (no vendor PO location match),,AI-R: confirm prior-approved exclusion at W6-0b AI-R pass (stage6-w60b AI-R record),15,frappe,
Allowed Public Client Origins,translation-candidate,in-ledger (no vendor PO location match),,AI-R: confirm prior-approved exclusion at W6-0b AI-R pass (stage6-w60b AI-R record),29,frappe,
Allowed Roles,translation-candidate,in-ledger (no vendor PO location match),,AI-R: confirm prior-approved exclusion at W6-0b AI-R pass (stage6-w60b AI-R record),13,frappe,
Allowed embedding domains,translation-candidate,in-ledger (no vendor PO location match),,AI-R: confirm prior-approved exclusion at W6-0b AI-R pass (stage6-w60b AI-R record),25,frappe,
Alternative Email ID,translation-candidate,in-ledger (no vendor PO location match),,AI-R: confirm prior-approved exclusion at W6-0b AI-R pass (stage6-w60b AI-R record),20,frappe,
Always,translation-candidate,in-ledger (no vendor PO location match),,AI-R: confirm prior-approved exclusion at W6-0b AI-R pass (stage6-w60b AI-R record),6,frappe,
Always BCC Address,translation-candidate,in-ledger (no vendor PO location match),,AI-R: confirm prior-approved exclusion at W6-0b AI-R pass (stage6-w60b AI-R record),18,frappe,
Always use this name as sender name,translation-candidate,in-ledger (no vendor PO location match),,AI-R: confirm prior-approved exclusion at W6-0b AI-R pass (stage6-w60b AI-R record),35,frappe,
Amend Counter,translation-candidate,in-ledger (no vendor PO location match),,AI-R: confirm prior-approved exclusion at W6-0b AI-R pass (stage6-w60b AI-R record),13,frappe,
Amended Document Naming Settings,translation-candidate,in-ledger (no vendor PO location match),,AI-R: confirm prior-approved exclusion at W6-0b AI-R pass (stage6-w60b AI-R record),32,frappe,
Amended Documents,translation-candidate,in-ledger (no vendor PO location match),,AI-R: confirm prior-approved exclusion at W6-0b AI-R pass (stage6-w60b AI-R record),17,frappe,
Amended From,translation-candidate,in-ledger (no vendor PO location match),,AI-R: confirm prior-approved exclusion at W6-0b AI-R pass (stage6-w60b AI-R record),12,frappe,
Amendment Naming Override,translation-candidate,in-ledger (no vendor PO location match),,AI-R: confirm prior-approved exclusion at W6-0b AI-R pass (stage6-w60b AI-R record),25,frappe,
Amendment Not Allowed,translation-candidate,in-ledger (no vendor PO location match),,AI-R: confirm prior-approved exclusion at W6-0b AI-R pass (stage6-w60b AI-R record),21,frappe,
Amendment naming rules updated.,translation-candidate,in-ledger (no vendor PO location match),,AI-R: confirm prior-approved exclusion at W6-0b AI-R pass (stage6-w60b AI-R record),31,frappe,
Announcement Widget,translation-candidate,in-ledger (no vendor PO location match),,AI-R: confirm prior-approved exclusion at W6-0b AI-R pass (stage6-w60b AI-R record),19,frappe,
Announcements,translation-candidate,in-ledger (no vendor PO location match),,AI-R: confirm prior-approved exclusion at W6-0b AI-R pass (stage6-w60b AI-R record),13,frappe,
Annual,translation-candidate,in-ledger (no vendor PO location match),,AI-R: confirm prior-approved exclusion at W6-0b AI-R pass (stage6-w60b AI-R record),6,frappe,
Anonymization Matrix,translation-candidate,in-ledger (no vendor PO location match),,AI-R: confirm prior-approved exclusion at W6-0b AI-R pass (stage6-w60b AI-R record),20,frappe,
Anonymous responses,translation-candidate,in-ledger (no vendor PO location match),,AI-R: confirm prior-approved exclusion at W6-0b AI-R pass (stage6-w60b AI-R record),19,frappe,
App ID,translation-candidate,in-ledger (no vendor PO location match),,AI-R: confirm prior-approved exclusion at W6-0b AI-R pass (stage6-w60b AI-R record),6,frappe,
App Logo,translation-candidate,in-ledger (no vendor PO location match),,AI-R: confirm prior-approved exclusion at W6-0b AI-R pass (stage6-w60b AI-R record),8,frappe,
App Name (Client Name),translation-candidate,in-ledger (no vendor PO location match),,AI-R: confirm prior-approved exclusion at W6-0b AI-R pass (stage6-w60b AI-R record),22,frappe,
App not found for module: {0},translation-candidate,in-ledger (no vendor PO location match),,AI-R: confirm prior-approved exclusion at W6-0b AI-R pass (stage6-w60b AI-R record),29,frappe,
Applicable For,translation-candidate,in-ledger (no vendor PO location match),,AI-R: confirm prior-approved exclusion at W6-0b AI-R pass (stage6-w60b AI-R record),14,frappe,
Application is not installed,translation-candidate,in-ledger (no vendor PO location match),,AI-R: confirm prior-approved exclusion at W6-0b AI-R pass (stage6-w60b AI-R record),28,frappe,
Applies To (DocType),translation-candidate,in-ledger (no vendor PO location match),,AI-R: confirm prior-approved exclusion at W6-0b AI-R pass (stage6-w60b AI-R record),20,frappe,
Apply Filters,translation-candidate,in-ledger (no vendor PO location match),,AI-R: confirm prior-approved exclusion at W6-0b AI-R pass (stage6-w60b AI-R record),13,frappe,
Apply To,translation-candidate,in-ledger (no vendor PO location match),,AI-R: confirm prior-approved exclusion at W6-0b AI-R pass (stage6-w60b AI-R record),8,frappe,
Apply User Permission On,translation-candidate,in-ledger (no vendor PO location match),,AI-R: confirm prior-approved exclusion at W6-0b AI-R pass (stage6-w60b AI-R record),24,frappe,
Apply document permissions,translation-candidate,in-ledger (no vendor PO location match),,AI-R: confirm prior-approved exclusion at W6-0b AI-R pass (stage6-w60b AI-R record),26,frappe,
Apps,translation-candidate,in-ledger (no vendor PO location match),,AI-R: confirm prior-approved exclusion at W6-0b AI-R pass (stage6-w60b AI-R record),4,frappe,
Ar,translation-candidate,in-ledger (no vendor PO location match),,AI-R: confirm prior-approved exclusion at W6-0b AI-R pass (stage6-w60b AI-R record),2,frappe,
Archived,translation-candidate,in-ledger (no vendor PO location match),,AI-R: confirm prior-approved exclusion at W6-0b AI-R pass (stage6-w60b AI-R record),8,frappe,
Are you sure you want to proceed?,translation-candidate,in-ledger (no vendor PO location match),,AI-R: confirm prior-approved exclusion at W6-0b AI-R pass (stage6-w60b AI-R record),33,frappe,
Are you sure you want to {0}?,translation-candidate,in-ledger (no vendor PO location match),,AI-R: confirm prior-approved exclusion at W6-0b AI-R pass (stage6-w60b AI-R record),29,frappe,
Arguments,translation-candidate,in-ledger (no vendor PO location match),,AI-R: confirm prior-approved exclusion at W6-0b AI-R pass (stage6-w60b AI-R record),9,frappe,
Arial,translation-candidate,in-ledger (no vendor PO location match),,AI-R: confirm prior-approved exclusion at W6-0b AI-R pass (stage6-w60b AI-R record),5,frappe,
Ask,translation-candidate,in-ledger (no vendor PO location match),,AI-R: confirm prior-approved exclusion at W6-0b AI-R pass (stage6-w60b AI-R record),3,frappe,
Assigned To,translation-candidate,in-ledger (no vendor PO location match),,AI-R: confirm prior-approved exclusion at W6-0b AI-R pass (stage6-w60b AI-R record),11,frappe,
Assignee,translation-candidate,in-ledger (no vendor PO location match),,AI-R: confirm prior-approved exclusion at W6-0b AI-R pass (stage6-w60b AI-R record),8,frappe,
Assigning...,translation-candidate,in-ledger (no vendor PO location match),,AI-R: confirm prior-approved exclusion at W6-0b AI-R pass (stage6-w60b AI-R record),12,frappe,
Assignment,translation-candidate,in-ledger (no vendor PO location match),,AI-R: confirm prior-approved exclusion at W6-0b AI-R pass (stage6-w60b AI-R record),10,frappe,
Assignment of {0} removed by {1},translation-candidate,in-ledger (no vendor PO location match),,AI-R: confirm prior-approved exclusion at W6-0b AI-R pass (stage6-w60b AI-R record),32,frappe,
Asynchronous,translation-candidate,in-ledger (no vendor PO location match),,AI-R: confirm prior-approved exclusion at W6-0b AI-R pass (stage6-w60b AI-R record),12,frappe,
Attachment Limit Reached,translation-candidate,in-ledger (no vendor PO location match),,AI-R: confirm prior-approved exclusion at W6-0b AI-R pass (stage6-w60b AI-R record),24,frappe,
Attachment Settings,translation-candidate,in-ledger (no vendor PO location match),,AI-R: confirm prior-approved exclusion at W6-0b AI-R pass (stage6-w60b AI-R record),19,frappe,
Attribution,translation-candidate,in-ledger (no vendor PO location match),,AI-R: confirm prior-approved exclusion at W6-0b AI-R pass (stage6-w60b AI-R record),11,frappe,
Audit System Hooks,translation-candidate,in-ledger (no vendor PO location match),,AI-R: confirm prior-approved exclusion at W6-0b AI-R pass (stage6-w60b AI-R record),18,frappe,
Audit Trail,translation-candidate,in-ledger (no vendor PO location match),,AI-R: confirm prior-approved exclusion at W6-0b AI-R pass (stage6-w60b AI-R record),11,frappe,
Auth URL data should be valid JSON,translation-candidate,in-ledger (no vendor PO location match),,AI-R: confirm prior-approved exclusion at W6-0b AI-R pass (stage6-w60b AI-R record),34,frappe,
Authenticate as Service Principal,translation-candidate,in-ledger (no vendor PO location match),,AI-R: confirm prior-approved exclusion at W6-0b AI-R pass (stage6-w60b AI-R record),33,frappe,
Authentication Apps you can use are:,translation-candidate,in-ledger (no vendor PO location match),,AI-R: confirm prior-approved exclusion at W6-0b AI-R pass (stage6-w60b AI-R record),36,frappe,
Authorization,translation-candidate,in-ledger (no vendor PO location match),,AI-R: confirm prior-approved exclusion at W6-0b AI-R pass (stage6-w60b AI-R record),13,frappe,
Authorization URI,translation-candidate,in-ledger (no vendor PO location match),,AI-R: confirm prior-approved exclusion at W6-0b AI-R pass (stage6-w60b AI-R record),17,frappe,
Authorization error for {}.,translation-candidate,in-ledger (no vendor PO location match),,AI-R: confirm prior-approved exclusion at W6-0b AI-R pass (stage6-w60b AI-R record),27,frappe,
Authorize API Access,translation-candidate,in-ledger (no vendor PO location match),,AI-R: confirm prior-approved exclusion at W6-0b AI-R pass (stage6-w60b AI-R record),20,frappe,
Authors,translation-candidate,in-ledger (no vendor PO location match),,AI-R: confirm prior-approved exclusion at W6-0b AI-R pass (stage6-w60b AI-R record),7,frappe,
Authors / Maintainers,translation-candidate,in-ledger (no vendor PO location match),,AI-R: confirm prior-approved exclusion at W6-0b AI-R pass (stage6-w60b AI-R record),21,frappe,
Auto Repeat Day,translation-candidate,in-ledger (no vendor PO location match),,AI-R: confirm prior-approved exclusion at W6-0b AI-R pass (stage6-w60b AI-R record),15,frappe,
Auto Repeat Schedule,translation-candidate,in-ledger (no vendor PO location match),,AI-R: confirm prior-approved exclusion at W6-0b AI-R pass (stage6-w60b AI-R record),20,frappe,
Auto Repeat User,translation-candidate,in-ledger (no vendor PO location match),,AI-R: confirm prior-approved exclusion at W6-0b AI-R pass (stage6-w60b AI-R record),16,frappe,
Auto follow documents that you Like,translation-candidate,in-ledger (no vendor PO location match),,AI-R: confirm prior-approved exclusion at W6-0b AI-R pass (stage6-w60b AI-R record),35,frappe,
Auto follow documents that you create,translation-candidate,in-ledger (no vendor PO location match),,AI-R: confirm prior-approved exclusion at W6-0b AI-R pass (stage6-w60b AI-R record),37,frappe,
Autocomplete,translation-candidate,in-ledger (no vendor PO location match),,AI-R: confirm prior-approved exclusion at W6-0b AI-R pass (stage6-w60b AI-R record),12,frappe,
Autoincrement,translation-candidate,in-ledger (no vendor PO location match),,AI-R: confirm prior-approved exclusion at W6-0b AI-R pass (stage6-w60b AI-R record),13,frappe,
Automated Message,translation-candidate,in-ledger (no vendor PO location match),,AI-R: confirm prior-approved exclusion at W6-0b AI-R pass (stage6-w60b AI-R record),17,frappe,
Automatic,translation-candidate,in-ledger (no vendor PO location match),,AI-R: confirm prior-approved exclusion at W6-0b AI-R pass (stage6-w60b AI-R record),9,frappe,
Awesome Work,translation-candidate,in-ledger (no vendor PO location match),,AI-R: confirm prior-approved exclusion at W6-0b AI-R pass (stage6-w60b AI-R record),12,frappe,
Awesomebar,translation-candidate,in-ledger (no vendor PO location match),,AI-R: confirm prior-approved exclusion at W6-0b AI-R pass (stage6-w60b AI-R record),10,frappe,
B,translation-candidate,in-ledger (no vendor PO location match),,AI-R: confirm prior-approved exclusion at W6-0b AI-R pass (stage6-w60b AI-R record),1,frappe,
B0,translation-candidate,in-ledger (no vendor PO location match),,AI-R: confirm prior-approved exclusion at W6-0b AI-R pass (stage6-w60b AI-R record),2,frappe,
B1,translation-candidate,in-ledger (no vendor PO location match),,AI-R: confirm prior-approved exclusion at W6-0b AI-R pass (stage6-w60b AI-R record),2,frappe,
B10,translation-candidate,in-ledger (no vendor PO location match),,AI-R: confirm prior-approved exclusion at W6-0b AI-R pass (stage6-w60b AI-R record),3,frappe,
B2,translation-candidate,in-ledger (no vendor PO location match),,AI-R: confirm prior-approved exclusion at W6-0b AI-R pass (stage6-w60b AI-R record),2,frappe,
B3,translation-candidate,in-ledger (no vendor PO location match),,AI-R: confirm prior-approved exclusion at W6-0b AI-R pass (stage6-w60b AI-R record),2,frappe,
B4,translation-candidate,in-ledger (no vendor PO location match),,AI-R: confirm prior-approved exclusion at W6-0b AI-R pass (stage6-w60b AI-R record),2,frappe,
B5,translation-candidate,in-ledger (no vendor PO location match),,AI-R: confirm prior-approved exclusion at W6-0b AI-R pass (stage6-w60b AI-R record),2,frappe,
B6,translation-candidate,in-ledger (no vendor PO location match),,AI-R: confirm prior-approved exclusion at W6-0b AI-R pass (stage6-w60b AI-R record),2,frappe,
B7,translation-candidate,in-ledger (no vendor PO location match),,AI-R: confirm prior-approved exclusion at W6-0b AI-R pass (stage6-w60b AI-R record),2,frappe,
B8,translation-candidate,in-ledger (no vendor PO location match),,AI-R: confirm prior-approved exclusion at W6-0b AI-R pass (stage6-w60b AI-R record),2,frappe,
B9,translation-candidate,in-ledger (no vendor PO location match),,AI-R: confirm prior-approved exclusion at W6-0b AI-R pass (stage6-w60b AI-R record),2,frappe,
BCC,translation-candidate,in-ledger (no vendor PO location match),,AI-R: confirm prior-approved exclusion at W6-0b AI-R pass (stage6-w60b AI-R record),3,frappe,
Background Job Activity,translation-candidate,in-ledger (no vendor PO location match),,AI-R: confirm prior-approved exclusion at W6-0b AI-R pass (stage6-w60b AI-R record),23,frappe,
Background Jobs Check,translation-candidate,in-ledger (no vendor PO location match),,AI-R: confirm prior-approved exclusion at W6-0b AI-R pass (stage6-w60b AI-R record),21,frappe,
Background Jobs Queue,translation-candidate,in-ledger (no vendor PO location match),,AI-R: confirm prior-approved exclusion at W6-0b AI-R pass (stage6-w60b AI-R record),21,frappe,
Backup Encryption Key,translation-candidate,in-ledger (no vendor PO location match),,AI-R: confirm prior-approved exclusion at W6-0b AI-R pass (stage6-w60b AI-R record),21,frappe,
Backups (MB),translation-candidate,in-ledger (no vendor PO location match),,AI-R: confirm prior-approved exclusion at W6-0b AI-R pass (stage6-w60b AI-R record),12,frappe,
Bad Cron Expression,translation-candidate,in-ledger (no vendor PO location match),,AI-R: confirm prior-approved exclusion at W6-0b AI-R pass (stage6-w60b AI-R record),19,frappe,
Banker's Rounding,translation-candidate,in-ledger (no vendor PO location match),,AI-R: confirm prior-approved exclusion at W6-0b AI-R pass (stage6-w60b AI-R record),17,frappe,
Banker's Rounding (legacy),translation-candidate,in-ledger (no vendor PO location match),,AI-R: confirm prior-approved exclusion at W6-0b AI-R pass (stage6-w60b AI-R record),26,frappe,
Bar,translation-candidate,in-ledger (no vendor PO location match),,AI-R: confirm prior-approved exclusion at W6-0b AI-R pass (stage6-w60b AI-R record),3,frappe,
Based On,translation-candidate,in-ledger (no vendor PO location match),,AI-R: confirm prior-approved exclusion at W6-0b AI-R pass (stage6-w60b AI-R record),8,frappe,
Basic Info,translation-candidate,in-ledger (no vendor PO location match),,AI-R: confirm prior-approved exclusion at W6-0b AI-R pass (stage6-w60b AI-R record),10,frappe,
Before,translation-candidate,in-ledger (no vendor PO location match),,AI-R: confirm prior-approved exclusion at W6-0b AI-R pass (stage6-w60b AI-R record),6,frappe,
Before Discard,translation-candidate,in-ledger (no vendor PO location match),,AI-R: confirm prior-approved exclusion at W6-0b AI-R pass (stage6-w60b AI-R record),14,frappe,
Before Validate,translation-candidate,in-ledger (no vendor PO location match),,AI-R: confirm prior-approved exclusion at W6-0b AI-R pass (stage6-w60b AI-R record),15,frappe,
Beginner,translation-candidate,in-ledger (no vendor PO location match),,AI-R: confirm prior-approved exclusion at W6-0b AI-R pass (stage6-w60b AI-R record),8,frappe,
Billing Contact,translation-candidate,in-ledger (no vendor PO location match),,AI-R: confirm prior-approved exclusion at W6-0b AI-R pass (stage6-w60b AI-R record),15,frappe,
Binary Logging,translation-candidate,in-ledger (no vendor PO location match),,AI-R: confirm prior-approved exclusion at W6-0b AI-R pass (stage6-w60b AI-R record),14,frappe,
Blue,translation-candidate,in-ledger (no vendor PO location match),,AI-R: confirm prior-approved exclusion at W6-0b AI-R pass (stage6-w60b AI-R record),4,frappe,
Both login and password required,translation-candidate,in-ledger (no vendor PO location match),,AI-R: confirm prior-approved exclusion at W6-0b AI-R pass (stage6-w60b AI-R record),32,frappe,
Bottom Center,translation-candidate,in-ledger (no vendor PO location match),,AI-R: confirm prior-approved exclusion at W6-0b AI-R pass (stage6-w60b AI-R record),13,frappe,
Bottom Left,translation-candidate,in-ledger (no vendor PO location match),,AI-R: confirm prior-approved exclusion at W6-0b AI-R pass (stage6-w60b AI-R record),11,frappe,
Bottom Right,translation-candidate,in-ledger (no vendor PO location match),,AI-R: confirm prior-approved exclusion at W6-0b AI-R pass (stage6-w60b AI-R record),12,frappe,
Brand,translation-candidate,in-ledger (no vendor PO location match),,AI-R: confirm prior-approved exclusion at W6-0b AI-R pass (stage6-w60b AI-R record),5,frappe,
Bufferpool Size,translation-candidate,in-ledger (no vendor PO location match),,AI-R: confirm prior-approved exclusion at W6-0b AI-R pass (stage6-w60b AI-R record),15,frappe,
Build,translation-candidate,in-ledger (no vendor PO location match),,AI-R: confirm prior-approved exclusion at W6-0b AI-R pass (stage6-w60b AI-R record),5,frappe,
Build {0},translation-candidate,in-ledger (no vendor PO location match),,AI-R: confirm prior-approved exclusion at W6-0b AI-R pass (stage6-w60b AI-R record),9,frappe,
Built on {0},translation-candidate,in-ledger (no vendor PO location match),,AI-R: confirm prior-approved exclusion at W6-0b AI-R pass (stage6-w60b AI-R record),12,frappe,
Bulk Actions,translation-candidate,in-ledger (no vendor PO location match),,AI-R: confirm prior-approved exclusion at W6-0b AI-R pass (stage6-w60b AI-R record),12,frappe,
Bulk Operation Failed,translation-candidate,in-ledger (no vendor PO location match),,AI-R: confirm prior-approved exclusion at W6-0b AI-R pass (stage6-w60b AI-R record),21,frappe,
Bulk Operation Successful,translation-candidate,in-ledger (no vendor PO location match),,AI-R: confirm prior-approved exclusion at W6-0b AI-R pass (stage6-w60b AI-R record),25,frappe,
Bulk {0} is enqueued in background.,translation-candidate,in-ledger (no vendor PO location match),,AI-R: confirm prior-approved exclusion at W6-0b AI-R pass (stage6-w60b AI-R record),35,frappe,
Button Color,translation-candidate,in-ledger (no vendor PO location match),,AI-R: confirm prior-approved exclusion at W6-0b AI-R pass (stage6-w60b AI-R record),12,frappe,
"By \""Naming Series\"" field",translation-candidate,in-ledger (no vendor PO location match),,AI-R: confirm prior-approved exclusion at W6-0b AI-R pass (stage6-w60b AI-R record),26,frappe,
By fieldname,translation-candidate,in-ledger (no vendor PO location match),,AI-R: confirm prior-approved exclusion at W6-0b AI-R pass (stage6-w60b AI-R record),12,frappe,
By script,translation-candidate,in-ledger (no vendor PO location match),,AI-R: confirm prior-approved exclusion at W6-0b AI-R pass (stage6-w60b AI-R record),9,frappe,
C5E,translation-candidate,in-ledger (no vendor PO location match),,AI-R: confirm prior-approved exclusion at W6-0b AI-R pass (stage6-w60b AI-R record),3,frappe,
CMD,translation-candidate,in-ledger (no vendor PO location match),,AI-R: confirm prior-approved exclusion at W6-0b AI-R pass (stage6-w60b AI-R record),3,frappe,
COLOR PICKER,translation-candidate,in-ledger (no vendor PO location match),,AI-R: confirm prior-approved exclusion at W6-0b AI-R pass (stage6-w60b AI-R record),12,frappe,
CSS,translation-candidate,in-ledger (no vendor PO location match),,AI-R: confirm prior-approved exclusion at W6-0b AI-R pass (stage6-w60b AI-R record),3,frappe,
CSV,translation-candidate,in-ledger (no vendor PO location match),,AI-R: confirm prior-approved exclusion at W6-0b AI-R pass (stage6-w60b AI-R record),3,frappe,
Cache,translation-candidate,in-ledger (no vendor PO location match),,AI-R: confirm prior-approved exclusion at W6-0b AI-R pass (stage6-w60b AI-R record),5,frappe,
Campaign Description (Optional),translation-candidate,in-ledger (no vendor PO location match),,AI-R: confirm prior-approved exclusion at W6-0b AI-R pass (stage6-w60b AI-R record),31,frappe,
Cannot Fetch Values,translation-candidate,in-ledger (no vendor PO location match),,AI-R: confirm prior-approved exclusion at W6-0b AI-R pass (stage6-w60b AI-R record),19,frappe,
Cannot access file path {0},translation-candidate,in-ledger (no vendor PO location match),,AI-R: confirm prior-approved exclusion at W6-0b AI-R pass (stage6-w60b AI-R record),27,frappe,
Cannot cancel {0}.,translation-candidate,in-ledger (no vendor PO location match),,AI-R: confirm prior-approved exclusion at W6-0b AI-R pass (stage6-w60b AI-R record),18,frappe,
Cannot delete standard document state.,translation-candidate,in-ledger (no vendor PO location match),,AI-R: confirm prior-approved exclusion at W6-0b AI-R pass (stage6-w60b AI-R record),38,frappe,
Cannot edit Standard Dashboards,translation-candidate,in-ledger (no vendor PO location match),,AI-R: confirm prior-approved exclusion at W6-0b AI-R pass (stage6-w60b AI-R record),31,frappe,
Cannot edit Standard charts,translation-candidate,in-ledger (no vendor PO location match),,AI-R: confirm prior-approved exclusion at W6-0b AI-R pass (stage6-w60b AI-R record),27,frappe,
Cannot find file {} on disk,translation-candidate,in-ledger (no vendor PO location match),,AI-R: confirm prior-approved exclusion at W6-0b AI-R pass (stage6-w60b AI-R record),27,frappe,
Cannot get file contents of a Folder,translation-candidate,in-ledger (no vendor PO location match),,AI-R: confirm prior-approved exclusion at W6-0b AI-R pass (stage6-w60b AI-R record),36,frappe,
Cannot submit {0}.,translation-candidate,in-ledger (no vendor PO location match),,AI-R: confirm prior-approved exclusion at W6-0b AI-R pass (stage6-w60b AI-R record),18,frappe,
Cannot use sub-query here.,translation-candidate,in-ledger (no vendor PO location match),,AI-R: confirm prior-approved exclusion at W6-0b AI-R pass (stage6-w60b AI-R record),26,frappe,
Cannot use {0} in order/group by,translation-candidate,in-ledger (no vendor PO location match),,AI-R: confirm prior-approved exclusion at W6-0b AI-R pass (stage6-w60b AI-R record),32,frappe,
Cannot {0} {1}.,translation-candidate,in-ledger (no vendor PO location match),,AI-R: confirm prior-approved exclusion at W6-0b AI-R pass (stage6-w60b AI-R record),15,frappe,
Capture,translation-candidate,in-ledger (no vendor PO location match),,AI-R: confirm prior-approved exclusion at W6-0b AI-R pass (stage6-w60b AI-R record),7,frappe,
Card Break,translation-candidate,in-ledger (no vendor PO location match),,AI-R: confirm prior-approved exclusion at W6-0b AI-R pass (stage6-w60b AI-R record),10,frappe,
Card Links,translation-candidate,in-ledger (no vendor PO location match),,AI-R: confirm prior-approved exclusion at W6-0b AI-R pass (stage6-w60b AI-R record),10,frappe,
Change Image,translation-candidate,in-ledger (no vendor PO location match),,AI-R: confirm prior-approved exclusion at W6-0b AI-R pass (stage6-w60b AI-R record),12,frappe,
Change Letter Head,translation-candidate,in-ledger (no vendor PO location match),,AI-R: confirm prior-approved exclusion at W6-0b AI-R pass (stage6-w60b AI-R record),18,frappe,
Changed at,translation-candidate,in-ledger (no vendor PO location match),,AI-R: confirm prior-approved exclusion at W6-0b AI-R pass (stage6-w60b AI-R record),10,frappe,
Changed by,translation-candidate,in-ledger (no vendor PO location match),,AI-R: confirm prior-approved exclusion at W6-0b AI-R pass (stage6-w60b AI-R record),10,frappe,
Changelog Feed,translation-candidate,in-ledger (no vendor PO location match),,AI-R: confirm prior-approved exclusion at W6-0b AI-R pass (stage6-w60b AI-R record),14,frappe,
Changes,translation-candidate,in-ledger (no vendor PO location match),,AI-R: confirm prior-approved exclusion at W6-0b AI-R pass (stage6-w60b AI-R record),7,frappe,
Chart,translation-candidate,in-ledger (no vendor PO location match),,AI-R: confirm prior-approved exclusion at W6-0b AI-R pass (stage6-w60b AI-R record),5,frappe,
Child DocTypes are not allowed,translation-candidate,in-ledger (no vendor PO location match),,AI-R: confirm prior-approved exclusion at W6-0b AI-R pass (stage6-w60b AI-R record),30,frappe,
Child Doctype,translation-candidate,in-ledger (no vendor PO location match),,AI-R: confirm prior-approved exclusion at W6-0b AI-R pass (stage6-w60b AI-R record),13,frappe,
Choose a block or continue typing,translation-candidate,in-ledger (no vendor PO location match),,AI-R: confirm prior-approved exclusion at W6-0b AI-R pass (stage6-w60b AI-R record),33,frappe,
Choose a color,translation-candidate,in-ledger (no vendor PO location match),,AI-R: confirm prior-approved exclusion at W6-0b AI-R pass (stage6-w60b AI-R record),14,frappe,
Choose an icon,translation-candidate,in-ledger (no vendor PO location match),,AI-R: confirm prior-approved exclusion at W6-0b AI-R pass (stage6-w60b AI-R record),14,frappe,
City,translation-candidate,in-ledger (no vendor PO location match),,AI-R: confirm prior-approved exclusion at W6-0b AI-R pass (stage6-w60b AI-R record),4,frappe,المدينة
Clear All,translation-candidate,in-ledger (no vendor PO location match),,AI-R: confirm prior-approved exclusion at W6-0b AI-R pass (stage6-w60b AI-R record),9,frappe,
Clear Assignment,translation-candidate,in-ledger (no vendor PO location match),,AI-R: confirm prior-approved exclusion at W6-0b AI-R pass (stage6-w60b AI-R record),16,frappe,
Clear Filters,translation-candidate,in-ledger (no vendor PO location match),,AI-R: confirm prior-approved exclusion at W6-0b AI-R pass (stage6-w60b AI-R record),13,frappe,
Clear Logs After (days),translation-candidate,in-ledger (no vendor PO location match),,AI-R: confirm prior-approved exclusion at W6-0b AI-R pass (stage6-w60b AI-R record),23,frappe,
Click below to get started:,translation-candidate,in-ledger (no vendor PO location match),,AI-R: confirm prior-approved exclusion at W6-0b AI-R pass (stage6-w60b AI-R record),27,frappe,
Click here,translation-candidate,in-ledger (no vendor PO location match),,AI-R: confirm prior-approved exclusion at W6-0b AI-R pass (stage6-w60b AI-R record),10,frappe,
Click on a file to select it.,translation-candidate,in-ledger (no vendor PO location match),,AI-R: confirm prior-approved exclusion at W6-0b AI-R pass (stage6-w60b AI-R record),29,frappe,
Click on the button to log in to {0},translation-candidate,in-ledger (no vendor PO location match),,AI-R: confirm prior-approved exclusion at W6-0b AI-R pass (stage6-w60b AI-R record),36,frappe,
Click to Set Dynamic Filters,translation-candidate,in-ledger (no vendor PO location match),,AI-R: confirm prior-approved exclusion at W6-0b AI-R pass (stage6-w60b AI-R record),28,frappe,
Click to Set Filters,translation-candidate,in-ledger (no vendor PO location match),,AI-R: confirm prior-approved exclusion at W6-0b AI-R pass (stage6-w60b AI-R record),20,frappe,
Click to sort by {0},translation-candidate,in-ledger (no vendor PO location match),,AI-R: confirm prior-approved exclusion at W6-0b AI-R pass (stage6-w60b AI-R record),20,frappe,
Client Id,translation-candidate,in-ledger (no vendor PO location match),,AI-R: confirm prior-approved exclusion at W6-0b AI-R pass (stage6-w60b AI-R record),9,frappe,
Client Metadata,translation-candidate,in-ledger (no vendor PO location match),,AI-R: confirm prior-approved exclusion at W6-0b AI-R pass (stage6-w60b AI-R record),15,frappe,
Client Secret Basic,translation-candidate,in-ledger (no vendor PO location match),,AI-R: confirm prior-approved exclusion at W6-0b AI-R pass (stage6-w60b AI-R record),19,frappe,
Client Secret Post,translation-candidate,in-ledger (no vendor PO location match),,AI-R: confirm prior-approved exclusion at W6-0b AI-R pass (stage6-w60b AI-R record),18,frappe,
Client URI,translation-candidate,in-ledger (no vendor PO location match),,AI-R: confirm prior-approved exclusion at W6-0b AI-R pass (stage6-w60b AI-R record),10,frappe,
Client script,translation-candidate,in-ledger (no vendor PO location match),,AI-R: confirm prior-approved exclusion at W6-0b AI-R pass (stage6-w60b AI-R record),13,frappe,
Cmd+Enter to add comment,translation-candidate,in-ledger (no vendor PO location match),,AI-R: confirm prior-approved exclusion at W6-0b AI-R pass (stage6-w60b AI-R record),24,frappe,
Code Challenge,translation-candidate,in-ledger (no vendor PO location match),,AI-R: confirm prior-approved exclusion at W6-0b AI-R pass (stage6-w60b AI-R record),14,frappe,
Code Editor Type,translation-candidate,in-ledger (no vendor PO location match),,AI-R: confirm prior-approved exclusion at W6-0b AI-R pass (stage6-w60b AI-R record),16,frappe,
Code challenge method,translation-candidate,in-ledger (no vendor PO location match),,AI-R: confirm prior-approved exclusion at W6-0b AI-R pass (stage6-w60b AI-R record),21,frappe,
Collapse All,translation-candidate,in-ledger (no vendor PO location match),,AI-R: confirm prior-approved exclusion at W6-0b AI-R pass (stage6-w60b AI-R record),12,frappe,
Collapsible Depends On (JS),translation-candidate,in-ledger (no vendor PO location match),,AI-R: confirm prior-approved exclusion at W6-0b AI-R pass (stage6-w60b AI-R record),27,frappe,
Column,translation-candidate,in-ledger (no vendor PO location match),,AI-R: confirm prior-approved exclusion at W6-0b AI-R pass (stage6-w60b AI-R record),6,frappe,
Column 1,translation-candidate,in-ledger (no vendor PO location match),,AI-R: confirm prior-approved exclusion at W6-0b AI-R pass (stage6-w60b AI-R record),8,frappe,
Column 2,translation-candidate,in-ledger (no vendor PO location match),,AI-R: confirm prior-approved exclusion at W6-0b AI-R pass (stage6-w60b AI-R record),8,frappe,
Column Width,translation-candidate,in-ledger (no vendor PO location match),,AI-R: confirm prior-approved exclusion at W6-0b AI-R pass (stage6-w60b AI-R record),12,frappe,
Column width cannot be zero.,translation-candidate,in-ledger (no vendor PO location match),,AI-R: confirm prior-approved exclusion at W6-0b AI-R pass (stage6-w60b AI-R record),28,frappe,
Column {0},translation-candidate,in-ledger (no vendor PO location match),,AI-R: confirm prior-approved exclusion at W6-0b AI-R pass (stage6-w60b AI-R record),10,frappe,
Comm10E,translation-candidate,in-ledger (no vendor PO location match),,AI-R: confirm prior-approved exclusion at W6-0b AI-R pass (stage6-w60b AI-R record),7,frappe,
Commercial Rounding,translation-candidate,in-ledger (no vendor PO location match),,AI-R: confirm prior-approved exclusion at W6-0b AI-R pass (stage6-w60b AI-R record),19,frappe,
Committed,translation-candidate,in-ledger (no vendor PO location match),,AI-R: confirm prior-approved exclusion at W6-0b AI-R pass (stage6-w60b AI-R record),9,frappe,
Common words are easy to guess.,translation-candidate,in-ledger (no vendor PO location match),,AI-R: confirm prior-approved exclusion at W6-0b AI-R pass (stage6-w60b AI-R record),31,frappe,
Communication,translation-candidate,in-ledger (no vendor PO location match),,AI-R: confirm prior-approved exclusion at W6-0b AI-R pass (stage6-w60b AI-R record),13,frappe,
Communication Date,translation-candidate,in-ledger (no vendor PO location match),,AI-R: confirm prior-approved exclusion at W6-0b AI-R pass (stage6-w60b AI-R record),18,frappe,
Communication Logs,translation-candidate,in-ledger (no vendor PO location match),,AI-R: confirm prior-approved exclusion at W6-0b AI-R pass (stage6-w60b AI-R record),18,frappe,
Communication secret not set,translation-candidate,in-ledger (no vendor PO location match),,AI-R: confirm prior-approved exclusion at W6-0b AI-R pass (stage6-w60b AI-R record),28,frappe,
Company Name,translation-candidate,in-ledger (no vendor PO location match),,AI-R: confirm prior-approved exclusion at W6-0b AI-R pass (stage6-w60b AI-R record),12,frappe,
Compare Versions,translation-candidate,in-ledger (no vendor PO location match),,AI-R: confirm prior-approved exclusion at W6-0b AI-R pass (stage6-w60b AI-R record),16,frappe,
Compilation warning,translation-candidate,in-ledger (no vendor PO location match),,AI-R: confirm prior-approved exclusion at W6-0b AI-R pass (stage6-w60b AI-R record),19,frappe,
Complete,translation-candidate,in-ledger (no vendor PO location match),,AI-R: confirm prior-approved exclusion at W6-0b AI-R pass (stage6-w60b AI-R record),8,frappe,
Complete Setup,translation-candidate,in-ledger (no vendor PO location match),,AI-R: confirm prior-approved exclusion at W6-0b AI-R pass (stage6-w60b AI-R record),14,frappe,
Completed By Role,translation-candidate,in-ledger (no vendor PO location match),,AI-R: confirm prior-approved exclusion at W6-0b AI-R pass (stage6-w60b AI-R record),17,frappe,
Completed By User,translation-candidate,in-ledger (no vendor PO location match),,AI-R: confirm prior-approved exclusion at W6-0b AI-R pass (stage6-w60b AI-R record),17,frappe,
Component,translation-candidate,in-ledger (no vendor PO location match),,AI-R: confirm prior-approved exclusion at W6-0b AI-R pass (stage6-w60b AI-R record),9,frappe,
Compressed,translation-candidate,in-ledger (no vendor PO location match),,AI-R: confirm prior-approved exclusion at W6-0b AI-R pass (stage6-w60b AI-R record),10,frappe,
Condition,translation-candidate,in-ledger (no vendor PO location match),,AI-R: confirm prior-approved exclusion at W6-0b AI-R pass (stage6-w60b AI-R record),9,frappe,
Condition JSON,translation-candidate,in-ledger (no vendor PO location match),,AI-R: confirm prior-approved exclusion at W6-0b AI-R pass (stage6-w60b AI-R record),14,frappe,
Condition Type,translation-candidate,in-ledger (no vendor PO location match),,AI-R: confirm prior-approved exclusion at W6-0b AI-R pass (stage6-w60b AI-R record),14,frappe,
Condition description,translation-candidate,in-ledger (no vendor PO location match),,AI-R: confirm prior-approved exclusion at W6-0b AI-R pass (stage6-w60b AI-R record),21,frappe,
Conditions,translation-candidate,in-ledger (no vendor PO location match),,AI-R: confirm prior-approved exclusion at W6-0b AI-R pass (stage6-w60b AI-R record),10,frappe,
Config,translation-candidate,in-ledger (no vendor PO location match),,AI-R: confirm prior-approved exclusion at W6-0b AI-R pass (stage6-w60b AI-R record),6,frappe,
Configuration,translation-candidate,in-ledger (no vendor PO location match),,AI-R: confirm prior-approved exclusion at W6-0b AI-R pass (stage6-w60b AI-R record),13,frappe,
Configure Columns,translation-candidate,in-ledger (no vendor PO location match),,AI-R: confirm prior-approved exclusion at W6-0b AI-R pass (stage6-w60b AI-R record),17,frappe,
Configure Recorder,translation-candidate,in-ledger (no vendor PO location match),,AI-R: confirm prior-approved exclusion at W6-0b AI-R pass (stage6-w60b AI-R record),18,frappe,
Configure columns for {0},translation-candidate,in-ledger (no vendor PO location match),,AI-R: confirm prior-approved exclusion at W6-0b AI-R pass (stage6-w60b AI-R record),25,frappe,
Confirm Access,translation-candidate,in-ledger (no vendor PO location match),,AI-R: confirm prior-approved exclusion at W6-0b AI-R pass (stage6-w60b AI-R record),14,frappe,
Confirm Deletion of Account,translation-candidate,in-ledger (no vendor PO location match),,AI-R: confirm prior-approved exclusion at W6-0b AI-R pass (stage6-w60b AI-R record),27,frappe,
Confirm Password,translation-candidate,in-ledger (no vendor PO location match),,AI-R: confirm prior-approved exclusion at W6-0b AI-R pass (stage6-w60b AI-R record),16,frappe,
Connect to {},translation-candidate,in-ledger (no vendor PO location match),,AI-R: confirm prior-approved exclusion at W6-0b AI-R pass (stage6-w60b AI-R record),13,frappe,
Connected App,translation-candidate,in-ledger (no vendor PO location match),,AI-R: confirm prior-approved exclusion at W6-0b AI-R pass (stage6-w60b AI-R record),13,frappe,
Connected User,translation-candidate,in-ledger (no vendor PO location match),,AI-R: confirm prior-approved exclusion at W6-0b AI-R pass (stage6-w60b AI-R record),14,frappe,
Connection Lost,translation-candidate,in-ledger (no vendor PO location match),,AI-R: confirm prior-approved exclusion at W6-0b AI-R pass (stage6-w60b AI-R record),15,frappe,
Connections,translation-candidate,in-ledger (no vendor PO location match),,AI-R: confirm prior-approved exclusion at W6-0b AI-R pass (stage6-w60b AI-R record),11,frappe,
Console Logs can not be deleted,translation-candidate,in-ledger (no vendor PO location match),,AI-R: confirm prior-approved exclusion at W6-0b AI-R pass (stage6-w60b AI-R record),31,frappe,
Constraints,translation-candidate,in-ledger (no vendor PO location match),,AI-R: confirm prior-approved exclusion at W6-0b AI-R pass (stage6-w60b AI-R record),11,frappe,
Contact Us,translation-candidate,in-ledger (no vendor PO location match),,AI-R: confirm prior-approved exclusion at W6-0b AI-R pass (stage6-w60b AI-R record),10,frappe,
Contact Us Settings,translation-candidate,in-ledger (no vendor PO location match),,AI-R: confirm prior-approved exclusion at W6-0b AI-R pass (stage6-w60b AI-R record),19,frappe,
Contacts,translation-candidate,in-ledger (no vendor PO location match),,AI-R: confirm prior-approved exclusion at W6-0b AI-R pass (stage6-w60b AI-R record),8,frappe,
Contains {0} security fix,translation-candidate,in-ledger (no vendor PO location match),,AI-R: confirm prior-approved exclusion at W6-0b AI-R pass (stage6-w60b AI-R record),25,frappe,
Contains {0} security fixes,translation-candidate,in-ledger (no vendor PO location match),,AI-R: confirm prior-approved exclusion at W6-0b AI-R pass (stage6-w60b AI-R record),27,frappe,
Content data shoud be a list,translation-candidate,in-ledger (no vendor PO location match),,AI-R: confirm prior-approved exclusion at W6-0b AI-R pass (stage6-w60b AI-R record),28,frappe,
Copied {0} {1} to clipboard,translation-candidate,in-ledger (no vendor PO location match),,AI-R: confirm prior-approved exclusion at W6-0b AI-R pass (stage6-w60b AI-R record),27,frappe,
Correct version :,translation-candidate,in-ledger (no vendor PO location match),,AI-R: confirm prior-approved exclusion at W6-0b AI-R pass (stage6-w60b AI-R record),17,frappe,
Could not parse field: {0},translation-candidate,in-ledger (no vendor PO location match),,AI-R: confirm prior-approved exclusion at W6-0b AI-R pass (stage6-w60b AI-R record),26,frappe,
Could not start up:,translation-candidate,in-ledger (no vendor PO location match),,AI-R: confirm prior-approved exclusion at W6-0b AI-R pass (stage6-w60b AI-R record),19,frappe,
Count of linked documents,translation-candidate,in-ledger (no vendor PO location match),,AI-R: confirm prior-approved exclusion at W6-0b AI-R pass (stage6-w60b AI-R record),25,frappe,
Country,translation-candidate,in-ledger (no vendor PO location match),,AI-R: confirm prior-approved exclusion at W6-0b AI-R pass (stage6-w60b AI-R record),7,frappe,البلد
Country Code Required,translation-candidate,in-ledger (no vendor PO location match),,AI-R: confirm prior-approved exclusion at W6-0b AI-R pass (stage6-w60b AI-R record),21,frappe,
Created At,translation-candidate,in-ledger (no vendor PO location match),,AI-R: confirm prior-approved exclusion at W6-0b AI-R pass (stage6-w60b AI-R record),10,frappe,
Crop,translation-candidate,in-ledger (no vendor PO location match),,AI-R: confirm prior-approved exclusion at W6-0b AI-R pass (stage6-w60b AI-R record),4,frappe,
Ctrl + Down,translation-candidate,in-ledger (no vendor PO location match),,AI-R: confirm prior-approved exclusion at W6-0b AI-R pass (stage6-w60b AI-R record),11,frappe,
Ctrl + Up,translation-candidate,in-ledger (no vendor PO location match),,AI-R: confirm prior-approved exclusion at W6-0b AI-R pass (stage6-w60b AI-R record),9,frappe,
Current,translation-candidate,in-ledger (no vendor PO location match),,AI-R: confirm prior-approved exclusion at W6-0b AI-R pass (stage6-w60b AI-R record),7,frappe,
Current Job ID,translation-candidate,in-ledger (no vendor PO location match),,AI-R: confirm prior-approved exclusion at W6-0b AI-R pass (stage6-w60b AI-R record),14,frappe,
Current Value,translation-candidate,in-ledger (no vendor PO location match),,AI-R: confirm prior-approved exclusion at W6-0b AI-R pass (stage6-w60b AI-R record),13,frappe,
Current status,translation-candidate,in-ledger (no vendor PO location match),,AI-R: confirm prior-approved exclusion at W6-0b AI-R pass (stage6-w60b AI-R record),14,frappe,
Custom Block Name,translation-candidate,in-ledger (no vendor PO location match),,AI-R: confirm prior-approved exclusion at W6-0b AI-R pass (stage6-w60b AI-R record),17,frappe,
Custom Blocks,translation-candidate,in-ledger (no vendor PO location match),,AI-R: confirm prior-approved exclusion at W6-0b AI-R pass (stage6-w60b AI-R record),13,frappe,
Custom Delimiters,translation-candidate,in-ledger (no vendor PO location match),,AI-R: confirm prior-approved exclusion at W6-0b AI-R pass (stage6-w60b AI-R record),17,frappe,
Custom Document Types Limit Exceeded,translation-candidate,in-ledger (no vendor PO location match),,AI-R: confirm prior-approved exclusion at W6-0b AI-R pass (stage6-w60b AI-R record),36,frappe,
Custom Footer,translation-candidate,in-ledger (no vendor PO location match),,AI-R: confirm prior-approved exclusion at W6-0b AI-R pass (stage6-w60b AI-R record),13,frappe,
Custom HTML Block,translation-candidate,in-ledger (no vendor PO location match),,AI-R: confirm prior-approved exclusion at W6-0b AI-R pass (stage6-w60b AI-R record),17,frappe,
Custom Label,translation-candidate,in-ledger (no vendor PO location match),,AI-R: confirm prior-approved exclusion at W6-0b AI-R pass (stage6-w60b AI-R record),12,frappe,
Custom Translation,translation-candidate,in-ledger (no vendor PO location match),,AI-R: confirm prior-approved exclusion at W6-0b AI-R pass (stage6-w60b AI-R record),18,frappe,
Customizations Discarded,translation-candidate,in-ledger (no vendor PO location match),,AI-R: confirm prior-approved exclusion at W6-0b AI-R pass (stage6-w60b AI-R record),24,frappe,
Customize Child Table,translation-candidate,in-ledger (no vendor PO location match),,AI-R: confirm prior-approved exclusion at W6-0b AI-R pass (stage6-w60b AI-R record),21,frappe,
Customize Form - {0},translation-candidate,in-ledger (no vendor PO location match),,AI-R: confirm prior-approved exclusion at W6-0b AI-R pass (stage6-w60b AI-R record),20,frappe,
Cyan,translation-candidate,in-ledger (no vendor PO location match),,AI-R: confirm prior-approved exclusion at W6-0b AI-R pass (stage6-w60b AI-R record),4,frappe,
DELETE,translation-candidate,in-ledger (no vendor PO location match),,AI-R: confirm prior-approved exclusion at W6-0b AI-R pass (stage6-w60b AI-R record),6,frappe,
DLE,translation-candidate,in-ledger (no vendor PO location match),,AI-R: confirm prior-approved exclusion at W6-0b AI-R pass (stage6-w60b AI-R record),3,frappe,
Daily,translation-candidate,in-ledger (no vendor PO location match),,AI-R: confirm prior-approved exclusion at W6-0b AI-R pass (stage6-w60b AI-R record),5,frappe,
Daily Maintenance,translation-candidate,in-ledger (no vendor PO location match),,AI-R: confirm prior-approved exclusion at W6-0b AI-R pass (stage6-w60b AI-R record),17,frappe,
Dark,translation-candidate,in-ledger (no vendor PO location match),,AI-R: confirm prior-approved exclusion at W6-0b AI-R pass (stage6-w60b AI-R record),4,frappe,
Data Clipped,translation-candidate,in-ledger (no vendor PO location match),,AI-R: confirm prior-approved exclusion at W6-0b AI-R pass (stage6-w60b AI-R record),12,frappe,
Database,translation-candidate,in-ledger (no vendor PO location match),,AI-R: confirm prior-approved exclusion at W6-0b AI-R pass (stage6-w60b AI-R record),8,frappe,
Database Processes,translation-candidate,in-ledger (no vendor PO location match),,AI-R: confirm prior-approved exclusion at W6-0b AI-R pass (stage6-w60b AI-R record),18,frappe,
Database Row Size Utilization,translation-candidate,in-ledger (no vendor PO location match),,AI-R: confirm prior-approved exclusion at W6-0b AI-R pass (stage6-w60b AI-R record),29,frappe,
Database Storage Usage By Tables,translation-candidate,in-ledger (no vendor PO location match),,AI-R: confirm prior-approved exclusion at W6-0b AI-R pass (stage6-w60b AI-R record),32,frappe,
Database Table Row Size Limit,translation-candidate,in-ledger (no vendor PO location match),,AI-R: confirm prior-approved exclusion at W6-0b AI-R pass (stage6-w60b AI-R record),29,frappe,
Database Version,translation-candidate,in-ledger (no vendor PO location match),,AI-R: confirm prior-approved exclusion at W6-0b AI-R pass (stage6-w60b AI-R record),16,frappe,
Date Range,translation-candidate,in-ledger (no vendor PO location match),,AI-R: confirm prior-approved exclusion at W6-0b AI-R pass (stage6-w60b AI-R record),10,frappe,
Deadlock Occurred,translation-candidate,in-ledger (no vendor PO location match),,AI-R: confirm prior-approved exclusion at W6-0b AI-R pass (stage6-w60b AI-R record),17,frappe,
Dear,translation-candidate,in-ledger (no vendor PO location match),,AI-R: confirm prior-approved exclusion at W6-0b AI-R pass (stage6-w60b AI-R record),4,frappe,
"Dear System Manager,",translation-candidate,in-ledger (no vendor PO location match),,AI-R: confirm prior-approved exclusion at W6-0b AI-R pass (stage6-w60b AI-R record),20,frappe,
Debug Log,translation-candidate,in-ledger (no vendor PO location match),,AI-R: confirm prior-approved exclusion at W6-0b AI-R pass (stage6-w60b AI-R record),9,frappe,
Default Amendment Naming,translation-candidate,in-ledger (no vendor PO location match),,AI-R: confirm prior-approved exclusion at W6-0b AI-R pass (stage6-w60b AI-R record),24,frappe,
Default App,translation-candidate,in-ledger (no vendor PO location match),,AI-R: confirm prior-approved exclusion at W6-0b AI-R pass (stage6-w60b AI-R record),11,frappe,
Default Email Template,translation-candidate,in-ledger (no vendor PO location match),,AI-R: confirm prior-approved exclusion at W6-0b AI-R pass (stage6-w60b AI-R record),22,frappe,
Default Naming,translation-candidate,in-ledger (no vendor PO location match),,AI-R: confirm prior-approved exclusion at W6-0b AI-R pass (stage6-w60b AI-R record),14,frappe,
Default Template For Field,translation-candidate,in-ledger (no vendor PO location match),,AI-R: confirm prior-approved exclusion at W6-0b AI-R pass (stage6-w60b AI-R record),26,frappe,
Default User Role,translation-candidate,in-ledger (no vendor PO location match),,AI-R: confirm prior-approved exclusion at W6-0b AI-R pass (stage6-w60b AI-R record),17,frappe,
Default User Type,translation-candidate,in-ledger (no vendor PO location match),,AI-R: confirm prior-approved exclusion at W6-0b AI-R pass (stage6-w60b AI-R record),17,frappe,
Default Workspace,translation-candidate,in-ledger (no vendor PO location match),,AI-R: confirm prior-approved exclusion at W6-0b AI-R pass (stage6-w60b AI-R record),17,frappe,
Default display currency,translation-candidate,in-ledger (no vendor PO location match),,AI-R: confirm prior-approved exclusion at W6-0b AI-R pass (stage6-w60b AI-R record),24,frappe,
Defaults Updated,translation-candidate,in-ledger (no vendor PO location match),,AI-R: confirm prior-approved exclusion at W6-0b AI-R pass (stage6-w60b AI-R record),16,frappe,
Delayed,translation-candidate,in-ledger (no vendor PO location match),,AI-R: confirm prior-approved exclusion at W6-0b AI-R pass (stage6-w60b AI-R record),7,frappe,
Deleted all documents successfully,translation-candidate,in-ledger (no vendor PO location match),,AI-R: confirm prior-approved exclusion at W6-0b AI-R pass (stage6-w60b AI-R record),34,frappe,
Deleting {0} records...,translation-candidate,in-ledger (no vendor PO location match),,AI-R: confirm prior-approved exclusion at W6-0b AI-R pass (stage6-w60b AI-R record),23,frappe,
Deleting {0}...,translation-candidate,in-ledger (no vendor PO location match),,AI-R: confirm prior-approved exclusion at W6-0b AI-R pass (stage6-w60b AI-R record),15,frappe,
Deletion Steps,translation-candidate,in-ledger (no vendor PO location match),,AI-R: confirm prior-approved exclusion at W6-0b AI-R pass (stage6-w60b AI-R record),14,frappe,
Delimiter Options,translation-candidate,in-ledger (no vendor PO location match),,AI-R: confirm prior-approved exclusion at W6-0b AI-R pass (stage6-w60b AI-R record),17,frappe,
Delimiter must be a single character,translation-candidate,in-ledger (no vendor PO location match),,AI-R: confirm prior-approved exclusion at W6-0b AI-R pass (stage6-w60b AI-R record),36,frappe,
Delivery Status,translation-candidate,in-ledger (no vendor PO location match),,AI-R: confirm prior-approved exclusion at W6-0b AI-R pass (stage6-w60b AI-R record),15,frappe,
Dependencies,translation-candidate,in-ledger (no vendor PO location match),,AI-R: confirm prior-approved exclusion at W6-0b AI-R pass (stage6-w60b AI-R record),12,frappe,
Dependencies & Licenses,translation-candidate,in-ledger (no vendor PO location match),,AI-R: confirm prior-approved exclusion at W6-0b AI-R pass (stage6-w60b AI-R record),23,frappe,
Descendants Of (inclusive),translation-candidate,in-ledger (no vendor PO location match),,AI-R: confirm prior-approved exclusion at W6-0b AI-R pass (stage6-w60b AI-R record),26,frappe,
Desk Settings,translation-candidate,in-ledger (no vendor PO location match),,AI-R: confirm prior-approved exclusion at W6-0b AI-R pass (stage6-w60b AI-R record),13,frappe,
Desk Theme,translation-candidate,in-ledger (no vendor PO location match),,AI-R: confirm prior-approved exclusion at W6-0b AI-R pass (stage6-w60b AI-R record),10,frappe,
Desk User,translation-candidate,in-ledger (no vendor PO location match),,AI-R: confirm prior-approved exclusion at W6-0b AI-R pass (stage6-w60b AI-R record),9,frappe,
Desktop Settings,translation-candidate,in-ledger (no vendor PO location match),,AI-R: confirm prior-approved exclusion at W6-0b AI-R pass (stage6-w60b AI-R record),16,frappe,
Detect CSV type,translation-candidate,in-ledger (no vendor PO location match),,AI-R: confirm prior-approved exclusion at W6-0b AI-R pass (stage6-w60b AI-R record),15,frappe,
Diff,translation-candidate,in-ledger (no vendor PO location match),,AI-R: confirm prior-approved exclusion at W6-0b AI-R pass (stage6-w60b AI-R record),4,frappe,
Directory Server,translation-candidate,in-ledger (no vendor PO location match),,AI-R: confirm prior-approved exclusion at W6-0b AI-R pass (stage6-w60b AI-R record),16,frappe,
Disable Automatic Recency Filters,translation-candidate,in-ledger (no vendor PO location match),,AI-R: confirm prior-approved exclusion at W6-0b AI-R pass (stage6-w60b AI-R record),33,frappe,
Disable Change Log Notification,translation-candidate,in-ledger (no vendor PO location match),,AI-R: confirm prior-approved exclusion at W6-0b AI-R pass (stage6-w60b AI-R record),31,frappe,
Disable Comment Count,translation-candidate,in-ledger (no vendor PO location match),,AI-R: confirm prior-approved exclusion at W6-0b AI-R pass (stage6-w60b AI-R record),21,frappe,
Disable Document Sharing,translation-candidate,in-ledger (no vendor PO location match),,AI-R: confirm prior-approved exclusion at W6-0b AI-R pass (stage6-w60b AI-R record),24,frappe,
Disable Product Suggestion,translation-candidate,in-ledger (no vendor PO location match),,AI-R: confirm prior-approved exclusion at W6-0b AI-R pass (stage6-w60b AI-R record),26,frappe,
Disable Scrolling,translation-candidate,in-ledger (no vendor PO location match),,AI-R: confirm prior-approved exclusion at W6-0b AI-R pass (stage6-w60b AI-R record),17,frappe,
Disable Username/Password Login,translation-candidate,in-ledger (no vendor PO location match),,AI-R: confirm prior-approved exclusion at W6-0b AI-R pass (stage6-w60b AI-R record),31,frappe,
Disable signups,translation-candidate,in-ledger (no vendor PO location match),,AI-R: confirm prior-approved exclusion at W6-0b AI-R pass (stage6-w60b AI-R record),15,frappe,
Discard {0},translation-candidate,in-ledger (no vendor PO location match),,AI-R: confirm prior-approved exclusion at W6-0b AI-R pass (stage6-w60b AI-R record),11,frappe,
Discard?,translation-candidate,in-ledger (no vendor PO location match),,AI-R: confirm prior-approved exclusion at W6-0b AI-R pass (stage6-w60b AI-R record),8,frappe,
Discarded,translation-candidate,in-ledger (no vendor PO location match),,AI-R: confirm prior-approved exclusion at W6-0b AI-R pass (stage6-w60b AI-R record),9,frappe,
Discussion Reply,translation-candidate,in-ledger (no vendor PO location match),,AI-R: confirm prior-approved exclusion at W6-0b AI-R pass (stage6-w60b AI-R record),16,frappe,
Discussion Topic,translation-candidate,in-ledger (no vendor PO location match),,AI-R: confirm prior-approved exclusion at W6-0b AI-R pass (stage6-w60b AI-R record),16,frappe,
Display Depends On (JS),translation-candidate,in-ledger (no vendor PO location match),,AI-R: confirm prior-approved exclusion at W6-0b AI-R pass (stage6-w60b AI-R record),23,frappe,
Divider,translation-candidate,in-ledger (no vendor PO location match),,AI-R: confirm prior-approved exclusion at W6-0b AI-R pass (stage6-w60b AI-R record),7,frappe,
Do not warn me again about {0},translation-candidate,in-ledger (no vendor PO location match),,AI-R: confirm prior-approved exclusion at W6-0b AI-R pass (stage6-w60b AI-R record),30,frappe,
Do you still want to proceed?,translation-candidate,in-ledger (no vendor PO location match),,AI-R: confirm prior-approved exclusion at W6-0b AI-R pass (stage6-w60b AI-R record),29,frappe,
DocField,translation-candidate,in-ledger (no vendor PO location match),,AI-R: confirm prior-approved exclusion at W6-0b AI-R pass (stage6-w60b AI-R record),8,frappe,
DocPerm,translation-candidate,in-ledger (no vendor PO location match),,AI-R: confirm prior-approved exclusion at W6-0b AI-R pass (stage6-w60b AI-R record),7,frappe,
DocShare,translation-candidate,in-ledger (no vendor PO location match),,AI-R: confirm prior-approved exclusion at W6-0b AI-R pass (stage6-w60b AI-R record),8,frappe,
DocType,translation-candidate,in-ledger (no vendor PO location match),,AI-R: confirm prior-approved exclusion at W6-0b AI-R pass (stage6-w60b AI-R record),7,frappe,
DocType Layout,translation-candidate,in-ledger (no vendor PO location match),,AI-R: confirm prior-approved exclusion at W6-0b AI-R pass (stage6-w60b AI-R record),14,frappe,
DocType Layout Field,translation-candidate,in-ledger (no vendor PO location match),,AI-R: confirm prior-approved exclusion at W6-0b AI-R pass (stage6-w60b AI-R record),20,frappe,
DocType Missing,translation-candidate,in-ledger (no vendor PO location match),,AI-R: confirm prior-approved exclusion at W6-0b AI-R pass (stage6-w60b AI-R record),15,frappe,
DocType State,translation-candidate,in-ledger (no vendor PO location match),,AI-R: confirm prior-approved exclusion at W6-0b AI-R pass (stage6-w60b AI-R record),13,frappe,
DocType must be a string,translation-candidate,in-ledger (no vendor PO location match),,AI-R: confirm prior-approved exclusion at W6-0b AI-R pass (stage6-w60b AI-R record),24,frappe,
DocType must have atleast one field,translation-candidate,in-ledger (no vendor PO location match),,AI-R: confirm prior-approved exclusion at W6-0b AI-R pass (stage6-w60b AI-R record),35,frappe,
DocType not supported by Log Settings.,translation-candidate,in-ledger (no vendor PO location match),,AI-R: confirm prior-approved exclusion at W6-0b AI-R pass (stage6-w60b AI-R record),38,frappe,
DocType required,translation-candidate,in-ledger (no vendor PO location match),,AI-R: confirm prior-approved exclusion at W6-0b AI-R pass (stage6-w60b AI-R record),16,frappe,
DocType {0} does not exist.,translation-candidate,in-ledger (no vendor PO location match),,AI-R: confirm prior-approved exclusion at W6-0b AI-R pass (stage6-w60b AI-R record),27,frappe,
DocType {} not found,translation-candidate,in-ledger (no vendor PO location match),,AI-R: confirm prior-approved exclusion at W6-0b AI-R pass (stage6-w60b AI-R record),20,frappe,
Doctype,translation-candidate,in-ledger (no vendor PO location match),,AI-R: confirm prior-approved exclusion at W6-0b AI-R pass (stage6-w60b AI-R record),7,frappe,
Document Linking,translation-candidate,in-ledger (no vendor PO location match),,AI-R: confirm prior-approved exclusion at W6-0b AI-R pass (stage6-w60b AI-R record),16,frappe,
Document Name,translation-candidate,in-ledger (no vendor PO location match),,AI-R: confirm prior-approved exclusion at W6-0b AI-R pass (stage6-w60b AI-R record),13,frappe,
Document Name must be a string,translation-candidate,in-ledger (no vendor PO location match),,AI-R: confirm prior-approved exclusion at W6-0b AI-R pass (stage6-w60b AI-R record),30,frappe,
Document Naming Settings,translation-candidate,in-ledger (no vendor PO location match),,AI-R: confirm prior-approved exclusion at W6-0b AI-R pass (stage6-w60b AI-R record),24,frappe,
Document Saved,translation-candidate,in-ledger (no vendor PO location match),,AI-R: confirm prior-approved exclusion at W6-0b AI-R pass (stage6-w60b AI-R record),14,frappe,
Document Type,translation-candidate,in-ledger (no vendor PO location match),,AI-R: confirm prior-approved exclusion at W6-0b AI-R pass (stage6-w60b AI-R record),13,frappe,
Document Types (Select Permissions Only),translation-candidate,in-ledger (no vendor PO location match),,AI-R: confirm prior-approved exclusion at W6-0b AI-R pass (stage6-w60b AI-R record),40,frappe,
Document Types and Permissions,translation-candidate,in-ledger (no vendor PO location match),,AI-R: confirm prior-approved exclusion at W6-0b AI-R pass (stage6-w60b AI-R record),30,frappe,
Document Unlocked,translation-candidate,in-ledger (no vendor PO location match),,AI-R: confirm prior-approved exclusion at W6-0b AI-R pass (stage6-w60b AI-R record),17,frappe,
Document has been cancelled,translation-candidate,in-ledger (no vendor PO location match),,AI-R: confirm prior-approved exclusion at W6-0b AI-R pass (stage6-w60b AI-R record),27,frappe,
Document has been submitted,translation-candidate,in-ledger (no vendor PO location match),,AI-R: confirm prior-approved exclusion at W6-0b AI-R pass (stage6-w60b AI-R record),27,frappe,
Document is in draft state,translation-candidate,in-ledger (no vendor PO location match),,AI-R: confirm prior-approved exclusion at W6-0b AI-R pass (stage6-w60b AI-R record),26,frappe,
Document not Relinked,translation-candidate,in-ledger (no vendor PO location match),,AI-R: confirm prior-approved exclusion at W6-0b AI-R pass (stage6-w60b AI-R record),21,frappe,
Document {0} {1} does not exist,translation-candidate,in-ledger (no vendor PO location match),,AI-R: confirm prior-approved exclusion at W6-0b AI-R pass (stage6-w60b AI-R record),31,frappe,
Documents,translation-candidate,in-ledger (no vendor PO location match),,AI-R: confirm prior-approved exclusion at W6-0b AI-R pass (stage6-w60b AI-R record),9,frappe,
Domain Name,translation-candidate,in-ledger (no vendor PO location match),,AI-R: confirm prior-approved exclusion at W6-0b AI-R pass (stage6-w60b AI-R record),11,frappe,
Domain Settings,translation-candidate,in-ledger (no vendor PO location match),,AI-R: confirm prior-approved exclusion at W6-0b AI-R pass (stage6-w60b AI-R record),15,frappe,
Don't have an account?,translation-candidate,in-ledger (no vendor PO location match),,AI-R: confirm prior-approved exclusion at W6-0b AI-R pass (stage6-w60b AI-R record),22,frappe,
Done,translation-candidate,in-ledger (no vendor PO location match),,AI-R: confirm prior-approved exclusion at W6-0b AI-R pass (stage6-w60b AI-R record),4,frappe,
Double click to edit label,translation-candidate,in-ledger (no vendor PO location match),,AI-R: confirm prior-approved exclusion at W6-0b AI-R pass (stage6-w60b AI-R record),26,frappe,
Download Backups,translation-candidate,in-ledger (no vendor PO location match),,AI-R: confirm prior-approved exclusion at W6-0b AI-R pass (stage6-w60b AI-R record),16,frappe,
Download PDF,translation-candidate,in-ledger (no vendor PO location match),,AI-R: confirm prior-approved exclusion at W6-0b AI-R pass (stage6-w60b AI-R record),12,frappe,
Download Template,translation-candidate,in-ledger (no vendor PO location match),,AI-R: confirm prior-approved exclusion at W6-0b AI-R pass (stage6-w60b AI-R record),17,frappe,
Download as CSV,translation-candidate,in-ledger (no vendor PO location match),,AI-R: confirm prior-approved exclusion at W6-0b AI-R pass (stage6-w60b AI-R record),15,frappe,
Download vCard,translation-candidate,in-ledger (no vendor PO location match),,AI-R: confirm prior-approved exclusion at W6-0b AI-R pass (stage6-w60b AI-R record),14,frappe,
Download vCards,translation-candidate,in-ledger (no vendor PO location match),,AI-R: confirm prior-approved exclusion at W6-0b AI-R pass (stage6-w60b AI-R record),15,frappe,
Dr,translation-candidate,in-ledger (no vendor PO location match),,AI-R: confirm prior-approved exclusion at W6-0b AI-R pass (stage6-w60b AI-R record),2,frappe,
Drag,translation-candidate,in-ledger (no vendor PO location match),,AI-R: confirm prior-approved exclusion at W6-0b AI-R pass (stage6-w60b AI-R record),4,frappe,
Drag and drop files here or upload from,translation-candidate,in-ledger (no vendor PO location match),,AI-R: confirm prior-approved exclusion at W6-0b AI-R pass (stage6-w60b AI-R record),39,frappe,
Drag to add state,translation-candidate,in-ledger (no vendor PO location match),,AI-R: confirm prior-approved exclusion at W6-0b AI-R pass (stage6-w60b AI-R record),17,frappe,
Drop files here,translation-candidate,in-ledger (no vendor PO location match),,AI-R: confirm prior-approved exclusion at W6-0b AI-R pass (stage6-w60b AI-R record),15,frappe,
Duration,translation-candidate,in-ledger (no vendor PO location match),,AI-R: confirm prior-approved exclusion at W6-0b AI-R pass (stage6-w60b AI-R record),8,frappe,
Dynamic,translation-candidate,in-ledger (no vendor PO location match),,AI-R: confirm prior-approved exclusion at W6-0b AI-R pass (stage6-w60b AI-R record),7,frappe,
ESC,translation-candidate,in-ledger (no vendor PO location match),,AI-R: confirm prior-approved exclusion at W6-0b AI-R pass (stage6-w60b AI-R record),3,frappe,
Editing Row,translation-candidate,in-ledger (no vendor PO location match),,AI-R: confirm prior-approved exclusion at W6-0b AI-R pass (stage6-w60b AI-R record),11,frappe,
Editing {0},translation-candidate,in-ledger (no vendor PO location match),,AI-R: confirm prior-approved exclusion at W6-0b AI-R pass (stage6-w60b AI-R record),11,frappe,
Either key or IP flag is required.,translation-candidate,in-ledger (no vendor PO location match),,AI-R: confirm prior-approved exclusion at W6-0b AI-R pass (stage6-w60b AI-R record),34,frappe,
Element Selector,translation-candidate,in-ledger (no vendor PO location match),,AI-R: confirm prior-approved exclusion at W6-0b AI-R pass (stage6-w60b AI-R record),16,frappe,
Email Account Disabled.,translation-candidate,in-ledger (no vendor PO location match),,AI-R: confirm prior-approved exclusion at W6-0b AI-R pass (stage6-w60b AI-R record),23,frappe,
Email Account {0} Disabled,translation-candidate,in-ledger (no vendor PO location match),,AI-R: confirm prior-approved exclusion at W6-0b AI-R pass (stage6-w60b AI-R record),26,frappe,
Email Domain,translation-candidate,in-ledger (no vendor PO location match),,AI-R: confirm prior-approved exclusion at W6-0b AI-R pass (stage6-w60b AI-R record),12,frappe,
Email Header,translation-candidate,in-ledger (no vendor PO location match),,AI-R: confirm prior-approved exclusion at W6-0b AI-R pass (stage6-w60b AI-R record),12,frappe,
Email ID,translation-candidate,in-ledger (no vendor PO location match),,AI-R: confirm prior-approved exclusion at W6-0b AI-R pass (stage6-w60b AI-R record),8,frappe,
Email Id,translation-candidate,in-ledger (no vendor PO location match),,AI-R: confirm prior-approved exclusion at W6-0b AI-R pass (stage6-w60b AI-R record),8,frappe,
Email Queue records.,translation-candidate,in-ledger (no vendor PO location match),,AI-R: confirm prior-approved exclusion at W6-0b AI-R pass (stage6-w60b AI-R record),20,frappe,
Email Retry Limit,translation-candidate,in-ledger (no vendor PO location match),,AI-R: confirm prior-approved exclusion at W6-0b AI-R pass (stage6-w60b AI-R record),17,frappe,
Email Sent At,translation-candidate,in-ledger (no vendor PO location match),,AI-R: confirm prior-approved exclusion at W6-0b AI-R pass (stage6-w60b AI-R record),13,frappe,
Email Threads on Assigned Document,translation-candidate,in-ledger (no vendor PO location match),,AI-R: confirm prior-approved exclusion at W6-0b AI-R pass (stage6-w60b AI-R record),34,frappe,
Email is mandatory to create User Email,translation-candidate,in-ledger (no vendor PO location match),,AI-R: confirm prior-approved exclusion at W6-0b AI-R pass (stage6-w60b AI-R record),39,frappe,
Emails,translation-candidate,in-ledger (no vendor PO location match),,AI-R: confirm prior-approved exclusion at W6-0b AI-R pass (stage6-w60b AI-R record),6,frappe,
Emails Pulled,translation-candidate,in-ledger (no vendor PO location match),,AI-R: confirm prior-approved exclusion at W6-0b AI-R pass (stage6-w60b AI-R record),13,frappe,
Embed code copied,translation-candidate,in-ledger (no vendor PO location match),,AI-R: confirm prior-approved exclusion at W6-0b AI-R pass (stage6-w60b AI-R record),17,frappe,
Empty alias is not allowed,translation-candidate,in-ledger (no vendor PO location match),,AI-R: confirm prior-approved exclusion at W6-0b AI-R pass (stage6-w60b AI-R record),26,frappe,
Empty column,translation-candidate,in-ledger (no vendor PO location match),,AI-R: confirm prior-approved exclusion at W6-0b AI-R pass (stage6-w60b AI-R record),12,frappe,
Empty string arguments are not allowed,translation-candidate,in-ledger (no vendor PO location match),,AI-R: confirm prior-approved exclusion at W6-0b AI-R pass (stage6-w60b AI-R record),38,frappe,
Enable Action Confirmation,translation-candidate,in-ledger (no vendor PO location match),,AI-R: confirm prior-approved exclusion at W6-0b AI-R pass (stage6-w60b AI-R record),26,frappe,
Enable Address Autocompletion,translation-candidate,in-ledger (no vendor PO location match),,AI-R: confirm prior-approved exclusion at W6-0b AI-R pass (stage6-w60b AI-R record),29,frappe,
Enable Dynamic Client Registration,translation-candidate,in-ledger (no vendor PO location match),,AI-R: confirm prior-approved exclusion at W6-0b AI-R pass (stage6-w60b AI-R record),34,frappe,
Enable Google indexing,translation-candidate,in-ledger (no vendor PO location match),,AI-R: confirm prior-approved exclusion at W6-0b AI-R pass (stage6-w60b AI-R record),22,frappe,
Enable Push Notification Relay,translation-candidate,in-ledger (no vendor PO location match),,AI-R: confirm prior-approved exclusion at W6-0b AI-R pass (stage6-w60b AI-R record),30,frappe,
Enable Rate Limit,translation-candidate,in-ledger (no vendor PO location match),,AI-R: confirm prior-approved exclusion at W6-0b AI-R pass (stage6-w60b AI-R record),17,frappe,
Enable Scheduler,translation-candidate,in-ledger (no vendor PO location match),,AI-R: confirm prior-approved exclusion at W6-0b AI-R pass (stage6-w60b AI-R record),16,frappe,
"Enable if on click
""
""opens modal.",EXCEPTION-technical,in-ledger (no vendor PO location match),"Keep vendor code/symbol/markup content untouched — technical fragment, no translation",AI-R: confirm technical suppress at W6-0b AI-R pass (stage6-w60b AI-R record),34,frappe,
Enable in-app website tracking,translation-candidate,in-ledger (no vendor PO location match),,AI-R: confirm prior-approved exclusion at W6-0b AI-R pass (stage6-w60b AI-R record),30,frappe,
Enabled Scheduler,translation-candidate,in-ledger (no vendor PO location match),,AI-R: confirm prior-approved exclusion at W6-0b AI-R pass (stage6-w60b AI-R record),17,frappe,
Enables Calendar and Gantt views.,translation-candidate,in-ledger (no vendor PO location match),,AI-R: confirm prior-approved exclusion at W6-0b AI-R pass (stage6-w60b AI-R record),33,frappe,
Encrypt Backups,translation-candidate,in-ledger (no vendor PO location match),,AI-R: confirm prior-approved exclusion at W6-0b AI-R pass (stage6-w60b AI-R record),15,frappe,
Encryption key is in invalid format!,translation-candidate,in-ledger (no vendor PO location match),,AI-R: confirm prior-approved exclusion at W6-0b AI-R pass (stage6-w60b AI-R record),36,frappe,
End,translation-candidate,in-ledger (no vendor PO location match),,AI-R: confirm prior-approved exclusion at W6-0b AI-R pass (stage6-w60b AI-R record),3,frappe,
End Date cannot be today.,translation-candidate,in-ledger (no vendor PO location match),,AI-R: confirm prior-approved exclusion at W6-0b AI-R pass (stage6-w60b AI-R record),25,frappe,
Ended At,translation-candidate,in-ledger (no vendor PO location match),,AI-R: confirm prior-approved exclusion at W6-0b AI-R pass (stage6-w60b AI-R record),8,frappe,
Endpoints,translation-candidate,in-ledger (no vendor PO location match),,AI-R: confirm prior-approved exclusion at W6-0b AI-R pass (stage6-w60b AI-R record),9,frappe,
Enqueued By,translation-candidate,in-ledger (no vendor PO location match),,AI-R: confirm prior-approved exclusion at W6-0b AI-R pass (stage6-w60b AI-R record),11,frappe,
Enqueued creation of indexes,translation-candidate,in-ledger (no vendor PO location match),,AI-R: confirm prior-approved exclusion at W6-0b AI-R pass (stage6-w60b AI-R record),28,frappe,
Enter Code displayed in OTP App.,translation-candidate,in-ledger (no vendor PO location match),,AI-R: confirm prior-approved exclusion at W6-0b AI-R pass (stage6-w60b AI-R record),32,frappe,
Enter a name for this {0},translation-candidate,in-ledger (no vendor PO location match),,AI-R: confirm prior-approved exclusion at W6-0b AI-R pass (stage6-w60b AI-R record),25,frappe,
Entity Type,translation-candidate,in-ledger (no vendor PO location match),,AI-R: confirm prior-approved exclusion at W6-0b AI-R pass (stage6-w60b AI-R record),11,frappe,
Error,translation-candidate,in-ledger (no vendor PO location match),,AI-R: confirm prior-approved exclusion at W6-0b AI-R pass (stage6-w60b AI-R record),5,frappe,
Error Logs,translation-candidate,in-ledger (no vendor PO location match),,AI-R: confirm prior-approved exclusion at W6-0b AI-R pass (stage6-w60b AI-R record),10,frappe,
Error Message,translation-candidate,in-ledger (no vendor PO location match),,AI-R: confirm prior-approved exclusion at W6-0b AI-R pass (stage6-w60b AI-R record),13,frappe,
Error connecting via IMAP/POP3: {e},translation-candidate,in-ledger (no vendor PO location match),,AI-R: confirm prior-approved exclusion at W6-0b AI-R pass (stage6-w60b AI-R record),35,frappe,
Error connecting via SMTP: {e},translation-candidate,in-ledger (no vendor PO location match),,AI-R: confirm prior-approved exclusion at W6-0b AI-R pass (stage6-w60b AI-R record),30,frappe,
Error in Client Script,translation-candidate,in-ledger (no vendor PO location match),,AI-R: confirm prior-approved exclusion at W6-0b AI-R pass (stage6-w60b AI-R record),22,frappe,
Error in Client Script.,translation-candidate,in-ledger (no vendor PO location match),,AI-R: confirm prior-approved exclusion at W6-0b AI-R pass (stage6-w60b AI-R record),23,frappe,
Error in Header/Footer Script,translation-candidate,in-ledger (no vendor PO location match),,AI-R: confirm prior-approved exclusion at W6-0b AI-R pass (stage6-w60b AI-R record),29,frappe,
Error in print format on line {0}: {1},translation-candidate,in-ledger (no vendor PO location match),,AI-R: confirm prior-approved exclusion at W6-0b AI-R pass (stage6-w60b AI-R record),38,frappe,
Error in {0}.get_list: {1},translation-candidate,in-ledger (no vendor PO location match),,AI-R: confirm prior-approved exclusion at W6-0b AI-R pass (stage6-w60b AI-R record),26,frappe,
Error parsing nested filters: {0}. {1},translation-candidate,in-ledger (no vendor PO location match),,AI-R: confirm prior-approved exclusion at W6-0b AI-R pass (stage6-w60b AI-R record),38,frappe,
Error {0}: {1},translation-candidate,in-ledger (no vendor PO location match),,AI-R: confirm prior-approved exclusion at W6-0b AI-R pass (stage6-w60b AI-R record),14,frappe,
Error: Data missing in table {0},translation-candidate,in-ledger (no vendor PO location match),,AI-R: confirm prior-approved exclusion at W6-0b AI-R pass (stage6-w60b AI-R record),32,frappe,
Errors,translation-candidate,in-ledger (no vendor PO location match),,AI-R: confirm prior-approved exclusion at W6-0b AI-R pass (stage6-w60b AI-R record),6,frappe,
Event Frequency,translation-candidate,in-ledger (no vendor PO location match),,AI-R: confirm prior-approved exclusion at W6-0b AI-R pass (stage6-w60b AI-R record),15,frappe,
Events,translation-candidate,in-ledger (no vendor PO location match),,AI-R: confirm prior-approved exclusion at W6-0b AI-R pass (stage6-w60b AI-R record),6,frappe,
Exact Copies,translation-candidate,in-ledger (no vendor PO location match),,AI-R: confirm prior-approved exclusion at W6-0b AI-R pass (stage6-w60b AI-R record),12,frappe,
Excellent,translation-candidate,in-ledger (no vendor PO location match),,AI-R: confirm prior-approved exclusion at W6-0b AI-R pass (stage6-w60b AI-R record),9,frappe,
Executing Code,translation-candidate,in-ledger (no vendor PO location match),,AI-R: confirm prior-approved exclusion at W6-0b AI-R pass (stage6-w60b AI-R record),14,frappe,
Executing...,translation-candidate,in-ledger (no vendor PO location match),,AI-R: confirm prior-approved exclusion at W6-0b AI-R pass (stage6-w60b AI-R record),12,frappe,
Executive,translation-candidate,in-ledger (no vendor PO location match),,AI-R: confirm prior-approved exclusion at W6-0b AI-R pass (stage6-w60b AI-R record),9,frappe,
Existing Role,translation-candidate,in-ledger (no vendor PO location match),,AI-R: confirm prior-approved exclusion at W6-0b AI-R pass (stage6-w60b AI-R record),13,frappe,
Expand All,translation-candidate,in-ledger (no vendor PO location match),,AI-R: confirm prior-approved exclusion at W6-0b AI-R pass (stage6-w60b AI-R record),10,frappe,
Experimental,translation-candidate,in-ledger (no vendor PO location match),,AI-R: confirm prior-approved exclusion at W6-0b AI-R pass (stage6-w60b AI-R record),12,frappe,
Expired,translation-candidate,in-ledger (no vendor PO location match),,AI-R: confirm prior-approved exclusion at W6-0b AI-R pass (stage6-w60b AI-R record),7,frappe,
Expires On,translation-candidate,in-ledger (no vendor PO location match),,AI-R: confirm prior-approved exclusion at W6-0b AI-R pass (stage6-w60b AI-R record),10,frappe,
Expression,translation-candidate,in-ledger (no vendor PO location match),,AI-R: confirm prior-approved exclusion at W6-0b AI-R pass (stage6-w60b AI-R record),10,frappe,
Expression (old style),translation-candidate,in-ledger (no vendor PO location match),,AI-R: confirm prior-approved exclusion at W6-0b AI-R pass (stage6-w60b AI-R record),22,frappe,
External,translation-candidate,in-ledger (no vendor PO location match),,AI-R: confirm prior-approved exclusion at W6-0b AI-R pass (stage6-w60b AI-R record),8,frappe,
Extra Parameters,translation-candidate,in-ledger (no vendor PO location match),,AI-R: confirm prior-approved exclusion at W6-0b AI-R pass (stage6-w60b AI-R record),16,frappe,
Fail,translation-candidate,in-ledger (no vendor PO location match),,AI-R: confirm prior-approved exclusion at W6-0b AI-R pass (stage6-w60b AI-R record),4,frappe,
Failed,translation-candidate,in-ledger (no vendor PO location match),,AI-R: confirm prior-approved exclusion at W6-0b AI-R pass (stage6-w60b AI-R record),6,frappe,
Failed Emails,translation-candidate,in-ledger (no vendor PO location match),,AI-R: confirm prior-approved exclusion at W6-0b AI-R pass (stage6-w60b AI-R record),13,frappe,
Failed Job Count,translation-candidate,in-ledger (no vendor PO location match),,AI-R: confirm prior-approved exclusion at W6-0b AI-R pass (stage6-w60b AI-R record),16,frappe,
Failed Jobs,translation-candidate,in-ledger (no vendor PO location match),,AI-R: confirm prior-approved exclusion at W6-0b AI-R pass (stage6-w60b AI-R record),11,frappe,
Failed Logins (Last 30 days),translation-candidate,in-ledger (no vendor PO location match),,AI-R: confirm prior-approved exclusion at W6-0b AI-R pass (stage6-w60b AI-R record),28,frappe,
Failed to compute request body: {},translation-candidate,in-ledger (no vendor PO location match),,AI-R: confirm prior-approved exclusion at W6-0b AI-R pass (stage6-w60b AI-R record),34,frappe,
Failed to decrypt key {0},translation-candidate,in-ledger (no vendor PO location match),,AI-R: confirm prior-approved exclusion at W6-0b AI-R pass (stage6-w60b AI-R record),25,frappe,
Failed to delete {0} documents: {1},translation-candidate,in-ledger (no vendor PO location match),,AI-R: confirm prior-approved exclusion at W6-0b AI-R pass (stage6-w60b AI-R record),35,frappe,
Failed to enable scheduler: {0},translation-candidate,in-ledger (no vendor PO location match),,AI-R: confirm prior-approved exclusion at W6-0b AI-R pass (stage6-w60b AI-R record),31,frappe,
Failed to evaluate conditions: {},translation-candidate,in-ledger (no vendor PO location match),,AI-R: confirm prior-approved exclusion at W6-0b AI-R pass (stage6-w60b AI-R record),33,frappe,
Failed to export python type hints,translation-candidate,in-ledger (no vendor PO location match),,AI-R: confirm prior-approved exclusion at W6-0b AI-R pass (stage6-w60b AI-R record),34,frappe,
Failed to generate names from the series,translation-candidate,in-ledger (no vendor PO location match),,AI-R: confirm prior-approved exclusion at W6-0b AI-R pass (stage6-w60b AI-R record),40,frappe,
Failed to generate preview of series,translation-candidate,in-ledger (no vendor PO location match),,AI-R: confirm prior-approved exclusion at W6-0b AI-R pass (stage6-w60b AI-R record),36,frappe,
Failed to get method {0} with {1},translation-candidate,in-ledger (no vendor PO location match),,AI-R: confirm prior-approved exclusion at W6-0b AI-R pass (stage6-w60b AI-R record),33,frappe,
Failed to get site info,translation-candidate,in-ledger (no vendor PO location match),,AI-R: confirm prior-approved exclusion at W6-0b AI-R pass (stage6-w60b AI-R record),23,frappe,
Failed to optimize image: {0},translation-candidate,in-ledger (no vendor PO location match),,AI-R: confirm prior-approved exclusion at W6-0b AI-R pass (stage6-w60b AI-R record),29,frappe,
Failed to render message: {},translation-candidate,in-ledger (no vendor PO location match),,AI-R: confirm prior-approved exclusion at W6-0b AI-R pass (stage6-w60b AI-R record),28,frappe,
Failed to render subject: {},translation-candidate,in-ledger (no vendor PO location match),,AI-R: confirm prior-approved exclusion at W6-0b AI-R pass (stage6-w60b AI-R record),28,frappe,
Failed to request login to Frappe Cloud,translation-candidate,in-ledger (no vendor PO location match),,AI-R: confirm prior-approved exclusion at W6-0b AI-R pass (stage6-w60b AI-R record),39,frappe,
Failed to send email with subject:,translation-candidate,in-ledger (no vendor PO location match),,AI-R: confirm prior-approved exclusion at W6-0b AI-R pass (stage6-w60b AI-R record),34,frappe,
Failed to send notification email,translation-candidate,in-ledger (no vendor PO location match),,AI-R: confirm prior-approved exclusion at W6-0b AI-R pass (stage6-w60b AI-R record),33,frappe,
Failed to update global settings,translation-candidate,in-ledger (no vendor PO location match),,AI-R: confirm prior-approved exclusion at W6-0b AI-R pass (stage6-w60b AI-R record),32,frappe,
Failed while calling API {0},translation-candidate,in-ledger (no vendor PO location match),,AI-R: confirm prior-approved exclusion at W6-0b AI-R pass (stage6-w60b AI-R record),28,frappe,
Failing Scheduled Jobs (last 7 days),translation-candidate,in-ledger (no vendor PO location match),,AI-R: confirm prior-approved exclusion at W6-0b AI-R pass (stage6-w60b AI-R record),36,frappe,
Failure,translation-candidate,in-ledger (no vendor PO location match),,AI-R: confirm prior-approved exclusion at W6-0b AI-R pass (stage6-w60b AI-R record),7,frappe,
Failure Rate,translation-candidate,in-ledger (no vendor PO location match),,AI-R: confirm prior-approved exclusion at W6-0b AI-R pass (stage6-w60b AI-R record),12,frappe,
Feedback,translation-candidate,in-ledger (no vendor PO location match),,AI-R: confirm prior-approved exclusion at W6-0b AI-R pass (stage6-w60b AI-R record),8,frappe,
Female,translation-candidate,in-ledger (no vendor PO location match),,AI-R: confirm prior-approved exclusion at W6-0b AI-R pass (stage6-w60b AI-R record),6,frappe,
Fetching fields from {0}...,translation-candidate,in-ledger (no vendor PO location match),,AI-R: confirm prior-approved exclusion at W6-0b AI-R pass (stage6-w60b AI-R record),27,frappe,
Field <code>{0}</code> not found in {1},EXCEPTION-technical,in-ledger (no vendor PO location match),"Keep vendor code/symbol/markup content untouched — technical fragment, no translation",AI-R: confirm technical suppress at W6-0b AI-R pass (stage6-w60b AI-R record),39,frappe,
Field Missing,translation-candidate,in-ledger (no vendor PO location match),,AI-R: confirm prior-approved exclusion at W6-0b AI-R pass (stage6-w60b AI-R record),13,frappe,
Field Name,translation-candidate,in-ledger (no vendor PO location match),,AI-R: confirm prior-approved exclusion at W6-0b AI-R pass (stage6-w60b AI-R record),10,frappe,
Field Orientation (Left-Right),translation-candidate,in-ledger (no vendor PO location match),,AI-R: confirm prior-approved exclusion at W6-0b AI-R pass (stage6-w60b AI-R record),30,frappe,
Field Orientation (Top-Down),translation-candidate,in-ledger (no vendor PO location match),,AI-R: confirm prior-approved exclusion at W6-0b AI-R pass (stage6-w60b AI-R record),28,frappe,
Field Template,translation-candidate,in-ledger (no vendor PO location match),,AI-R: confirm prior-approved exclusion at W6-0b AI-R pass (stage6-w60b AI-R record),14,frappe,
Field not permitted in query,translation-candidate,in-ledger (no vendor PO location match),,AI-R: confirm prior-approved exclusion at W6-0b AI-R pass (stage6-w60b AI-R record),28,frappe,
Field {0} does not exist on {1},translation-candidate,in-ledger (no vendor PO location match),,AI-R: confirm prior-approved exclusion at W6-0b AI-R pass (stage6-w60b AI-R record),31,frappe,
Fieldname {0} appears multiple times,translation-candidate,in-ledger (no vendor PO location match),,AI-R: confirm prior-approved exclusion at W6-0b AI-R pass (stage6-w60b AI-R record),36,frappe,
File Storage,translation-candidate,in-ledger (no vendor PO location match),,AI-R: confirm prior-approved exclusion at W6-0b AI-R pass (stage6-w60b AI-R record),12,frappe,
File type of {0} is not allowed,translation-candidate,in-ledger (no vendor PO location match),,AI-R: confirm prior-approved exclusion at W6-0b AI-R pass (stage6-w60b AI-R record),31,frappe,
File upload failed.,translation-candidate,in-ledger (no vendor PO location match),,AI-R: confirm prior-approved exclusion at W6-0b AI-R pass (stage6-w60b AI-R record),19,frappe,
Filtered By,translation-candidate,in-ledger (no vendor PO location match),,AI-R: confirm prior-approved exclusion at W6-0b AI-R pass (stage6-w60b AI-R record),11,frappe,
Filters Editor,translation-candidate,in-ledger (no vendor PO location match),,AI-R: confirm prior-approved exclusion at W6-0b AI-R pass (stage6-w60b AI-R record),14,frappe,
Filters {0},translation-candidate,in-ledger (no vendor PO location match),,AI-R: confirm prior-approved exclusion at W6-0b AI-R pass (stage6-w60b AI-R record),11,frappe,
Filters:,translation-candidate,in-ledger (no vendor PO location match),,AI-R: confirm prior-approved exclusion at W6-0b AI-R pass (stage6-w60b AI-R record),8,frappe,
Find '{0}' in ...,translation-candidate,in-ledger (no vendor PO location match),,AI-R: confirm prior-approved exclusion at W6-0b AI-R pass (stage6-w60b AI-R record),17,frappe,
Finished At,translation-candidate,in-ledger (no vendor PO location match),,AI-R: confirm prior-approved exclusion at W6-0b AI-R pass (stage6-w60b AI-R record),11,frappe,
First Day of the Week,translation-candidate,in-ledger (no vendor PO location match),,AI-R: confirm prior-approved exclusion at W6-0b AI-R pass (stage6-w60b AI-R record),21,frappe,
Fit,translation-candidate,in-ledger (no vendor PO location match),,AI-R: confirm prior-approved exclusion at W6-0b AI-R pass (stage6-w60b AI-R record),3,frappe,
Folder Name,translation-candidate,in-ledger (no vendor PO location match),,AI-R: confirm prior-approved exclusion at W6-0b AI-R pass (stage6-w60b AI-R record),11,frappe,
Folio,translation-candidate,in-ledger (no vendor PO location match),,AI-R: confirm prior-approved exclusion at W6-0b AI-R pass (stage6-w60b AI-R record),5,frappe,
Followed by,translation-candidate,in-ledger (no vendor PO location match),,AI-R: confirm prior-approved exclusion at W6-0b AI-R pass (stage6-w60b AI-R record),11,frappe,
Following document {0},translation-candidate,in-ledger (no vendor PO location match),,AI-R: confirm prior-approved exclusion at W6-0b AI-R pass (stage6-w60b AI-R record),22,frappe,
Following fields have invalid values:,translation-candidate,in-ledger (no vendor PO location match),,AI-R: confirm prior-approved exclusion at W6-0b AI-R pass (stage6-w60b AI-R record),37,frappe,
Following fields have missing values,translation-candidate,in-ledger (no vendor PO location match),,AI-R: confirm prior-approved exclusion at W6-0b AI-R pass (stage6-w60b AI-R record),36,frappe,
Footer Based On,translation-candidate,in-ledger (no vendor PO location match),,AI-R: confirm prior-approved exclusion at W6-0b AI-R pass (stage6-w60b AI-R record),15,frappe,
Footer Content,translation-candidate,in-ledger (no vendor PO location match),,AI-R: confirm prior-approved exclusion at W6-0b AI-R pass (stage6-w60b AI-R record),14,frappe,
Footer Details,translation-candidate,in-ledger (no vendor PO location match),,AI-R: confirm prior-approved exclusion at W6-0b AI-R pass (stage6-w60b AI-R record),14,frappe,
Footer HTML set from attachment {0},translation-candidate,in-ledger (no vendor PO location match),,AI-R: confirm prior-approved exclusion at W6-0b AI-R pass (stage6-w60b AI-R record),35,frappe,
Footer Image,translation-candidate,in-ledger (no vendor PO location match),,AI-R: confirm prior-approved exclusion at W6-0b AI-R pass (stage6-w60b AI-R record),12,frappe,
Footer Script,translation-candidate,in-ledger (no vendor PO location match),,AI-R: confirm prior-approved exclusion at W6-0b AI-R pass (stage6-w60b AI-R record),13,frappe,
"Footer \""Powered By\""",translation-candidate,in-ledger (no vendor PO location match),,AI-R: confirm prior-approved exclusion at W6-0b AI-R pass (stage6-w60b AI-R record),21,frappe,
For DocType,translation-candidate,in-ledger (no vendor PO location match),,AI-R: confirm prior-approved exclusion at W6-0b AI-R pass (stage6-w60b AI-R record),11,frappe,
For Document,translation-candidate,in-ledger (no vendor PO location match),,AI-R: confirm prior-approved exclusion at W6-0b AI-R pass (stage6-w60b AI-R record),12,frappe,
For example:,translation-candidate,in-ledger (no vendor PO location match),,AI-R: confirm prior-approved exclusion at W6-0b AI-R pass (stage6-w60b AI-R record),12,frappe,
Force Stop job,translation-candidate,in-ledger (no vendor PO location match),,AI-R: confirm prior-approved exclusion at W6-0b AI-R pass (stage6-w60b AI-R record),14,frappe,
Force Web Capture Mode for Uploads,translation-candidate,in-ledger (no vendor PO location match),,AI-R: confirm prior-approved exclusion at W6-0b AI-R pass (stage6-w60b AI-R record),34,frappe,
Form Builder,translation-candidate,in-ledger (no vendor PO location match),,AI-R: confirm prior-approved exclusion at W6-0b AI-R pass (stage6-w60b AI-R record),12,frappe,
Form Dict,translation-candidate,in-ledger (no vendor PO location match),,AI-R: confirm prior-approved exclusion at W6-0b AI-R pass (stage6-w60b AI-R record),9,frappe,
Form Tour,translation-candidate,in-ledger (no vendor PO location match),,AI-R: confirm prior-approved exclusion at W6-0b AI-R pass (stage6-w60b AI-R record),9,frappe,
Form Tour Step,translation-candidate,in-ledger (no vendor PO location match),,AI-R: confirm prior-approved exclusion at W6-0b AI-R pass (stage6-w60b AI-R record),14,frappe,
Forward Query Parameters,translation-candidate,in-ledger (no vendor PO location match),,AI-R: confirm prior-approved exclusion at W6-0b AI-R pass (stage6-w60b AI-R record),24,frappe,
Frappe Blog,translation-candidate,in-ledger (no vendor PO location match),,AI-R: confirm prior-approved exclusion at W6-0b AI-R pass (stage6-w60b AI-R record),11,frappe,
Frappe Forum,translation-candidate,in-ledger (no vendor PO location match),,AI-R: confirm prior-approved exclusion at W6-0b AI-R pass (stage6-w60b AI-R record),12,frappe,
Frappe Light,translation-candidate,in-ledger (no vendor PO location match),,AI-R: confirm prior-approved exclusion at W6-0b AI-R pass (stage6-w60b AI-R record),12,frappe,
Frappe Mail,translation-candidate,in-ledger (no vendor PO location match),,AI-R: confirm prior-approved exclusion at W6-0b AI-R pass (stage6-w60b AI-R record),11,frappe,
Frappe Mail OAuth Error,translation-candidate,in-ledger (no vendor PO location match),,AI-R: confirm prior-approved exclusion at W6-0b AI-R pass (stage6-w60b AI-R record),23,frappe,
Frappe Mail Site,translation-candidate,in-ledger (no vendor PO location match),,AI-R: confirm prior-approved exclusion at W6-0b AI-R pass (stage6-w60b AI-R record),16,frappe,
Frappe Support,translation-candidate,in-ledger (no vendor PO location match),,AI-R: confirm prior-approved exclusion at W6-0b AI-R pass (stage6-w60b AI-R record),14,frappe,
Frappe page builder using components,translation-candidate,in-ledger (no vendor PO location match),,AI-R: confirm prior-approved exclusion at W6-0b AI-R pass (stage6-w60b AI-R record),36,frappe,
Free,translation-candidate,in-ledger (no vendor PO location match),,AI-R: confirm prior-approved exclusion at W6-0b AI-R pass (stage6-w60b AI-R record),4,frappe,
Friday,translation-candidate,in-ledger (no vendor PO location match),,AI-R: confirm prior-approved exclusion at W6-0b AI-R pass (stage6-w60b AI-R record),6,frappe,
From Date,translation-candidate,in-ledger (no vendor PO location match),,AI-R: confirm prior-approved exclusion at W6-0b AI-R pass (stage6-w60b AI-R record),9,frappe,
From Field,translation-candidate,in-ledger (no vendor PO location match),,AI-R: confirm prior-approved exclusion at W6-0b AI-R pass (stage6-w60b AI-R record),10,frappe,
From User,translation-candidate,in-ledger (no vendor PO location match),,AI-R: confirm prior-approved exclusion at W6-0b AI-R pass (stage6-w60b AI-R record),9,frappe,
From version,translation-candidate,in-ledger (no vendor PO location match),,AI-R: confirm prior-approved exclusion at W6-0b AI-R pass (stage6-w60b AI-R record),12,frappe,
Function {0} is not whitelisted.,translation-candidate,in-ledger (no vendor PO location match),,AI-R: confirm prior-approved exclusion at W6-0b AI-R pass (stage6-w60b AI-R record),32,frappe,
GET,translation-candidate,in-ledger (no vendor PO location match),,AI-R: confirm prior-approved exclusion at W6-0b AI-R pass (stage6-w60b AI-R record),3,frappe,
GNU Affero General Public License,translation-candidate,in-ledger (no vendor PO location match),,AI-R: confirm prior-approved exclusion at W6-0b AI-R pass (stage6-w60b AI-R record),33,frappe,
GNU General Public License,translation-candidate,in-ledger (no vendor PO location match),,AI-R: confirm prior-approved exclusion at W6-0b AI-R pass (stage6-w60b AI-R record),26,frappe,
Genderqueer,translation-candidate,in-ledger (no vendor PO location match),,AI-R: confirm prior-approved exclusion at W6-0b AI-R pass (stage6-w60b AI-R record),11,frappe,
Generate Random Password,translation-candidate,in-ledger (no vendor PO location match),,AI-R: confirm prior-approved exclusion at W6-0b AI-R pass (stage6-w60b AI-R record),24,frappe,
Generate Tracking URL,translation-candidate,in-ledger (no vendor PO location match),,AI-R: confirm prior-approved exclusion at W6-0b AI-R pass (stage6-w60b AI-R record),21,frappe,
Geoapify,translation-candidate,in-ledger (no vendor PO location match),,AI-R: confirm prior-approved exclusion at W6-0b AI-R pass (stage6-w60b AI-R record),8,frappe,
Geolocation Settings,translation-candidate,in-ledger (no vendor PO location match),,AI-R: confirm prior-approved exclusion at W6-0b AI-R pass (stage6-w60b AI-R record),20,frappe,
Get Backup Encryption Key,translation-candidate,in-ledger (no vendor PO location match),,AI-R: confirm prior-approved exclusion at W6-0b AI-R pass (stage6-w60b AI-R record),25,frappe,
Get Items,translation-candidate,in-ledger (no vendor PO location match),,AI-R: confirm prior-approved exclusion at W6-0b AI-R pass (stage6-w60b AI-R record),9,frappe,
Get OpenID Configuration,translation-candidate,in-ledger (no vendor PO location match),,AI-R: confirm prior-approved exclusion at W6-0b AI-R pass (stage6-w60b AI-R record),24,frappe,
Get PDF,translation-candidate,in-ledger (no vendor PO location match),,AI-R: confirm prior-approved exclusion at W6-0b AI-R pass (stage6-w60b AI-R record),7,frappe,
Github flavoured markdown syntax,translation-candidate,in-ledger (no vendor PO location match),,AI-R: confirm prior-approved exclusion at W6-0b AI-R pass (stage6-w60b AI-R record),32,frappe,
Go to Workflow,translation-candidate,in-ledger (no vendor PO location match),,AI-R: confirm prior-approved exclusion at W6-0b AI-R pass (stage6-w60b AI-R record),14,frappe,
Go to Workspace,translation-candidate,in-ledger (no vendor PO location match),,AI-R: confirm prior-approved exclusion at W6-0b AI-R pass (stage6-w60b AI-R record),15,frappe,
Go to this URL after completing the form,translation-candidate,in-ledger (no vendor PO location match),,AI-R: confirm prior-approved exclusion at W6-0b AI-R pass (stage6-w60b AI-R record),40,frappe,
Google Analytics anonymise IP,translation-candidate,in-ledger (no vendor PO location match),,AI-R: confirm prior-approved exclusion at W6-0b AI-R pass (stage6-w60b AI-R record),29,frappe,
Google Drive Picker,translation-candidate,in-ledger (no vendor PO location match),,AI-R: confirm prior-approved exclusion at W6-0b AI-R pass (stage6-w60b AI-R record),19,frappe,
Google Drive Picker Enabled,translation-candidate,in-ledger (no vendor PO location match),,AI-R: confirm prior-approved exclusion at W6-0b AI-R pass (stage6-w60b AI-R record),27,frappe,
Graph,translation-candidate,in-ledger (no vendor PO location match),,AI-R: confirm prior-approved exclusion at W6-0b AI-R pass (stage6-w60b AI-R record),5,frappe,
Gray,translation-candidate,in-ledger (no vendor PO location match),,AI-R: confirm prior-approved exclusion at W6-0b AI-R pass (stage6-w60b AI-R record),4,frappe,
Greater Than,translation-candidate,in-ledger (no vendor PO location match),,AI-R: confirm prior-approved exclusion at W6-0b AI-R pass (stage6-w60b AI-R record),12,frappe,
Greater Than Or Equal To,translation-candidate,in-ledger (no vendor PO location match),,AI-R: confirm prior-approved exclusion at W6-0b AI-R pass (stage6-w60b AI-R record),24,frappe,
Green,translation-candidate,in-ledger (no vendor PO location match),,AI-R: confirm prior-approved exclusion at W6-0b AI-R pass (stage6-w60b AI-R record),5,frappe,
HEAD,translation-candidate,in-ledger (no vendor PO location match),,AI-R: confirm prior-approved exclusion at W6-0b AI-R pass (stage6-w60b AI-R record),4,frappe,
HERE,translation-candidate,in-ledger (no vendor PO location match),,AI-R: confirm prior-approved exclusion at W6-0b AI-R pass (stage6-w60b AI-R record),4,frappe,
HTML,translation-candidate,in-ledger (no vendor PO location match),,AI-R: confirm prior-approved exclusion at W6-0b AI-R pass (stage6-w60b AI-R record),4,frappe,
HTML with jinja support,translation-candidate,in-ledger (no vendor PO location match),,AI-R: confirm prior-approved exclusion at W6-0b AI-R pass (stage6-w60b AI-R record),23,frappe,
Half Yearly,translation-candidate,in-ledger (no vendor PO location match),,AI-R: confirm prior-approved exclusion at W6-0b AI-R pass (stage6-w60b AI-R record),11,frappe,
Handled Emails,translation-candidate,in-ledger (no vendor PO location match),,AI-R: confirm prior-approved exclusion at W6-0b AI-R pass (stage6-w60b AI-R record),14,frappe,
Has Next Condition,translation-candidate,in-ledger (no vendor PO location match),,AI-R: confirm prior-approved exclusion at W6-0b AI-R pass (stage6-w60b AI-R record),18,frappe,
Has Setup Wizard,translation-candidate,in-ledger (no vendor PO location match),,AI-R: confirm prior-approved exclusion at W6-0b AI-R pass (stage6-w60b AI-R record),16,frappe,
Header Icon,translation-candidate,in-ledger (no vendor PO location match),,AI-R: confirm prior-approved exclusion at W6-0b AI-R pass (stage6-w60b AI-R record),11,frappe,
Header Script,translation-candidate,in-ledger (no vendor PO location match),,AI-R: confirm prior-approved exclusion at W6-0b AI-R pass (stage6-w60b AI-R record),13,frappe,
"Header, Robots",translation-candidate,in-ledger (no vendor PO location match),,AI-R: confirm prior-approved exclusion at W6-0b AI-R pass (stage6-w60b AI-R record),14,frappe,
Headers must be a dictionary,translation-candidate,in-ledger (no vendor PO location match),,AI-R: confirm prior-approved exclusion at W6-0b AI-R pass (stage6-w60b AI-R record),28,frappe,
Hello,translation-candidate,in-ledger (no vendor PO location match),,AI-R: confirm prior-approved exclusion at W6-0b AI-R pass (stage6-w60b AI-R record),5,frappe,
Help Articles,translation-candidate,in-ledger (no vendor PO location match),,AI-R: confirm prior-approved exclusion at W6-0b AI-R pass (stage6-w60b AI-R record),13,frappe,
Helpful,translation-candidate,in-ledger (no vendor PO location match),,AI-R: confirm prior-approved exclusion at W6-0b AI-R pass (stage6-w60b AI-R record),7,frappe,
Helvetica Neue,translation-candidate,in-ledger (no vendor PO location match),,AI-R: confirm prior-approved exclusion at W6-0b AI-R pass (stage6-w60b AI-R record),14,frappe,
Here's your tracking URL,translation-candidate,in-ledger (no vendor PO location match),,AI-R: confirm prior-approved exclusion at W6-0b AI-R pass (stage6-w60b AI-R record),24,frappe,
Hidden Fields,translation-candidate,in-ledger (no vendor PO location match),,AI-R: confirm prior-approved exclusion at W6-0b AI-R pass (stage6-w60b AI-R record),13,frappe,
Hidden columns include: {0},translation-candidate,in-ledger (no vendor PO location match),,AI-R: confirm prior-approved exclusion at W6-0b AI-R pass (stage6-w60b AI-R record),27,frappe,
Hide Buttons,translation-candidate,in-ledger (no vendor PO location match),,AI-R: confirm prior-approved exclusion at W6-0b AI-R pass (stage6-w60b AI-R record),12,frappe,
Hide Descendants,translation-candidate,in-ledger (no vendor PO location match),,AI-R: confirm prior-approved exclusion at W6-0b AI-R pass (stage6-w60b AI-R record),16,frappe,
Hide Empty Read-Only Fields,translation-candidate,in-ledger (no vendor PO location match),,AI-R: confirm prior-approved exclusion at W6-0b AI-R pass (stage6-w60b AI-R record),27,frappe,
Hide Error,translation-candidate,in-ledger (no vendor PO location match),,AI-R: confirm prior-approved exclusion at W6-0b AI-R pass (stage6-w60b AI-R record),10,frappe,
Hide Label,translation-candidate,in-ledger (no vendor PO location match),,AI-R: confirm prior-approved exclusion at W6-0b AI-R pass (stage6-w60b AI-R record),10,frappe,
Hide Preview,translation-candidate,in-ledger (no vendor PO location match),,AI-R: confirm prior-approved exclusion at W6-0b AI-R pass (stage6-w60b AI-R record),12,frappe,
Hide footer,translation-candidate,in-ledger (no vendor PO location match),,AI-R: confirm prior-approved exclusion at W6-0b AI-R pass (stage6-w60b AI-R record),11,frappe,
Hide footer signup,translation-candidate,in-ledger (no vendor PO location match),,AI-R: confirm prior-approved exclusion at W6-0b AI-R pass (stage6-w60b AI-R record),18,frappe,
Hide navbar,translation-candidate,in-ledger (no vendor PO location match),,AI-R: confirm prior-approved exclusion at W6-0b AI-R pass (stage6-w60b AI-R record),11,frappe,
High,translation-candidate,in-ledger (no vendor PO location match),,AI-R: confirm prior-approved exclusion at W6-0b AI-R pass (stage6-w60b AI-R record),4,frappe,
Highlight,translation-candidate,in-ledger (no vendor PO location match),,AI-R: confirm prior-approved exclusion at W6-0b AI-R pass (stage6-w60b AI-R record),9,frappe,
Hourly Maintenance,translation-candidate,in-ledger (no vendor PO location match),,AI-R: confirm prior-approved exclusion at W6-0b AI-R pass (stage6-w60b AI-R record),18,frappe,
ID,translation-candidate,in-ledger (no vendor PO location match),,AI-R: confirm prior-approved exclusion at W6-0b AI-R pass (stage6-w60b AI-R record),2,frappe,
ID (name),translation-candidate,in-ledger (no vendor PO location match),,AI-R: confirm prior-approved exclusion at W6-0b AI-R pass (stage6-w60b AI-R record),9,frappe,
IMAP Details,translation-candidate,in-ledger (no vendor PO location match),,AI-R: confirm prior-approved exclusion at W6-0b AI-R pass (stage6-w60b AI-R record),12,frappe,
IMAP Folder,translation-candidate,in-ledger (no vendor PO location match),,AI-R: confirm prior-approved exclusion at W6-0b AI-R pass (stage6-w60b AI-R record),11,frappe,
Icon Style,translation-candidate,in-ledger (no vendor PO location match),,AI-R: confirm prior-approved exclusion at W6-0b AI-R pass (stage6-w60b AI-R record),10,frappe,
Icon Type,translation-candidate,in-ledger (no vendor PO location match),,AI-R: confirm prior-approved exclusion at W6-0b AI-R pass (stage6-w60b AI-R record),9,frappe,
Illegal template,translation-candidate,in-ledger (no vendor PO location match),,AI-R: confirm prior-approved exclusion at W6-0b AI-R pass (stage6-w60b AI-R record),16,frappe,
Image Height,translation-candidate,in-ledger (no vendor PO location match),,AI-R: confirm prior-approved exclusion at W6-0b AI-R pass (stage6-w60b AI-R record),12,frappe,
Image Width,translation-candidate,in-ledger (no vendor PO location match),,AI-R: confirm prior-approved exclusion at W6-0b AI-R pass (stage6-w60b AI-R record),11,frappe,
Image link '{0}' is not valid,translation-candidate,in-ledger (no vendor PO location match),,AI-R: confirm prior-approved exclusion at W6-0b AI-R pass (stage6-w60b AI-R record),29,frappe,
Image optimized,translation-candidate,in-ledger (no vendor PO location match),,AI-R: confirm prior-approved exclusion at W6-0b AI-R pass (stage6-w60b AI-R record),15,frappe,
Image: Corrupted Data Stream,translation-candidate,in-ledger (no vendor PO location match),,AI-R: confirm prior-approved exclusion at W6-0b AI-R pass (stage6-w60b AI-R record),28,frappe,
Impersonate,translation-candidate,in-ledger (no vendor PO location match),,AI-R: confirm prior-approved exclusion at W6-0b AI-R pass (stage6-w60b AI-R record),11,frappe,
Impersonate as {0},translation-candidate,in-ledger (no vendor PO location match),,AI-R: confirm prior-approved exclusion at W6-0b AI-R pass (stage6-w60b AI-R record),18,frappe,
Impersonated by {0},translation-candidate,in-ledger (no vendor PO location match),,AI-R: confirm prior-approved exclusion at W6-0b AI-R pass (stage6-w60b AI-R record),19,frappe,
Impersonating {0},translation-candidate,in-ledger (no vendor PO location match),,AI-R: confirm prior-approved exclusion at W6-0b AI-R pass (stage6-w60b AI-R record),17,frappe,
Importing {0} is not allowed.,translation-candidate,in-ledger (no vendor PO location match),,AI-R: confirm prior-approved exclusion at W6-0b AI-R pass (stage6-w60b AI-R record),29,frappe,
"Importing {0} of {1}, {2}",translation-candidate,in-ledger (no vendor PO location match),,AI-R: confirm prior-approved exclusion at W6-0b AI-R pass (stage6-w60b AI-R record),25,frappe,
In Minutes,translation-candidate,in-ledger (no vendor PO location match),,AI-R: confirm prior-approved exclusion at W6-0b AI-R pass (stage6-w60b AI-R record),10,frappe,
In Read Only Mode,translation-candidate,in-ledger (no vendor PO location match),,AI-R: confirm prior-approved exclusion at W6-0b AI-R pass (stage6-w60b AI-R record),17,frappe,
Include Disabled,translation-candidate,in-ledger (no vendor PO location match),,AI-R: confirm prior-approved exclusion at W6-0b AI-R pass (stage6-w60b AI-R record),16,frappe,
Include Name Field,translation-candidate,in-ledger (no vendor PO location match),,AI-R: confirm prior-approved exclusion at W6-0b AI-R pass (stage6-w60b AI-R record),18,frappe,
Include filters,translation-candidate,in-ledger (no vendor PO location match),,AI-R: confirm prior-approved exclusion at W6-0b AI-R pass (stage6-w60b AI-R record),15,frappe,
Include hidden columns,translation-candidate,in-ledger (no vendor PO location match),,AI-R: confirm prior-approved exclusion at W6-0b AI-R pass (stage6-w60b AI-R record),22,frappe,
Incoming,translation-candidate,in-ledger (no vendor PO location match),,AI-R: confirm prior-approved exclusion at W6-0b AI-R pass (stage6-w60b AI-R record),8,frappe,
Incoming (POP/IMAP) Settings,translation-candidate,in-ledger (no vendor PO location match),,AI-R: confirm prior-approved exclusion at W6-0b AI-R pass (stage6-w60b AI-R record),28,frappe,
Incoming Emails (Last 7 days),translation-candidate,in-ledger (no vendor PO location match),,AI-R: confirm prior-approved exclusion at W6-0b AI-R pass (stage6-w60b AI-R record),29,frappe,
Incoming Server,translation-candidate,in-ledger (no vendor PO location match),,AI-R: confirm prior-approved exclusion at W6-0b AI-R pass (stage6-w60b AI-R record),15,frappe,
Incoming Settings,translation-candidate,in-ledger (no vendor PO location match),,AI-R: confirm prior-approved exclusion at W6-0b AI-R pass (stage6-w60b AI-R record),17,frappe,
Incorrect value in row {0}:,translation-candidate,in-ledger (no vendor PO location match),,AI-R: confirm prior-approved exclusion at W6-0b AI-R pass (stage6-w60b AI-R record),27,frappe,
Incorrect value:,translation-candidate,in-ledger (no vendor PO location match),,AI-R: confirm prior-approved exclusion at W6-0b AI-R pass (stage6-w60b AI-R record),16,frappe,
Indent,translation-candidate,in-ledger (no vendor PO location match),,AI-R: confirm prior-approved exclusion at W6-0b AI-R pass (stage6-w60b AI-R record),6,frappe,
Indexing authorization code,translation-candidate,in-ledger (no vendor PO location match),,AI-R: confirm prior-approved exclusion at W6-0b AI-R pass (stage6-w60b AI-R record),27,frappe,
Indexing refresh token,translation-candidate,in-ledger (no vendor PO location match),,AI-R: confirm prior-approved exclusion at W6-0b AI-R pass (stage6-w60b AI-R record),22,frappe,
Indicator Color,translation-candidate,in-ledger (no vendor PO location match),,AI-R: confirm prior-approved exclusion at W6-0b AI-R pass (stage6-w60b AI-R record),15,frappe,
Indicator color,translation-candidate,in-ledger (no vendor PO location match),,AI-R: confirm prior-approved exclusion at W6-0b AI-R pass (stage6-w60b AI-R record),15,frappe,
InnoDB,translation-candidate,in-ledger (no vendor PO location match),,AI-R: confirm prior-approved exclusion at W6-0b AI-R pass (stage6-w60b AI-R record),6,frappe,
Insert Above,translation-candidate,in-ledger (no vendor PO location match),,AI-R: confirm prior-approved exclusion at W6-0b AI-R pass (stage6-w60b AI-R record),12,frappe,
Insert Below,translation-candidate,in-ledger (no vendor PO location match),,AI-R: confirm prior-approved exclusion at W6-0b AI-R pass (stage6-w60b AI-R record),12,frappe,
Insert Image in Markdown,translation-candidate,in-ledger (no vendor PO location match),,AI-R: confirm prior-approved exclusion at W6-0b AI-R pass (stage6-w60b AI-R record),24,frappe,
Instagram,translation-candidate,in-ledger (no vendor PO location match),,AI-R: confirm prior-approved exclusion at W6-0b AI-R pass (stage6-w60b AI-R record),9,frappe,
Install {0} from Marketplace,translation-candidate,in-ledger (no vendor PO location match),,AI-R: confirm prior-approved exclusion at W6-0b AI-R pass (stage6-w60b AI-R record),28,frappe,
Installed Apps,translation-candidate,in-ledger (no vendor PO location match),,AI-R: confirm prior-approved exclusion at W6-0b AI-R pass (stage6-w60b AI-R record),14,frappe,
Instructions Emailed,translation-candidate,in-ledger (no vendor PO location match),,AI-R: confirm prior-approved exclusion at W6-0b AI-R pass (stage6-w60b AI-R record),20,frappe,
Insufficient Permission Level for {0},translation-candidate,in-ledger (no vendor PO location match),,AI-R: confirm prior-approved exclusion at W6-0b AI-R pass (stage6-w60b AI-R record),37,frappe,
Insufficient attachment limit,translation-candidate,in-ledger (no vendor PO location match),,AI-R: confirm prior-approved exclusion at W6-0b AI-R pass (stage6-w60b AI-R record),29,frappe,
Inter,translation-candidate,in-ledger (no vendor PO location match),,AI-R: confirm prior-approved exclusion at W6-0b AI-R pass (stage6-w60b AI-R record),5,frappe,
Intermediate,translation-candidate,in-ledger (no vendor PO location match),,AI-R: confirm prior-approved exclusion at W6-0b AI-R pass (stage6-w60b AI-R record),12,frappe,
Internal record of document shares,translation-candidate,in-ledger (no vendor PO location match),,AI-R: confirm prior-approved exclusion at W6-0b AI-R pass (stage6-w60b AI-R record),34,frappe,
Intro Video URL,translation-candidate,in-ledger (no vendor PO location match),,AI-R: confirm prior-approved exclusion at W6-0b AI-R pass (stage6-w60b AI-R record),15,frappe,
Introduction,translation-candidate,in-ledger (no vendor PO location match),,AI-R: confirm prior-approved exclusion at W6-0b AI-R pass (stage6-w60b AI-R record),12,frappe,
Introspection URI,translation-candidate,in-ledger (no vendor PO location match),,AI-R: confirm prior-approved exclusion at W6-0b AI-R pass (stage6-w60b AI-R record),17,frappe,
Invalid,translation-candidate,in-ledger (no vendor PO location match),,AI-R: confirm prior-approved exclusion at W6-0b AI-R pass (stage6-w60b AI-R record),7,frappe,
Invalid Action,translation-candidate,in-ledger (no vendor PO location match),,AI-R: confirm prior-approved exclusion at W6-0b AI-R pass (stage6-w60b AI-R record),14,frappe,
Invalid Code. Please try again.,translation-candidate,in-ledger (no vendor PO location match),,AI-R: confirm prior-approved exclusion at W6-0b AI-R pass (stage6-w60b AI-R record),31,frappe,
Invalid Condition: {},translation-candidate,in-ledger (no vendor PO location match),,AI-R: confirm prior-approved exclusion at W6-0b AI-R pass (stage6-w60b AI-R record),21,frappe,
Invalid Credentials,translation-candidate,in-ledger (no vendor PO location match),,AI-R: confirm prior-approved exclusion at W6-0b AI-R pass (stage6-w60b AI-R record),19,frappe,
Invalid DocType,translation-candidate,in-ledger (no vendor PO location match),,AI-R: confirm prior-approved exclusion at W6-0b AI-R pass (stage6-w60b AI-R record),15,frappe,
Invalid DocType: {0},translation-candidate,in-ledger (no vendor PO location match),,AI-R: confirm prior-approved exclusion at W6-0b AI-R pass (stage6-w60b AI-R record),20,frappe,
Invalid Doctype,translation-candidate,in-ledger (no vendor PO location match),,AI-R: confirm prior-approved exclusion at W6-0b AI-R pass (stage6-w60b AI-R record),15,frappe,
Invalid Fieldname,translation-candidate,in-ledger (no vendor PO location match),,AI-R: confirm prior-approved exclusion at W6-0b AI-R pass (stage6-w60b AI-R record),17,frappe,
Invalid File URL,translation-candidate,in-ledger (no vendor PO location match),,AI-R: confirm prior-approved exclusion at W6-0b AI-R pass (stage6-w60b AI-R record),16,frappe,
Invalid Login. Try again.,translation-candidate,in-ledger (no vendor PO location match),,AI-R: confirm prior-approved exclusion at W6-0b AI-R pass (stage6-w60b AI-R record),25,frappe,
Invalid Naming Series: {},translation-candidate,in-ledger (no vendor PO location match),,AI-R: confirm prior-approved exclusion at W6-0b AI-R pass (stage6-w60b AI-R record),25,frappe,
Invalid Operation,translation-candidate,in-ledger (no vendor PO location match),,AI-R: confirm prior-approved exclusion at W6-0b AI-R pass (stage6-w60b AI-R record),17,frappe,
Invalid Override,translation-candidate,in-ledger (no vendor PO location match),,AI-R: confirm prior-approved exclusion at W6-0b AI-R pass (stage6-w60b AI-R record),16,frappe,
Invalid Parameters.,translation-candidate,in-ledger (no vendor PO location match),,AI-R: confirm prior-approved exclusion at W6-0b AI-R pass (stage6-w60b AI-R record),19,frappe,
Invalid Phone Number,translation-candidate,in-ledger (no vendor PO location match),,AI-R: confirm prior-approved exclusion at W6-0b AI-R pass (stage6-w60b AI-R record),20,frappe,
Invalid Table Fieldname,translation-candidate,in-ledger (no vendor PO location match),,AI-R: confirm prior-approved exclusion at W6-0b AI-R pass (stage6-w60b AI-R record),23,frappe,
Invalid Transition,translation-candidate,in-ledger (no vendor PO location match),,AI-R: confirm prior-approved exclusion at W6-0b AI-R pass (stage6-w60b AI-R record),18,frappe,
Invalid URL,translation-candidate,in-ledger (no vendor PO location match),,AI-R: confirm prior-approved exclusion at W6-0b AI-R pass (stage6-w60b AI-R record),11,frappe,
Invalid Values,translation-candidate,in-ledger (no vendor PO location match),,AI-R: confirm prior-approved exclusion at W6-0b AI-R pass (stage6-w60b AI-R record),14,frappe,
Invalid Webhook Secret,translation-candidate,in-ledger (no vendor PO location match),,AI-R: confirm prior-approved exclusion at W6-0b AI-R pass (stage6-w60b AI-R record),22,frappe,
Invalid aggregate function,translation-candidate,in-ledger (no vendor PO location match),,AI-R: confirm prior-approved exclusion at W6-0b AI-R pass (stage6-w60b AI-R record),26,frappe,
Invalid app,translation-candidate,in-ledger (no vendor PO location match),,AI-R: confirm prior-approved exclusion at W6-0b AI-R pass (stage6-w60b AI-R record),11,frappe,
Invalid characters in table name: {0},translation-candidate,in-ledger (no vendor PO location match),,AI-R: confirm prior-approved exclusion at W6-0b AI-R pass (stage6-w60b AI-R record),37,frappe,
Invalid docstatus,translation-candidate,in-ledger (no vendor PO location match),,AI-R: confirm prior-approved exclusion at W6-0b AI-R pass (stage6-w60b AI-R record),17,frappe,
Invalid field type: {0},translation-candidate,in-ledger (no vendor PO location match),,AI-R: confirm prior-approved exclusion at W6-0b AI-R pass (stage6-w60b AI-R record),23,frappe,
Invalid input,translation-candidate,in-ledger (no vendor PO location match),,AI-R: confirm prior-approved exclusion at W6-0b AI-R pass (stage6-w60b AI-R record),13,frappe,
Invalid key,translation-candidate,in-ledger (no vendor PO location match),,AI-R: confirm prior-approved exclusion at W6-0b AI-R pass (stage6-w60b AI-R record),11,frappe,
Invalid redirect regex in row #{}: {},translation-candidate,in-ledger (no vendor PO location match),,AI-R: confirm prior-approved exclusion at W6-0b AI-R pass (stage6-w60b AI-R record),37,frappe,
Invalid request arguments,translation-candidate,in-ledger (no vendor PO location match),,AI-R: confirm prior-approved exclusion at W6-0b AI-R pass (stage6-w60b AI-R record),25,frappe,
Invalid request body,translation-candidate,in-ledger (no vendor PO location match),,AI-R: confirm prior-approved exclusion at W6-0b AI-R pass (stage6-w60b AI-R record),20,frappe,
Invalid role,translation-candidate,in-ledger (no vendor PO location match),,AI-R: confirm prior-approved exclusion at W6-0b AI-R pass (stage6-w60b AI-R record),12,frappe,
Invalid simple filter format: {0},translation-candidate,in-ledger (no vendor PO location match),,AI-R: confirm prior-approved exclusion at W6-0b AI-R pass (stage6-w60b AI-R record),33,frappe,
Invalid value specified for UUID: {},translation-candidate,in-ledger (no vendor PO location match),,AI-R: confirm prior-approved exclusion at W6-0b AI-R pass (stage6-w60b AI-R record),36,frappe,
Invalid values for fields:,translation-candidate,in-ledger (no vendor PO location match),,AI-R: confirm prior-approved exclusion at W6-0b AI-R pass (stage6-w60b AI-R record),26,frappe,
Invalid wkhtmltopdf version,translation-candidate,in-ledger (no vendor PO location match),,AI-R: confirm prior-approved exclusion at W6-0b AI-R pass (stage6-w60b AI-R record),27,frappe,
Invalid {0} dictionary format,translation-candidate,in-ledger (no vendor PO location match),,AI-R: confirm prior-approved exclusion at W6-0b AI-R pass (stage6-w60b AI-R record),29,frappe,
Invitation already accepted,translation-candidate,in-ledger (no vendor PO location match),,AI-R: confirm prior-approved exclusion at W6-0b AI-R pass (stage6-w60b AI-R record),27,frappe,
Invitation already exists,translation-candidate,in-ledger (no vendor PO location match),,AI-R: confirm prior-approved exclusion at W6-0b AI-R pass (stage6-w60b AI-R record),25,frappe,
Invitation cannot be cancelled,translation-candidate,in-ledger (no vendor PO location match),,AI-R: confirm prior-approved exclusion at W6-0b AI-R pass (stage6-w60b AI-R record),30,frappe,
Invitation is cancelled,translation-candidate,in-ledger (no vendor PO location match),,AI-R: confirm prior-approved exclusion at W6-0b AI-R pass (stage6-w60b AI-R record),23,frappe,
Invitation is expired,translation-candidate,in-ledger (no vendor PO location match),,AI-R: confirm prior-approved exclusion at W6-0b AI-R pass (stage6-w60b AI-R record),21,frappe,
Invitation not found,translation-candidate,in-ledger (no vendor PO location match),,AI-R: confirm prior-approved exclusion at W6-0b AI-R pass (stage6-w60b AI-R record),20,frappe,
Invitation to join {0} cancelled,translation-candidate,in-ledger (no vendor PO location match),,AI-R: confirm prior-approved exclusion at W6-0b AI-R pass (stage6-w60b AI-R record),32,frappe,
Invitation to join {0} expired,translation-candidate,in-ledger (no vendor PO location match),,AI-R: confirm prior-approved exclusion at W6-0b AI-R pass (stage6-w60b AI-R record),30,frappe,
Invited By,translation-candidate,in-ledger (no vendor PO location match),,AI-R: confirm prior-approved exclusion at W6-0b AI-R pass (stage6-w60b AI-R record),10,frappe,
Is Calendar and Gantt,translation-candidate,in-ledger (no vendor PO location match),,AI-R: confirm prior-approved exclusion at W6-0b AI-R pass (stage6-w60b AI-R record),21,frappe,
Is Current,translation-candidate,in-ledger (no vendor PO location match),,AI-R: confirm prior-approved exclusion at W6-0b AI-R pass (stage6-w60b AI-R record),10,frappe,
Is Custom,translation-candidate,in-ledger (no vendor PO location match),,AI-R: confirm prior-approved exclusion at W6-0b AI-R pass (stage6-w60b AI-R record),9,frappe,
Is Dynamic URL?,translation-candidate,in-ledger (no vendor PO location match),,AI-R: confirm prior-approved exclusion at W6-0b AI-R pass (stage6-w60b AI-R record),15,frappe,
Is Hidden,translation-candidate,in-ledger (no vendor PO location match),,AI-R: confirm prior-approved exclusion at W6-0b AI-R pass (stage6-w60b AI-R record),9,frappe,
Is Primary Address,translation-candidate,in-ledger (no vendor PO location match),,AI-R: confirm prior-approved exclusion at W6-0b AI-R pass (stage6-w60b AI-R record),18,frappe,
Is Remote Request?,translation-candidate,in-ledger (no vendor PO location match),,AI-R: confirm prior-approved exclusion at W6-0b AI-R pass (stage6-w60b AI-R record),18,frappe,
Is Setup Complete?,translation-candidate,in-ledger (no vendor PO location match),,AI-R: confirm prior-approved exclusion at W6-0b AI-R pass (stage6-w60b AI-R record),18,frappe,
Is System Generated,translation-candidate,in-ledger (no vendor PO location match),,AI-R: confirm prior-approved exclusion at W6-0b AI-R pass (stage6-w60b AI-R record),19,frappe,
Is Table Field,translation-candidate,in-ledger (no vendor PO location match),,AI-R: confirm prior-approved exclusion at W6-0b AI-R pass (stage6-w60b AI-R record),14,frappe,
Is Virtual,translation-candidate,in-ledger (no vendor PO location match),,AI-R: confirm prior-approved exclusion at W6-0b AI-R pass (stage6-w60b AI-R record),10,frappe,
Is standard,translation-candidate,in-ledger (no vendor PO location match),,AI-R: confirm prior-approved exclusion at W6-0b AI-R pass (stage6-w60b AI-R record),11,frappe,
JS,translation-candidate,in-ledger (no vendor PO location match),,AI-R: confirm prior-approved exclusion at W6-0b AI-R pass (stage6-w60b AI-R record),2,frappe,
JS Message,translation-candidate,in-ledger (no vendor PO location match),,AI-R: confirm prior-approved exclusion at W6-0b AI-R pass (stage6-w60b AI-R record),10,frappe,
JSON,translation-candidate,in-ledger (no vendor PO location match),,AI-R: confirm prior-approved exclusion at W6-0b AI-R pass (stage6-w60b AI-R record),4,frappe,
Jane Doe,translation-candidate,in-ledger (no vendor PO location match),,AI-R: confirm prior-approved exclusion at W6-0b AI-R pass (stage6-w60b AI-R record),8,frappe,
Job ID,translation-candidate,in-ledger (no vendor PO location match),,AI-R: confirm prior-approved exclusion at W6-0b AI-R pass (stage6-w60b AI-R record),6,frappe,
Job Id,translation-candidate,in-ledger (no vendor PO location match),,AI-R: confirm prior-approved exclusion at W6-0b AI-R pass (stage6-w60b AI-R record),6,frappe,
Job Info,translation-candidate,in-ledger (no vendor PO location match),,AI-R: confirm prior-approved exclusion at W6-0b AI-R pass (stage6-w60b AI-R record),8,frappe,
Job Name,translation-candidate,in-ledger (no vendor PO location match),,AI-R: confirm prior-approved exclusion at W6-0b AI-R pass (stage6-w60b AI-R record),8,frappe,
Job Status,translation-candidate,in-ledger (no vendor PO location match),,AI-R: confirm prior-approved exclusion at W6-0b AI-R pass (stage6-w60b AI-R record),10,frappe,
Job Stopped Successfully,translation-candidate,in-ledger (no vendor PO location match),,AI-R: confirm prior-approved exclusion at W6-0b AI-R pass (stage6-w60b AI-R record),24,frappe,
Job is not running.,translation-candidate,in-ledger (no vendor PO location match),,AI-R: confirm prior-approved exclusion at W6-0b AI-R pass (stage6-w60b AI-R record),19,frappe,
Job stopped successfully,translation-candidate,in-ledger (no vendor PO location match),,AI-R: confirm prior-approved exclusion at W6-0b AI-R pass (stage6-w60b AI-R record),24,frappe,
Join video conference with {0},translation-candidate,in-ledger (no vendor PO location match),,AI-R: confirm prior-approved exclusion at W6-0b AI-R pass (stage6-w60b AI-R record),30,frappe,
K,translation-candidate,in-ledger (no vendor PO location match),,AI-R: confirm prior-approved exclusion at W6-0b AI-R pass (stage6-w60b AI-R record),1,frappe,
Kanban Board,translation-candidate,in-ledger (no vendor PO location match),,AI-R: confirm prior-approved exclusion at W6-0b AI-R pass (stage6-w60b AI-R record),12,frappe,
Kanban Settings,translation-candidate,in-ledger (no vendor PO location match),,AI-R: confirm prior-approved exclusion at W6-0b AI-R pass (stage6-w60b AI-R record),15,frappe,
Keep Closed,translation-candidate,in-ledger (no vendor PO location match),,AI-R: confirm prior-approved exclusion at W6-0b AI-R pass (stage6-w60b AI-R record),11,frappe,
Keep track of all update feeds,translation-candidate,in-ledger (no vendor PO location match),,AI-R: confirm prior-approved exclusion at W6-0b AI-R pass (stage6-w60b AI-R record),30,frappe,
Keeps track of all communications,translation-candidate,in-ledger (no vendor PO location match),,AI-R: confirm prior-approved exclusion at W6-0b AI-R pass (stage6-w60b AI-R record),33,frappe,
Keycloak,translation-candidate,in-ledger (no vendor PO location match),,AI-R: confirm prior-approved exclusion at W6-0b AI-R pass (stage6-w60b AI-R record),8,frappe,
Kh,translation-candidate,in-ledger (no vendor PO location match),,AI-R: confirm prior-approved exclusion at W6-0b AI-R pass (stage6-w60b AI-R record),2,frappe,
L,translation-candidate,in-ledger (no vendor PO location match),,AI-R: confirm prior-approved exclusion at W6-0b AI-R pass (stage6-w60b AI-R record),1,frappe,
LDAP Auth,translation-candidate,in-ledger (no vendor PO location match),,AI-R: confirm prior-approved exclusion at W6-0b AI-R pass (stage6-w60b AI-R record),9,frappe,
LDAP Custom Settings,translation-candidate,in-ledger (no vendor PO location match),,AI-R: confirm prior-approved exclusion at W6-0b AI-R pass (stage6-w60b AI-R record),20,frappe,
LDAP Mobile Field,translation-candidate,in-ledger (no vendor PO location match),,AI-R: confirm prior-approved exclusion at W6-0b AI-R pass (stage6-w60b AI-R record),17,frappe,
LDAP Server Settings,translation-candidate,in-ledger (no vendor PO location match),,AI-R: confirm prior-approved exclusion at W6-0b AI-R pass (stage6-w60b AI-R record),20,frappe,
LDAP search path for Groups,translation-candidate,in-ledger (no vendor PO location match),,AI-R: confirm prior-approved exclusion at W6-0b AI-R pass (stage6-w60b AI-R record),27,frappe,
LDAP search path for Users,translation-candidate,in-ledger (no vendor PO location match),,AI-R: confirm prior-approved exclusion at W6-0b AI-R pass (stage6-w60b AI-R record),26,frappe,
Last 10 active users,translation-candidate,in-ledger (no vendor PO location match),,AI-R: confirm prior-approved exclusion at W6-0b AI-R pass (stage6-w60b AI-R record),20,frappe,
Last 14 Days,translation-candidate,in-ledger (no vendor PO location match),,AI-R: confirm prior-approved exclusion at W6-0b AI-R pass (stage6-w60b AI-R record),12,frappe,
Last 30 Days,translation-candidate,in-ledger (no vendor PO location match),,AI-R: confirm prior-approved exclusion at W6-0b AI-R pass (stage6-w60b AI-R record),12,frappe,
Last 6 Months,translation-candidate,in-ledger (no vendor PO location match),,AI-R: confirm prior-approved exclusion at W6-0b AI-R pass (stage6-w60b AI-R record),13,frappe,
Last 7 Days,translation-candidate,in-ledger (no vendor PO location match),,AI-R: confirm prior-approved exclusion at W6-0b AI-R pass (stage6-w60b AI-R record),11,frappe,
Last 90 Days,translation-candidate,in-ledger (no vendor PO location match),,AI-R: confirm prior-approved exclusion at W6-0b AI-R pass (stage6-w60b AI-R record),12,frappe,
Last Heartbeat,translation-candidate,in-ledger (no vendor PO location match),,AI-R: confirm prior-approved exclusion at W6-0b AI-R pass (stage6-w60b AI-R record),14,frappe,
Last Modified Date,translation-candidate,in-ledger (no vendor PO location match),,AI-R: confirm prior-approved exclusion at W6-0b AI-R pass (stage6-w60b AI-R record),18,frappe,
Last Received At,translation-candidate,in-ledger (no vendor PO location match),,AI-R: confirm prior-approved exclusion at W6-0b AI-R pass (stage6-w60b AI-R record),16,frappe,
Last Reset Password Key Generated On,translation-candidate,in-ledger (no vendor PO location match),,AI-R: confirm prior-approved exclusion at W6-0b AI-R pass (stage6-w60b AI-R record),36,frappe,
Last Run,translation-candidate,in-ledger (no vendor PO location match),,AI-R: confirm prior-approved exclusion at W6-0b AI-R pass (stage6-w60b AI-R record),8,frappe,
Last Updated,translation-candidate,in-ledger (no vendor PO location match),,AI-R: confirm prior-approved exclusion at W6-0b AI-R pass (stage6-w60b AI-R record),12,frappe,
Layout Reset,translation-candidate,in-ledger (no vendor PO location match),,AI-R: confirm prior-approved exclusion at W6-0b AI-R pass (stage6-w60b AI-R record),12,frappe,
Learn more,translation-candidate,in-ledger (no vendor PO location match),,AI-R: confirm prior-approved exclusion at W6-0b AI-R pass (stage6-w60b AI-R record),10,frappe,
Ledger,translation-candidate,in-ledger (no vendor PO location match),,AI-R: confirm prior-approved exclusion at W6-0b AI-R pass (stage6-w60b AI-R record),6,frappe,
Left Bottom,translation-candidate,in-ledger (no vendor PO location match),,AI-R: confirm prior-approved exclusion at W6-0b AI-R pass (stage6-w60b AI-R record),11,frappe,
Left Center,translation-candidate,in-ledger (no vendor PO location match),,AI-R: confirm prior-approved exclusion at W6-0b AI-R pass (stage6-w60b AI-R record),11,frappe,
Legal,translation-candidate,in-ledger (no vendor PO location match),,AI-R: confirm prior-approved exclusion at W6-0b AI-R pass (stage6-w60b AI-R record),5,frappe,
Length,translation-candidate,in-ledger (no vendor PO location match),,AI-R: confirm prior-approved exclusion at W6-0b AI-R pass (stage6-w60b AI-R record),6,frappe,
Less Than,translation-candidate,in-ledger (no vendor PO location match),,AI-R: confirm prior-approved exclusion at W6-0b AI-R pass (stage6-w60b AI-R record),9,frappe,
Less Than Or Equal To,translation-candidate,in-ledger (no vendor PO location match),,AI-R: confirm prior-approved exclusion at W6-0b AI-R pass (stage6-w60b AI-R record),21,frappe,
Let us continue with the onboarding,translation-candidate,in-ledger (no vendor PO location match),,AI-R: confirm prior-approved exclusion at W6-0b AI-R pass (stage6-w60b AI-R record),35,frappe,
Let's set up your account,translation-candidate,in-ledger (no vendor PO location match),,AI-R: confirm prior-approved exclusion at W6-0b AI-R pass (stage6-w60b AI-R record),25,frappe,
Letter Head Scripts,translation-candidate,in-ledger (no vendor PO location match),,AI-R: confirm prior-approved exclusion at W6-0b AI-R pass (stage6-w60b AI-R record),19,frappe,
Library,translation-candidate,in-ledger (no vendor PO location match),,AI-R: confirm prior-approved exclusion at W6-0b AI-R pass (stage6-w60b AI-R record),7,frappe,
License Type,translation-candidate,in-ledger (no vendor PO location match),,AI-R: confirm prior-approved exclusion at W6-0b AI-R pass (stage6-w60b AI-R record),12,frappe,
Light,translation-candidate,in-ledger (no vendor PO location match),,AI-R: confirm prior-approved exclusion at W6-0b AI-R pass (stage6-w60b AI-R record),5,frappe,
Light Blue,translation-candidate,in-ledger (no vendor PO location match),,AI-R: confirm prior-approved exclusion at W6-0b AI-R pass (stage6-w60b AI-R record),10,frappe,
Likes,translation-candidate,in-ledger (no vendor PO location match),,AI-R: confirm prior-approved exclusion at W6-0b AI-R pass (stage6-w60b AI-R record),5,frappe,
Limit must be a non-negative integer,translation-candidate,in-ledger (no vendor PO location match),,AI-R: confirm prior-approved exclusion at W6-0b AI-R pass (stage6-w60b AI-R record),36,frappe,
LinkedIn,translation-candidate,in-ledger (no vendor PO location match),,AI-R: confirm prior-approved exclusion at W6-0b AI-R pass (stage6-w60b AI-R record),8,frappe,
Lists,translation-candidate,in-ledger (no vendor PO location match),,AI-R: confirm prior-approved exclusion at W6-0b AI-R pass (stage6-w60b AI-R record),5,frappe,
Load More Communications,translation-candidate,in-ledger (no vendor PO location match),,AI-R: confirm prior-approved exclusion at W6-0b AI-R pass (stage6-w60b AI-R record),24,frappe,
Load more,translation-candidate,in-ledger (no vendor PO location match),,AI-R: confirm prior-approved exclusion at W6-0b AI-R pass (stage6-w60b AI-R record),9,frappe,
Loading Filters...,translation-candidate,in-ledger (no vendor PO location match),,AI-R: confirm prior-approved exclusion at W6-0b AI-R pass (stage6-w60b AI-R record),18,frappe,
Loading import file...,translation-candidate,in-ledger (no vendor PO location match),,AI-R: confirm prior-approved exclusion at W6-0b AI-R pass (stage6-w60b AI-R record),22,frappe,
Loading versions...,translation-candidate,in-ledger (no vendor PO location match),,AI-R: confirm prior-approved exclusion at W6-0b AI-R pass (stage6-w60b AI-R record),19,frappe,
Location,translation-candidate,in-ledger (no vendor PO location match),,AI-R: confirm prior-approved exclusion at W6-0b AI-R pass (stage6-w60b AI-R record),8,frappe,
Log API Requests,translation-candidate,in-ledger (no vendor PO location match),,AI-R: confirm prior-approved exclusion at W6-0b AI-R pass (stage6-w60b AI-R record),16,frappe,
Log DocType,translation-candidate,in-ledger (no vendor PO location match),,AI-R: confirm prior-approved exclusion at W6-0b AI-R pass (stage6-w60b AI-R record),11,frappe,
Log In To {0},translation-candidate,in-ledger (no vendor PO location match),,AI-R: confirm prior-approved exclusion at W6-0b AI-R pass (stage6-w60b AI-R record),13,frappe,
Log Index,translation-candidate,in-ledger (no vendor PO location match),,AI-R: confirm prior-approved exclusion at W6-0b AI-R pass (stage6-w60b AI-R record),9,frappe,
Log out,translation-candidate,in-ledger (no vendor PO location match),,AI-R: confirm prior-approved exclusion at W6-0b AI-R pass (stage6-w60b AI-R record),7,frappe,
Login Failed please try again,translation-candidate,in-ledger (no vendor PO location match),,AI-R: confirm prior-approved exclusion at W6-0b AI-R pass (stage6-w60b AI-R record),29,frappe,
Login Methods,translation-candidate,in-ledger (no vendor PO location match),,AI-R: confirm prior-approved exclusion at W6-0b AI-R pass (stage6-w60b AI-R record),13,frappe,
Login To {0},translation-candidate,in-ledger (no vendor PO location match),,AI-R: confirm prior-approved exclusion at W6-0b AI-R pass (stage6-w60b AI-R record),12,frappe,
Login link sent to your email,translation-candidate,in-ledger (no vendor PO location match),,AI-R: confirm prior-approved exclusion at W6-0b AI-R pass (stage6-w60b AI-R record),29,frappe,
Login required,translation-candidate,in-ledger (no vendor PO location match),,AI-R: confirm prior-approved exclusion at W6-0b AI-R pass (stage6-w60b AI-R record),14,frappe,
Login to start a new discussion,translation-candidate,in-ledger (no vendor PO location match),,AI-R: confirm prior-approved exclusion at W6-0b AI-R pass (stage6-w60b AI-R record),31,frappe,
Login to {0},translation-candidate,in-ledger (no vendor PO location match),,AI-R: confirm prior-approved exclusion at W6-0b AI-R pass (stage6-w60b AI-R record),12,frappe,
Login token required,translation-candidate,in-ledger (no vendor PO location match),,AI-R: confirm prior-approved exclusion at W6-0b AI-R pass (stage6-w60b AI-R record),20,frappe,
Login with Frappe Cloud,translation-candidate,in-ledger (no vendor PO location match),,AI-R: confirm prior-approved exclusion at W6-0b AI-R pass (stage6-w60b AI-R record),23,frappe,
Login with email link,translation-candidate,in-ledger (no vendor PO location match),,AI-R: confirm prior-approved exclusion at W6-0b AI-R pass (stage6-w60b AI-R record),21,frappe,
Login with {0},translation-candidate,in-ledger (no vendor PO location match),,AI-R: confirm prior-approved exclusion at W6-0b AI-R pass (stage6-w60b AI-R record),14,frappe,
Logo URI,translation-candidate,in-ledger (no vendor PO location match),,AI-R: confirm prior-approved exclusion at W6-0b AI-R pass (stage6-w60b AI-R record),8,frappe,
Logs To Clear,translation-candidate,in-ledger (no vendor PO location match),,AI-R: confirm prior-approved exclusion at W6-0b AI-R pass (stage6-w60b AI-R record),13,frappe,
Logs to Clear,translation-candidate,in-ledger (no vendor PO location match),,AI-R: confirm prior-approved exclusion at W6-0b AI-R pass (stage6-w60b AI-R record),13,frappe,
Low,translation-candidate,in-ledger (no vendor PO location match),,AI-R: confirm prior-approved exclusion at W6-0b AI-R pass (stage6-w60b AI-R record),3,frappe,
M,translation-candidate,in-ledger (no vendor PO location match),,AI-R: confirm prior-approved exclusion at W6-0b AI-R pass (stage6-w60b AI-R record),1,frappe,
MIT License,translation-candidate,in-ledger (no vendor PO location match),,AI-R: confirm prior-approved exclusion at W6-0b AI-R pass (stage6-w60b AI-R record),11,frappe,
Madam,translation-candidate,in-ledger (no vendor PO location match),,AI-R: confirm prior-approved exclusion at W6-0b AI-R pass (stage6-w60b AI-R record),5,frappe,
Maintenance Manager,translation-candidate,in-ledger (no vendor PO location match),,AI-R: confirm prior-approved exclusion at W6-0b AI-R pass (stage6-w60b AI-R record),19,frappe,
Maintenance User,translation-candidate,in-ledger (no vendor PO location match),,AI-R: confirm prior-approved exclusion at W6-0b AI-R pass (stage6-w60b AI-R record),16,frappe,
Major,translation-candidate,in-ledger (no vendor PO location match),,AI-R: confirm prior-approved exclusion at W6-0b AI-R pass (stage6-w60b AI-R record),5,frappe,
Make Attachment Public (by default),translation-candidate,in-ledger (no vendor PO location match),,AI-R: confirm prior-approved exclusion at W6-0b AI-R pass (stage6-w60b AI-R record),35,frappe,
Make Attachments Public by Default,translation-candidate,in-ledger (no vendor PO location match),,AI-R: confirm prior-approved exclusion at W6-0b AI-R pass (stage6-w60b AI-R record),34,frappe,
Male,translation-candidate,in-ledger (no vendor PO location match),,AI-R: confirm prior-approved exclusion at W6-0b AI-R pass (stage6-w60b AI-R record),4,frappe,
Manage 3rd party apps,translation-candidate,in-ledger (no vendor PO location match),,AI-R: confirm prior-approved exclusion at W6-0b AI-R pass (stage6-w60b AI-R record),21,frappe,
Mandatory Depends On (JS),translation-candidate,in-ledger (no vendor PO location match),,AI-R: confirm prior-approved exclusion at W6-0b AI-R pass (stage6-w60b AI-R record),25,frappe,
Mandatory fields required:,translation-candidate,in-ledger (no vendor PO location match),,AI-R: confirm prior-approved exclusion at W6-0b AI-R pass (stage6-w60b AI-R record),26,frappe,
Map columns from {0} to fields in {1},translation-candidate,in-ledger (no vendor PO location match),,AI-R: confirm prior-approved exclusion at W6-0b AI-R pass (stage6-w60b AI-R record),37,frappe,
Margin Bottom,translation-candidate,in-ledger (no vendor PO location match),,AI-R: confirm prior-approved exclusion at W6-0b AI-R pass (stage6-w60b AI-R record),13,frappe,
Margin Left,translation-candidate,in-ledger (no vendor PO location match),,AI-R: confirm prior-approved exclusion at W6-0b AI-R pass (stage6-w60b AI-R record),11,frappe,
Margin Right,translation-candidate,in-ledger (no vendor PO location match),,AI-R: confirm prior-approved exclusion at W6-0b AI-R pass (stage6-w60b AI-R record),12,frappe,
Margin Top,translation-candidate,in-ledger (no vendor PO location match),,AI-R: confirm prior-approved exclusion at W6-0b AI-R pass (stage6-w60b AI-R record),10,frappe,
MariaDB Variables,translation-candidate,in-ledger (no vendor PO location match),,AI-R: confirm prior-approved exclusion at W6-0b AI-R pass (stage6-w60b AI-R record),17,frappe,
Mark all as read,translation-candidate,in-ledger (no vendor PO location match),,AI-R: confirm prior-approved exclusion at W6-0b AI-R pass (stage6-w60b AI-R record),16,frappe,
Marketing Manager,translation-candidate,in-ledger (no vendor PO location match),,AI-R: confirm prior-approved exclusion at W6-0b AI-R pass (stage6-w60b AI-R record),17,frappe,
Master,translation-candidate,in-ledger (no vendor PO location match),,AI-R: confirm prior-approved exclusion at W6-0b AI-R pass (stage6-w60b AI-R record),6,frappe,
Max File Size (MB),translation-candidate,in-ledger (no vendor PO location match),,AI-R: confirm prior-approved exclusion at W6-0b AI-R pass (stage6-w60b AI-R record),18,frappe,
Max Height,translation-candidate,in-ledger (no vendor PO location match),,AI-R: confirm prior-approved exclusion at W6-0b AI-R pass (stage6-w60b AI-R record),10,frappe,
Max attachment size,translation-candidate,in-ledger (no vendor PO location match),,AI-R: confirm prior-approved exclusion at W6-0b AI-R pass (stage6-w60b AI-R record),19,frappe,
Max auto email report per user,translation-candidate,in-ledger (no vendor PO location match),,AI-R: confirm prior-approved exclusion at W6-0b AI-R pass (stage6-w60b AI-R record),30,frappe,
Max signups allowed per hour,translation-candidate,in-ledger (no vendor PO location match),,AI-R: confirm prior-approved exclusion at W6-0b AI-R pass (stage6-w60b AI-R record),28,frappe,
Medium,translation-candidate,in-ledger (no vendor PO location match),,AI-R: confirm prior-approved exclusion at W6-0b AI-R pass (stage6-w60b AI-R record),6,frappe,
Meeting,translation-candidate,in-ledger (no vendor PO location match),,AI-R: confirm prior-approved exclusion at W6-0b AI-R pass (stage6-w60b AI-R record),7,frappe,
Meets Condition?,translation-candidate,in-ledger (no vendor PO location match),,AI-R: confirm prior-approved exclusion at W6-0b AI-R pass (stage6-w60b AI-R record),16,frappe,
Members,translation-candidate,in-ledger (no vendor PO location match),,AI-R: confirm prior-approved exclusion at W6-0b AI-R pass (stage6-w60b AI-R record),7,frappe,
Memory Usage,translation-candidate,in-ledger (no vendor PO location match),,AI-R: confirm prior-approved exclusion at W6-0b AI-R pass (stage6-w60b AI-R record),12,frappe,
Memory Usage in MB,translation-candidate,in-ledger (no vendor PO location match),,AI-R: confirm prior-approved exclusion at W6-0b AI-R pass (stage6-w60b AI-R record),18,frappe,
Merge with existing,translation-candidate,in-ledger (no vendor PO location match),,AI-R: confirm prior-approved exclusion at W6-0b AI-R pass (stage6-w60b AI-R record),19,frappe,
Message Sent,translation-candidate,in-ledger (no vendor PO location match),,AI-R: confirm prior-approved exclusion at W6-0b AI-R pass (stage6-w60b AI-R record),12,frappe,
Message Type,translation-candidate,in-ledger (no vendor PO location match),,AI-R: confirm prior-approved exclusion at W6-0b AI-R pass (stage6-w60b AI-R record),12,frappe,
Meta,translation-candidate,in-ledger (no vendor PO location match),,AI-R: confirm prior-approved exclusion at W6-0b AI-R pass (stage6-w60b AI-R record),4,frappe,
Meta image,translation-candidate,in-ledger (no vendor PO location match),,AI-R: confirm prior-approved exclusion at W6-0b AI-R pass (stage6-w60b AI-R record),10,frappe,
Meta title,translation-candidate,in-ledger (no vendor PO location match),,AI-R: confirm prior-approved exclusion at W6-0b AI-R pass (stage6-w60b AI-R record),10,frappe,
Metadata,translation-candidate,in-ledger (no vendor PO location match),,AI-R: confirm prior-approved exclusion at W6-0b AI-R pass (stage6-w60b AI-R record),8,frappe,
Method Not Allowed,translation-candidate,in-ledger (no vendor PO location match),,AI-R: confirm prior-approved exclusion at W6-0b AI-R pass (stage6-w60b AI-R record),18,frappe,
Mid Center,translation-candidate,in-ledger (no vendor PO location match),,AI-R: confirm prior-approved exclusion at W6-0b AI-R pass (stage6-w60b AI-R record),10,frappe,
Middle Name (Optional),translation-candidate,in-ledger (no vendor PO location match),,AI-R: confirm prior-approved exclusion at W6-0b AI-R pass (stage6-w60b AI-R record),22,frappe,
Minor,translation-candidate,in-ledger (no vendor PO location match),,AI-R: confirm prior-approved exclusion at W6-0b AI-R pass (stage6-w60b AI-R record),5,frappe,
Minutes After,translation-candidate,in-ledger (no vendor PO location match),,AI-R: confirm prior-approved exclusion at W6-0b AI-R pass (stage6-w60b AI-R record),13,frappe,
Minutes Before,translation-candidate,in-ledger (no vendor PO location match),,AI-R: confirm prior-approved exclusion at W6-0b AI-R pass (stage6-w60b AI-R record),14,frappe,
Minutes Offset,translation-candidate,in-ledger (no vendor PO location match),,AI-R: confirm prior-approved exclusion at W6-0b AI-R pass (stage6-w60b AI-R record),14,frappe,
Misconfigured,translation-candidate,in-ledger (no vendor PO location match),,AI-R: confirm prior-approved exclusion at W6-0b AI-R pass (stage6-w60b AI-R record),13,frappe,
Miss,translation-candidate,in-ledger (no vendor PO location match),,AI-R: confirm prior-approved exclusion at W6-0b AI-R pass (stage6-w60b AI-R record),4,frappe,
Missing DocType,translation-candidate,in-ledger (no vendor PO location match),,AI-R: confirm prior-approved exclusion at W6-0b AI-R pass (stage6-w60b AI-R record),15,frappe,
Missing Field,translation-candidate,in-ledger (no vendor PO location match),,AI-R: confirm prior-approved exclusion at W6-0b AI-R pass (stage6-w60b AI-R record),13,frappe,
Missing Filters Required,translation-candidate,in-ledger (no vendor PO location match),,AI-R: confirm prior-approved exclusion at W6-0b AI-R pass (stage6-w60b AI-R record),24,frappe,
Missing Permission,translation-candidate,in-ledger (no vendor PO location match),,AI-R: confirm prior-approved exclusion at W6-0b AI-R pass (stage6-w60b AI-R record),18,frappe,
Missing Value,translation-candidate,in-ledger (no vendor PO location match),,AI-R: confirm prior-approved exclusion at W6-0b AI-R pass (stage6-w60b AI-R record),13,frappe,
Missing Values Required,translation-candidate,in-ledger (no vendor PO location match),,AI-R: confirm prior-approved exclusion at W6-0b AI-R pass (stage6-w60b AI-R record),23,frappe,
Mobile,translation-candidate,in-ledger (no vendor PO location match),,AI-R: confirm prior-approved exclusion at W6-0b AI-R pass (stage6-w60b AI-R record),6,frappe,
Modal Trigger,translation-candidate,in-ledger (no vendor PO location match),,AI-R: confirm prior-approved exclusion at W6-0b AI-R pass (stage6-w60b AI-R record),13,frappe,
Module (for export),translation-candidate,in-ledger (no vendor PO location match),,AI-R: confirm prior-approved exclusion at W6-0b AI-R pass (stage6-w60b AI-R record),19,frappe,
Module HTML,translation-candidate,in-ledger (no vendor PO location match),,AI-R: confirm prior-approved exclusion at W6-0b AI-R pass (stage6-w60b AI-R record),11,frappe,
Module Profile,translation-candidate,in-ledger (no vendor PO location match),,AI-R: confirm prior-approved exclusion at W6-0b AI-R pass (stage6-w60b AI-R record),14,frappe,
Module Profile Name,translation-candidate,in-ledger (no vendor PO location match),,AI-R: confirm prior-approved exclusion at W6-0b AI-R pass (stage6-w60b AI-R record),19,frappe,
Module onboarding progress reset,translation-candidate,in-ledger (no vendor PO location match),,AI-R: confirm prior-approved exclusion at W6-0b AI-R pass (stage6-w60b AI-R record),32,frappe,
Module {} not found,translation-candidate,in-ledger (no vendor PO location match),,AI-R: confirm prior-approved exclusion at W6-0b AI-R pass (stage6-w60b AI-R record),19,frappe,
Monday,translation-candidate,in-ledger (no vendor PO location match),,AI-R: confirm prior-approved exclusion at W6-0b AI-R pass (stage6-w60b AI-R record),6,frappe,
Month,translation-candidate,in-ledger (no vendor PO location match),,AI-R: confirm prior-approved exclusion at W6-0b AI-R pass (stage6-w60b AI-R record),5,frappe,
Monthly,translation-candidate,in-ledger (no vendor PO location match),,AI-R: confirm prior-approved exclusion at W6-0b AI-R pass (stage6-w60b AI-R record),7,frappe,
More Info,translation-candidate,in-ledger (no vendor PO location match),,AI-R: confirm prior-approved exclusion at W6-0b AI-R pass (stage6-w60b AI-R record),9,frappe,
Most probably your password is too long.,translation-candidate,in-ledger (no vendor PO location match),,AI-R: confirm prior-approved exclusion at W6-0b AI-R pass (stage6-w60b AI-R record),40,frappe,
Move,translation-candidate,in-ledger (no vendor PO location match),,AI-R: confirm prior-approved exclusion at W6-0b AI-R pass (stage6-w60b AI-R record),4,frappe,
Move cursor to above row,translation-candidate,in-ledger (no vendor PO location match),,AI-R: confirm prior-approved exclusion at W6-0b AI-R pass (stage6-w60b AI-R record),24,frappe,
Move cursor to below row,translation-candidate,in-ledger (no vendor PO location match),,AI-R: confirm prior-approved exclusion at W6-0b AI-R pass (stage6-w60b AI-R record),24,frappe,
Move cursor to next column,translation-candidate,in-ledger (no vendor PO location match),,AI-R: confirm prior-approved exclusion at W6-0b AI-R pass (stage6-w60b AI-R record),26,frappe,
Move cursor to previous column,translation-candidate,in-ledger (no vendor PO location match),,AI-R: confirm prior-approved exclusion at W6-0b AI-R pass (stage6-w60b AI-R record),30,frappe,
Move sections to new tab,translation-candidate,in-ledger (no vendor PO location match),,AI-R: confirm prior-approved exclusion at W6-0b AI-R pass (stage6-w60b AI-R record),24,frappe,
Mr,translation-candidate,in-ledger (no vendor PO location match),,AI-R: confirm prior-approved exclusion at W6-0b AI-R pass (stage6-w60b AI-R record),2,frappe,
Mrs,translation-candidate,in-ledger (no vendor PO location match),,AI-R: confirm prior-approved exclusion at W6-0b AI-R pass (stage6-w60b AI-R record),3,frappe,
Ms,translation-candidate,in-ledger (no vendor PO location match),,AI-R: confirm prior-approved exclusion at W6-0b AI-R pass (stage6-w60b AI-R record),2,frappe,
Mx,translation-candidate,in-ledger (no vendor PO location match),,AI-R: confirm prior-approved exclusion at W6-0b AI-R pass (stage6-w60b AI-R record),2,frappe,
My Device,translation-candidate,in-ledger (no vendor PO location match),,AI-R: confirm prior-approved exclusion at W6-0b AI-R pass (stage6-w60b AI-R record),9,frappe,
Name (Doc Name),translation-candidate,in-ledger (no vendor PO location match),,AI-R: confirm prior-approved exclusion at W6-0b AI-R pass (stage6-w60b AI-R record),15,frappe,
Naming Rule,translation-candidate,in-ledger (no vendor PO location match),,AI-R: confirm prior-approved exclusion at W6-0b AI-R pass (stage6-w60b AI-R record),11,frappe,
Naming Series,translation-candidate,in-ledger (no vendor PO location match),,AI-R: confirm prior-approved exclusion at W6-0b AI-R pass (stage6-w60b AI-R record),13,frappe,
Navbar Style,translation-candidate,in-ledger (no vendor PO location match),,AI-R: confirm prior-approved exclusion at W6-0b AI-R pass (stage6-w60b AI-R record),12,frappe,
Navigate to main content,translation-candidate,in-ledger (no vendor PO location match),,AI-R: confirm prior-approved exclusion at W6-0b AI-R pass (stage6-w60b AI-R record),24,frappe,
Navigation Settings,translation-candidate,in-ledger (no vendor PO location match),,AI-R: confirm prior-approved exclusion at W6-0b AI-R pass (stage6-w60b AI-R record),19,frappe,
Need Help?,translation-candidate,in-ledger (no vendor PO location match),,AI-R: confirm prior-approved exclusion at W6-0b AI-R pass (stage6-w60b AI-R record),10,frappe,
Network Printer Settings,translation-candidate,in-ledger (no vendor PO location match),,AI-R: confirm prior-approved exclusion at W6-0b AI-R pass (stage6-w60b AI-R record),24,frappe,
Never,translation-candidate,in-ledger (no vendor PO location match),,AI-R: confirm prior-approved exclusion at W6-0b AI-R pass (stage6-w60b AI-R record),5,frappe,
Next 14 Days,translation-candidate,in-ledger (no vendor PO location match),,AI-R: confirm prior-approved exclusion at W6-0b AI-R pass (stage6-w60b AI-R record),12,frappe,
Next 30 Days,translation-candidate,in-ledger (no vendor PO location match),,AI-R: confirm prior-approved exclusion at W6-0b AI-R pass (stage6-w60b AI-R record),12,frappe,
Next 6 Months,translation-candidate,in-ledger (no vendor PO location match),,AI-R: confirm prior-approved exclusion at W6-0b AI-R pass (stage6-w60b AI-R record),13,frappe,
Next 7 Days,translation-candidate,in-ledger (no vendor PO location match),,AI-R: confirm prior-approved exclusion at W6-0b AI-R pass (stage6-w60b AI-R record),11,frappe,
Next Document,translation-candidate,in-ledger (no vendor PO location match),,AI-R: confirm prior-approved exclusion at W6-0b AI-R pass (stage6-w60b AI-R record),13,frappe,
Next Execution,translation-candidate,in-ledger (no vendor PO location match),,AI-R: confirm prior-approved exclusion at W6-0b AI-R pass (stage6-w60b AI-R record),14,frappe,
Next Form Tour,translation-candidate,in-ledger (no vendor PO location match),,AI-R: confirm prior-approved exclusion at W6-0b AI-R pass (stage6-w60b AI-R record),14,frappe,
Next Month,translation-candidate,in-ledger (no vendor PO location match),,AI-R: confirm prior-approved exclusion at W6-0b AI-R pass (stage6-w60b AI-R record),10,frappe,
Next Quarter,translation-candidate,in-ledger (no vendor PO location match),,AI-R: confirm prior-approved exclusion at W6-0b AI-R pass (stage6-w60b AI-R record),12,frappe,
Next Scheduled Date,translation-candidate,in-ledger (no vendor PO location match),,AI-R: confirm prior-approved exclusion at W6-0b AI-R pass (stage6-w60b AI-R record),19,frappe,
Next Step Condition,translation-candidate,in-ledger (no vendor PO location match),,AI-R: confirm prior-approved exclusion at W6-0b AI-R pass (stage6-w60b AI-R record),19,frappe,
Next Sync Token,translation-candidate,in-ledger (no vendor PO location match),,AI-R: confirm prior-approved exclusion at W6-0b AI-R pass (stage6-w60b AI-R record),15,frappe,
Next Week,translation-candidate,in-ledger (no vendor PO location match),,AI-R: confirm prior-approved exclusion at W6-0b AI-R pass (stage6-w60b AI-R record),9,frappe,
Next Year,translation-candidate,in-ledger (no vendor PO location match),,AI-R: confirm prior-approved exclusion at W6-0b AI-R pass (stage6-w60b AI-R record),9,frappe,
Next actions,translation-candidate,in-ledger (no vendor PO location match),,AI-R: confirm prior-approved exclusion at W6-0b AI-R pass (stage6-w60b AI-R record),12,frappe,
Next on Click,translation-candidate,in-ledger (no vendor PO location match),,AI-R: confirm prior-approved exclusion at W6-0b AI-R pass (stage6-w60b AI-R record),13,frappe,
No Data,translation-candidate,in-ledger (no vendor PO location match),,AI-R: confirm prior-approved exclusion at W6-0b AI-R pass (stage6-w60b AI-R record),7,frappe,
No Data...,translation-candidate,in-ledger (no vendor PO location match),,AI-R: confirm prior-approved exclusion at W6-0b AI-R pass (stage6-w60b AI-R record),10,frappe,
No Email Accounts Assigned,translation-candidate,in-ledger (no vendor PO location match),,AI-R: confirm prior-approved exclusion at W6-0b AI-R pass (stage6-w60b AI-R record),26,frappe,
No Email field found in {0},translation-candidate,in-ledger (no vendor PO location match),,AI-R: confirm prior-approved exclusion at W6-0b AI-R pass (stage6-w60b AI-R record),27,frappe,
No Images,translation-candidate,in-ledger (no vendor PO location match),,AI-R: confirm prior-approved exclusion at W6-0b AI-R pass (stage6-w60b AI-R record),9,frappe,
No Label,translation-candidate,in-ledger (no vendor PO location match),,AI-R: confirm prior-approved exclusion at W6-0b AI-R pass (stage6-w60b AI-R record),8,frappe,
No Letterhead,translation-candidate,in-ledger (no vendor PO location match),,AI-R: confirm prior-approved exclusion at W6-0b AI-R pass (stage6-w60b AI-R record),13,frappe,
No Preview,translation-candidate,in-ledger (no vendor PO location match),,AI-R: confirm prior-approved exclusion at W6-0b AI-R pass (stage6-w60b AI-R record),10,frappe,
No Preview Available,translation-candidate,in-ledger (no vendor PO location match),,AI-R: confirm prior-approved exclusion at W6-0b AI-R pass (stage6-w60b AI-R record),20,frappe,
No Results found,translation-candidate,in-ledger (no vendor PO location match),,AI-R: confirm prior-approved exclusion at W6-0b AI-R pass (stage6-w60b AI-R record),16,frappe,
No Roles Specified,translation-candidate,in-ledger (no vendor PO location match),,AI-R: confirm prior-approved exclusion at W6-0b AI-R pass (stage6-w60b AI-R record),18,frappe,
No Select Field Found,translation-candidate,in-ledger (no vendor PO location match),,AI-R: confirm prior-approved exclusion at W6-0b AI-R pass (stage6-w60b AI-R record),21,frappe,
No Suggestions,translation-candidate,in-ledger (no vendor PO location match),,AI-R: confirm prior-approved exclusion at W6-0b AI-R pass (stage6-w60b AI-R record),14,frappe,
No Upcoming Events,translation-candidate,in-ledger (no vendor PO location match),,AI-R: confirm prior-approved exclusion at W6-0b AI-R pass (stage6-w60b AI-R record),18,frappe,
No address added yet.,translation-candidate,in-ledger (no vendor PO location match),,AI-R: confirm prior-approved exclusion at W6-0b AI-R pass (stage6-w60b AI-R record),21,frappe,
No changes made,translation-candidate,in-ledger (no vendor PO location match),,AI-R: confirm prior-approved exclusion at W6-0b AI-R pass (stage6-w60b AI-R record),15,frappe,
No changes to sync,translation-candidate,in-ledger (no vendor PO location match),,AI-R: confirm prior-approved exclusion at W6-0b AI-R pass (stage6-w60b AI-R record),18,frappe,
No changes to update,translation-candidate,in-ledger (no vendor PO location match),,AI-R: confirm prior-approved exclusion at W6-0b AI-R pass (stage6-w60b AI-R record),20,frappe,
No contacts added yet.,translation-candidate,in-ledger (no vendor PO location match),,AI-R: confirm prior-approved exclusion at W6-0b AI-R pass (stage6-w60b AI-R record),22,frappe,
No currency fields in {0},translation-candidate,in-ledger (no vendor PO location match),,AI-R: confirm prior-approved exclusion at W6-0b AI-R pass (stage6-w60b AI-R record),25,frappe,
No data to export,translation-candidate,in-ledger (no vendor PO location match),,AI-R: confirm prior-approved exclusion at W6-0b AI-R pass (stage6-w60b AI-R record),17,frappe,
No email addresses to invite,translation-candidate,in-ledger (no vendor PO location match),,AI-R: confirm prior-approved exclusion at W6-0b AI-R pass (stage6-w60b AI-R record),28,frappe,
No failed logs,translation-candidate,in-ledger (no vendor PO location match),,AI-R: confirm prior-approved exclusion at W6-0b AI-R pass (stage6-w60b AI-R record),14,frappe,
No filters found,translation-candidate,in-ledger (no vendor PO location match),,AI-R: confirm prior-approved exclusion at W6-0b AI-R pass (stage6-w60b AI-R record),16,frappe,
No filters selected,translation-candidate,in-ledger (no vendor PO location match),,AI-R: confirm prior-approved exclusion at W6-0b AI-R pass (stage6-w60b AI-R record),19,frappe,
No of Requested SMS,translation-candidate,in-ledger (no vendor PO location match),,AI-R: confirm prior-approved exclusion at W6-0b AI-R pass (stage6-w60b AI-R record),19,frappe,
No of Sent SMS,translation-candidate,in-ledger (no vendor PO location match),,AI-R: confirm prior-approved exclusion at W6-0b AI-R pass (stage6-w60b AI-R record),14,frappe,
No records tagged.,translation-candidate,in-ledger (no vendor PO location match),,AI-R: confirm prior-approved exclusion at W6-0b AI-R pass (stage6-w60b AI-R record),18,frappe,
No rows,translation-candidate,in-ledger (no vendor PO location match),,AI-R: confirm prior-approved exclusion at W6-0b AI-R pass (stage6-w60b AI-R record),7,frappe,
No rows selected,translation-candidate,in-ledger (no vendor PO location match),,AI-R: confirm prior-approved exclusion at W6-0b AI-R pass (stage6-w60b AI-R record),16,frappe,
No subject,translation-candidate,in-ledger (no vendor PO location match),,AI-R: confirm prior-approved exclusion at W6-0b AI-R pass (stage6-w60b AI-R record),10,frappe,
No values to show,translation-candidate,in-ledger (no vendor PO location match),,AI-R: confirm prior-approved exclusion at W6-0b AI-R pass (stage6-w60b AI-R record),17,frappe,
No {0},translation-candidate,in-ledger (no vendor PO location match),,AI-R: confirm prior-approved exclusion at W6-0b AI-R pass (stage6-w60b AI-R record),6,frappe,
No {0} found,translation-candidate,in-ledger (no vendor PO location match),,AI-R: confirm prior-approved exclusion at W6-0b AI-R pass (stage6-w60b AI-R record),12,frappe,
Nomatim,translation-candidate,in-ledger (no vendor PO location match),,AI-R: confirm prior-approved exclusion at W6-0b AI-R pass (stage6-w60b AI-R record),7,frappe,
Non-Conforming,translation-candidate,in-ledger (no vendor PO location match),,AI-R: confirm prior-approved exclusion at W6-0b AI-R pass (stage6-w60b AI-R record),14,frappe,
Normalized Copies,translation-candidate,in-ledger (no vendor PO location match),,AI-R: confirm prior-approved exclusion at W6-0b AI-R pass (stage6-w60b AI-R record),17,frappe,
Normalized Query,translation-candidate,in-ledger (no vendor PO location match),,AI-R: confirm prior-approved exclusion at W6-0b AI-R pass (stage6-w60b AI-R record),16,frappe,
Not Allowed,translation-candidate,in-ledger (no vendor PO location match),,AI-R: confirm prior-approved exclusion at W6-0b AI-R pass (stage6-w60b AI-R record),11,frappe,
Not Allowed: Disabled User,translation-candidate,in-ledger (no vendor PO location match),,AI-R: confirm prior-approved exclusion at W6-0b AI-R pass (stage6-w60b AI-R record),26,frappe,
Not Helpful,translation-candidate,in-ledger (no vendor PO location match),,AI-R: confirm prior-approved exclusion at W6-0b AI-R pass (stage6-w60b AI-R record),11,frappe,
Not Nullable,translation-candidate,in-ledger (no vendor PO location match),,AI-R: confirm prior-approved exclusion at W6-0b AI-R pass (stage6-w60b AI-R record),12,frappe,
Not Permitted,translation-candidate,in-ledger (no vendor PO location match),,AI-R: confirm prior-approved exclusion at W6-0b AI-R pass (stage6-w60b AI-R record),13,frappe,
Not Permitted to read {0},translation-candidate,in-ledger (no vendor PO location match),,AI-R: confirm prior-approved exclusion at W6-0b AI-R pass (stage6-w60b AI-R record),25,frappe,
Not a valid user,translation-candidate,in-ledger (no vendor PO location match),,AI-R: confirm prior-approved exclusion at W6-0b AI-R pass (stage6-w60b AI-R record),16,frappe,
Not active,translation-candidate,in-ledger (no vendor PO location match),,AI-R: confirm prior-approved exclusion at W6-0b AI-R pass (stage6-w60b AI-R record),10,frappe,
Not permitted. {0}.,translation-candidate,in-ledger (no vendor PO location match),,AI-R: confirm prior-approved exclusion at W6-0b AI-R pass (stage6-w60b AI-R record),19,frappe,
Note,translation-candidate,in-ledger (no vendor PO location match),,AI-R: confirm prior-approved exclusion at W6-0b AI-R pass (stage6-w60b AI-R record),4,frappe,
Note: This will be shared with user.,translation-candidate,in-ledger (no vendor PO location match),,AI-R: confirm prior-approved exclusion at W6-0b AI-R pass (stage6-w60b AI-R record),36,frappe,
Nothing left to redo,translation-candidate,in-ledger (no vendor PO location match),,AI-R: confirm prior-approved exclusion at W6-0b AI-R pass (stage6-w60b AI-R record),20,frappe,
Nothing left to undo,translation-candidate,in-ledger (no vendor PO location match),,AI-R: confirm prior-approved exclusion at W6-0b AI-R pass (stage6-w60b AI-R record),20,frappe,
Notification Settings,translation-candidate,in-ledger (no vendor PO location match),,AI-R: confirm prior-approved exclusion at W6-0b AI-R pass (stage6-w60b AI-R record),21,frappe,
Notification Summary,translation-candidate,in-ledger (no vendor PO location match),,AI-R: confirm prior-approved exclusion at W6-0b AI-R pass (stage6-w60b AI-R record),20,frappe,
Notification sent to,translation-candidate,in-ledger (no vendor PO location match),,AI-R: confirm prior-approved exclusion at W6-0b AI-R pass (stage6-w60b AI-R record),20,frappe,
Notifications Disabled,translation-candidate,in-ledger (no vendor PO location match),,AI-R: confirm prior-approved exclusion at W6-0b AI-R pass (stage6-w60b AI-R record),22,frappe,
Number Card Name,translation-candidate,in-ledger (no vendor PO location match),,AI-R: confirm prior-approved exclusion at W6-0b AI-R pass (stage6-w60b AI-R record),16,frappe,
Number of Queries,translation-candidate,in-ledger (no vendor PO location match),,AI-R: confirm prior-approved exclusion at W6-0b AI-R pass (stage6-w60b AI-R record),17,frappe,
Number of keys,translation-candidate,in-ledger (no vendor PO location match),,AI-R: confirm prior-approved exclusion at W6-0b AI-R pass (stage6-w60b AI-R record),14,frappe,
Number of onsite backups,translation-candidate,in-ledger (no vendor PO location match),,AI-R: confirm prior-approved exclusion at W6-0b AI-R pass (stage6-w60b AI-R record),24,frappe,
OAuth,translation-candidate,in-ledger (no vendor PO location match),,AI-R: confirm prior-approved exclusion at W6-0b AI-R pass (stage6-w60b AI-R record),5,frappe,
OAuth Client Role,translation-candidate,in-ledger (no vendor PO location match),,AI-R: confirm prior-approved exclusion at W6-0b AI-R pass (stage6-w60b AI-R record),17,frappe,
OAuth Error,translation-candidate,in-ledger (no vendor PO location match),,AI-R: confirm prior-approved exclusion at W6-0b AI-R pass (stage6-w60b AI-R record),11,frappe,
OAuth Scope,translation-candidate,in-ledger (no vendor PO location match),,AI-R: confirm prior-approved exclusion at W6-0b AI-R pass (stage6-w60b AI-R record),11,frappe,
OAuth Settings,translation-candidate,in-ledger (no vendor PO location match),,AI-R: confirm prior-approved exclusion at W6-0b AI-R pass (stage6-w60b AI-R record),14,frappe,
OPTIONS,translation-candidate,in-ledger (no vendor PO location match),,AI-R: confirm prior-approved exclusion at W6-0b AI-R pass (stage6-w60b AI-R record),7,frappe,
OR,translation-candidate,in-ledger (no vendor PO location match),,AI-R: confirm prior-approved exclusion at W6-0b AI-R pass (stage6-w60b AI-R record),2,frappe,
OTP SMS Template,translation-candidate,in-ledger (no vendor PO location match),,AI-R: confirm prior-approved exclusion at W6-0b AI-R pass (stage6-w60b AI-R record),16,frappe,
OTP Secret Reset - {0},translation-candidate,in-ledger (no vendor PO location match),,AI-R: confirm prior-approved exclusion at W6-0b AI-R pass (stage6-w60b AI-R record),22,frappe,
Occurrences,translation-candidate,in-ledger (no vendor PO location match),,AI-R: confirm prior-approved exclusion at W6-0b AI-R pass (stage6-w60b AI-R record),11,frappe,
Official Documentation,translation-candidate,in-ledger (no vendor PO location match),,AI-R: confirm prior-approved exclusion at W6-0b AI-R pass (stage6-w60b AI-R record),22,frappe,
Offset X,translation-candidate,in-ledger (no vendor PO location match),,AI-R: confirm prior-approved exclusion at W6-0b AI-R pass (stage6-w60b AI-R record),8,frappe,
Offset Y,translation-candidate,in-ledger (no vendor PO location match),,AI-R: confirm prior-approved exclusion at W6-0b AI-R pass (stage6-w60b AI-R record),8,frappe,
Offset must be a non-negative integer,translation-candidate,in-ledger (no vendor PO location match),,AI-R: confirm prior-approved exclusion at W6-0b AI-R pass (stage6-w60b AI-R record),37,frappe,
Old and new fieldnames are same.,translation-candidate,in-ledger (no vendor PO location match),,AI-R: confirm prior-approved exclusion at W6-0b AI-R pass (stage6-w60b AI-R record),32,frappe,
Oldest Unscheduled Job,translation-candidate,in-ledger (no vendor PO location match),,AI-R: confirm prior-approved exclusion at W6-0b AI-R pass (stage6-w60b AI-R record),22,frappe,
On Payment Authorization,translation-candidate,in-ledger (no vendor PO location match),,AI-R: confirm prior-approved exclusion at W6-0b AI-R pass (stage6-w60b AI-R record),24,frappe,
On Payment Charge Processed,translation-candidate,in-ledger (no vendor PO location match),,AI-R: confirm prior-approved exclusion at W6-0b AI-R pass (stage6-w60b AI-R record),27,frappe,
On Payment Failed,translation-candidate,in-ledger (no vendor PO location match),,AI-R: confirm prior-approved exclusion at W6-0b AI-R pass (stage6-w60b AI-R record),17,frappe,
On Payment Mandate Acquisition Processed,translation-candidate,in-ledger (no vendor PO location match),,AI-R: confirm prior-approved exclusion at W6-0b AI-R pass (stage6-w60b AI-R record),40,frappe,
On Payment Mandate Charge Processed,translation-candidate,in-ledger (no vendor PO location match),,AI-R: confirm prior-approved exclusion at W6-0b AI-R pass (stage6-w60b AI-R record),35,frappe,
On Payment Paid,translation-candidate,in-ledger (no vendor PO location match),,AI-R: confirm prior-approved exclusion at W6-0b AI-R pass (stage6-w60b AI-R record),15,frappe,
On or After,translation-candidate,in-ledger (no vendor PO location match),,AI-R: confirm prior-approved exclusion at W6-0b AI-R pass (stage6-w60b AI-R record),11,frappe,
On or Before,translation-candidate,in-ledger (no vendor PO location match),,AI-R: confirm prior-approved exclusion at W6-0b AI-R pass (stage6-w60b AI-R record),12,frappe,
"On {0}, {1} wrote:",translation-candidate,in-ledger (no vendor PO location match),,AI-R: confirm prior-approved exclusion at W6-0b AI-R pass (stage6-w60b AI-R record),18,frappe,
Onboard,translation-candidate,in-ledger (no vendor PO location match),,AI-R: confirm prior-approved exclusion at W6-0b AI-R pass (stage6-w60b AI-R record),7,frappe,
Onboarding Name,translation-candidate,in-ledger (no vendor PO location match),,AI-R: confirm prior-approved exclusion at W6-0b AI-R pass (stage6-w60b AI-R record),15,frappe,
Onboarding Status,translation-candidate,in-ledger (no vendor PO location match),,AI-R: confirm prior-approved exclusion at W6-0b AI-R pass (stage6-w60b AI-R record),17,frappe,
Onboarding complete,translation-candidate,in-ledger (no vendor PO location match),,AI-R: confirm prior-approved exclusion at W6-0b AI-R pass (stage6-w60b AI-R record),19,frappe,
Only draft documents can be discarded,translation-candidate,in-ledger (no vendor PO location match),,AI-R: confirm prior-approved exclusion at W6-0b AI-R pass (stage6-w60b AI-R record),37,frappe,
Only for,translation-candidate,in-ledger (no vendor PO location match),,AI-R: confirm prior-approved exclusion at W6-0b AI-R pass (stage6-w60b AI-R record),8,frappe,
Oops! Something went wrong.,translation-candidate,in-ledger (no vendor PO location match),,AI-R: confirm prior-approved exclusion at W6-0b AI-R pass (stage6-w60b AI-R record),27,frappe,
OpenID Configuration,translation-candidate,in-ledger (no vendor PO location match),,AI-R: confirm prior-approved exclusion at W6-0b AI-R pass (stage6-w60b AI-R record),20,frappe,
OpenLDAP,translation-candidate,in-ledger (no vendor PO location match),,AI-R: confirm prior-approved exclusion at W6-0b AI-R pass (stage6-w60b AI-R record),8,frappe,
Optimize,translation-candidate,in-ledger (no vendor PO location match),,AI-R: confirm prior-approved exclusion at W6-0b AI-R pass (stage6-w60b AI-R record),8,frappe,
Optimizing image...,translation-candidate,in-ledger (no vendor PO location match),,AI-R: confirm prior-approved exclusion at W6-0b AI-R pass (stage6-w60b AI-R record),19,frappe,
Orange,translation-candidate,in-ledger (no vendor PO location match),,AI-R: confirm prior-approved exclusion at W6-0b AI-R pass (stage6-w60b AI-R record),6,frappe,
Order By must be a string,translation-candidate,in-ledger (no vendor PO location match),,AI-R: confirm prior-approved exclusion at W6-0b AI-R pass (stage6-w60b AI-R record),25,frappe,
Original Value,translation-candidate,in-ledger (no vendor PO location match),,AI-R: confirm prior-approved exclusion at W6-0b AI-R pass (stage6-w60b AI-R record),14,frappe,
Outgoing,translation-candidate,in-ledger (no vendor PO location match),,AI-R: confirm prior-approved exclusion at W6-0b AI-R pass (stage6-w60b AI-R record),8,frappe,
Outgoing (SMTP) Settings,translation-candidate,in-ledger (no vendor PO location match),,AI-R: confirm prior-approved exclusion at W6-0b AI-R pass (stage6-w60b AI-R record),24,frappe,
Outgoing Emails (Last 7 days),translation-candidate,in-ledger (no vendor PO location match),,AI-R: confirm prior-approved exclusion at W6-0b AI-R pass (stage6-w60b AI-R record),29,frappe,
Outgoing Server,translation-candidate,in-ledger (no vendor PO location match),,AI-R: confirm prior-approved exclusion at W6-0b AI-R pass (stage6-w60b AI-R record),15,frappe,
Outgoing Settings,translation-candidate,in-ledger (no vendor PO location match),,AI-R: confirm prior-approved exclusion at W6-0b AI-R pass (stage6-w60b AI-R record),17,frappe,
Outlook.com,translation-candidate,in-ledger (no vendor PO location match),,AI-R: confirm prior-approved exclusion at W6-0b AI-R pass (stage6-w60b AI-R record),11,frappe,
Overview,translation-candidate,in-ledger (no vendor PO location match),,AI-R: confirm prior-approved exclusion at W6-0b AI-R pass (stage6-w60b AI-R record),8,frappe,
PATCH,translation-candidate,in-ledger (no vendor PO location match),,AI-R: confirm prior-approved exclusion at W6-0b AI-R pass (stage6-w60b AI-R record),5,frappe,
PDF,translation-candidate,in-ledger (no vendor PO location match),,AI-R: confirm prior-approved exclusion at W6-0b AI-R pass (stage6-w60b AI-R record),3,frappe,
PDF Generation in Progress,translation-candidate,in-ledger (no vendor PO location match),,AI-R: confirm prior-approved exclusion at W6-0b AI-R pass (stage6-w60b AI-R record),26,frappe,
PDF Generator,translation-candidate,in-ledger (no vendor PO location match),,AI-R: confirm prior-approved exclusion at W6-0b AI-R pass (stage6-w60b AI-R record),13,frappe,
PDF Page Height (in mm),translation-candidate,in-ledger (no vendor PO location match),,AI-R: confirm prior-approved exclusion at W6-0b AI-R pass (stage6-w60b AI-R record),23,frappe,
PDF Page Width (in mm),translation-candidate,in-ledger (no vendor PO location match),,AI-R: confirm prior-approved exclusion at W6-0b AI-R pass (stage6-w60b AI-R record),22,frappe,
PDF generation may not work as expected.,translation-candidate,in-ledger (no vendor PO location match),,AI-R: confirm prior-approved exclusion at W6-0b AI-R pass (stage6-w60b AI-R record),40,frappe,
PID,translation-candidate,in-ledger (no vendor PO location match),,AI-R: confirm prior-approved exclusion at W6-0b AI-R pass (stage6-w60b AI-R record),3,frappe,
POST,translation-candidate,in-ledger (no vendor PO location match),,AI-R: confirm prior-approved exclusion at W6-0b AI-R pass (stage6-w60b AI-R record),4,frappe,
PUT,translation-candidate,in-ledger (no vendor PO location match),,AI-R: confirm prior-approved exclusion at W6-0b AI-R pass (stage6-w60b AI-R record),3,frappe,
Package,translation-candidate,in-ledger (no vendor PO location match),,AI-R: confirm prior-approved exclusion at W6-0b AI-R pass (stage6-w60b AI-R record),7,frappe,
Package Name,translation-candidate,in-ledger (no vendor PO location match),,AI-R: confirm prior-approved exclusion at W6-0b AI-R pass (stage6-w60b AI-R record),12,frappe,
Package Release,translation-candidate,in-ledger (no vendor PO location match),,AI-R: confirm prior-approved exclusion at W6-0b AI-R pass (stage6-w60b AI-R record),15,frappe,
Packages,translation-candidate,in-ledger (no vendor PO location match),,AI-R: confirm prior-approved exclusion at W6-0b AI-R pass (stage6-w60b AI-R record),8,frappe,
Page Break,translation-candidate,in-ledger (no vendor PO location match),,AI-R: confirm prior-approved exclusion at W6-0b AI-R pass (stage6-w60b AI-R record),10,frappe,
Page Height (in mm),translation-candidate,in-ledger (no vendor PO location match),,AI-R: confirm prior-approved exclusion at W6-0b AI-R pass (stage6-w60b AI-R record),19,frappe,
Page Margins,translation-candidate,in-ledger (no vendor PO location match),,AI-R: confirm prior-approved exclusion at W6-0b AI-R pass (stage6-w60b AI-R record),12,frappe,
Page Number,translation-candidate,in-ledger (no vendor PO location match),,AI-R: confirm prior-approved exclusion at W6-0b AI-R pass (stage6-w60b AI-R record),11,frappe,
Page Route,translation-candidate,in-ledger (no vendor PO location match),,AI-R: confirm prior-approved exclusion at W6-0b AI-R pass (stage6-w60b AI-R record),10,frappe,
Page Size,translation-candidate,in-ledger (no vendor PO location match),,AI-R: confirm prior-approved exclusion at W6-0b AI-R pass (stage6-w60b AI-R record),9,frappe,
Page Title,translation-candidate,in-ledger (no vendor PO location match),,AI-R: confirm prior-approved exclusion at W6-0b AI-R pass (stage6-w60b AI-R record),10,frappe,
Page Width (in mm),translation-candidate,in-ledger (no vendor PO location match),,AI-R: confirm prior-approved exclusion at W6-0b AI-R pass (stage6-w60b AI-R record),18,frappe,
Page height and width cannot be zero,translation-candidate,in-ledger (no vendor PO location match),,AI-R: confirm prior-approved exclusion at W6-0b AI-R pass (stage6-w60b AI-R record),36,frappe,
Page to show on the website,translation-candidate,in-ledger (no vendor PO location match),,AI-R: confirm prior-approved exclusion at W6-0b AI-R pass (stage6-w60b AI-R record),27,frappe,
Page {0} of {1},translation-candidate,in-ledger (no vendor PO location match),,AI-R: confirm prior-approved exclusion at W6-0b AI-R pass (stage6-w60b AI-R record),15,frappe,
Parameter,translation-candidate,in-ledger (no vendor PO location match),,AI-R: confirm prior-approved exclusion at W6-0b AI-R pass (stage6-w60b AI-R record),9,frappe,
Parent DocType,translation-candidate,in-ledger (no vendor PO location match),,AI-R: confirm prior-approved exclusion at W6-0b AI-R pass (stage6-w60b AI-R record),14,frappe,
Parent Document Type,translation-candidate,in-ledger (no vendor PO location match),,AI-R: confirm prior-approved exclusion at W6-0b AI-R pass (stage6-w60b AI-R record),20,frappe,
Parent Element Selector,translation-candidate,in-ledger (no vendor PO location match),,AI-R: confirm prior-approved exclusion at W6-0b AI-R pass (stage6-w60b AI-R record),23,frappe,
Parent Field,translation-candidate,in-ledger (no vendor PO location match),,AI-R: confirm prior-approved exclusion at W6-0b AI-R pass (stage6-w60b AI-R record),12,frappe,
Parent Icon,translation-candidate,in-ledger (no vendor PO location match),,AI-R: confirm prior-approved exclusion at W6-0b AI-R pass (stage6-w60b AI-R record),11,frappe,
Parent Missing,translation-candidate,in-ledger (no vendor PO location match),,AI-R: confirm prior-approved exclusion at W6-0b AI-R pass (stage6-w60b AI-R record),14,frappe,
Parent Page,translation-candidate,in-ledger (no vendor PO location match),,AI-R: confirm prior-approved exclusion at W6-0b AI-R pass (stage6-w60b AI-R record),11,frappe,
Parentfield not specified in {0}: {1},translation-candidate,in-ledger (no vendor PO location match),,AI-R: confirm prior-approved exclusion at W6-0b AI-R pass (stage6-w60b AI-R record),37,frappe,
Partial,translation-candidate,in-ledger (no vendor PO location match),,AI-R: confirm prior-approved exclusion at W6-0b AI-R pass (stage6-w60b AI-R record),7,frappe,
Partial Success,translation-candidate,in-ledger (no vendor PO location match),,AI-R: confirm prior-approved exclusion at W6-0b AI-R pass (stage6-w60b AI-R record),15,frappe,
Partially Sent,translation-candidate,in-ledger (no vendor PO location match),,AI-R: confirm prior-approved exclusion at W6-0b AI-R pass (stage6-w60b AI-R record),14,frappe,
Pass,translation-candidate,in-ledger (no vendor PO location match),,AI-R: confirm prior-approved exclusion at W6-0b AI-R pass (stage6-w60b AI-R record),4,frappe,
Password Email Sent,translation-candidate,in-ledger (no vendor PO location match),,AI-R: confirm prior-approved exclusion at W6-0b AI-R pass (stage6-w60b AI-R record),19,frappe,
Password cannot be filtered,translation-candidate,in-ledger (no vendor PO location match),,AI-R: confirm prior-approved exclusion at W6-0b AI-R pass (stage6-w60b AI-R record),27,frappe,
Password is valid. 👍,translation-candidate,in-ledger (no vendor PO location match),,AI-R: confirm prior-approved exclusion at W6-0b AI-R pass (stage6-w60b AI-R record),20,frappe,
Password missing in Email Account,translation-candidate,in-ledger (no vendor PO location match),,AI-R: confirm prior-approved exclusion at W6-0b AI-R pass (stage6-w60b AI-R record),33,frappe,
Password not found for {0} {1} {2},translation-candidate,in-ledger (no vendor PO location match),,AI-R: confirm prior-approved exclusion at W6-0b AI-R pass (stage6-w60b AI-R record),34,frappe,
Password requirements not met,translation-candidate,in-ledger (no vendor PO location match),,AI-R: confirm prior-approved exclusion at W6-0b AI-R pass (stage6-w60b AI-R record),29,frappe,
Password set,translation-candidate,in-ledger (no vendor PO location match),,AI-R: confirm prior-approved exclusion at W6-0b AI-R pass (stage6-w60b AI-R record),12,frappe,
Passwords do not match,translation-candidate,in-ledger (no vendor PO location match),,AI-R: confirm prior-approved exclusion at W6-0b AI-R pass (stage6-w60b AI-R record),22,frappe,
Patch type {} not found in patches.txt,translation-candidate,in-ledger (no vendor PO location match),,AI-R: confirm prior-approved exclusion at W6-0b AI-R pass (stage6-w60b AI-R record),38,frappe,
Path {0} is not within module {1},translation-candidate,in-ledger (no vendor PO location match),,AI-R: confirm prior-approved exclusion at W6-0b AI-R pass (stage6-w60b AI-R record),33,frappe,
Path {0} it not a valid path,translation-candidate,in-ledger (no vendor PO location match),,AI-R: confirm prior-approved exclusion at W6-0b AI-R pass (stage6-w60b AI-R record),28,frappe,
Payload Count,translation-candidate,in-ledger (no vendor PO location match),,AI-R: confirm prior-approved exclusion at W6-0b AI-R pass (stage6-w60b AI-R record),13,frappe,
Peak Memory Usage,translation-candidate,in-ledger (no vendor PO location match),,AI-R: confirm prior-approved exclusion at W6-0b AI-R pass (stage6-w60b AI-R record),17,frappe,
Pending Emails,translation-candidate,in-ledger (no vendor PO location match),,AI-R: confirm prior-approved exclusion at W6-0b AI-R pass (stage6-w60b AI-R record),14,frappe,
Pending Jobs,translation-candidate,in-ledger (no vendor PO location match),,AI-R: confirm prior-approved exclusion at W6-0b AI-R pass (stage6-w60b AI-R record),12,frappe,
Percent,translation-candidate,in-ledger (no vendor PO location match),,AI-R: confirm prior-approved exclusion at W6-0b AI-R pass (stage6-w60b AI-R record),7,frappe,
Permanently Discard {0}?,translation-candidate,in-ledger (no vendor PO location match),,AI-R: confirm prior-approved exclusion at W6-0b AI-R pass (stage6-w60b AI-R record),24,frappe,
Permission Inspector,translation-candidate,in-ledger (no vendor PO location match),,AI-R: confirm prior-approved exclusion at W6-0b AI-R pass (stage6-w60b AI-R record),20,frappe,
Permission Levels,translation-candidate,in-ledger (no vendor PO location match),,AI-R: confirm prior-approved exclusion at W6-0b AI-R pass (stage6-w60b AI-R record),17,frappe,
Permission Log,translation-candidate,in-ledger (no vendor PO location match),,AI-R: confirm prior-approved exclusion at W6-0b AI-R pass (stage6-w60b AI-R record),14,frappe,
Permission Manager,translation-candidate,in-ledger (no vendor PO location match),,AI-R: confirm prior-approved exclusion at W6-0b AI-R pass (stage6-w60b AI-R record),18,frappe,
Permission Query,translation-candidate,in-ledger (no vendor PO location match),,AI-R: confirm prior-approved exclusion at W6-0b AI-R pass (stage6-w60b AI-R record),16,frappe,
Permission Type,translation-candidate,in-ledger (no vendor PO location match),,AI-R: confirm prior-approved exclusion at W6-0b AI-R pass (stage6-w60b AI-R record),15,frappe,
Permissions Error,translation-candidate,in-ledger (no vendor PO location match),,AI-R: confirm prior-approved exclusion at W6-0b AI-R pass (stage6-w60b AI-R record),17,frappe,
Permitted Roles,translation-candidate,in-ledger (no vendor PO location match),,AI-R: confirm prior-approved exclusion at W6-0b AI-R pass (stage6-w60b AI-R record),15,frappe,
Personal Data Deletion Step,translation-candidate,in-ledger (no vendor PO location match),,AI-R: confirm prior-approved exclusion at W6-0b AI-R pass (stage6-w60b AI-R record),27,frappe,
Phone,translation-candidate,in-ledger (no vendor PO location match),,AI-R: confirm prior-approved exclusion at W6-0b AI-R pass (stage6-w60b AI-R record),5,frappe,الهاتف
Pink,translation-candidate,in-ledger (no vendor PO location match),,AI-R: confirm prior-approved exclusion at W6-0b AI-R pass (stage6-w60b AI-R record),4,frappe,
Placeholder,translation-candidate,in-ledger (no vendor PO location match),,AI-R: confirm prior-approved exclusion at W6-0b AI-R pass (stage6-w60b AI-R record),11,frappe,
Plain Text,translation-candidate,in-ledger (no vendor PO location match),,AI-R: confirm prior-approved exclusion at W6-0b AI-R pass (stage6-w60b AI-R record),10,frappe,
Please attach the package,translation-candidate,in-ledger (no vendor PO location match),,AI-R: confirm prior-approved exclusion at W6-0b AI-R pass (stage6-w60b AI-R record),25,frappe,
Please enable pop-ups,translation-candidate,in-ledger (no vendor PO location match),,AI-R: confirm prior-approved exclusion at W6-0b AI-R pass (stage6-w60b AI-R record),21,frappe,
Please enable {} before continuing.,translation-candidate,in-ledger (no vendor PO location match),,AI-R: confirm prior-approved exclusion at W6-0b AI-R pass (stage6-w60b AI-R record),35,frappe,
Please enter OpenID Configuration URL,translation-candidate,in-ledger (no vendor PO location match),,AI-R: confirm prior-approved exclusion at W6-0b AI-R pass (stage6-w60b AI-R record),37,frappe,
Please enter a valid email address.,translation-candidate,in-ledger (no vendor PO location match),,AI-R: confirm prior-approved exclusion at W6-0b AI-R pass (stage6-w60b AI-R record),35,frappe,
Please enter your new password.,translation-candidate,in-ledger (no vendor PO location match),,AI-R: confirm prior-approved exclusion at W6-0b AI-R pass (stage6-w60b AI-R record),31,frappe,
Please enter your old password.,translation-candidate,in-ledger (no vendor PO location match),,AI-R: confirm prior-approved exclusion at W6-0b AI-R pass (stage6-w60b AI-R record),31,frappe,
Please login to post a comment.,translation-candidate,in-ledger (no vendor PO location match),,AI-R: confirm prior-approved exclusion at W6-0b AI-R pass (stage6-w60b AI-R record),31,frappe,
Please select X and Y fields,translation-candidate,in-ledger (no vendor PO location match),,AI-R: confirm prior-approved exclusion at W6-0b AI-R pass (stage6-w60b AI-R record),28,frappe,
Please select a file first.,translation-candidate,in-ledger (no vendor PO location match),,AI-R: confirm prior-approved exclusion at W6-0b AI-R pass (stage6-w60b AI-R record),27,frappe,
Please select {0},translation-candidate,in-ledger (no vendor PO location match),,AI-R: confirm prior-approved exclusion at W6-0b AI-R pass (stage6-w60b AI-R record),17,frappe,
Please set filters,translation-candidate,in-ledger (no vendor PO location match),,AI-R: confirm prior-approved exclusion at W6-0b AI-R pass (stage6-w60b AI-R record),18,frappe,
Please set the document name,translation-candidate,in-ledger (no vendor PO location match),,AI-R: confirm prior-approved exclusion at W6-0b AI-R pass (stage6-w60b AI-R record),28,frappe,
Please specify,translation-candidate,in-ledger (no vendor PO location match),,AI-R: confirm prior-approved exclusion at W6-0b AI-R pass (stage6-w60b AI-R record),14,frappe,
Please specify the minutes offset,translation-candidate,in-ledger (no vendor PO location match),,AI-R: confirm prior-approved exclusion at W6-0b AI-R pass (stage6-w60b AI-R record),33,frappe,
Please update {} before continuing.,translation-candidate,in-ledger (no vendor PO location match),,AI-R: confirm prior-approved exclusion at W6-0b AI-R pass (stage6-w60b AI-R record),35,frappe,
Please use a valid LDAP search filter,translation-candidate,in-ledger (no vendor PO location match),,AI-R: confirm prior-approved exclusion at W6-0b AI-R pass (stage6-w60b AI-R record),37,frappe,
Policy URI,translation-candidate,in-ledger (no vendor PO location match),,AI-R: confirm prior-approved exclusion at W6-0b AI-R pass (stage6-w60b AI-R record),10,frappe,
Polling,translation-candidate,in-ledger (no vendor PO location match),,AI-R: confirm prior-approved exclusion at W6-0b AI-R pass (stage6-w60b AI-R record),7,frappe,
Popover Element,translation-candidate,in-ledger (no vendor PO location match),,AI-R: confirm prior-approved exclusion at W6-0b AI-R pass (stage6-w60b AI-R record),15,frappe,
Popover or Modal Description,translation-candidate,in-ledger (no vendor PO location match),,AI-R: confirm prior-approved exclusion at W6-0b AI-R pass (stage6-w60b AI-R record),28,frappe,
Portal,translation-candidate,in-ledger (no vendor PO location match),,AI-R: confirm prior-approved exclusion at W6-0b AI-R pass (stage6-w60b AI-R record),6,frappe,
Postal Code,translation-candidate,in-ledger (no vendor PO location match),,AI-R: confirm prior-approved exclusion at W6-0b AI-R pass (stage6-w60b AI-R record),11,frappe,الرمز البريدي
Posting Timestamp,translation-candidate,in-ledger (no vendor PO location match),,AI-R: confirm prior-approved exclusion at W6-0b AI-R pass (stage6-w60b AI-R record),17,frappe,
Prefer not to say,translation-candidate,in-ledger (no vendor PO location match),,AI-R: confirm prior-approved exclusion at W6-0b AI-R pass (stage6-w60b AI-R record),17,frappe,
Prepared report render failed,translation-candidate,in-ledger (no vendor PO location match),,AI-R: confirm prior-approved exclusion at W6-0b AI-R pass (stage6-w60b AI-R record),29,frappe,
Preview Mode,translation-candidate,in-ledger (no vendor PO location match),,AI-R: confirm prior-approved exclusion at W6-0b AI-R pass (stage6-w60b AI-R record),12,frappe,
Preview of generated names,translation-candidate,in-ledger (no vendor PO location match),,AI-R: confirm prior-approved exclusion at W6-0b AI-R pass (stage6-w60b AI-R record),26,frappe,
Preview on {0},translation-candidate,in-ledger (no vendor PO location match),,AI-R: confirm prior-approved exclusion at W6-0b AI-R pass (stage6-w60b AI-R record),14,frappe,
Preview type,translation-candidate,in-ledger (no vendor PO location match),,AI-R: confirm prior-approved exclusion at W6-0b AI-R pass (stage6-w60b AI-R record),12,frappe,
Preview:,translation-candidate,in-ledger (no vendor PO location match),,AI-R: confirm prior-approved exclusion at W6-0b AI-R pass (stage6-w60b AI-R record),8,frappe,
Previous Document,translation-candidate,in-ledger (no vendor PO location match),,AI-R: confirm prior-approved exclusion at W6-0b AI-R pass (stage6-w60b AI-R record),17,frappe,
Previous Submission,translation-candidate,in-ledger (no vendor PO location match),,AI-R: confirm prior-approved exclusion at W6-0b AI-R pass (stage6-w60b AI-R record),19,frappe,
Primary Contact,translation-candidate,in-ledger (no vendor PO location match),,AI-R: confirm prior-approved exclusion at W6-0b AI-R pass (stage6-w60b AI-R record),15,frappe,
Primary Email,translation-candidate,in-ledger (no vendor PO location match),,AI-R: confirm prior-approved exclusion at W6-0b AI-R pass (stage6-w60b AI-R record),13,frappe,
Primary Mobile,translation-candidate,in-ledger (no vendor PO location match),,AI-R: confirm prior-approved exclusion at W6-0b AI-R pass (stage6-w60b AI-R record),14,frappe,
Primary Phone,translation-candidate,in-ledger (no vendor PO location match),,AI-R: confirm prior-approved exclusion at W6-0b AI-R pass (stage6-w60b AI-R record),13,frappe,
Printer mapping not set.,translation-candidate,in-ledger (no vendor PO location match),,AI-R: confirm prior-approved exclusion at W6-0b AI-R pass (stage6-w60b AI-R record),24,frappe,
Priority,translation-candidate,in-ledger (no vendor PO location match),,AI-R: confirm prior-approved exclusion at W6-0b AI-R pass (stage6-w60b AI-R record),8,frappe,
Private Files (MB),translation-candidate,in-ledger (no vendor PO location match),,AI-R: confirm prior-approved exclusion at W6-0b AI-R pass (stage6-w60b AI-R record),18,frappe,
Private Files Backup:,translation-candidate,in-ledger (no vendor PO location match),,AI-R: confirm prior-approved exclusion at W6-0b AI-R pass (stage6-w60b AI-R record),21,frappe,
Proceed,translation-candidate,in-ledger (no vendor PO location match),,AI-R: confirm prior-approved exclusion at W6-0b AI-R pass (stage6-w60b AI-R record),7,frappe,
Prof,translation-candidate,in-ledger (no vendor PO location match),,AI-R: confirm prior-approved exclusion at W6-0b AI-R pass (stage6-w60b AI-R record),4,frappe,
Profile,translation-candidate,in-ledger (no vendor PO location match),,AI-R: confirm prior-approved exclusion at W6-0b AI-R pass (stage6-w60b AI-R record),7,frappe,
Profile Picture,translation-candidate,in-ledger (no vendor PO location match),,AI-R: confirm prior-approved exclusion at W6-0b AI-R pass (stage6-w60b AI-R record),15,frappe,
Progress,translation-candidate,in-ledger (no vendor PO location match),,AI-R: confirm prior-approved exclusion at W6-0b AI-R pass (stage6-w60b AI-R record),8,frappe,
Property,translation-candidate,in-ledger (no vendor PO location match),,AI-R: confirm prior-approved exclusion at W6-0b AI-R pass (stage6-w60b AI-R record),8,frappe,
Protect Attached Files,translation-candidate,in-ledger (no vendor PO location match),,AI-R: confirm prior-approved exclusion at W6-0b AI-R pass (stage6-w60b AI-R record),22,frappe,
Protected File,translation-candidate,in-ledger (no vendor PO location match),,AI-R: confirm prior-approved exclusion at W6-0b AI-R pass (stage6-w60b AI-R record),14,frappe,
Public Files (MB),translation-candidate,in-ledger (no vendor PO location match),,AI-R: confirm prior-approved exclusion at W6-0b AI-R pass (stage6-w60b AI-R record),17,frappe,
Public Files Backup:,translation-candidate,in-ledger (no vendor PO location match),,AI-R: confirm prior-approved exclusion at W6-0b AI-R pass (stage6-w60b AI-R record),20,frappe,
Published Web Forms,translation-candidate,in-ledger (no vendor PO location match),,AI-R: confirm prior-approved exclusion at W6-0b AI-R pass (stage6-w60b AI-R record),19,frappe,
Published Web Pages,translation-candidate,in-ledger (no vendor PO location match),,AI-R: confirm prior-approved exclusion at W6-0b AI-R pass (stage6-w60b AI-R record),19,frappe,
Publishing Dates,translation-candidate,in-ledger (no vendor PO location match),,AI-R: confirm prior-approved exclusion at W6-0b AI-R pass (stage6-w60b AI-R record),16,frappe,
Pull Emails,translation-candidate,in-ledger (no vendor PO location match),,AI-R: confirm prior-approved exclusion at W6-0b AI-R pass (stage6-w60b AI-R record),11,frappe,
Pulling emails...,translation-candidate,in-ledger (no vendor PO location match),,AI-R: confirm prior-approved exclusion at W6-0b AI-R pass (stage6-w60b AI-R record),17,frappe,
Purchase Manager,translation-candidate,in-ledger (no vendor PO location match),,AI-R: confirm prior-approved exclusion at W6-0b AI-R pass (stage6-w60b AI-R record),16,frappe,
Purchase Master Manager,translation-candidate,in-ledger (no vendor PO location match),,AI-R: confirm prior-approved exclusion at W6-0b AI-R pass (stage6-w60b AI-R record),23,frappe,
Purchase User,translation-candidate,in-ledger (no vendor PO location match),,AI-R: confirm prior-approved exclusion at W6-0b AI-R pass (stage6-w60b AI-R record),13,frappe,
Purple,translation-candidate,in-ledger (no vendor PO location match),,AI-R: confirm prior-approved exclusion at W6-0b AI-R pass (stage6-w60b AI-R record),6,frappe,
Push Notification Settings,translation-candidate,in-ledger (no vendor PO location match),,AI-R: confirm prior-approved exclusion at W6-0b AI-R pass (stage6-w60b AI-R record),26,frappe,
Push Notifications,translation-candidate,in-ledger (no vendor PO location match),,AI-R: confirm prior-approved exclusion at W6-0b AI-R pass (stage6-w60b AI-R record),18,frappe,
Put on Hold,translation-candidate,in-ledger (no vendor PO location match),,AI-R: confirm prior-approved exclusion at W6-0b AI-R pass (stage6-w60b AI-R record),11,frappe,
Python,translation-candidate,in-ledger (no vendor PO location match),,AI-R: confirm prior-approved exclusion at W6-0b AI-R pass (stage6-w60b AI-R record),6,frappe,
QZ Tray Failed:,translation-candidate,in-ledger (no vendor PO location match),,AI-R: confirm prior-approved exclusion at W6-0b AI-R pass (stage6-w60b AI-R record),15,frappe,
Quarterly,translation-candidate,in-ledger (no vendor PO location match),,AI-R: confirm prior-approved exclusion at W6-0b AI-R pass (stage6-w60b AI-R record),9,frappe,
Query Parameters,translation-candidate,in-ledger (no vendor PO location match),,AI-R: confirm prior-approved exclusion at W6-0b AI-R pass (stage6-w60b AI-R record),16,frappe,
Queue,translation-candidate,in-ledger (no vendor PO location match),,AI-R: confirm prior-approved exclusion at W6-0b AI-R pass (stage6-w60b AI-R record),5,frappe,
Queue Overloaded,translation-candidate,in-ledger (no vendor PO location match),,AI-R: confirm prior-approved exclusion at W6-0b AI-R pass (stage6-w60b AI-R record),16,frappe,
Queue Status,translation-candidate,in-ledger (no vendor PO location match),,AI-R: confirm prior-approved exclusion at W6-0b AI-R pass (stage6-w60b AI-R record),12,frappe,
Queue Type(s),translation-candidate,in-ledger (no vendor PO location match),,AI-R: confirm prior-approved exclusion at W6-0b AI-R pass (stage6-w60b AI-R record),13,frappe,
Queue in Background (BETA),translation-candidate,in-ledger (no vendor PO location match),,AI-R: confirm prior-approved exclusion at W6-0b AI-R pass (stage6-w60b AI-R record),26,frappe,
Queue(s),translation-candidate,in-ledger (no vendor PO location match),,AI-R: confirm prior-approved exclusion at W6-0b AI-R pass (stage6-w60b AI-R record),8,frappe,
Queued At,translation-candidate,in-ledger (no vendor PO location match),,AI-R: confirm prior-approved exclusion at W6-0b AI-R pass (stage6-w60b AI-R record),9,frappe,
Queued By,translation-candidate,in-ledger (no vendor PO location match),,AI-R: confirm prior-approved exclusion at W6-0b AI-R pass (stage6-w60b AI-R record),9,frappe,
Queues,translation-candidate,in-ledger (no vendor PO location match),,AI-R: confirm prior-approved exclusion at W6-0b AI-R pass (stage6-w60b AI-R record),6,frappe,
Queuing {0} for Submission,translation-candidate,in-ledger (no vendor PO location match),,AI-R: confirm prior-approved exclusion at W6-0b AI-R pass (stage6-w60b AI-R record),26,frappe,
Quick Entry,translation-candidate,in-ledger (no vendor PO location match),,AI-R: confirm prior-approved exclusion at W6-0b AI-R pass (stage6-w60b AI-R record),11,frappe,
Quick Help for Setting Permissions,translation-candidate,in-ledger (no vendor PO location match),,AI-R: confirm prior-approved exclusion at W6-0b AI-R pass (stage6-w60b AI-R record),34,frappe,
Quick Lists,translation-candidate,in-ledger (no vendor PO location match),,AI-R: confirm prior-approved exclusion at W6-0b AI-R pass (stage6-w60b AI-R record),11,frappe,
Quoting must be between 0 and 3,translation-candidate,in-ledger (no vendor PO location match),,AI-R: confirm prior-approved exclusion at W6-0b AI-R pass (stage6-w60b AI-R record),31,frappe,
RQ Job,translation-candidate,in-ledger (no vendor PO location match),,AI-R: confirm prior-approved exclusion at W6-0b AI-R pass (stage6-w60b AI-R record),6,frappe,
RQ Worker,translation-candidate,in-ledger (no vendor PO location match),,AI-R: confirm prior-approved exclusion at W6-0b AI-R pass (stage6-w60b AI-R record),9,frappe,
Random,translation-candidate,in-ledger (no vendor PO location match),,AI-R: confirm prior-approved exclusion at W6-0b AI-R pass (stage6-w60b AI-R record),6,frappe,
Range,translation-candidate,in-ledger (no vendor PO location match),,AI-R: confirm prior-approved exclusion at W6-0b AI-R pass (stage6-w60b AI-R record),5,frappe,
Rate Limiting,translation-candidate,in-ledger (no vendor PO location match),,AI-R: confirm prior-approved exclusion at W6-0b AI-R pass (stage6-w60b AI-R record),13,frappe,
Rate limit for email link login,translation-candidate,in-ledger (no vendor PO location match),,AI-R: confirm prior-approved exclusion at W6-0b AI-R pass (stage6-w60b AI-R record),31,frappe,
Rating,translation-candidate,in-ledger (no vendor PO location match),,AI-R: confirm prior-approved exclusion at W6-0b AI-R pass (stage6-w60b AI-R record),6,frappe,
Raw Printing Setting,translation-candidate,in-ledger (no vendor PO location match),,AI-R: confirm prior-approved exclusion at W6-0b AI-R pass (stage6-w60b AI-R record),20,frappe,
Raw Printing Settings,translation-candidate,in-ledger (no vendor PO location match),,AI-R: confirm prior-approved exclusion at W6-0b AI-R pass (stage6-w60b AI-R record),21,frappe,
Re-Run in Console,translation-candidate,in-ledger (no vendor PO location match),,AI-R: confirm prior-approved exclusion at W6-0b AI-R pass (stage6-w60b AI-R record),17,frappe,
Re:,translation-candidate,in-ledger (no vendor PO location match),,AI-R: confirm prior-approved exclusion at W6-0b AI-R pass (stage6-w60b AI-R record),3,frappe,
Read Only Depends On (JS),translation-candidate,in-ledger (no vendor PO location match),,AI-R: confirm prior-approved exclusion at W6-0b AI-R pass (stage6-w60b AI-R record),25,frappe,
Read Only Mode,translation-candidate,in-ledger (no vendor PO location match),,AI-R: confirm prior-approved exclusion at W6-0b AI-R pass (stage6-w60b AI-R record),14,frappe,
Read mode,translation-candidate,in-ledger (no vendor PO location match),,AI-R: confirm prior-approved exclusion at W6-0b AI-R pass (stage6-w60b AI-R record),9,frappe,
Read the documentation to know more,translation-candidate,in-ledger (no vendor PO location match),,AI-R: confirm prior-approved exclusion at W6-0b AI-R pass (stage6-w60b AI-R record),35,frappe,
Readme,translation-candidate,in-ledger (no vendor PO location match),,AI-R: confirm prior-approved exclusion at W6-0b AI-R pass (stage6-w60b AI-R record),6,frappe,
Realtime (SocketIO),translation-candidate,in-ledger (no vendor PO location match),,AI-R: confirm prior-approved exclusion at W6-0b AI-R pass (stage6-w60b AI-R record),19,frappe,
Reason,translation-candidate,in-ledger (no vendor PO location match),,AI-R: confirm prior-approved exclusion at W6-0b AI-R pass (stage6-w60b AI-R record),6,frappe,
Rebuild Tree,translation-candidate,in-ledger (no vendor PO location match),,AI-R: confirm prior-approved exclusion at W6-0b AI-R pass (stage6-w60b AI-R record),12,frappe,
Received,translation-candidate,in-ledger (no vendor PO location match),,AI-R: confirm prior-approved exclusion at W6-0b AI-R pass (stage6-w60b AI-R record),8,frappe,
Received an invalid token type.,translation-candidate,in-ledger (no vendor PO location match),,AI-R: confirm prior-approved exclusion at W6-0b AI-R pass (stage6-w60b AI-R record),31,frappe,
Recents,translation-candidate,in-ledger (no vendor PO location match),,AI-R: confirm prior-approved exclusion at W6-0b AI-R pass (stage6-w60b AI-R record),7,frappe,
Recipient Account Field,translation-candidate,in-ledger (no vendor PO location match),,AI-R: confirm prior-approved exclusion at W6-0b AI-R pass (stage6-w60b AI-R record),23,frappe,
Recorder Query,translation-candidate,in-ledger (no vendor PO location match),,AI-R: confirm prior-approved exclusion at W6-0b AI-R pass (stage6-w60b AI-R record),14,frappe,
Recorder Suggested Index,translation-candidate,in-ledger (no vendor PO location match),,AI-R: confirm prior-approved exclusion at W6-0b AI-R pass (stage6-w60b AI-R record),24,frappe,
Recursive Fetch From,translation-candidate,in-ledger (no vendor PO location match),,AI-R: confirm prior-approved exclusion at W6-0b AI-R pass (stage6-w60b AI-R record),20,frappe,
Red,translation-candidate,in-ledger (no vendor PO location match),,AI-R: confirm prior-approved exclusion at W6-0b AI-R pass (stage6-w60b AI-R record),3,frappe,
Redirect HTTP Status,translation-candidate,in-ledger (no vendor PO location match),,AI-R: confirm prior-approved exclusion at W6-0b AI-R pass (stage6-w60b AI-R record),20,frappe,
Redirect To Path,translation-candidate,in-ledger (no vendor PO location match),,AI-R: confirm prior-approved exclusion at W6-0b AI-R pass (stage6-w60b AI-R record),16,frappe,
Redirect URI,translation-candidate,in-ledger (no vendor PO location match),,AI-R: confirm prior-approved exclusion at W6-0b AI-R pass (stage6-w60b AI-R record),12,frappe,
Redirect to the selected app after login,translation-candidate,in-ledger (no vendor PO location match),,AI-R: confirm prior-approved exclusion at W6-0b AI-R pass (stage6-w60b AI-R record),40,frappe,
Redirects,translation-candidate,in-ledger (no vendor PO location match),,AI-R: confirm prior-approved exclusion at W6-0b AI-R pass (stage6-w60b AI-R record),9,frappe,
Redo,translation-candidate,in-ledger (no vendor PO location match),,AI-R: confirm prior-approved exclusion at W6-0b AI-R pass (stage6-w60b AI-R record),4,frappe,
Redo last action,translation-candidate,in-ledger (no vendor PO location match),,AI-R: confirm prior-approved exclusion at W6-0b AI-R pass (stage6-w60b AI-R record),16,frappe,
Reference Datetime,translation-candidate,in-ledger (no vendor PO location match),,AI-R: confirm prior-approved exclusion at W6-0b AI-R pass (stage6-w60b AI-R record),18,frappe,
Reference Doc,translation-candidate,in-ledger (no vendor PO location match),,AI-R: confirm prior-approved exclusion at W6-0b AI-R pass (stage6-w60b AI-R record),13,frappe,
Reference Document,translation-candidate,in-ledger (no vendor PO location match),,AI-R: confirm prior-approved exclusion at W6-0b AI-R pass (stage6-w60b AI-R record),18,frappe,
Reference Document Name,translation-candidate,in-ledger (no vendor PO location match),,AI-R: confirm prior-approved exclusion at W6-0b AI-R pass (stage6-w60b AI-R record),23,frappe,
Reference Document Type,translation-candidate,in-ledger (no vendor PO location match),,AI-R: confirm prior-approved exclusion at W6-0b AI-R pass (stage6-w60b AI-R record),23,frappe,
Reference Name,translation-candidate,in-ledger (no vendor PO location match),,AI-R: confirm prior-approved exclusion at W6-0b AI-R pass (stage6-w60b AI-R record),14,frappe,
Refreshing,translation-candidate,in-ledger (no vendor PO location match),,AI-R: confirm prior-approved exclusion at W6-0b AI-R pass (stage6-w60b AI-R record),10,frappe,
Relay Server URL missing,translation-candidate,in-ledger (no vendor PO location match),,AI-R: confirm prior-approved exclusion at W6-0b AI-R pass (stage6-w60b AI-R record),24,frappe,
Relay Settings,translation-candidate,in-ledger (no vendor PO location match),,AI-R: confirm prior-approved exclusion at W6-0b AI-R pass (stage6-w60b AI-R record),14,frappe,
Release,translation-candidate,in-ledger (no vendor PO location match),,AI-R: confirm prior-approved exclusion at W6-0b AI-R pass (stage6-w60b AI-R record),7,frappe,
Release Notes,translation-candidate,in-ledger (no vendor PO location match),,AI-R: confirm prior-approved exclusion at W6-0b AI-R pass (stage6-w60b AI-R record),13,frappe,
Reload File,translation-candidate,in-ledger (no vendor PO location match),,AI-R: confirm prior-approved exclusion at W6-0b AI-R pass (stage6-w60b AI-R record),11,frappe,
Remind At,translation-candidate,in-ledger (no vendor PO location match),,AI-R: confirm prior-approved exclusion at W6-0b AI-R pass (stage6-w60b AI-R record),9,frappe,
Remind Me,translation-candidate,in-ledger (no vendor PO location match),,AI-R: confirm prior-approved exclusion at W6-0b AI-R pass (stage6-w60b AI-R record),9,frappe,
Remind Me In,translation-candidate,in-ledger (no vendor PO location match),,AI-R: confirm prior-approved exclusion at W6-0b AI-R pass (stage6-w60b AI-R record),12,frappe,
Reminder,translation-candidate,in-ledger (no vendor PO location match),,AI-R: confirm prior-approved exclusion at W6-0b AI-R pass (stage6-w60b AI-R record),8,frappe,
Reminder cannot be created in past.,translation-candidate,in-ledger (no vendor PO location match),,AI-R: confirm prior-approved exclusion at W6-0b AI-R pass (stage6-w60b AI-R record),35,frappe,
Reminder set at {0},translation-candidate,in-ledger (no vendor PO location match),,AI-R: confirm prior-approved exclusion at W6-0b AI-R pass (stage6-w60b AI-R record),19,frappe,
Removed,translation-candidate,in-ledger (no vendor PO location match),,AI-R: confirm prior-approved exclusion at W6-0b AI-R pass (stage6-w60b AI-R record),7,frappe,
Reopen,translation-candidate,in-ledger (no vendor PO location match),,AI-R: confirm prior-approved exclusion at W6-0b AI-R pass (stage6-w60b AI-R record),6,frappe,
Repeat Header and Footer,translation-candidate,in-ledger (no vendor PO location match),,AI-R: confirm prior-approved exclusion at W6-0b AI-R pass (stage6-w60b AI-R record),24,frappe,
Repeat on Days,translation-candidate,in-ledger (no vendor PO location match),,AI-R: confirm prior-approved exclusion at W6-0b AI-R pass (stage6-w60b AI-R record),14,frappe,
Replicate,translation-candidate,in-ledger (no vendor PO location match),,AI-R: confirm prior-approved exclusion at W6-0b AI-R pass (stage6-w60b AI-R record),9,frappe,
Replicating...,translation-candidate,in-ledger (no vendor PO location match),,AI-R: confirm prior-approved exclusion at W6-0b AI-R pass (stage6-w60b AI-R record),14,frappe,
Replication completed.,translation-candidate,in-ledger (no vendor PO location match),,AI-R: confirm prior-approved exclusion at W6-0b AI-R pass (stage6-w60b AI-R record),22,frappe,
Replied,translation-candidate,in-ledger (no vendor PO location match),,AI-R: confirm prior-approved exclusion at W6-0b AI-R pass (stage6-w60b AI-R record),7,frappe,
Represents a User in the system.,translation-candidate,in-ledger (no vendor PO location match),,AI-R: confirm prior-approved exclusion at W6-0b AI-R pass (stage6-w60b AI-R record),32,frappe,
Request Body,translation-candidate,in-ledger (no vendor PO location match),,AI-R: confirm prior-approved exclusion at W6-0b AI-R pass (stage6-w60b AI-R record),12,frappe,
Request Description,translation-candidate,in-ledger (no vendor PO location match),,AI-R: confirm prior-approved exclusion at W6-0b AI-R pass (stage6-w60b AI-R record),19,frappe,
Request Headers,translation-candidate,in-ledger (no vendor PO location match),,AI-R: confirm prior-approved exclusion at W6-0b AI-R pass (stage6-w60b AI-R record),15,frappe,
Request ID,translation-candidate,in-ledger (no vendor PO location match),,AI-R: confirm prior-approved exclusion at W6-0b AI-R pass (stage6-w60b AI-R record),10,frappe,
Request Limit,translation-candidate,in-ledger (no vendor PO location match),,AI-R: confirm prior-approved exclusion at W6-0b AI-R pass (stage6-w60b AI-R record),13,frappe,
Request Method,translation-candidate,in-ledger (no vendor PO location match),,AI-R: confirm prior-approved exclusion at W6-0b AI-R pass (stage6-w60b AI-R record),14,frappe,
Request Timeout,translation-candidate,in-ledger (no vendor PO location match),,AI-R: confirm prior-approved exclusion at W6-0b AI-R pass (stage6-w60b AI-R record),15,frappe,
Request for Account Deletion,translation-candidate,in-ledger (no vendor PO location match),,AI-R: confirm prior-approved exclusion at W6-0b AI-R pass (stage6-w60b AI-R record),28,frappe,
Requested Numbers,translation-candidate,in-ledger (no vendor PO location match),,AI-R: confirm prior-approved exclusion at W6-0b AI-R pass (stage6-w60b AI-R record),17,frappe,
Reset All Customizations,translation-candidate,in-ledger (no vendor PO location match),,AI-R: confirm prior-approved exclusion at W6-0b AI-R pass (stage6-w60b AI-R record),24,frappe,
Reset Changes,translation-candidate,in-ledger (no vendor PO location match),,AI-R: confirm prior-approved exclusion at W6-0b AI-R pass (stage6-w60b AI-R record),13,frappe,
Reset Layout,translation-candidate,in-ledger (no vendor PO location match),,AI-R: confirm prior-approved exclusion at W6-0b AI-R pass (stage6-w60b AI-R record),12,frappe,
Reset Password Template,translation-candidate,in-ledger (no vendor PO location match),,AI-R: confirm prior-approved exclusion at W6-0b AI-R pass (stage6-w60b AI-R record),23,frappe,
Reset To Default,translation-candidate,in-ledger (no vendor PO location match),,AI-R: confirm prior-approved exclusion at W6-0b AI-R pass (stage6-w60b AI-R record),16,frappe,
Reset sorting,translation-candidate,in-ledger (no vendor PO location match),,AI-R: confirm prior-approved exclusion at W6-0b AI-R pass (stage6-w60b AI-R record),13,frappe,
Reset to default,translation-candidate,in-ledger (no vendor PO location match),,AI-R: confirm prior-approved exclusion at W6-0b AI-R pass (stage6-w60b AI-R record),16,frappe,
Resource,translation-candidate,in-ledger (no vendor PO location match),,AI-R: confirm prior-approved exclusion at W6-0b AI-R pass (stage6-w60b AI-R record),8,frappe,
Resource Documentation,translation-candidate,in-ledger (no vendor PO location match),,AI-R: confirm prior-approved exclusion at W6-0b AI-R pass (stage6-w60b AI-R record),22,frappe,
Resource Name,translation-candidate,in-ledger (no vendor PO location match),,AI-R: confirm prior-approved exclusion at W6-0b AI-R pass (stage6-w60b AI-R record),13,frappe,
Resource Policy URI,translation-candidate,in-ledger (no vendor PO location match),,AI-R: confirm prior-approved exclusion at W6-0b AI-R pass (stage6-w60b AI-R record),19,frappe,
Resource TOS URI,translation-candidate,in-ledger (no vendor PO location match),,AI-R: confirm prior-approved exclusion at W6-0b AI-R pass (stage6-w60b AI-R record),16,frappe,
Response Headers,translation-candidate,in-ledger (no vendor PO location match),,AI-R: confirm prior-approved exclusion at W6-0b AI-R pass (stage6-w60b AI-R record),16,frappe,
Rest of the day,translation-candidate,in-ledger (no vendor PO location match),,AI-R: confirm prior-approved exclusion at W6-0b AI-R pass (stage6-w60b AI-R record),15,frappe,
Result,translation-candidate,in-ledger (no vendor PO location match),,AI-R: confirm prior-approved exclusion at W6-0b AI-R pass (stage6-w60b AI-R record),6,frappe,
Retry Sending,translation-candidate,in-ledger (no vendor PO location match),,AI-R: confirm prior-approved exclusion at W6-0b AI-R pass (stage6-w60b AI-R record),13,frappe,
Revocation URI,translation-candidate,in-ledger (no vendor PO location match),,AI-R: confirm prior-approved exclusion at W6-0b AI-R pass (stage6-w60b AI-R record),14,frappe,
Right Bottom,translation-candidate,in-ledger (no vendor PO location match),,AI-R: confirm prior-approved exclusion at W6-0b AI-R pass (stage6-w60b AI-R record),12,frappe,
Right Center,translation-candidate,in-ledger (no vendor PO location match),,AI-R: confirm prior-approved exclusion at W6-0b AI-R pass (stage6-w60b AI-R record),12,frappe,
Role Profiles,translation-candidate,in-ledger (no vendor PO location match),,AI-R: confirm prior-approved exclusion at W6-0b AI-R pass (stage6-w60b AI-R record),13,frappe,
Role Replication,translation-candidate,in-ledger (no vendor PO location match),,AI-R: confirm prior-approved exclusion at W6-0b AI-R pass (stage6-w60b AI-R record),16,frappe,
Roles & Permissions,translation-candidate,in-ledger (no vendor PO location match),,AI-R: confirm prior-approved exclusion at W6-0b AI-R pass (stage6-w60b AI-R record),19,frappe,
Rounding Method,translation-candidate,in-ledger (no vendor PO location match),,AI-R: confirm prior-approved exclusion at W6-0b AI-R pass (stage6-w60b AI-R record),15,frappe,
Route,translation-candidate,in-ledger (no vendor PO location match),,AI-R: confirm prior-approved exclusion at W6-0b AI-R pass (stage6-w60b AI-R record),5,frappe,
Route Options,translation-candidate,in-ledger (no vendor PO location match),,AI-R: confirm prior-approved exclusion at W6-0b AI-R pass (stage6-w60b AI-R record),13,frappe,
"Route: Example \""/app\""",translation-candidate,in-ledger (no vendor PO location match),,AI-R: confirm prior-approved exclusion at W6-0b AI-R pass (stage6-w60b AI-R record),23,frappe,
Row #,translation-candidate,in-ledger (no vendor PO location match),,AI-R: confirm prior-approved exclusion at W6-0b AI-R pass (stage6-w60b AI-R record),5,frappe,
Row #{}: Fieldname is required,translation-candidate,in-ledger (no vendor PO location match),,AI-R: confirm prior-approved exclusion at W6-0b AI-R pass (stage6-w60b AI-R record),30,frappe,
Row Format,translation-candidate,in-ledger (no vendor PO location match),,AI-R: confirm prior-approved exclusion at W6-0b AI-R pass (stage6-w60b AI-R record),10,frappe,
Row Indexes,translation-candidate,in-ledger (no vendor PO location match),,AI-R: confirm prior-approved exclusion at W6-0b AI-R pass (stage6-w60b AI-R record),11,frappe,
Row Number,translation-candidate,in-ledger (no vendor PO location match),,AI-R: confirm prior-approved exclusion at W6-0b AI-R pass (stage6-w60b AI-R record),10,frappe,
Row Values Changed,translation-candidate,in-ledger (no vendor PO location match),,AI-R: confirm prior-approved exclusion at W6-0b AI-R pass (stage6-w60b AI-R record),18,frappe,
Row {0},translation-candidate,in-ledger (no vendor PO location match),,AI-R: confirm prior-approved exclusion at W6-0b AI-R pass (stage6-w60b AI-R record),7,frappe,
Rules,translation-candidate,in-ledger (no vendor PO location match),,AI-R: confirm prior-approved exclusion at W6-0b AI-R pass (stage6-w60b AI-R record),5,frappe,
Runtime in Minutes,translation-candidate,in-ledger (no vendor PO location match),,AI-R: confirm prior-approved exclusion at W6-0b AI-R pass (stage6-w60b AI-R record),18,frappe,
Runtime in Seconds,translation-candidate,in-ledger (no vendor PO location match),,AI-R: confirm prior-approved exclusion at W6-0b AI-R pass (stage6-w60b AI-R record),18,frappe,
SMS Log,translation-candidate,in-ledger (no vendor PO location match),,AI-R: confirm prior-approved exclusion at W6-0b AI-R pass (stage6-w60b AI-R record),7,frappe,
SMS Settings,translation-candidate,in-ledger (no vendor PO location match),,AI-R: confirm prior-approved exclusion at W6-0b AI-R pass (stage6-w60b AI-R record),12,frappe,
SMS sent successfully,translation-candidate,in-ledger (no vendor PO location match),,AI-R: confirm prior-approved exclusion at W6-0b AI-R pass (stage6-w60b AI-R record),21,frappe,
SMTP Server is required,translation-candidate,in-ledger (no vendor PO location match),,AI-R: confirm prior-approved exclusion at W6-0b AI-R pass (stage6-w60b AI-R record),23,frappe,
SQL,translation-candidate,in-ledger (no vendor PO location match),,AI-R: confirm prior-approved exclusion at W6-0b AI-R pass (stage6-w60b AI-R record),3,frappe,
SQL Explain,translation-candidate,in-ledger (no vendor PO location match),,AI-R: confirm prior-approved exclusion at W6-0b AI-R pass (stage6-w60b AI-R record),11,frappe,
SQL Output,translation-candidate,in-ledger (no vendor PO location match),,AI-R: confirm prior-approved exclusion at W6-0b AI-R pass (stage6-w60b AI-R record),10,frappe,
SQL Queries,translation-candidate,in-ledger (no vendor PO location match),,AI-R: confirm prior-approved exclusion at W6-0b AI-R pass (stage6-w60b AI-R record),11,frappe,
SWATCHES,translation-candidate,in-ledger (no vendor PO location match),,AI-R: confirm prior-approved exclusion at W6-0b AI-R pass (stage6-w60b AI-R record),8,frappe,
Sales Manager,translation-candidate,in-ledger (no vendor PO location match),,AI-R: confirm prior-approved exclusion at W6-0b AI-R pass (stage6-w60b AI-R record),13,frappe,
Sales Master Manager,translation-candidate,in-ledger (no vendor PO location match),,AI-R: confirm prior-approved exclusion at W6-0b AI-R pass (stage6-w60b AI-R record),20,frappe,
Sales User,translation-candidate,in-ledger (no vendor PO location match),,AI-R: confirm prior-approved exclusion at W6-0b AI-R pass (stage6-w60b AI-R record),10,frappe,
Saturday,translation-candidate,in-ledger (no vendor PO location match),,AI-R: confirm prior-approved exclusion at W6-0b AI-R pass (stage6-w60b AI-R record),8,frappe,
Saved Filters,translation-candidate,in-ledger (no vendor PO location match),,AI-R: confirm prior-approved exclusion at W6-0b AI-R pass (stage6-w60b AI-R record),13,frappe,
Saving Changes...,translation-candidate,in-ledger (no vendor PO location match),,AI-R: confirm prior-approved exclusion at W6-0b AI-R pass (stage6-w60b AI-R record),17,frappe,
Saving Customization...,translation-candidate,in-ledger (no vendor PO location match),,AI-R: confirm prior-approved exclusion at W6-0b AI-R pass (stage6-w60b AI-R record),23,frappe,
Scan QRCode,translation-candidate,in-ledger (no vendor PO location match),,AI-R: confirm prior-approved exclusion at W6-0b AI-R pass (stage6-w60b AI-R record),11,frappe,
Schedule,translation-candidate,in-ledger (no vendor PO location match),,AI-R: confirm prior-approved exclusion at W6-0b AI-R pass (stage6-w60b AI-R record),8,frappe,
Schedule Send At,translation-candidate,in-ledger (no vendor PO location match),,AI-R: confirm prior-approved exclusion at W6-0b AI-R pass (stage6-w60b AI-R record),16,frappe,
Scheduled Against,translation-candidate,in-ledger (no vendor PO location match),,AI-R: confirm prior-approved exclusion at W6-0b AI-R pass (stage6-w60b AI-R record),17,frappe,
Scheduled Jobs Logs,translation-candidate,in-ledger (no vendor PO location match),,AI-R: confirm prior-approved exclusion at W6-0b AI-R pass (stage6-w60b AI-R record),19,frappe,
Scheduler,translation-candidate,in-ledger (no vendor PO location match),,AI-R: confirm prior-approved exclusion at W6-0b AI-R pass (stage6-w60b AI-R record),9,frappe,
Scheduler Inactive,translation-candidate,in-ledger (no vendor PO location match),,AI-R: confirm prior-approved exclusion at W6-0b AI-R pass (stage6-w60b AI-R record),18,frappe,
Scheduler Status,translation-candidate,in-ledger (no vendor PO location match),,AI-R: confirm prior-approved exclusion at W6-0b AI-R pass (stage6-w60b AI-R record),16,frappe,
Scheduler: Active,translation-candidate,in-ledger (no vendor PO location match),,AI-R: confirm prior-approved exclusion at W6-0b AI-R pass (stage6-w60b AI-R record),17,frappe,
Scheduler: Inactive,translation-candidate,in-ledger (no vendor PO location match),,AI-R: confirm prior-approved exclusion at W6-0b AI-R pass (stage6-w60b AI-R record),19,frappe,
Scope,translation-candidate,in-ledger (no vendor PO location match),,AI-R: confirm prior-approved exclusion at W6-0b AI-R pass (stage6-w60b AI-R record),5,frappe,
Scopes Supported,translation-candidate,in-ledger (no vendor PO location match),,AI-R: confirm prior-approved exclusion at W6-0b AI-R pass (stage6-w60b AI-R record),16,frappe,
Script to attach to all web pages.,translation-candidate,in-ledger (no vendor PO location match),,AI-R: confirm prior-approved exclusion at W6-0b AI-R pass (stage6-w60b AI-R record),34,frappe,
Scripting,translation-candidate,in-ledger (no vendor PO location match),,AI-R: confirm prior-approved exclusion at W6-0b AI-R pass (stage6-w60b AI-R record),9,frappe,
Scripting / Style,translation-candidate,in-ledger (no vendor PO location match),,AI-R: confirm prior-approved exclusion at W6-0b AI-R pass (stage6-w60b AI-R record),17,frappe,
Scripts,translation-candidate,in-ledger (no vendor PO location match),,AI-R: confirm prior-approved exclusion at W6-0b AI-R pass (stage6-w60b AI-R record),7,frappe,
Seconds,translation-candidate,in-ledger (no vendor PO location match),,AI-R: confirm prior-approved exclusion at W6-0b AI-R pass (stage6-w60b AI-R record),7,frappe,
Section ID,translation-candidate,in-ledger (no vendor PO location match),,AI-R: confirm prior-approved exclusion at W6-0b AI-R pass (stage6-w60b AI-R record),10,frappe,
Section Title,translation-candidate,in-ledger (no vendor PO location match),,AI-R: confirm prior-approved exclusion at W6-0b AI-R pass (stage6-w60b AI-R record),13,frappe,
Section must have at least one column,translation-candidate,in-ledger (no vendor PO location match),,AI-R: confirm prior-approved exclusion at W6-0b AI-R pass (stage6-w60b AI-R record),37,frappe,
See all Activity,translation-candidate,in-ledger (no vendor PO location match),,AI-R: confirm prior-approved exclusion at W6-0b AI-R pass (stage6-w60b AI-R record),16,frappe,
See previous responses,translation-candidate,in-ledger (no vendor PO location match),,AI-R: confirm prior-approved exclusion at W6-0b AI-R pass (stage6-w60b AI-R record),22,frappe,
Select Country,translation-candidate,in-ledger (no vendor PO location match),,AI-R: confirm prior-approved exclusion at W6-0b AI-R pass (stage6-w60b AI-R record),14,frappe,
Select Currency,translation-candidate,in-ledger (no vendor PO location match),,AI-R: confirm prior-approved exclusion at W6-0b AI-R pass (stage6-w60b AI-R record),15,frappe,
Select Field...,translation-candidate,in-ledger (no vendor PO location match),,AI-R: confirm prior-approved exclusion at W6-0b AI-R pass (stage6-w60b AI-R record),15,frappe,
Select Fields (Up to {0}),translation-candidate,in-ledger (no vendor PO location match),,AI-R: confirm prior-approved exclusion at W6-0b AI-R pass (stage6-w60b AI-R record),25,frappe,
Select Kanban,translation-candidate,in-ledger (no vendor PO location match),,AI-R: confirm prior-approved exclusion at W6-0b AI-R pass (stage6-w60b AI-R record),13,frappe,
Select Network Printer,translation-candidate,in-ledger (no vendor PO location match),,AI-R: confirm prior-approved exclusion at W6-0b AI-R pass (stage6-w60b AI-R record),22,frappe,
Select Page,translation-candidate,in-ledger (no vendor PO location match),,AI-R: confirm prior-approved exclusion at W6-0b AI-R pass (stage6-w60b AI-R record),11,frappe,
Select Time Zone,translation-candidate,in-ledger (no vendor PO location match),,AI-R: confirm prior-approved exclusion at W6-0b AI-R pass (stage6-w60b AI-R record),16,frappe,
Select Workflow,translation-candidate,in-ledger (no vendor PO location match),,AI-R: confirm prior-approved exclusion at W6-0b AI-R pass (stage6-w60b AI-R record),15,frappe,
Select Workspace,translation-candidate,in-ledger (no vendor PO location match),,AI-R: confirm prior-approved exclusion at W6-0b AI-R pass (stage6-w60b AI-R record),16,frappe,
Select Workspaces,translation-candidate,in-ledger (no vendor PO location match),,AI-R: confirm prior-approved exclusion at W6-0b AI-R pass (stage6-w60b AI-R record),17,frappe,
Select a field to edit its properties.,translation-candidate,in-ledger (no vendor PO location match),,AI-R: confirm prior-approved exclusion at W6-0b AI-R pass (stage6-w60b AI-R record),38,frappe,
Select a group {0} first.,translation-candidate,in-ledger (no vendor PO location match),,AI-R: confirm prior-approved exclusion at W6-0b AI-R pass (stage6-w60b AI-R record),25,frappe,
Select an Image,translation-candidate,in-ledger (no vendor PO location match),,AI-R: confirm prior-approved exclusion at W6-0b AI-R pass (stage6-w60b AI-R record),15,frappe,
Select records for removing assignment,translation-candidate,in-ledger (no vendor PO location match),,AI-R: confirm prior-approved exclusion at W6-0b AI-R pass (stage6-w60b AI-R record),38,frappe,
Select two versions to view the diff.,translation-candidate,in-ledger (no vendor PO location match),,AI-R: confirm prior-approved exclusion at W6-0b AI-R pass (stage6-w60b AI-R record),37,frappe,
Send,translation-candidate,in-ledger (no vendor PO location match),,AI-R: confirm prior-approved exclusion at W6-0b AI-R pass (stage6-w60b AI-R record),4,frappe,
Send Email On State,translation-candidate,in-ledger (no vendor PO location match),,AI-R: confirm prior-approved exclusion at W6-0b AI-R pass (stage6-w60b AI-R record),19,frappe,
Send Email To Creator,translation-candidate,in-ledger (no vendor PO location match),,AI-R: confirm prior-approved exclusion at W6-0b AI-R pass (stage6-w60b AI-R record),21,frappe,
Send Now,translation-candidate,in-ledger (no vendor PO location match),,AI-R: confirm prior-approved exclusion at W6-0b AI-R pass (stage6-w60b AI-R record),8,frappe,
Send login link,translation-candidate,in-ledger (no vendor PO location match),,AI-R: confirm prior-approved exclusion at W6-0b AI-R pass (stage6-w60b AI-R record),15,frappe,
Sender,translation-candidate,in-ledger (no vendor PO location match),,AI-R: confirm prior-approved exclusion at W6-0b AI-R pass (stage6-w60b AI-R record),6,frappe,
Sender Email,translation-candidate,in-ledger (no vendor PO location match),,AI-R: confirm prior-approved exclusion at W6-0b AI-R pass (stage6-w60b AI-R record),12,frappe,
Sender Email Field,translation-candidate,in-ledger (no vendor PO location match),,AI-R: confirm prior-approved exclusion at W6-0b AI-R pass (stage6-w60b AI-R record),18,frappe,
Sender Name,translation-candidate,in-ledger (no vendor PO location match),,AI-R: confirm prior-approved exclusion at W6-0b AI-R pass (stage6-w60b AI-R record),11,frappe,
Sender Name Field,translation-candidate,in-ledger (no vendor PO location match),,AI-R: confirm prior-approved exclusion at W6-0b AI-R pass (stage6-w60b AI-R record),17,frappe,
Sendgrid,translation-candidate,in-ledger (no vendor PO location match),,AI-R: confirm prior-approved exclusion at W6-0b AI-R pass (stage6-w60b AI-R record),8,frappe,
Sending,translation-candidate,in-ledger (no vendor PO location match),,AI-R: confirm prior-approved exclusion at W6-0b AI-R pass (stage6-w60b AI-R record),7,frappe,
Sent Folder Name,translation-candidate,in-ledger (no vendor PO location match),,AI-R: confirm prior-approved exclusion at W6-0b AI-R pass (stage6-w60b AI-R record),16,frappe,
Sent On,translation-candidate,in-ledger (no vendor PO location match),,AI-R: confirm prior-approved exclusion at W6-0b AI-R pass (stage6-w60b AI-R record),7,frappe,
Sent To,translation-candidate,in-ledger (no vendor PO location match),,AI-R: confirm prior-approved exclusion at W6-0b AI-R pass (stage6-w60b AI-R record),7,frappe,
Sequence Id,translation-candidate,in-ledger (no vendor PO location match),,AI-R: confirm prior-approved exclusion at W6-0b AI-R pass (stage6-w60b AI-R record),11,frappe,
Series Updated for {},translation-candidate,in-ledger (no vendor PO location match),,AI-R: confirm prior-approved exclusion at W6-0b AI-R pass (stage6-w60b AI-R record),21,frappe,
Service,translation-candidate,in-ledger (no vendor PO location match),,AI-R: confirm prior-approved exclusion at W6-0b AI-R pass (stage6-w60b AI-R record),7,frappe,
Session Created,translation-candidate,in-ledger (no vendor PO location match),,AI-R: confirm prior-approved exclusion at W6-0b AI-R pass (stage6-w60b AI-R record),15,frappe,
Session Expiry (idle timeout),translation-candidate,in-ledger (no vendor PO location match),,AI-R: confirm prior-approved exclusion at W6-0b AI-R pass (stage6-w60b AI-R record),29,frappe,
Sessions,translation-candidate,in-ledger (no vendor PO location match),,AI-R: confirm prior-approved exclusion at W6-0b AI-R pass (stage6-w60b AI-R record),8,frappe,
Set Level,translation-candidate,in-ledger (no vendor PO location match),,AI-R: confirm prior-approved exclusion at W6-0b AI-R pass (stage6-w60b AI-R record),9,frappe,
Set Limit,translation-candidate,in-ledger (no vendor PO location match),,AI-R: confirm prior-approved exclusion at W6-0b AI-R pass (stage6-w60b AI-R record),9,frappe,
Set Properties,translation-candidate,in-ledger (no vendor PO location match),,AI-R: confirm prior-approved exclusion at W6-0b AI-R pass (stage6-w60b AI-R record),14,frappe,
Set Quantity,translation-candidate,in-ledger (no vendor PO location match),,AI-R: confirm prior-approved exclusion at W6-0b AI-R pass (stage6-w60b AI-R record),12,frappe,
Set all private,translation-candidate,in-ledger (no vendor PO location match),,AI-R: confirm prior-approved exclusion at W6-0b AI-R pass (stage6-w60b AI-R record),15,frappe,
Set all public,translation-candidate,in-ledger (no vendor PO location match),,AI-R: confirm prior-approved exclusion at W6-0b AI-R pass (stage6-w60b AI-R record),14,frappe,
Set by user,translation-candidate,in-ledger (no vendor PO location match),,AI-R: confirm prior-approved exclusion at W6-0b AI-R pass (stage6-w60b AI-R record),11,frappe,
Set only once,translation-candidate,in-ledger (no vendor PO location match),,AI-R: confirm prior-approved exclusion at W6-0b AI-R pass (stage6-w60b AI-R record),13,frappe,
Set size in MB,translation-candidate,in-ledger (no vendor PO location match),,AI-R: confirm prior-approved exclusion at W6-0b AI-R pass (stage6-w60b AI-R record),14,frappe,
Settings for Contact Us Page,translation-candidate,in-ledger (no vendor PO location match),,AI-R: confirm prior-approved exclusion at W6-0b AI-R pass (stage6-w60b AI-R record),28,frappe,
Settings for the About Us Page,translation-candidate,in-ledger (no vendor PO location match),,AI-R: confirm prior-approved exclusion at W6-0b AI-R pass (stage6-w60b AI-R record),30,frappe,
Setup > Customize Form,translation-candidate,in-ledger (no vendor PO location match),,AI-R: confirm prior-approved exclusion at W6-0b AI-R pass (stage6-w60b AI-R record),22,frappe,
Setup > User,translation-candidate,in-ledger (no vendor PO location match),,AI-R: confirm prior-approved exclusion at W6-0b AI-R pass (stage6-w60b AI-R record),12,frappe,
Setup > User Permissions,translation-candidate,in-ledger (no vendor PO location match),,AI-R: confirm prior-approved exclusion at W6-0b AI-R pass (stage6-w60b AI-R record),24,frappe,
Setup Series for transactions,translation-candidate,in-ledger (no vendor PO location match),,AI-R: confirm prior-approved exclusion at W6-0b AI-R pass (stage6-w60b AI-R record),29,frappe,
Setup failed,translation-candidate,in-ledger (no vendor PO location match),,AI-R: confirm prior-approved exclusion at W6-0b AI-R pass (stage6-w60b AI-R record),12,frappe,
Shipping Address,translation-candidate,in-ledger (no vendor PO location match),,AI-R: confirm prior-approved exclusion at W6-0b AI-R pass (stage6-w60b AI-R record),16,frappe,
Show Absolute Datetime in Timeline,translation-candidate,in-ledger (no vendor PO location match),,AI-R: confirm prior-approved exclusion at W6-0b AI-R pass (stage6-w60b AI-R record),34,frappe,
Show Absolute Values,translation-candidate,in-ledger (no vendor PO location match),,AI-R: confirm prior-approved exclusion at W6-0b AI-R pass (stage6-w60b AI-R record),20,frappe,
Show All,translation-candidate,in-ledger (no vendor PO location match),,AI-R: confirm prior-approved exclusion at W6-0b AI-R pass (stage6-w60b AI-R record),8,frappe,
Show App Icons As Folder,translation-candidate,in-ledger (no vendor PO location match),,AI-R: confirm prior-approved exclusion at W6-0b AI-R pass (stage6-w60b AI-R record),24,frappe,
Show Arrow,translation-candidate,in-ledger (no vendor PO location match),,AI-R: confirm prior-approved exclusion at W6-0b AI-R pass (stage6-w60b AI-R record),10,frappe,
Show Auth Server Metadata,translation-candidate,in-ledger (no vendor PO location match),,AI-R: confirm prior-approved exclusion at W6-0b AI-R pass (stage6-w60b AI-R record),25,frappe,
Show Currency Symbol on Right Side,translation-candidate,in-ledger (no vendor PO location match),,AI-R: confirm prior-approved exclusion at W6-0b AI-R pass (stage6-w60b AI-R record),34,frappe,
Show Error,translation-candidate,in-ledger (no vendor PO location match),,AI-R: confirm prior-approved exclusion at W6-0b AI-R pass (stage6-w60b AI-R record),10,frappe,
Show First Document Tour,translation-candidate,in-ledger (no vendor PO location match),,AI-R: confirm prior-approved exclusion at W6-0b AI-R pass (stage6-w60b AI-R record),24,frappe,
Show Full Number,translation-candidate,in-ledger (no vendor PO location match),,AI-R: confirm prior-approved exclusion at W6-0b AI-R pass (stage6-w60b AI-R record),16,frappe,
Show Labels,translation-candidate,in-ledger (no vendor PO location match),,AI-R: confirm prior-approved exclusion at W6-0b AI-R pass (stage6-w60b AI-R record),11,frappe,
Show Language Picker,translation-candidate,in-ledger (no vendor PO location match),,AI-R: confirm prior-approved exclusion at W6-0b AI-R pass (stage6-w60b AI-R record),20,frappe,
Show Links,translation-candidate,in-ledger (no vendor PO location match),,AI-R: confirm prior-approved exclusion at W6-0b AI-R pass (stage6-w60b AI-R record),10,frappe,
Show Only Failed Logs,translation-candidate,in-ledger (no vendor PO location match),,AI-R: confirm prior-approved exclusion at W6-0b AI-R pass (stage6-w60b AI-R record),21,frappe,
Show Preview,translation-candidate,in-ledger (no vendor PO location match),,AI-R: confirm prior-approved exclusion at W6-0b AI-R pass (stage6-w60b AI-R record),12,frappe,
Show Processlist,translation-candidate,in-ledger (no vendor PO location match),,AI-R: confirm prior-approved exclusion at W6-0b AI-R pass (stage6-w60b AI-R record),16,frappe,
Show Protected Resource Metadata,translation-candidate,in-ledger (no vendor PO location match),,AI-R: confirm prior-approved exclusion at W6-0b AI-R pass (stage6-w60b AI-R record),32,frappe,
Show Related Errors,translation-candidate,in-ledger (no vendor PO location match),,AI-R: confirm prior-approved exclusion at W6-0b AI-R pass (stage6-w60b AI-R record),19,frappe,
Show Tour,translation-candidate,in-ledger (no vendor PO location match),,AI-R: confirm prior-approved exclusion at W6-0b AI-R pass (stage6-w60b AI-R record),9,frappe,
Show Traceback,translation-candidate,in-ledger (no vendor PO location match),,AI-R: confirm prior-approved exclusion at W6-0b AI-R pass (stage6-w60b AI-R record),14,frappe,
Show Values over Chart,translation-candidate,in-ledger (no vendor PO location match),,AI-R: confirm prior-approved exclusion at W6-0b AI-R pass (stage6-w60b AI-R record),22,frappe,
Show all activity,translation-candidate,in-ledger (no vendor PO location match),,AI-R: confirm prior-approved exclusion at W6-0b AI-R pass (stage6-w60b AI-R record),17,frappe,
Show attachments,translation-candidate,in-ledger (no vendor PO location match),,AI-R: confirm prior-approved exclusion at W6-0b AI-R pass (stage6-w60b AI-R record),16,frappe,
Show footer on login,translation-candidate,in-ledger (no vendor PO location match),,AI-R: confirm prior-approved exclusion at W6-0b AI-R pass (stage6-w60b AI-R record),20,frappe,
Show in Resource Metadata,translation-candidate,in-ledger (no vendor PO location match),,AI-R: confirm prior-approved exclusion at W6-0b AI-R pass (stage6-w60b AI-R record),25,frappe,
Show link to document,translation-candidate,in-ledger (no vendor PO location match),,AI-R: confirm prior-approved exclusion at W6-0b AI-R pass (stage6-w60b AI-R record),21,frappe,
Show list,translation-candidate,in-ledger (no vendor PO location match),,AI-R: confirm prior-approved exclusion at W6-0b AI-R pass (stage6-w60b AI-R record),9,frappe,
Show on Timeline,translation-candidate,in-ledger (no vendor PO location match),,AI-R: confirm prior-approved exclusion at W6-0b AI-R pass (stage6-w60b AI-R record),16,frappe,
Show sidebar,translation-candidate,in-ledger (no vendor PO location match),,AI-R: confirm prior-approved exclusion at W6-0b AI-R pass (stage6-w60b AI-R record),12,frappe,
Showing only first {0} rows out of {1},translation-candidate,in-ledger (no vendor PO location match),,AI-R: confirm prior-approved exclusion at W6-0b AI-R pass (stage6-w60b AI-R record),38,frappe,
Sign Out,translation-candidate,in-ledger (no vendor PO location match),,AI-R: confirm prior-approved exclusion at W6-0b AI-R pass (stage6-w60b AI-R record),8,frappe,
Sign Up and Confirmation,translation-candidate,in-ledger (no vendor PO location match),,AI-R: confirm prior-approved exclusion at W6-0b AI-R pass (stage6-w60b AI-R record),24,frappe,
Sign ups,translation-candidate,in-ledger (no vendor PO location match),,AI-R: confirm prior-approved exclusion at W6-0b AI-R pass (stage6-w60b AI-R record),8,frappe,
Size,translation-candidate,in-ledger (no vendor PO location match),,AI-R: confirm prior-approved exclusion at W6-0b AI-R pass (stage6-w60b AI-R record),4,frappe,
Size (MB),translation-candidate,in-ledger (no vendor PO location match),,AI-R: confirm prior-approved exclusion at W6-0b AI-R pass (stage6-w60b AI-R record),9,frappe,
Skipped,translation-candidate,in-ledger (no vendor PO location match),,AI-R: confirm prior-approved exclusion at W6-0b AI-R pass (stage6-w60b AI-R record),7,frappe,
"Skipping {0} of {1}, {2}",translation-candidate,in-ledger (no vendor PO location match),,AI-R: confirm prior-approved exclusion at W6-0b AI-R pass (stage6-w60b AI-R record),24,frappe,
Slack Webhook URL,translation-candidate,in-ledger (no vendor PO location match),,AI-R: confirm prior-approved exclusion at W6-0b AI-R pass (stage6-w60b AI-R record),17,frappe,
Slideshow like display for the website,translation-candidate,in-ledger (no vendor PO location match),,AI-R: confirm prior-approved exclusion at W6-0b AI-R pass (stage6-w60b AI-R record),38,frappe,
Slug,translation-candidate,in-ledger (no vendor PO location match),,AI-R: confirm prior-approved exclusion at W6-0b AI-R pass (stage6-w60b AI-R record),4,frappe,
Snippet and more variables:  {0},translation-candidate,in-ledger (no vendor PO location match),,AI-R: confirm prior-approved exclusion at W6-0b AI-R pass (stage6-w60b AI-R record),32,frappe,
SocketIO Ping Check,translation-candidate,in-ledger (no vendor PO location match),,AI-R: confirm prior-approved exclusion at W6-0b AI-R pass (stage6-w60b AI-R record),19,frappe,
SocketIO Transport Mode,translation-candidate,in-ledger (no vendor PO location match),,AI-R: confirm prior-approved exclusion at W6-0b AI-R pass (stage6-w60b AI-R record),23,frappe,
Software ID,translation-candidate,in-ledger (no vendor PO location match),,AI-R: confirm prior-approved exclusion at W6-0b AI-R pass (stage6-w60b AI-R record),11,frappe,
Software Version,translation-candidate,in-ledger (no vendor PO location match),,AI-R: confirm prior-approved exclusion at W6-0b AI-R pass (stage6-w60b AI-R record),16,frappe,
Solid,translation-candidate,in-ledger (no vendor PO location match),,AI-R: confirm prior-approved exclusion at W6-0b AI-R pass (stage6-w60b AI-R record),5,frappe,
Something went wrong.,translation-candidate,in-ledger (no vendor PO location match),,AI-R: confirm prior-approved exclusion at W6-0b AI-R pass (stage6-w60b AI-R record),21,frappe,
Source,translation-candidate,in-ledger (no vendor PO location match),,AI-R: confirm prior-approved exclusion at W6-0b AI-R pass (stage6-w60b AI-R record),6,frappe,
Source Code,translation-candidate,in-ledger (no vendor PO location match),,AI-R: confirm prior-approved exclusion at W6-0b AI-R pass (stage6-w60b AI-R record),11,frappe,
Source Name,translation-candidate,in-ledger (no vendor PO location match),,AI-R: confirm prior-approved exclusion at W6-0b AI-R pass (stage6-w60b AI-R record),11,frappe,
Spacer,translation-candidate,in-ledger (no vendor PO location match),,AI-R: confirm prior-approved exclusion at W6-0b AI-R pass (stage6-w60b AI-R record),6,frappe,
SparkPost,translation-candidate,in-ledger (no vendor PO location match),,AI-R: confirm prior-approved exclusion at W6-0b AI-R pass (stage6-w60b AI-R record),9,frappe,
Spawns actions in a background job,translation-candidate,in-ledger (no vendor PO location match),,AI-R: confirm prior-approved exclusion at W6-0b AI-R pass (stage6-w60b AI-R record),34,frappe,
Splash Image,translation-candidate,in-ledger (no vendor PO location match),,AI-R: confirm prior-approved exclusion at W6-0b AI-R pass (stage6-w60b AI-R record),12,frappe,
Sr,translation-candidate,in-ledger (no vendor PO location match),,AI-R: confirm prior-approved exclusion at W6-0b AI-R pass (stage6-w60b AI-R record),2,frappe,
Sr No.,translation-candidate,in-ledger (no vendor PO location match),,AI-R: confirm prior-approved exclusion at W6-0b AI-R pass (stage6-w60b AI-R record),6,frappe,
Stack Trace,translation-candidate,in-ledger (no vendor PO location match),,AI-R: confirm prior-approved exclusion at W6-0b AI-R pass (stage6-w60b AI-R record),11,frappe,
Standard DocType can not be deleted.,translation-candidate,in-ledger (no vendor PO location match),,AI-R: confirm prior-approved exclusion at W6-0b AI-R pass (stage6-w60b AI-R record),36,frappe,
Standard Permissions,translation-candidate,in-ledger (no vendor PO location match),,AI-R: confirm prior-approved exclusion at W6-0b AI-R pass (stage6-w60b AI-R record),20,frappe,
Standard Reports cannot be deleted,translation-candidate,in-ledger (no vendor PO location match),,AI-R: confirm prior-approved exclusion at W6-0b AI-R pass (stage6-w60b AI-R record),34,frappe,
Standard Reports cannot be edited,translation-candidate,in-ledger (no vendor PO location match),,AI-R: confirm prior-approved exclusion at W6-0b AI-R pass (stage6-w60b AI-R record),33,frappe,
Standard rich text editor with controls,translation-candidate,in-ledger (no vendor PO location match),,AI-R: confirm prior-approved exclusion at W6-0b AI-R pass (stage6-w60b AI-R record),39,frappe,
Start,translation-candidate,in-ledger (no vendor PO location match),,AI-R: confirm prior-approved exclusion at W6-0b AI-R pass (stage6-w60b AI-R record),5,frappe,
Start Recording,translation-candidate,in-ledger (no vendor PO location match),,AI-R: confirm prior-approved exclusion at W6-0b AI-R pass (stage6-w60b AI-R record),15,frappe,
Start Time,translation-candidate,in-ledger (no vendor PO location match),,AI-R: confirm prior-approved exclusion at W6-0b AI-R pass (stage6-w60b AI-R record),10,frappe,
Start a new discussion,translation-candidate,in-ledger (no vendor PO location match),,AI-R: confirm prior-approved exclusion at W6-0b AI-R pass (stage6-w60b AI-R record),22,frappe,
Started At,translation-candidate,in-ledger (no vendor PO location match),,AI-R: confirm prior-approved exclusion at W6-0b AI-R pass (stage6-w60b AI-R record),10,frappe,
State,translation-candidate,in-ledger (no vendor PO location match),,AI-R: confirm prior-approved exclusion at W6-0b AI-R pass (stage6-w60b AI-R record),5,frappe,
State Properties,translation-candidate,in-ledger (no vendor PO location match),,AI-R: confirm prior-approved exclusion at W6-0b AI-R pass (stage6-w60b AI-R record),16,frappe,
Statistics,translation-candidate,in-ledger (no vendor PO location match),,AI-R: confirm prior-approved exclusion at W6-0b AI-R pass (stage6-w60b AI-R record),10,frappe,
Sticky,translation-candidate,in-ledger (no vendor PO location match),,AI-R: confirm prior-approved exclusion at W6-0b AI-R pass (stage6-w60b AI-R record),6,frappe,
Stop,translation-candidate,in-ledger (no vendor PO location match),,AI-R: confirm prior-approved exclusion at W6-0b AI-R pass (stage6-w60b AI-R record),4,frappe,
Storage Usage (MB),translation-candidate,in-ledger (no vendor PO location match),,AI-R: confirm prior-approved exclusion at W6-0b AI-R pass (stage6-w60b AI-R record),18,frappe,
Storage Usage By Table,translation-candidate,in-ledger (no vendor PO location match),,AI-R: confirm prior-approved exclusion at W6-0b AI-R pass (stage6-w60b AI-R record),22,frappe,
Store Attached PDF Document,translation-candidate,in-ledger (no vendor PO location match),,AI-R: confirm prior-approved exclusion at W6-0b AI-R pass (stage6-w60b AI-R record),27,frappe,
Strip EXIF tags from uploaded images,translation-candidate,in-ledger (no vendor PO location match),,AI-R: confirm prior-approved exclusion at W6-0b AI-R pass (stage6-w60b AI-R record),36,frappe,
Strong,translation-candidate,in-ledger (no vendor PO location match),,AI-R: confirm prior-approved exclusion at W6-0b AI-R pass (stage6-w60b AI-R record),6,frappe,
Subject,translation-candidate,in-ledger (no vendor PO location match),,AI-R: confirm prior-approved exclusion at W6-0b AI-R pass (stage6-w60b AI-R record),7,frappe,
Submission Queue,translation-candidate,in-ledger (no vendor PO location match),,AI-R: confirm prior-approved exclusion at W6-0b AI-R pass (stage6-w60b AI-R record),16,frappe,
Subtle,translation-candidate,in-ledger (no vendor PO location match),,AI-R: confirm prior-approved exclusion at W6-0b AI-R pass (stage6-w60b AI-R record),6,frappe,
Success,translation-candidate,in-ledger (no vendor PO location match),,AI-R: confirm prior-approved exclusion at W6-0b AI-R pass (stage6-w60b AI-R record),7,frappe,
Success URI,translation-candidate,in-ledger (no vendor PO location match),,AI-R: confirm prior-approved exclusion at W6-0b AI-R pass (stage6-w60b AI-R record),11,frappe,
Success message,translation-candidate,in-ledger (no vendor PO location match),,AI-R: confirm prior-approved exclusion at W6-0b AI-R pass (stage6-w60b AI-R record),15,frappe,
Success title,translation-candidate,in-ledger (no vendor PO location match),,AI-R: confirm prior-approved exclusion at W6-0b AI-R pass (stage6-w60b AI-R record),13,frappe,
Successful Job Count,translation-candidate,in-ledger (no vendor PO location match),,AI-R: confirm prior-approved exclusion at W6-0b AI-R pass (stage6-w60b AI-R record),20,frappe,
Successfully imported {0},translation-candidate,in-ledger (no vendor PO location match),,AI-R: confirm prior-approved exclusion at W6-0b AI-R pass (stage6-w60b AI-R record),25,frappe,
Successfully signed out,translation-candidate,in-ledger (no vendor PO location match),,AI-R: confirm prior-approved exclusion at W6-0b AI-R pass (stage6-w60b AI-R record),23,frappe,
Successfully updated {0},translation-candidate,in-ledger (no vendor PO location match),,AI-R: confirm prior-approved exclusion at W6-0b AI-R pass (stage6-w60b AI-R record),24,frappe,
Suggest Optimizations,translation-candidate,in-ledger (no vendor PO location match),,AI-R: confirm prior-approved exclusion at W6-0b AI-R pass (stage6-w60b AI-R record),21,frappe,
Suggested Indexes,translation-candidate,in-ledger (no vendor PO location match),,AI-R: confirm prior-approved exclusion at W6-0b AI-R pass (stage6-w60b AI-R record),17,frappe,
Sunday,translation-candidate,in-ledger (no vendor PO location match),,AI-R: confirm prior-approved exclusion at W6-0b AI-R pass (stage6-w60b AI-R record),6,frappe,
Switch Camera,translation-candidate,in-ledger (no vendor PO location match),,AI-R: confirm prior-approved exclusion at W6-0b AI-R pass (stage6-w60b AI-R record),13,frappe,
Switch Theme,translation-candidate,in-ledger (no vendor PO location match),,AI-R: confirm prior-approved exclusion at W6-0b AI-R pass (stage6-w60b AI-R record),12,frappe,
Switching Camera,translation-candidate,in-ledger (no vendor PO location match),,AI-R: confirm prior-approved exclusion at W6-0b AI-R pass (stage6-w60b AI-R record),16,frappe,
Sync events from Google as public,translation-candidate,in-ledger (no vendor PO location match),,AI-R: confirm prior-approved exclusion at W6-0b AI-R pass (stage6-w60b AI-R record),33,frappe,
Sync {0} Fields,translation-candidate,in-ledger (no vendor PO location match),,AI-R: confirm prior-approved exclusion at W6-0b AI-R pass (stage6-w60b AI-R record),15,frappe,
Synced Fields,translation-candidate,in-ledger (no vendor PO location match),,AI-R: confirm prior-approved exclusion at W6-0b AI-R pass (stage6-w60b AI-R record),13,frappe,
Syntax Error,translation-candidate,in-ledger (no vendor PO location match),,AI-R: confirm prior-approved exclusion at W6-0b AI-R pass (stage6-w60b AI-R record),12,frappe,
System Health,translation-candidate,in-ledger (no vendor PO location match),,AI-R: confirm prior-approved exclusion at W6-0b AI-R pass (stage6-w60b AI-R record),13,frappe,
System Logs,translation-candidate,in-ledger (no vendor PO location match),,AI-R: confirm prior-approved exclusion at W6-0b AI-R pass (stage6-w60b AI-R record),11,frappe,
System Manager privileges required.,translation-candidate,in-ledger (no vendor PO location match),,AI-R: confirm prior-approved exclusion at W6-0b AI-R pass (stage6-w60b AI-R record),35,frappe,
System Settings,translation-candidate,in-ledger (no vendor PO location match),,AI-R: confirm prior-approved exclusion at W6-0b AI-R pass (stage6-w60b AI-R record),15,frappe,
T,translation-candidate,in-ledger (no vendor PO location match),,AI-R: confirm prior-approved exclusion at W6-0b AI-R pass (stage6-w60b AI-R record),1,frappe,
TOS URI,translation-candidate,in-ledger (no vendor PO location match),,AI-R: confirm prior-approved exclusion at W6-0b AI-R pass (stage6-w60b AI-R record),7,frappe,
Tab Break,translation-candidate,in-ledger (no vendor PO location match),,AI-R: confirm prior-approved exclusion at W6-0b AI-R pass (stage6-w60b AI-R record),9,frappe,
Tab Label,translation-candidate,in-ledger (no vendor PO location match),,AI-R: confirm prior-approved exclusion at W6-0b AI-R pass (stage6-w60b AI-R record),9,frappe,
Table Field,translation-candidate,in-ledger (no vendor PO location match),,AI-R: confirm prior-approved exclusion at W6-0b AI-R pass (stage6-w60b AI-R record),11,frappe,
Table Fieldname,translation-candidate,in-ledger (no vendor PO location match),,AI-R: confirm prior-approved exclusion at W6-0b AI-R pass (stage6-w60b AI-R record),15,frappe,
Table Fieldname Missing,translation-candidate,in-ledger (no vendor PO location match),,AI-R: confirm prior-approved exclusion at W6-0b AI-R pass (stage6-w60b AI-R record),23,frappe,
Table Trimmed,translation-candidate,in-ledger (no vendor PO location match),,AI-R: confirm prior-approved exclusion at W6-0b AI-R pass (stage6-w60b AI-R record),13,frappe,
Tabloid,translation-candidate,in-ledger (no vendor PO location match),,AI-R: confirm prior-approved exclusion at W6-0b AI-R pass (stage6-w60b AI-R record),7,frappe,
Tag,translation-candidate,in-ledger (no vendor PO location match),,AI-R: confirm prior-approved exclusion at W6-0b AI-R pass (stage6-w60b AI-R record),3,frappe,
Target,translation-candidate,in-ledger (no vendor PO location match),,AI-R: confirm prior-approved exclusion at W6-0b AI-R pass (stage6-w60b AI-R record),6,frappe,
Team Members Subtitle,translation-candidate,in-ledger (no vendor PO location match),,AI-R: confirm prior-approved exclusion at W6-0b AI-R pass (stage6-w60b AI-R record),21,frappe,
Telemetry,translation-candidate,in-ledger (no vendor PO location match),,AI-R: confirm prior-approved exclusion at W6-0b AI-R pass (stage6-w60b AI-R record),9,frappe,
Template,translation-candidate,in-ledger (no vendor PO location match),,AI-R: confirm prior-approved exclusion at W6-0b AI-R pass (stage6-w60b AI-R record),8,frappe,
Template File,translation-candidate,in-ledger (no vendor PO location match),,AI-R: confirm prior-approved exclusion at W6-0b AI-R pass (stage6-w60b AI-R record),13,frappe,
Templates,translation-candidate,in-ledger (no vendor PO location match),,AI-R: confirm prior-approved exclusion at W6-0b AI-R pass (stage6-w60b AI-R record),9,frappe,
Test Data,translation-candidate,in-ledger (no vendor PO location match),,AI-R: confirm prior-approved exclusion at W6-0b AI-R pass (stage6-w60b AI-R record),9,frappe,
Test Job ID,translation-candidate,in-ledger (no vendor PO location match),,AI-R: confirm prior-approved exclusion at W6-0b AI-R pass (stage6-w60b AI-R record),11,frappe,
Test Spanish,translation-candidate,in-ledger (no vendor PO location match),,AI-R: confirm prior-approved exclusion at W6-0b AI-R pass (stage6-w60b AI-R record),12,frappe,
Thank you for your message,translation-candidate,in-ledger (no vendor PO location match),,AI-R: confirm prior-approved exclusion at W6-0b AI-R pass (stage6-w60b AI-R record),26,frappe,
Thanks,translation-candidate,in-ledger (no vendor PO location match),,AI-R: confirm prior-approved exclusion at W6-0b AI-R pass (stage6-w60b AI-R record),6,frappe,
The Condition '{0}' is invalid,translation-candidate,in-ledger (no vendor PO location match),,AI-R: confirm prior-approved exclusion at W6-0b AI-R pass (stage6-w60b AI-R record),30,frappe,
The File URL you've entered is incorrect,translation-candidate,in-ledger (no vendor PO location match),,AI-R: confirm prior-approved exclusion at W6-0b AI-R pass (stage6-w60b AI-R record),40,frappe,
The changes have been reverted.,translation-candidate,in-ledger (no vendor PO location match),,AI-R: confirm prior-approved exclusion at W6-0b AI-R pass (stage6-w60b AI-R record),31,frappe,
The country's ISO 3166 ALPHA-2 code.,translation-candidate,in-ledger (no vendor PO location match),,AI-R: confirm prior-approved exclusion at W6-0b AI-R pass (stage6-w60b AI-R record),36,frappe,
The field {0} is mandatory,translation-candidate,in-ledger (no vendor PO location match),,AI-R: confirm prior-approved exclusion at W6-0b AI-R pass (stage6-w60b AI-R record),26,frappe,
The link will expire in {0} minutes,translation-candidate,in-ledger (no vendor PO location match),,AI-R: confirm prior-approved exclusion at W6-0b AI-R pass (stage6-w60b AI-R record),35,frappe,
The reset password link has been expired,translation-candidate,in-ledger (no vendor PO location match),,AI-R: confirm prior-approved exclusion at W6-0b AI-R pass (stage6-w60b AI-R record),40,frappe,
The role {0} should be a custom role.,translation-candidate,in-ledger (no vendor PO location match),,AI-R: confirm prior-approved exclusion at W6-0b AI-R pass (stage6-w60b AI-R record),37,frappe,
The selected document {0} is not a {1}.,translation-candidate,in-ledger (no vendor PO location match),,AI-R: confirm prior-approved exclusion at W6-0b AI-R pass (stage6-w60b AI-R record),39,frappe,
Theme Changed,translation-candidate,in-ledger (no vendor PO location match),,AI-R: confirm prior-approved exclusion at W6-0b AI-R pass (stage6-w60b AI-R record),13,frappe,
There are no upcoming events for you.,translation-candidate,in-ledger (no vendor PO location match),,AI-R: confirm prior-approved exclusion at W6-0b AI-R pass (stage6-w60b AI-R record),37,frappe,
"There is no task called \""{}\""",translation-candidate,in-ledger (no vendor PO location match),,AI-R: confirm prior-approved exclusion at W6-0b AI-R pass (stage6-w60b AI-R record),30,frappe,
This Month,translation-candidate,in-ledger (no vendor PO location match),,AI-R: confirm prior-approved exclusion at W6-0b AI-R pass (stage6-w60b AI-R record),10,frappe,
This Quarter,translation-candidate,in-ledger (no vendor PO location match),,AI-R: confirm prior-approved exclusion at W6-0b AI-R pass (stage6-w60b AI-R record),12,frappe,
This Week,translation-candidate,in-ledger (no vendor PO location match),,AI-R: confirm prior-approved exclusion at W6-0b AI-R pass (stage6-w60b AI-R record),9,frappe,
This Year,translation-candidate,in-ledger (no vendor PO location match),,AI-R: confirm prior-approved exclusion at W6-0b AI-R pass (stage6-w60b AI-R record),9,frappe,
Thursday,translation-candidate,in-ledger (no vendor PO location match),,AI-R: confirm prior-approved exclusion at W6-0b AI-R pass (stage6-w60b AI-R record),8,frappe,
Time Interval,translation-candidate,in-ledger (no vendor PO location match),,AI-R: confirm prior-approved exclusion at W6-0b AI-R pass (stage6-w60b AI-R record),13,frappe,
Time Taken,translation-candidate,in-ledger (no vendor PO location match),,AI-R: confirm prior-approved exclusion at W6-0b AI-R pass (stage6-w60b AI-R record),10,frappe,
Time Window (Seconds),translation-candidate,in-ledger (no vendor PO location match),,AI-R: confirm prior-approved exclusion at W6-0b AI-R pass (stage6-w60b AI-R record),21,frappe,
Time in Queries,translation-candidate,in-ledger (no vendor PO location match),,AI-R: confirm prior-approved exclusion at W6-0b AI-R pass (stage6-w60b AI-R record),15,frappe,
Timed Out,translation-candidate,in-ledger (no vendor PO location match),,AI-R: confirm prior-approved exclusion at W6-0b AI-R pass (stage6-w60b AI-R record),9,frappe,
Timeless Launchpad,translation-candidate,in-ledger (no vendor PO location match),,AI-R: confirm prior-approved exclusion at W6-0b AI-R pass (stage6-w60b AI-R record),18,frappe,
Timeless Night,translation-candidate,in-ledger (no vendor PO location match),,AI-R: confirm prior-approved exclusion at W6-0b AI-R pass (stage6-w60b AI-R record),14,frappe,
Timeline,translation-candidate,in-ledger (no vendor PO location match),,AI-R: confirm prior-approved exclusion at W6-0b AI-R pass (stage6-w60b AI-R record),8,frappe,
Timeout,translation-candidate,in-ledger (no vendor PO location match),,AI-R: confirm prior-approved exclusion at W6-0b AI-R pass (stage6-w60b AI-R record),7,frappe,
Timeout (In Seconds),translation-candidate,in-ledger (no vendor PO location match),,AI-R: confirm prior-approved exclusion at W6-0b AI-R pass (stage6-w60b AI-R record),20,frappe,
Tip: Try the new dropdown console using,translation-candidate,in-ledger (no vendor PO location match),,AI-R: confirm prior-approved exclusion at W6-0b AI-R pass (stage6-w60b AI-R record),39,frappe,
To Date,translation-candidate,in-ledger (no vendor PO location match),,AI-R: confirm prior-approved exclusion at W6-0b AI-R pass (stage6-w60b AI-R record),7,frappe,
"To enable server scripts, read the {0}.",translation-candidate,in-ledger (no vendor PO location match),,AI-R: confirm prior-approved exclusion at W6-0b AI-R pass (stage6-w60b AI-R record),39,frappe,
To generate password click {0},translation-candidate,in-ledger (no vendor PO location match),,AI-R: confirm prior-approved exclusion at W6-0b AI-R pass (stage6-w60b AI-R record),30,frappe,
To know more click {0},translation-candidate,in-ledger (no vendor PO location match),,AI-R: confirm prior-approved exclusion at W6-0b AI-R pass (stage6-w60b AI-R record),22,frappe,
To version,translation-candidate,in-ledger (no vendor PO location match),,AI-R: confirm prior-approved exclusion at W6-0b AI-R pass (stage6-w60b AI-R record),10,frappe,
Token Cache,translation-candidate,in-ledger (no vendor PO location match),,AI-R: confirm prior-approved exclusion at W6-0b AI-R pass (stage6-w60b AI-R record),11,frappe,
Token Endpoint Auth Method,translation-candidate,in-ledger (no vendor PO location match),,AI-R: confirm prior-approved exclusion at W6-0b AI-R pass (stage6-w60b AI-R record),26,frappe,
Token Type,translation-candidate,in-ledger (no vendor PO location match),,AI-R: confirm prior-approved exclusion at W6-0b AI-R pass (stage6-w60b AI-R record),10,frappe,
Token URI,translation-candidate,in-ledger (no vendor PO location match),,AI-R: confirm prior-approved exclusion at W6-0b AI-R pass (stage6-w60b AI-R record),9,frappe,
Tomorrow,translation-candidate,in-ledger (no vendor PO location match),,AI-R: confirm prior-approved exclusion at W6-0b AI-R pass (stage6-w60b AI-R record),8,frappe,
Too Many Documents,translation-candidate,in-ledger (no vendor PO location match),,AI-R: confirm prior-approved exclusion at W6-0b AI-R pass (stage6-w60b AI-R record),18,frappe,
Top 10,translation-candidate,in-ledger (no vendor PO location match),,AI-R: confirm prior-approved exclusion at W6-0b AI-R pass (stage6-w60b AI-R record),6,frappe,
Top Center,translation-candidate,in-ledger (no vendor PO location match),,AI-R: confirm prior-approved exclusion at W6-0b AI-R pass (stage6-w60b AI-R record),10,frappe,
Top Errors,translation-candidate,in-ledger (no vendor PO location match),,AI-R: confirm prior-approved exclusion at W6-0b AI-R pass (stage6-w60b AI-R record),10,frappe,
Top Left,translation-candidate,in-ledger (no vendor PO location match),,AI-R: confirm prior-approved exclusion at W6-0b AI-R pass (stage6-w60b AI-R record),8,frappe,
Top Right,translation-candidate,in-ledger (no vendor PO location match),,AI-R: confirm prior-approved exclusion at W6-0b AI-R pass (stage6-w60b AI-R record),9,frappe,
Total Background Workers,translation-candidate,in-ledger (no vendor PO location match),,AI-R: confirm prior-approved exclusion at W6-0b AI-R pass (stage6-w60b AI-R record),24,frappe,
Total Errors (last 1 day),translation-candidate,in-ledger (no vendor PO location match),,AI-R: confirm prior-approved exclusion at W6-0b AI-R pass (stage6-w60b AI-R record),25,frappe,
Total Images,translation-candidate,in-ledger (no vendor PO location match),,AI-R: confirm prior-approved exclusion at W6-0b AI-R pass (stage6-w60b AI-R record),12,frappe,
Total Outgoing Emails,translation-candidate,in-ledger (no vendor PO location match),,AI-R: confirm prior-approved exclusion at W6-0b AI-R pass (stage6-w60b AI-R record),21,frappe,
Total Users,translation-candidate,in-ledger (no vendor PO location match),,AI-R: confirm prior-approved exclusion at W6-0b AI-R pass (stage6-w60b AI-R record),11,frappe,
Total Working Time,translation-candidate,in-ledger (no vendor PO location match),,AI-R: confirm prior-approved exclusion at W6-0b AI-R pass (stage6-w60b AI-R record),18,frappe,
Totals,translation-candidate,in-ledger (no vendor PO location match),,AI-R: confirm prior-approved exclusion at W6-0b AI-R pass (stage6-w60b AI-R record),6,frappe,
Trace ID,translation-candidate,in-ledger (no vendor PO location match),,AI-R: confirm prior-approved exclusion at W6-0b AI-R pass (stage6-w60b AI-R record),8,frappe,
Traceback,translation-candidate,in-ledger (no vendor PO location match),,AI-R: confirm prior-approved exclusion at W6-0b AI-R pass (stage6-w60b AI-R record),9,frappe,
Track Steps,translation-candidate,in-ledger (no vendor PO location match),,AI-R: confirm prior-approved exclusion at W6-0b AI-R pass (stage6-w60b AI-R record),11,frappe,
Track milestones for any document,translation-candidate,in-ledger (no vendor PO location match),,AI-R: confirm prior-approved exclusion at W6-0b AI-R pass (stage6-w60b AI-R record),33,frappe,
Transgender,translation-candidate,in-ledger (no vendor PO location match),,AI-R: confirm prior-approved exclusion at W6-0b AI-R pass (stage6-w60b AI-R record),11,frappe,
Transition Properties,translation-candidate,in-ledger (no vendor PO location match),,AI-R: confirm prior-approved exclusion at W6-0b AI-R pass (stage6-w60b AI-R record),21,frappe,
Transition Tasks,translation-candidate,in-ledger (no vendor PO location match),,AI-R: confirm prior-approved exclusion at W6-0b AI-R pass (stage6-w60b AI-R record),16,frappe,
Translate Data,translation-candidate,in-ledger (no vendor PO location match),,AI-R: confirm prior-approved exclusion at W6-0b AI-R pass (stage6-w60b AI-R record),14,frappe,
Translate values,translation-candidate,in-ledger (no vendor PO location match),,AI-R: confirm prior-approved exclusion at W6-0b AI-R pass (stage6-w60b AI-R record),16,frappe,
Translator,translation-candidate,in-ledger (no vendor PO location match),,AI-R: confirm prior-approved exclusion at W6-0b AI-R pass (stage6-w60b AI-R record),10,frappe,
Trigger caching,translation-candidate,in-ledger (no vendor PO location match),,AI-R: confirm prior-approved exclusion at W6-0b AI-R pass (stage6-w60b AI-R record),15,frappe,
Trim Table,translation-candidate,in-ledger (no vendor PO location match),,AI-R: confirm prior-approved exclusion at W6-0b AI-R pass (stage6-w60b AI-R record),10,frappe,
Try Again,translation-candidate,in-ledger (no vendor PO location match),,AI-R: confirm prior-approved exclusion at W6-0b AI-R pass (stage6-w60b AI-R record),9,frappe,
Try a Naming Series,translation-candidate,in-ledger (no vendor PO location match),,AI-R: confirm prior-approved exclusion at W6-0b AI-R pass (stage6-w60b AI-R record),19,frappe,
Tuesday,translation-candidate,in-ledger (no vendor PO location match),,AI-R: confirm prior-approved exclusion at W6-0b AI-R pass (stage6-w60b AI-R record),7,frappe,
Type a reply / comment,translation-candidate,in-ledger (no vendor PO location match),,AI-R: confirm prior-approved exclusion at W6-0b AI-R pass (stage6-w60b AI-R record),22,frappe,
Type title,translation-candidate,in-ledger (no vendor PO location match),,AI-R: confirm prior-approved exclusion at W6-0b AI-R pass (stage6-w60b AI-R record),10,frappe,
Type your reply here...,translation-candidate,in-ledger (no vendor PO location match),,AI-R: confirm prior-approved exclusion at W6-0b AI-R pass (stage6-w60b AI-R record),23,frappe,
UI Tour,translation-candidate,in-ledger (no vendor PO location match),,AI-R: confirm prior-approved exclusion at W6-0b AI-R pass (stage6-w60b AI-R record),7,frappe,
UIDNEXT,translation-candidate,in-ledger (no vendor PO location match),,AI-R: confirm prior-approved exclusion at W6-0b AI-R pass (stage6-w60b AI-R record),7,frappe,
UIDVALIDITY,translation-candidate,in-ledger (no vendor PO location match),,AI-R: confirm prior-approved exclusion at W6-0b AI-R pass (stage6-w60b AI-R record),11,frappe,
URL must start with http:// or https://,translation-candidate,in-ledger (no vendor PO location match),,AI-R: confirm prior-approved exclusion at W6-0b AI-R pass (stage6-w60b AI-R record),39,frappe,
UTM Campaign,translation-candidate,in-ledger (no vendor PO location match),,AI-R: confirm prior-approved exclusion at W6-0b AI-R pass (stage6-w60b AI-R record),12,frappe,
UTM Medium,translation-candidate,in-ledger (no vendor PO location match),,AI-R: confirm prior-approved exclusion at W6-0b AI-R pass (stage6-w60b AI-R record),10,frappe,
UTM Source,translation-candidate,in-ledger (no vendor PO location match),,AI-R: confirm prior-approved exclusion at W6-0b AI-R pass (stage6-w60b AI-R record),10,frappe,
UUID,translation-candidate,in-ledger (no vendor PO location match),,AI-R: confirm prior-approved exclusion at W6-0b AI-R pass (stage6-w60b AI-R record),4,frappe,
Un-following document {0},translation-candidate,in-ledger (no vendor PO location match),,AI-R: confirm prior-approved exclusion at W6-0b AI-R pass (stage6-w60b AI-R record),25,frappe,
Uncaught Exception,translation-candidate,in-ledger (no vendor PO location match),,AI-R: confirm prior-approved exclusion at W6-0b AI-R pass (stage6-w60b AI-R record),18,frappe,
Undo,translation-candidate,in-ledger (no vendor PO location match),,AI-R: confirm prior-approved exclusion at W6-0b AI-R pass (stage6-w60b AI-R record),4,frappe,
Undo last action,translation-candidate,in-ledger (no vendor PO location match),,AI-R: confirm prior-approved exclusion at W6-0b AI-R pass (stage6-w60b AI-R record),16,frappe,
Unhandled Emails,translation-candidate,in-ledger (no vendor PO location match),,AI-R: confirm prior-approved exclusion at W6-0b AI-R pass (stage6-w60b AI-R record),16,frappe,
Unknown,translation-candidate,in-ledger (no vendor PO location match),,AI-R: confirm prior-approved exclusion at W6-0b AI-R pass (stage6-w60b AI-R record),7,frappe,
Unknown Rounding Method: {},translation-candidate,in-ledger (no vendor PO location match),,AI-R: confirm prior-approved exclusion at W6-0b AI-R pass (stage6-w60b AI-R record),27,frappe,
Unknown file encoding. Tried to use: {0},translation-candidate,in-ledger (no vendor PO location match),,AI-R: confirm prior-approved exclusion at W6-0b AI-R pass (stage6-w60b AI-R record),40,frappe,
Unlock Reference Document,translation-candidate,in-ledger (no vendor PO location match),,AI-R: confirm prior-approved exclusion at W6-0b AI-R pass (stage6-w60b AI-R record),25,frappe,
Unpublish,translation-candidate,in-ledger (no vendor PO location match),,AI-R: confirm prior-approved exclusion at W6-0b AI-R pass (stage6-w60b AI-R record),9,frappe,
Unsafe SQL query,translation-candidate,in-ledger (no vendor PO location match),,AI-R: confirm prior-approved exclusion at W6-0b AI-R pass (stage6-w60b AI-R record),16,frappe,
Unselect All,translation-candidate,in-ledger (no vendor PO location match),,AI-R: confirm prior-approved exclusion at W6-0b AI-R pass (stage6-w60b AI-R record),12,frappe,
Unsubscribe Params,translation-candidate,in-ledger (no vendor PO location match),,AI-R: confirm prior-approved exclusion at W6-0b AI-R pass (stage6-w60b AI-R record),18,frappe,
Unsupported function or operator: {0},translation-candidate,in-ledger (no vendor PO location match),,AI-R: confirm prior-approved exclusion at W6-0b AI-R pass (stage6-w60b AI-R record),37,frappe,
Unsupported {0}: {1},translation-candidate,in-ledger (no vendor PO location match),,AI-R: confirm prior-approved exclusion at W6-0b AI-R pass (stage6-w60b AI-R record),20,frappe,
Updating global settings,translation-candidate,in-ledger (no vendor PO location match),,AI-R: confirm prior-approved exclusion at W6-0b AI-R pass (stage6-w60b AI-R record),24,frappe,
Updating naming series options,translation-candidate,in-ledger (no vendor PO location match),,AI-R: confirm prior-approved exclusion at W6-0b AI-R pass (stage6-w60b AI-R record),30,frappe,
Updating related fields...,translation-candidate,in-ledger (no vendor PO location match),,AI-R: confirm prior-approved exclusion at W6-0b AI-R pass (stage6-w60b AI-R record),26,frappe,
"Updating {0} of {1}, {2}",translation-candidate,in-ledger (no vendor PO location match),,AI-R: confirm prior-approved exclusion at W6-0b AI-R pass (stage6-w60b AI-R record),24,frappe,
Upgrade plan,translation-candidate,in-ledger (no vendor PO location match),,AI-R: confirm prior-approved exclusion at W6-0b AI-R pass (stage6-w60b AI-R record),12,frappe,
Upload Image,translation-candidate,in-ledger (no vendor PO location match),,AI-R: confirm prior-approved exclusion at W6-0b AI-R pass (stage6-w60b AI-R record),12,frappe,
Upload file,translation-candidate,in-ledger (no vendor PO location match),,AI-R: confirm prior-approved exclusion at W6-0b AI-R pass (stage6-w60b AI-R record),11,frappe,
Upload {0} files,translation-candidate,in-ledger (no vendor PO location match),,AI-R: confirm prior-approved exclusion at W6-0b AI-R pass (stage6-w60b AI-R record),16,frappe,
Use % for any non empty value.,translation-candidate,in-ledger (no vendor PO location match),,AI-R: confirm prior-approved exclusion at W6-0b AI-R pass (stage6-w60b AI-R record),30,frappe,
Use First Day of Period,translation-candidate,in-ledger (no vendor PO location match),,AI-R: confirm prior-approved exclusion at W6-0b AI-R pass (stage6-w60b AI-R record),23,frappe,
Use HTML,translation-candidate,in-ledger (no vendor PO location match),,AI-R: confirm prior-approved exclusion at W6-0b AI-R pass (stage6-w60b AI-R record),8,frappe,
Use Number Format from Currency,translation-candidate,in-ledger (no vendor PO location match),,AI-R: confirm prior-approved exclusion at W6-0b AI-R pass (stage6-w60b AI-R record),31,frappe,
Use STARTTLS,translation-candidate,in-ledger (no vendor PO location match),,AI-R: confirm prior-approved exclusion at W6-0b AI-R pass (stage6-w60b AI-R record),12,frappe,
Use a few uncommon words together.,translation-candidate,in-ledger (no vendor PO location match),,AI-R: confirm prior-approved exclusion at W6-0b AI-R pass (stage6-w60b AI-R record),34,frappe,
Use different Email ID,translation-candidate,in-ledger (no vendor PO location match),,AI-R: confirm prior-approved exclusion at W6-0b AI-R pass (stage6-w60b AI-R record),22,frappe,
Used OAuth,translation-candidate,in-ledger (no vendor PO location match),,AI-R: confirm prior-approved exclusion at W6-0b AI-R pass (stage6-w60b AI-R record),10,frappe,
User Changed,translation-candidate,in-ledger (no vendor PO location match),,AI-R: confirm prior-approved exclusion at W6-0b AI-R pass (stage6-w60b AI-R record),12,frappe,
User Details,translation-candidate,in-ledger (no vendor PO location match),,AI-R: confirm prior-approved exclusion at W6-0b AI-R pass (stage6-w60b AI-R record),12,frappe,
User Doctype Permissions,translation-candidate,in-ledger (no vendor PO location match),,AI-R: confirm prior-approved exclusion at W6-0b AI-R pass (stage6-w60b AI-R record),24,frappe,
User Document Type,translation-candidate,in-ledger (no vendor PO location match),,AI-R: confirm prior-approved exclusion at W6-0b AI-R pass (stage6-w60b AI-R record),18,frappe,
User Document Types Limit Exceeded,translation-candidate,in-ledger (no vendor PO location match),,AI-R: confirm prior-approved exclusion at W6-0b AI-R pass (stage6-w60b AI-R record),34,frappe,
User Id Field,translation-candidate,in-ledger (no vendor PO location match),,AI-R: confirm prior-approved exclusion at W6-0b AI-R pass (stage6-w60b AI-R record),13,frappe,
User Invitation,translation-candidate,in-ledger (no vendor PO location match),,AI-R: confirm prior-approved exclusion at W6-0b AI-R pass (stage6-w60b AI-R record),15,frappe,
User Permissions created successfully,translation-candidate,in-ledger (no vendor PO location match),,AI-R: confirm prior-approved exclusion at W6-0b AI-R pass (stage6-w60b AI-R record),37,frappe,
User Role,translation-candidate,in-ledger (no vendor PO location match),,AI-R: confirm prior-approved exclusion at W6-0b AI-R pass (stage6-w60b AI-R record),9,frappe,
User Role Profile,translation-candidate,in-ledger (no vendor PO location match),,AI-R: confirm prior-approved exclusion at W6-0b AI-R pass (stage6-w60b AI-R record),17,frappe,
User Select Document Type,translation-candidate,in-ledger (no vendor PO location match),,AI-R: confirm prior-approved exclusion at W6-0b AI-R pass (stage6-w60b AI-R record),25,frappe,
User Session Display,translation-candidate,in-ledger (no vendor PO location match),,AI-R: confirm prior-approved exclusion at W6-0b AI-R pass (stage6-w60b AI-R record),20,frappe,
User Settings,translation-candidate,in-ledger (no vendor PO location match),,AI-R: confirm prior-approved exclusion at W6-0b AI-R pass (stage6-w60b AI-R record),13,frappe,
User Type Module,translation-candidate,in-ledger (no vendor PO location match),,AI-R: confirm prior-approved exclusion at W6-0b AI-R pass (stage6-w60b AI-R record),16,frappe,
User does not exist.,translation-candidate,in-ledger (no vendor PO location match),,AI-R: confirm prior-approved exclusion at W6-0b AI-R pass (stage6-w60b AI-R record),20,frappe,
User is disabled,translation-candidate,in-ledger (no vendor PO location match),,AI-R: confirm prior-approved exclusion at W6-0b AI-R pass (stage6-w60b AI-R record),16,frappe,
User {0} impersonated as {1},translation-candidate,in-ledger (no vendor PO location match),,AI-R: confirm prior-approved exclusion at W6-0b AI-R pass (stage6-w60b AI-R record),28,frappe,
User {0} is disabled,translation-candidate,in-ledger (no vendor PO location match),,AI-R: confirm prior-approved exclusion at W6-0b AI-R pass (stage6-w60b AI-R record),20,frappe,
Userinfo URI,translation-candidate,in-ledger (no vendor PO location match),,AI-R: confirm prior-approved exclusion at W6-0b AI-R pass (stage6-w60b AI-R record),12,frappe,
Utilization,translation-candidate,in-ledger (no vendor PO location match),,AI-R: confirm prior-approved exclusion at W6-0b AI-R pass (stage6-w60b AI-R record),11,frappe,
Utilization %,translation-candidate,in-ledger (no vendor PO location match),,AI-R: confirm prior-approved exclusion at W6-0b AI-R pass (stage6-w60b AI-R record),13,frappe,
Valid Login id required.,translation-candidate,in-ledger (no vendor PO location match),,AI-R: confirm prior-approved exclusion at W6-0b AI-R pass (stage6-w60b AI-R record),24,frappe,
Valid email and name required,translation-candidate,in-ledger (no vendor PO location match),,AI-R: confirm prior-approved exclusion at W6-0b AI-R pass (stage6-w60b AI-R record),29,frappe,
Validate Frappe Mail Settings,translation-candidate,in-ledger (no vendor PO location match),,AI-R: confirm prior-approved exclusion at W6-0b AI-R pass (stage6-w60b AI-R record),29,frappe,
Validate SSL Certificate,translation-candidate,in-ledger (no vendor PO location match),,AI-R: confirm prior-approved exclusion at W6-0b AI-R pass (stage6-w60b AI-R record),24,frappe,
Value,translation-candidate,in-ledger (no vendor PO location match),,AI-R: confirm prior-approved exclusion at W6-0b AI-R pass (stage6-w60b AI-R record),5,frappe,
Value Change,translation-candidate,in-ledger (no vendor PO location match),,AI-R: confirm prior-approved exclusion at W6-0b AI-R pass (stage6-w60b AI-R record),12,frappe,
Values Changed,translation-candidate,in-ledger (no vendor PO location match),,AI-R: confirm prior-approved exclusion at W6-0b AI-R pass (stage6-w60b AI-R record),14,frappe,
Verification,translation-candidate,in-ledger (no vendor PO location match),,AI-R: confirm prior-approved exclusion at W6-0b AI-R pass (stage6-w60b AI-R record),12,frappe,
Verification Code,translation-candidate,in-ledger (no vendor PO location match),,AI-R: confirm prior-approved exclusion at W6-0b AI-R pass (stage6-w60b AI-R record),17,frappe,
Verifying...,translation-candidate,in-ledger (no vendor PO location match),,AI-R: confirm prior-approved exclusion at W6-0b AI-R pass (stage6-w60b AI-R record),12,frappe,
Views,translation-candidate,in-ledger (no vendor PO location match),,AI-R: confirm prior-approved exclusion at W6-0b AI-R pass (stage6-w60b AI-R record),5,frappe,
Virtual,translation-candidate,in-ledger (no vendor PO location match),,AI-R: confirm prior-approved exclusion at W6-0b AI-R pass (stage6-w60b AI-R record),7,frappe,
Virtual tables must be virtual fields,translation-candidate,in-ledger (no vendor PO location match),,AI-R: confirm prior-approved exclusion at W6-0b AI-R pass (stage6-w60b AI-R record),37,frappe,
Visibility,translation-candidate,in-ledger (no vendor PO location match),,AI-R: confirm prior-approved exclusion at W6-0b AI-R pass (stage6-w60b AI-R record),10,frappe,
Visible to website/portal users.,translation-candidate,in-ledger (no vendor PO location match),,AI-R: confirm prior-approved exclusion at W6-0b AI-R pass (stage6-w60b AI-R record),32,frappe,
Visit Desktop,translation-candidate,in-ledger (no vendor PO location match),,AI-R: confirm prior-approved exclusion at W6-0b AI-R pass (stage6-w60b AI-R record),13,frappe,
Visitor ID,translation-candidate,in-ledger (no vendor PO location match),,AI-R: confirm prior-approved exclusion at W6-0b AI-R pass (stage6-w60b AI-R record),10,frappe,
Want to discuss?,translation-candidate,in-ledger (no vendor PO location match),,AI-R: confirm prior-approved exclusion at W6-0b AI-R pass (stage6-w60b AI-R record),16,frappe,
Warning,translation-candidate,in-ledger (no vendor PO location match),,AI-R: confirm prior-approved exclusion at W6-0b AI-R pass (stage6-w60b AI-R record),7,frappe,
Warning: Naming is not set,translation-candidate,in-ledger (no vendor PO location match),,AI-R: confirm prior-approved exclusion at W6-0b AI-R pass (stage6-w60b AI-R record),26,frappe,
Watch Tutorial,translation-candidate,in-ledger (no vendor PO location match),,AI-R: confirm prior-approved exclusion at W6-0b AI-R pass (stage6-w60b AI-R record),14,frappe,
Watch Video,translation-candidate,in-ledger (no vendor PO location match),,AI-R: confirm prior-approved exclusion at W6-0b AI-R pass (stage6-w60b AI-R record),11,frappe,
We've received your query!,translation-candidate,in-ledger (no vendor PO location match),,AI-R: confirm prior-approved exclusion at W6-0b AI-R pass (stage6-w60b AI-R record),26,frappe,
Weak,translation-candidate,in-ledger (no vendor PO location match),,AI-R: confirm prior-approved exclusion at W6-0b AI-R pass (stage6-w60b AI-R record),4,frappe,
Web Page URL,translation-candidate,in-ledger (no vendor PO location match),,AI-R: confirm prior-approved exclusion at W6-0b AI-R pass (stage6-w60b AI-R record),12,frappe,
Web Template is not specified,translation-candidate,in-ledger (no vendor PO location match),,AI-R: confirm prior-approved exclusion at W6-0b AI-R pass (stage6-w60b AI-R record),29,frappe,
Webhook,translation-candidate,in-ledger (no vendor PO location match),,AI-R: confirm prior-approved exclusion at W6-0b AI-R pass (stage6-w60b AI-R record),7,frappe,
Webhook Request Log,translation-candidate,in-ledger (no vendor PO location match),,AI-R: confirm prior-approved exclusion at W6-0b AI-R pass (stage6-w60b AI-R record),19,frappe,
Webhook Secret,translation-candidate,in-ledger (no vendor PO location match),,AI-R: confirm prior-approved exclusion at W6-0b AI-R pass (stage6-w60b AI-R record),14,frappe,
Webhook Trigger,translation-candidate,in-ledger (no vendor PO location match),,AI-R: confirm prior-approved exclusion at W6-0b AI-R pass (stage6-w60b AI-R record),15,frappe,
Webhook URL,translation-candidate,in-ledger (no vendor PO location match),,AI-R: confirm prior-approved exclusion at W6-0b AI-R pass (stage6-w60b AI-R record),11,frappe,
Website Manager,translation-candidate,in-ledger (no vendor PO location match),,AI-R: confirm prior-approved exclusion at W6-0b AI-R pass (stage6-w60b AI-R record),15,frappe,
Website Script,translation-candidate,in-ledger (no vendor PO location match),,AI-R: confirm prior-approved exclusion at W6-0b AI-R pass (stage6-w60b AI-R record),14,frappe,
Website Settings,translation-candidate,in-ledger (no vendor PO location match),,AI-R: confirm prior-approved exclusion at W6-0b AI-R pass (stage6-w60b AI-R record),16,frappe,
Website Theme,translation-candidate,in-ledger (no vendor PO location match),,AI-R: confirm prior-approved exclusion at W6-0b AI-R pass (stage6-w60b AI-R record),13,frappe,
Website Theme image link,translation-candidate,in-ledger (no vendor PO location match),,AI-R: confirm prior-approved exclusion at W6-0b AI-R pass (stage6-w60b AI-R record),24,frappe,
Website Themes Available,translation-candidate,in-ledger (no vendor PO location match),,AI-R: confirm prior-approved exclusion at W6-0b AI-R pass (stage6-w60b AI-R record),24,frappe,
Website Visits,translation-candidate,in-ledger (no vendor PO location match),,AI-R: confirm prior-approved exclusion at W6-0b AI-R pass (stage6-w60b AI-R record),14,frappe,
Websocket,translation-candidate,in-ledger (no vendor PO location match),,AI-R: confirm prior-approved exclusion at W6-0b AI-R pass (stage6-w60b AI-R record),9,frappe,
Wednesday,translation-candidate,in-ledger (no vendor PO location match),,AI-R: confirm prior-approved exclusion at W6-0b AI-R pass (stage6-w60b AI-R record),9,frappe,
Weekly,translation-candidate,in-ledger (no vendor PO location match),,AI-R: confirm prior-approved exclusion at W6-0b AI-R pass (stage6-w60b AI-R record),6,frappe,
Welcome,translation-candidate,in-ledger (no vendor PO location match),,AI-R: confirm prior-approved exclusion at W6-0b AI-R pass (stage6-w60b AI-R record),7,frappe,
Welcome URL,translation-candidate,in-ledger (no vendor PO location match),,AI-R: confirm prior-approved exclusion at W6-0b AI-R pass (stage6-w60b AI-R record),11,frappe,
Welcome Workspace,translation-candidate,in-ledger (no vendor PO location match),,AI-R: confirm prior-approved exclusion at W6-0b AI-R pass (stage6-w60b AI-R record),17,frappe,
Welcome to {0},translation-candidate,in-ledger (no vendor PO location match),,AI-R: confirm prior-approved exclusion at W6-0b AI-R pass (stage6-w60b AI-R record),14,frappe,
Widths can be set in px or %.,translation-candidate,in-ledger (no vendor PO location match),,AI-R: confirm prior-approved exclusion at W6-0b AI-R pass (stage6-w60b AI-R record),29,frappe,
Worker Information,translation-candidate,in-ledger (no vendor PO location match),,AI-R: confirm prior-approved exclusion at W6-0b AI-R pass (stage6-w60b AI-R record),18,frappe,
Worker Name,translation-candidate,in-ledger (no vendor PO location match),,AI-R: confirm prior-approved exclusion at W6-0b AI-R pass (stage6-w60b AI-R record),11,frappe,
Workflow Action,translation-candidate,in-ledger (no vendor PO location match),,AI-R: confirm prior-approved exclusion at W6-0b AI-R pass (stage6-w60b AI-R record),15,frappe,
Workflow Action Permitted Role,translation-candidate,in-ledger (no vendor PO location match),,AI-R: confirm prior-approved exclusion at W6-0b AI-R pass (stage6-w60b AI-R record),30,frappe,
Workflow Builder,translation-candidate,in-ledger (no vendor PO location match),,AI-R: confirm prior-approved exclusion at W6-0b AI-R pass (stage6-w60b AI-R record),16,frappe,
Workflow Builder ID,translation-candidate,in-ledger (no vendor PO location match),,AI-R: confirm prior-approved exclusion at W6-0b AI-R pass (stage6-w60b AI-R record),19,frappe,
Workflow Data,translation-candidate,in-ledger (no vendor PO location match),,AI-R: confirm prior-approved exclusion at W6-0b AI-R pass (stage6-w60b AI-R record),13,frappe,
Workflow Details,translation-candidate,in-ledger (no vendor PO location match),,AI-R: confirm prior-approved exclusion at W6-0b AI-R pass (stage6-w60b AI-R record),16,frappe,
Workflow State,translation-candidate,in-ledger (no vendor PO location match),,AI-R: confirm prior-approved exclusion at W6-0b AI-R pass (stage6-w60b AI-R record),14,frappe,
Workflow States Don't Exist,translation-candidate,in-ledger (no vendor PO location match),,AI-R: confirm prior-approved exclusion at W6-0b AI-R pass (stage6-w60b AI-R record),27,frappe,
Workflow Task,translation-candidate,in-ledger (no vendor PO location match),,AI-R: confirm prior-approved exclusion at W6-0b AI-R pass (stage6-w60b AI-R record),13,frappe,
Workflow Transition Task,translation-candidate,in-ledger (no vendor PO location match),,AI-R: confirm prior-approved exclusion at W6-0b AI-R pass (stage6-w60b AI-R record),24,frappe,
Workflow Transition Tasks,translation-candidate,in-ledger (no vendor PO location match),,AI-R: confirm prior-approved exclusion at W6-0b AI-R pass (stage6-w60b AI-R record),25,frappe,
Workflow updated successfully,translation-candidate,in-ledger (no vendor PO location match),,AI-R: confirm prior-approved exclusion at W6-0b AI-R pass (stage6-w60b AI-R record),29,frappe,
Workspace <b>{0}</b> does not exist,EXCEPTION-technical,in-ledger (no vendor PO location match),"Keep vendor code/symbol/markup content untouched — technical fragment, no translation",AI-R: confirm technical suppress at W6-0b AI-R pass (stage6-w60b AI-R record),35,frappe,
Workspace Chart,translation-candidate,in-ledger (no vendor PO location match),,AI-R: confirm prior-approved exclusion at W6-0b AI-R pass (stage6-w60b AI-R record),15,frappe,
Workspace Custom Block,translation-candidate,in-ledger (no vendor PO location match),,AI-R: confirm prior-approved exclusion at W6-0b AI-R pass (stage6-w60b AI-R record),22,frappe,
Workspace Manager,translation-candidate,in-ledger (no vendor PO location match),,AI-R: confirm prior-approved exclusion at W6-0b AI-R pass (stage6-w60b AI-R record),17,frappe,
Workspace Number Card,translation-candidate,in-ledger (no vendor PO location match),,AI-R: confirm prior-approved exclusion at W6-0b AI-R pass (stage6-w60b AI-R record),21,frappe,
Workspace Settings,translation-candidate,in-ledger (no vendor PO location match),,AI-R: confirm prior-approved exclusion at W6-0b AI-R pass (stage6-w60b AI-R record),18,frappe,
Workspace Setup Completed,translation-candidate,in-ledger (no vendor PO location match),,AI-R: confirm prior-approved exclusion at W6-0b AI-R pass (stage6-w60b AI-R record),25,frappe,
Workspace Shortcut,translation-candidate,in-ledger (no vendor PO location match),,AI-R: confirm prior-approved exclusion at W6-0b AI-R pass (stage6-w60b AI-R record),18,frappe,
Workspace Visibility,translation-candidate,in-ledger (no vendor PO location match),,AI-R: confirm prior-approved exclusion at W6-0b AI-R pass (stage6-w60b AI-R record),20,frappe,
Workspace {0} created,translation-candidate,in-ledger (no vendor PO location match),,AI-R: confirm prior-approved exclusion at W6-0b AI-R pass (stage6-w60b AI-R record),21,frappe,
Wrapping up,translation-candidate,in-ledger (no vendor PO location match),,AI-R: confirm prior-approved exclusion at W6-0b AI-R pass (stage6-w60b AI-R record),11,frappe,
XLSX,translation-candidate,in-ledger (no vendor PO location match),,AI-R: confirm prior-approved exclusion at W6-0b AI-R pass (stage6-w60b AI-R record),4,frappe,
XMLHttpRequest Error,translation-candidate,in-ledger (no vendor PO location match),,AI-R: confirm prior-approved exclusion at W6-0b AI-R pass (stage6-w60b AI-R record),20,frappe,
Yandex.Mail,translation-candidate,in-ledger (no vendor PO location match),,AI-R: confirm prior-approved exclusion at W6-0b AI-R pass (stage6-w60b AI-R record),11,frappe,
Year,translation-candidate,in-ledger (no vendor PO location match),,AI-R: confirm prior-approved exclusion at W6-0b AI-R pass (stage6-w60b AI-R record),4,frappe,
Yearly,translation-candidate,in-ledger (no vendor PO location match),,AI-R: confirm prior-approved exclusion at W6-0b AI-R pass (stage6-w60b AI-R record),6,frappe,
Yellow,translation-candidate,in-ledger (no vendor PO location match),,AI-R: confirm prior-approved exclusion at W6-0b AI-R pass (stage6-w60b AI-R record),6,frappe,
Yesterday,translation-candidate,in-ledger (no vendor PO location match),,AI-R: confirm prior-approved exclusion at W6-0b AI-R pass (stage6-w60b AI-R record),9,frappe,
You Liked,translation-candidate,in-ledger (no vendor PO location match),,AI-R: confirm prior-approved exclusion at W6-0b AI-R pass (stage6-w60b AI-R record),9,frappe,
You added 1 row to {0},translation-candidate,in-ledger (no vendor PO location match),,AI-R: confirm prior-approved exclusion at W6-0b AI-R pass (stage6-w60b AI-R record),22,frappe,
You added {0} rows to {1},translation-candidate,in-ledger (no vendor PO location match),,AI-R: confirm prior-approved exclusion at W6-0b AI-R pass (stage6-w60b AI-R record),25,frappe,
You are impersonating as another user.,translation-candidate,in-ledger (no vendor PO location match),,AI-R: confirm prior-approved exclusion at W6-0b AI-R pass (stage6-w60b AI-R record),38,frappe,
You are not allowed to edit the report.,translation-candidate,in-ledger (no vendor PO location match),,AI-R: confirm prior-approved exclusion at W6-0b AI-R pass (stage6-w60b AI-R record),39,frappe,
You attached {0},translation-candidate,in-ledger (no vendor PO location match),,AI-R: confirm prior-approved exclusion at W6-0b AI-R pass (stage6-w60b AI-R record),16,frappe,
You can also copy-paste this,translation-candidate,in-ledger (no vendor PO location match),,AI-R: confirm prior-approved exclusion at W6-0b AI-R pass (stage6-w60b AI-R record),28,frappe,
"You can select one from the following,",translation-candidate,in-ledger (no vendor PO location match),,AI-R: confirm prior-approved exclusion at W6-0b AI-R pass (stage6-w60b AI-R record),38,frappe,
You can use wildcard %,translation-candidate,in-ledger (no vendor PO location match),,AI-R: confirm prior-approved exclusion at W6-0b AI-R pass (stage6-w60b AI-R record),22,frappe,
You cancelled this document,translation-candidate,in-ledger (no vendor PO location match),,AI-R: confirm prior-approved exclusion at W6-0b AI-R pass (stage6-w60b AI-R record),27,frappe,
You cancelled this document {1},translation-candidate,in-ledger (no vendor PO location match),,AI-R: confirm prior-approved exclusion at W6-0b AI-R pass (stage6-w60b AI-R record),31,frappe,
You changed the value of {0},translation-candidate,in-ledger (no vendor PO location match),,AI-R: confirm prior-approved exclusion at W6-0b AI-R pass (stage6-w60b AI-R record),28,frappe,
You changed the value of {0} {1},translation-candidate,in-ledger (no vendor PO location match),,AI-R: confirm prior-approved exclusion at W6-0b AI-R pass (stage6-w60b AI-R record),32,frappe,
You changed the values for {0},translation-candidate,in-ledger (no vendor PO location match),,AI-R: confirm prior-approved exclusion at W6-0b AI-R pass (stage6-w60b AI-R record),30,frappe,
You changed the values for {0} {1},translation-candidate,in-ledger (no vendor PO location match),,AI-R: confirm prior-approved exclusion at W6-0b AI-R pass (stage6-w60b AI-R record),34,frappe,
You changed {0} to {1},translation-candidate,in-ledger (no vendor PO location match),,AI-R: confirm prior-approved exclusion at W6-0b AI-R pass (stage6-w60b AI-R record),22,frappe,
You created this,translation-candidate,in-ledger (no vendor PO location match),,AI-R: confirm prior-approved exclusion at W6-0b AI-R pass (stage6-w60b AI-R record),16,frappe,
You created this document {0},translation-candidate,in-ledger (no vendor PO location match),,AI-R: confirm prior-approved exclusion at W6-0b AI-R pass (stage6-w60b AI-R record),29,frappe,
You have a new message from:,translation-candidate,in-ledger (no vendor PO location match),,AI-R: confirm prior-approved exclusion at W6-0b AI-R pass (stage6-w60b AI-R record),28,frappe,
You haven't created a {0} yet,translation-candidate,in-ledger (no vendor PO location match),,AI-R: confirm prior-approved exclusion at W6-0b AI-R pass (stage6-w60b AI-R record),29,frappe,
You last edited this,translation-candidate,in-ledger (no vendor PO location match),,AI-R: confirm prior-approved exclusion at W6-0b AI-R pass (stage6-w60b AI-R record),20,frappe,
You must add atleast one link.,translation-candidate,in-ledger (no vendor PO location match),,AI-R: confirm prior-approved exclusion at W6-0b AI-R pass (stage6-w60b AI-R record),30,frappe,
You must be logged in to use this form.,translation-candidate,in-ledger (no vendor PO location match),,AI-R: confirm prior-approved exclusion at W6-0b AI-R pass (stage6-w60b AI-R record),39,frappe,
You need to create these first:,translation-candidate,in-ledger (no vendor PO location match),,AI-R: confirm prior-approved exclusion at W6-0b AI-R pass (stage6-w60b AI-R record),31,frappe,
You need to set one IMAP folder for {0},translation-candidate,in-ledger (no vendor PO location match),,AI-R: confirm prior-approved exclusion at W6-0b AI-R pass (stage6-w60b AI-R record),39,frappe,
You removed 1 row from {0},translation-candidate,in-ledger (no vendor PO location match),,AI-R: confirm prior-approved exclusion at W6-0b AI-R pass (stage6-w60b AI-R record),26,frappe,
You removed attachment {0},translation-candidate,in-ledger (no vendor PO location match),,AI-R: confirm prior-approved exclusion at W6-0b AI-R pass (stage6-w60b AI-R record),26,frappe,
You removed {0} rows from {1},translation-candidate,in-ledger (no vendor PO location match),,AI-R: confirm prior-approved exclusion at W6-0b AI-R pass (stage6-w60b AI-R record),29,frappe,
You submitted this document,translation-candidate,in-ledger (no vendor PO location match),,AI-R: confirm prior-approved exclusion at W6-0b AI-R pass (stage6-w60b AI-R record),27,frappe,
You submitted this document {0},translation-candidate,in-ledger (no vendor PO location match),,AI-R: confirm prior-approved exclusion at W6-0b AI-R pass (stage6-w60b AI-R record),31,frappe,
You viewed this,translation-candidate,in-ledger (no vendor PO location match),,AI-R: confirm prior-approved exclusion at W6-0b AI-R pass (stage6-w60b AI-R record),15,frappe,
You will be redirected to:,translation-candidate,in-ledger (no vendor PO location match),,AI-R: confirm prior-approved exclusion at W6-0b AI-R pass (stage6-w60b AI-R record),26,frappe,
You've been invited to join {0},translation-candidate,in-ledger (no vendor PO location match),,AI-R: confirm prior-approved exclusion at W6-0b AI-R pass (stage6-w60b AI-R record),31,frappe,
You've been invited to join {0}.,translation-candidate,in-ledger (no vendor PO location match),,AI-R: confirm prior-approved exclusion at W6-0b AI-R pass (stage6-w60b AI-R record),32,frappe,
Your PDF is ready for download,translation-candidate,in-ledger (no vendor PO location match),,AI-R: confirm prior-approved exclusion at W6-0b AI-R pass (stage6-w60b AI-R record),30,frappe,
Your account has been deleted,translation-candidate,in-ledger (no vendor PO location match),,AI-R: confirm prior-approved exclusion at W6-0b AI-R pass (stage6-w60b AI-R record),29,frappe,
Your exported report: {0},translation-candidate,in-ledger (no vendor PO location match),,AI-R: confirm prior-approved exclusion at W6-0b AI-R pass (stage6-w60b AI-R record),25,frappe,
Your form has been successfully updated,translation-candidate,in-ledger (no vendor PO location match),,AI-R: confirm prior-approved exclusion at W6-0b AI-R pass (stage6-w60b AI-R record),39,frappe,
Your invitation to join {0} has expired.,translation-candidate,in-ledger (no vendor PO location match),,AI-R: confirm prior-approved exclusion at W6-0b AI-R pass (stage6-w60b AI-R record),40,frappe,
Your old password is incorrect.,translation-candidate,in-ledger (no vendor PO location match),,AI-R: confirm prior-approved exclusion at W6-0b AI-R pass (stage6-w60b AI-R record),31,frappe,
Your verification code is {0},translation-candidate,in-ledger (no vendor PO location match),,AI-R: confirm prior-approved exclusion at W6-0b AI-R pass (stage6-w60b AI-R record),29,frappe,
[Action taken by {0}],translation-candidate,in-ledger (no vendor PO location match),,AI-R: confirm prior-approved exclusion at W6-0b AI-R pass (stage6-w60b AI-R record),21,frappe,
and,translation-candidate,in-ledger (no vendor PO location match),,AI-R: confirm prior-approved exclusion at W6-0b AI-R pass (stage6-w60b AI-R record),3,frappe,
ascending,translation-candidate,in-ledger (no vendor PO location match),,AI-R: confirm prior-approved exclusion at W6-0b AI-R pass (stage6-w60b AI-R record),9,frappe,
by Role,translation-candidate,in-ledger (no vendor PO location match),,AI-R: confirm prior-approved exclusion at W6-0b AI-R pass (stage6-w60b AI-R record),7,frappe,
cProfile Output,translation-candidate,in-ledger (no vendor PO location match),,AI-R: confirm prior-approved exclusion at W6-0b AI-R pass (stage6-w60b AI-R record),15,frappe,
chrome,translation-candidate,in-ledger (no vendor PO location match),,AI-R: confirm prior-approved exclusion at W6-0b AI-R pass (stage6-w60b AI-R record),6,frappe,
commented,translation-candidate,in-ledger (no vendor PO location match),,AI-R: confirm prior-approved exclusion at W6-0b AI-R pass (stage6-w60b AI-R record),9,frappe,
cyan,translation-candidate,in-ledger (no vendor PO location match),,AI-R: confirm prior-approved exclusion at W6-0b AI-R pass (stage6-w60b AI-R record),4,frappe,
dd.mm.yyyy,translation-candidate,in-ledger (no vendor PO location match),,AI-R: confirm prior-approved exclusion at W6-0b AI-R pass (stage6-w60b AI-R record),10,frappe,
deferred,translation-candidate,in-ledger (no vendor PO location match),,AI-R: confirm prior-approved exclusion at W6-0b AI-R pass (stage6-w60b AI-R record),8,frappe,
descending,translation-candidate,in-ledger (no vendor PO location match),,AI-R: confirm prior-approved exclusion at W6-0b AI-R pass (stage6-w60b AI-R record),10,frappe,
emacs,translation-candidate,in-ledger (no vendor PO location match),,AI-R: confirm prior-approved exclusion at W6-0b AI-R pass (stage6-w60b AI-R record),5,frappe,
email,translation-candidate,in-ledger (no vendor PO location match),,AI-R: confirm prior-approved exclusion at W6-0b AI-R pass (stage6-w60b AI-R record),5,frappe,
esc,translation-candidate,in-ledger (no vendor PO location match),,AI-R: confirm prior-approved exclusion at W6-0b AI-R pass (stage6-w60b AI-R record),3,frappe,
fairlogin,translation-candidate,in-ledger (no vendor PO location match),,AI-R: confirm prior-approved exclusion at W6-0b AI-R pass (stage6-w60b AI-R record),9,frappe,
gray,translation-candidate,in-ledger (no vendor PO location match),,AI-R: confirm prior-approved exclusion at W6-0b AI-R pass (stage6-w60b AI-R record),4,frappe,
grey,translation-candidate,in-ledger (no vendor PO location match),,AI-R: confirm prior-approved exclusion at W6-0b AI-R pass (stage6-w60b AI-R record),4,frappe,
jane@example.com,translation-candidate,in-ledger (no vendor PO location match),,AI-R: confirm prior-approved exclusion at W6-0b AI-R pass (stage6-w60b AI-R record),16,frappe,
label,translation-candidate,in-ledger (no vendor PO location match),,AI-R: confirm prior-approved exclusion at W6-0b AI-R pass (stage6-w60b AI-R record),5,frappe,
light-blue,translation-candidate,in-ledger (no vendor PO location match),,AI-R: confirm prior-approved exclusion at W6-0b AI-R pass (stage6-w60b AI-R record),10,frappe,
login_required,translation-candidate,in-ledger (no vendor PO location match),,AI-R: confirm prior-approved exclusion at W6-0b AI-R pass (stage6-w60b AI-R record),14,frappe,
long,translation-candidate,in-ledger (no vendor PO location match),,AI-R: confirm prior-approved exclusion at W6-0b AI-R pass (stage6-w60b AI-R record),4,frappe,
macOS Launchpad,translation-candidate,in-ledger (no vendor PO location match),,AI-R: confirm prior-approved exclusion at W6-0b AI-R pass (stage6-w60b AI-R record),15,frappe,
nonce,translation-candidate,in-ledger (no vendor PO location match),,AI-R: confirm prior-approved exclusion at W6-0b AI-R pass (stage6-w60b AI-R record),5,frappe,
notified,translation-candidate,in-ledger (no vendor PO location match),,AI-R: confirm prior-approved exclusion at W6-0b AI-R pass (stage6-w60b AI-R record),8,frappe,
of,translation-candidate,in-ledger (no vendor PO location match),,AI-R: confirm prior-approved exclusion at W6-0b AI-R pass (stage6-w60b AI-R record),2,frappe,
on_cancel,translation-candidate,in-ledger (no vendor PO location match),,AI-R: confirm prior-approved exclusion at W6-0b AI-R pass (stage6-w60b AI-R record),9,frappe,
on_submit,translation-candidate,in-ledger (no vendor PO location match),,AI-R: confirm prior-approved exclusion at W6-0b AI-R pass (stage6-w60b AI-R record),9,frappe,
on_trash,translation-candidate,in-ledger (no vendor PO location match),,AI-R: confirm prior-approved exclusion at W6-0b AI-R pass (stage6-w60b AI-R record),8,frappe,
on_update,translation-candidate,in-ledger (no vendor PO location match),,AI-R: confirm prior-approved exclusion at W6-0b AI-R pass (stage6-w60b AI-R record),9,frappe,
on_update_after_submit,translation-candidate,in-ledger (no vendor PO location match),,AI-R: confirm prior-approved exclusion at W6-0b AI-R pass (stage6-w60b AI-R record),22,frappe,
or,translation-candidate,in-ledger (no vendor PO location match),,AI-R: confirm prior-approved exclusion at W6-0b AI-R pass (stage6-w60b AI-R record),2,frappe,
pink,translation-candidate,in-ledger (no vendor PO location match),,AI-R: confirm prior-approved exclusion at W6-0b AI-R pass (stage6-w60b AI-R record),4,frappe,
plain,translation-candidate,in-ledger (no vendor PO location match),,AI-R: confirm prior-approved exclusion at W6-0b AI-R pass (stage6-w60b AI-R record),5,frappe,
processlist,translation-candidate,in-ledger (no vendor PO location match),,AI-R: confirm prior-approved exclusion at W6-0b AI-R pass (stage6-w60b AI-R record),11,frappe,
s256,translation-candidate,in-ledger (no vendor PO location match),,AI-R: confirm prior-approved exclusion at W6-0b AI-R pass (stage6-w60b AI-R record),4,frappe,
short,translation-candidate,in-ledger (no vendor PO location match),,AI-R: confirm prior-approved exclusion at W6-0b AI-R pass (stage6-w60b AI-R record),5,frappe,
starting the setup...,translation-candidate,in-ledger (no vendor PO location match),,AI-R: confirm prior-approved exclusion at W6-0b AI-R pass (stage6-w60b AI-R record),21,frappe,
"string value, i.e. group",translation-candidate,in-ledger (no vendor PO location match),,AI-R: confirm prior-approved exclusion at W6-0b AI-R pass (stage6-w60b AI-R record),24,frappe,
"string value, i.e. member",translation-candidate,in-ledger (no vendor PO location match),,AI-R: confirm prior-approved exclusion at W6-0b AI-R pass (stage6-w60b AI-R record),25,frappe,
this form,translation-candidate,in-ledger (no vendor PO location match),,AI-R: confirm prior-approved exclusion at W6-0b AI-R pass (stage6-w60b AI-R record),9,frappe,
this shouldn't break,translation-candidate,in-ledger (no vendor PO location match),,AI-R: confirm prior-approved exclusion at W6-0b AI-R pass (stage6-w60b AI-R record),20,frappe,
to close,translation-candidate,in-ledger (no vendor PO location match),,AI-R: confirm prior-approved exclusion at W6-0b AI-R pass (stage6-w60b AI-R record),8,frappe,
to navigate,translation-candidate,in-ledger (no vendor PO location match),,AI-R: confirm prior-approved exclusion at W6-0b AI-R pass (stage6-w60b AI-R record),11,frappe,
to select,translation-candidate,in-ledger (no vendor PO location match),,AI-R: confirm prior-approved exclusion at W6-0b AI-R pass (stage6-w60b AI-R record),9,frappe,
to your browser,translation-candidate,in-ledger (no vendor PO location match),,AI-R: confirm prior-approved exclusion at W6-0b AI-R pass (stage6-w60b AI-R record),15,frappe,
updated to {0},translation-candidate,in-ledger (no vendor PO location match),,AI-R: confirm prior-approved exclusion at W6-0b AI-R pass (stage6-w60b AI-R record),14,frappe,
use % as wildcard,translation-candidate,in-ledger (no vendor PO location match),,AI-R: confirm prior-approved exclusion at W6-0b AI-R pass (stage6-w60b AI-R record),17,frappe,
version_table,translation-candidate,in-ledger (no vendor PO location match),,AI-R: confirm prior-approved exclusion at W6-0b AI-R pass (stage6-w60b AI-R record),13,frappe,
via Auto Repeat,translation-candidate,in-ledger (no vendor PO location match),,AI-R: confirm prior-approved exclusion at W6-0b AI-R pass (stage6-w60b AI-R record),15,frappe,
via Google Meet,translation-candidate,in-ledger (no vendor PO location match),,AI-R: confirm prior-approved exclusion at W6-0b AI-R pass (stage6-w60b AI-R record),15,frappe,
vim,translation-candidate,in-ledger (no vendor PO location match),,AI-R: confirm prior-approved exclusion at W6-0b AI-R pass (stage6-w60b AI-R record),3,frappe,
vscode,translation-candidate,in-ledger (no vendor PO location match),,AI-R: confirm prior-approved exclusion at W6-0b AI-R pass (stage6-w60b AI-R record),6,frappe,
wkhtmltopdf,translation-candidate,in-ledger (no vendor PO location match),,AI-R: confirm prior-approved exclusion at W6-0b AI-R pass (stage6-w60b AI-R record),11,frappe,
wkhtmltopdf 0.12.x (with patched qt).,translation-candidate,in-ledger (no vendor PO location match),,AI-R: confirm prior-approved exclusion at W6-0b AI-R pass (stage6-w60b AI-R record),37,frappe,
workflow_transition,translation-candidate,in-ledger (no vendor PO location match),,AI-R: confirm prior-approved exclusion at W6-0b AI-R pass (stage6-w60b AI-R record),19,frappe,
yyyy-mm-dd,translation-candidate,in-ledger (no vendor PO location match),,AI-R: confirm prior-approved exclusion at W6-0b AI-R pass (stage6-w60b AI-R record),10,frappe,
{0},EXCEPTION-technical,in-ledger (no vendor PO location match),"Keep vendor code/symbol/markup content untouched — technical fragment, no translation",AI-R: confirm technical suppress at W6-0b AI-R pass (stage6-w60b AI-R record),3,frappe,
"{0} ${skip_list ? \""\"" : type}",EXCEPTION-technical,in-ledger (no vendor PO location match),"Keep vendor code/symbol/markup content untouched — technical fragment, no translation",AI-R: confirm technical suppress at W6-0b AI-R pass (stage6-w60b AI-R record),30,frappe,
{0} ${type},EXCEPTION-technical,in-ledger (no vendor PO location match),"Keep vendor code/symbol/markup content untouched — technical fragment, no translation",AI-R: confirm technical suppress at W6-0b AI-R pass (stage6-w60b AI-R record),11,frappe,
{0} ({1}),EXCEPTION-technical,in-ledger (no vendor PO location match),"Keep vendor code/symbol/markup content untouched — technical fragment, no translation",AI-R: confirm technical suppress at W6-0b AI-R pass (stage6-w60b AI-R record),9,frappe,
{0} ({1}) - {2}%,EXCEPTION-technical,in-ledger (no vendor PO location match),"Keep vendor code/symbol/markup content untouched — technical fragment, no translation",AI-R: confirm technical suppress at W6-0b AI-R pass (stage6-w60b AI-R record),16,frappe,
{0} = {1},EXCEPTION-technical,in-ledger (no vendor PO location match),"Keep vendor code/symbol/markup content untouched — technical fragment, no translation",AI-R: confirm technical suppress at W6-0b AI-R pass (stage6-w60b AI-R record),9,frappe,
{0} Liked,translation-candidate,in-ledger (no vendor PO location match),,AI-R: confirm prior-approved exclusion at W6-0b AI-R pass (stage6-w60b AI-R record),9,frappe,
{0} Map,translation-candidate,in-ledger (no vendor PO location match),,AI-R: confirm prior-approved exclusion at W6-0b AI-R pass (stage6-w60b AI-R record),7,frappe,
{0} Reports,translation-candidate,in-ledger (no vendor PO location match),,AI-R: confirm prior-approved exclusion at W6-0b AI-R pass (stage6-w60b AI-R record),11,frappe,
{0} added 1 row to {1},translation-candidate,in-ledger (no vendor PO location match),,AI-R: confirm prior-approved exclusion at W6-0b AI-R pass (stage6-w60b AI-R record),22,frappe,
{0} added {1} rows to {2},translation-candidate,in-ledger (no vendor PO location match),,AI-R: confirm prior-approved exclusion at W6-0b AI-R pass (stage6-w60b AI-R record),25,frappe,
{0} and {1},translation-candidate,in-ledger (no vendor PO location match),,AI-R: confirm prior-approved exclusion at W6-0b AI-R pass (stage6-w60b AI-R record),11,frappe,
{0} attached {1},translation-candidate,in-ledger (no vendor PO location match),,AI-R: confirm prior-approved exclusion at W6-0b AI-R pass (stage6-w60b AI-R record),16,frappe,
{0} can not be more than {1},translation-candidate,in-ledger (no vendor PO location match),,AI-R: confirm prior-approved exclusion at W6-0b AI-R pass (stage6-w60b AI-R record),28,frappe,
{0} cancelled this document,translation-candidate,in-ledger (no vendor PO location match),,AI-R: confirm prior-approved exclusion at W6-0b AI-R pass (stage6-w60b AI-R record),27,frappe,
{0} cancelled this document {1},translation-candidate,in-ledger (no vendor PO location match),,AI-R: confirm prior-approved exclusion at W6-0b AI-R pass (stage6-w60b AI-R record),31,frappe,
{0} changed the value of {1},translation-candidate,in-ledger (no vendor PO location match),,AI-R: confirm prior-approved exclusion at W6-0b AI-R pass (stage6-w60b AI-R record),28,frappe,
{0} changed the value of {1} {2},translation-candidate,in-ledger (no vendor PO location match),,AI-R: confirm prior-approved exclusion at W6-0b AI-R pass (stage6-w60b AI-R record),32,frappe,
{0} changed the values for {1},translation-candidate,in-ledger (no vendor PO location match),,AI-R: confirm prior-approved exclusion at W6-0b AI-R pass (stage6-w60b AI-R record),30,frappe,
{0} changed the values for {1} {2},translation-candidate,in-ledger (no vendor PO location match),,AI-R: confirm prior-approved exclusion at W6-0b AI-R pass (stage6-w60b AI-R record),34,frappe,
{0} changed {1} to {2},translation-candidate,in-ledger (no vendor PO location match),,AI-R: confirm prior-approved exclusion at W6-0b AI-R pass (stage6-w60b AI-R record),22,frappe,
{0} created this,translation-candidate,in-ledger (no vendor PO location match),,AI-R: confirm prior-approved exclusion at W6-0b AI-R pass (stage6-w60b AI-R record),16,frappe,
{0} created this document {1},translation-candidate,in-ledger (no vendor PO location match),,AI-R: confirm prior-approved exclusion at W6-0b AI-R pass (stage6-w60b AI-R record),29,frappe,
{0} from {1} to {2},translation-candidate,in-ledger (no vendor PO location match),,AI-R: confirm prior-approved exclusion at W6-0b AI-R pass (stage6-w60b AI-R record),19,frappe,
{0} from {1} to {2} in row #{3},translation-candidate,in-ledger (no vendor PO location match),,AI-R: confirm prior-approved exclusion at W6-0b AI-R pass (stage6-w60b AI-R record),31,frappe,
{0} has invalid backtick notation: {1},translation-candidate,in-ledger (no vendor PO location match),,AI-R: confirm prior-approved exclusion at W6-0b AI-R pass (stage6-w60b AI-R record),38,frappe,
{0} is a not a valid zip file,translation-candidate,in-ledger (no vendor PO location match),,AI-R: confirm prior-approved exclusion at W6-0b AI-R pass (stage6-w60b AI-R record),29,frappe,
{0} is between {1} and {2},translation-candidate,in-ledger (no vendor PO location match),,AI-R: confirm prior-approved exclusion at W6-0b AI-R pass (stage6-w60b AI-R record),26,frappe,
{0} is equal to {1},translation-candidate,in-ledger (no vendor PO location match),,AI-R: confirm prior-approved exclusion at W6-0b AI-R pass (stage6-w60b AI-R record),19,frappe,
{0} is greater than or equal to {1},translation-candidate,in-ledger (no vendor PO location match),,AI-R: confirm prior-approved exclusion at W6-0b AI-R pass (stage6-w60b AI-R record),35,frappe,
{0} is greater than {1},translation-candidate,in-ledger (no vendor PO location match),,AI-R: confirm prior-approved exclusion at W6-0b AI-R pass (stage6-w60b AI-R record),23,frappe,
{0} is less than or equal to {1},translation-candidate,in-ledger (no vendor PO location match),,AI-R: confirm prior-approved exclusion at W6-0b AI-R pass (stage6-w60b AI-R record),32,frappe,
{0} is less than {1},translation-candidate,in-ledger (no vendor PO location match),,AI-R: confirm prior-approved exclusion at W6-0b AI-R pass (stage6-w60b AI-R record),20,frappe,
{0} is like {1},translation-candidate,in-ledger (no vendor PO location match),,AI-R: confirm prior-approved exclusion at W6-0b AI-R pass (stage6-w60b AI-R record),15,frappe,
{0} is mandatory,translation-candidate,in-ledger (no vendor PO location match),,AI-R: confirm prior-approved exclusion at W6-0b AI-R pass (stage6-w60b AI-R record),16,frappe,
{0} is not a child table of {1},translation-candidate,in-ledger (no vendor PO location match),,AI-R: confirm prior-approved exclusion at W6-0b AI-R pass (stage6-w60b AI-R record),31,frappe,
{0} is not a field of doctype {1},translation-candidate,in-ledger (no vendor PO location match),,AI-R: confirm prior-approved exclusion at W6-0b AI-R pass (stage6-w60b AI-R record),33,frappe,
{0} is not a valid Cron expression.,translation-candidate,in-ledger (no vendor PO location match),,AI-R: confirm prior-approved exclusion at W6-0b AI-R pass (stage6-w60b AI-R record),35,frappe,
{0} is not a valid parentfield for {1},translation-candidate,in-ledger (no vendor PO location match),,AI-R: confirm prior-approved exclusion at W6-0b AI-R pass (stage6-w60b AI-R record),38,frappe,
{0} is not a zip file,translation-candidate,in-ledger (no vendor PO location match),,AI-R: confirm prior-approved exclusion at W6-0b AI-R pass (stage6-w60b AI-R record),21,frappe,
{0} is not an allowed role for {1},translation-candidate,in-ledger (no vendor PO location match),,AI-R: confirm prior-approved exclusion at W6-0b AI-R pass (stage6-w60b AI-R record),34,frappe,
{0} is not equal to {1},translation-candidate,in-ledger (no vendor PO location match),,AI-R: confirm prior-approved exclusion at W6-0b AI-R pass (stage6-w60b AI-R record),23,frappe,
{0} is not like {1},translation-candidate,in-ledger (no vendor PO location match),,AI-R: confirm prior-approved exclusion at W6-0b AI-R pass (stage6-w60b AI-R record),19,frappe,
{0} is not one of {1},translation-candidate,in-ledger (no vendor PO location match),,AI-R: confirm prior-approved exclusion at W6-0b AI-R pass (stage6-w60b AI-R record),21,frappe,
{0} is not set,translation-candidate,in-ledger (no vendor PO location match),,AI-R: confirm prior-approved exclusion at W6-0b AI-R pass (stage6-w60b AI-R record),14,frappe,
{0} is one of {1},translation-candidate,in-ledger (no vendor PO location match),,AI-R: confirm prior-approved exclusion at W6-0b AI-R pass (stage6-w60b AI-R record),17,frappe,
{0} is set,translation-candidate,in-ledger (no vendor PO location match),,AI-R: confirm prior-approved exclusion at W6-0b AI-R pass (stage6-w60b AI-R record),10,frappe,
{0} is within {1},translation-candidate,in-ledger (no vendor PO location match),,AI-R: confirm prior-approved exclusion at W6-0b AI-R pass (stage6-w60b AI-R record),17,frappe,
{0} last edited this,translation-candidate,in-ledger (no vendor PO location match),,AI-R: confirm prior-approved exclusion at W6-0b AI-R pass (stage6-w60b AI-R record),20,frappe,
{0} must be beginning with '{1}',translation-candidate,in-ledger (no vendor PO location match),,AI-R: confirm prior-approved exclusion at W6-0b AI-R pass (stage6-w60b AI-R record),32,frappe,
{0} must be equal to '{1}',translation-candidate,in-ledger (no vendor PO location match),,AI-R: confirm prior-approved exclusion at W6-0b AI-R pass (stage6-w60b AI-R record),26,frappe,
{0} must be none of {1},translation-candidate,in-ledger (no vendor PO location match),,AI-R: confirm prior-approved exclusion at W6-0b AI-R pass (stage6-w60b AI-R record),23,frappe,
{0} must be {1} {2},translation-candidate,in-ledger (no vendor PO location match),,AI-R: confirm prior-approved exclusion at W6-0b AI-R pass (stage6-w60b AI-R record),19,frappe,
{0} only.,translation-candidate,in-ledger (no vendor PO location match),,AI-R: confirm prior-approved exclusion at W6-0b AI-R pass (stage6-w60b AI-R record),9,frappe,
{0} records are retained for {1} days.,translation-candidate,in-ledger (no vendor PO location match),,AI-R: confirm prior-approved exclusion at W6-0b AI-R pass (stage6-w60b AI-R record),38,frappe,
{0} removed 1 row from {1},translation-candidate,in-ledger (no vendor PO location match),,AI-R: confirm prior-approved exclusion at W6-0b AI-R pass (stage6-w60b AI-R record),26,frappe,
{0} removed attachment {1},translation-candidate,in-ledger (no vendor PO location match),,AI-R: confirm prior-approved exclusion at W6-0b AI-R pass (stage6-w60b AI-R record),26,frappe,
{0} removed their assignment.,translation-candidate,in-ledger (no vendor PO location match),,AI-R: confirm prior-approved exclusion at W6-0b AI-R pass (stage6-w60b AI-R record),29,frappe,
{0} removed {1} rows from {2},translation-candidate,in-ledger (no vendor PO location match),,AI-R: confirm prior-approved exclusion at W6-0b AI-R pass (stage6-w60b AI-R record),29,frappe,
{0} row #{1}:,translation-candidate,in-ledger (no vendor PO location match),,AI-R: confirm prior-approved exclusion at W6-0b AI-R pass (stage6-w60b AI-R record),13,frappe,
{0} rows from {1},translation-candidate,in-ledger (no vendor PO location match),,AI-R: confirm prior-approved exclusion at W6-0b AI-R pass (stage6-w60b AI-R record),17,frappe,
{0} rows to {1},translation-candidate,in-ledger (no vendor PO location match),,AI-R: confirm prior-approved exclusion at W6-0b AI-R pass (stage6-w60b AI-R record),15,frappe,
{0} submitted this document,translation-candidate,in-ledger (no vendor PO location match),,AI-R: confirm prior-approved exclusion at W6-0b AI-R pass (stage6-w60b AI-R record),27,frappe,
{0} submitted this document {1},translation-candidate,in-ledger (no vendor PO location match),,AI-R: confirm prior-approved exclusion at W6-0b AI-R pass (stage6-w60b AI-R record),31,frappe,
{0} viewed this,translation-candidate,in-ledger (no vendor PO location match),,AI-R: confirm prior-approved exclusion at W6-0b AI-R pass (stage6-w60b AI-R record),15,frappe,
{0} with the role <strong>{1}</strong>,EXCEPTION-technical,in-ledger (no vendor PO location match),"Keep vendor code/symbol/markup content untouched — technical fragment, no translation",AI-R: confirm technical suppress at W6-0b AI-R pass (stage6-w60b AI-R record),38,frappe,
{0}: {1},EXCEPTION-technical,in-ledger (no vendor PO location match),"Keep vendor code/symbol/markup content untouched — technical fragment, no translation",AI-R: confirm technical suppress at W6-0b AI-R pass (stage6-w60b AI-R record),8,frappe,
{1} saved,translation-candidate,in-ledger (no vendor PO location match),,AI-R: confirm prior-approved exclusion at W6-0b AI-R pass (stage6-w60b AI-R record),9,frappe,
{count} cell copied,translation-candidate,in-ledger (no vendor PO location match),,AI-R: confirm prior-approved exclusion at W6-0b AI-R pass (stage6-w60b AI-R record),19,frappe,
{count} cells copied,translation-candidate,in-ledger (no vendor PO location match),,AI-R: confirm prior-approved exclusion at W6-0b AI-R pass (stage6-w60b AI-R record),20,frappe,
{count} row selected,translation-candidate,in-ledger (no vendor PO location match),,AI-R: confirm prior-approved exclusion at W6-0b AI-R pass (stage6-w60b AI-R record),20,frappe,
{count} rows selected,translation-candidate,in-ledger (no vendor PO location match),,AI-R: confirm prior-approved exclusion at W6-0b AI-R pass (stage6-w60b AI-R record),21,frappe,
{} Invalid python code on line {},translation-candidate,in-ledger (no vendor PO location match),,AI-R: confirm prior-approved exclusion at W6-0b AI-R pass (stage6-w60b AI-R record),33,frappe,
{} Possibly invalid python code. <br>{},EXCEPTION-technical,in-ledger (no vendor PO location match),"Keep vendor code/symbol/markup content untouched — technical fragment, no translation",AI-R: confirm technical suppress at W6-0b AI-R pass (stage6-w60b AI-R record),39,frappe,
{} field cannot be empty.,translation-candidate,in-ledger (no vendor PO location match),,AI-R: confirm prior-approved exclusion at W6-0b AI-R pass (stage6-w60b AI-R record),25,frappe,
← Back to upload files,translation-candidate,in-ledger (no vendor PO location match),,AI-R: confirm prior-approved exclusion at W6-0b AI-R pass (stage6-w60b AI-R record),22,frappe,
