source_text,suggested_ar,locations,area,has_pre_filled,doctype_context,suggested_disposition,reason
 Is Child Table,جدول فرعي,erpnext/stock/doctype/inventory_dimension/inventory_dimension.json:None,stock,1,Inventory Dimension,approve,natural-language stock-desk UI string (W6-3 matrix scope)
% Installed,نسبة المركب,erpnext/stock/doctype/delivery_note/delivery_note.json:None,stock,1,Delivery Note,approve,natural-language stock-desk UI string (W6-3 matrix scope)
% Occupied,نسبة الإشغال,erpnext/stock/page/warehouse_capacity_summary/warehouse_capacity_summary.js:70; erpnext/stock/page/warehouse_capacity_summary/warehouse_capacity_summary_header.html:16,stock,1,Warehouse Capacity Summary,approve,natural-language stock-desk UI string (W6-3 matrix scope)
% of materials delivered against this Pick List,,erpnext/stock/doctype/pick_list/pick_list.json:None,stock,0,Pick List,approve,natural-language stock-desk UI string (W6-3 matrix scope)
"'Inspection Required before Delivery' has disabled for the item {0}, no need to create the QI",,erpnext/stock/doctype/quality_inspection/quality_inspection.py:139,stock,0,Quality Inspection,approve,natural-language stock-desk UI string (W6-3 matrix scope)
"'Inspection Required before Purchase' has disabled for the item {0}, no need to create the QI",,erpnext/stock/doctype/quality_inspection/quality_inspection.py:130,stock,0,Quality Inspection,approve,natural-language stock-desk UI string (W6-3 matrix scope)
'To Package No.' cannot be less than 'From Package No.',,erpnext/stock/doctype/packing_slip/packing_slip.py:95,stock,0,Packing Slip,approve,natural-language stock-desk UI string (W6-3 matrix scope)
(A) Qty After Transaction,,erpnext/stock/report/fifo_queue_vs_qty_after_transaction_comparison/fifo_queue_vs_qty_after_transaction_comparison.py:174; erpnext/stock/report/stock_ledger_invariant_check/stock_ledger_invariant_check.py:203; erpnext/stock/report/stock_ledger_variance/stock_ledger_variance.py:106,stock,0,Fifo Queue Vs Qty After Transaction Comparison,approve,natural-language stock-desk UI string (W6-3 matrix scope)
(B) Expected Qty After Transaction,,erpnext/stock/report/stock_ledger_invariant_check/stock_ledger_invariant_check.py:208; erpnext/stock/report/stock_ledger_variance/stock_ledger_variance.py:111,stock,0,Stock Ledger Invariant Check,approve,natural-language stock-desk UI string (W6-3 matrix scope)
(C) Total Qty in Queue,,erpnext/stock/report/stock_ledger_invariant_check/stock_ledger_invariant_check.py:223; erpnext/stock/report/stock_ledger_variance/stock_ledger_variance.py:126,stock,0,Stock Ledger Invariant Check,approve,natural-language stock-desk UI string (W6-3 matrix scope)
(C) Total qty in queue,,erpnext/stock/report/fifo_queue_vs_qty_after_transaction_comparison/fifo_queue_vs_qty_after_transaction_comparison.py:184,stock,0,Fifo Queue Vs Qty After Transaction Comparison,approve,natural-language stock-desk UI string (W6-3 matrix scope)
(D) Balance Stock Value,,erpnext/stock/report/fifo_queue_vs_qty_after_transaction_comparison/fifo_queue_vs_qty_after_transaction_comparison.py:194; erpnext/stock/report/stock_ledger_invariant_check/stock_ledger_invariant_check.py:233; erpnext/stock/report/stock_ledger_variance/stock_ledger_variance.py:136,stock,0,Fifo Queue Vs Qty After Transaction Comparison,approve,natural-language stock-desk UI string (W6-3 matrix scope)
(Daily Yield * No of Units Produced) / 100,,erpnext/stock/doctype/item_lead_time/item_lead_time.json:None,stock,0,Item Lead Time,approve,natural-language stock-desk UI string (W6-3 matrix scope)
(E) Balance Stock Value in Queue,,erpnext/stock/report/fifo_queue_vs_qty_after_transaction_comparison/fifo_queue_vs_qty_after_transaction_comparison.py:199; erpnext/stock/report/stock_ledger_invariant_check/stock_ledger_invariant_check.py:238; erpnext/stock/report/stock_ledger_variance/stock_ledger_variance.py:141,stock,0,Fifo Queue Vs Qty After Transaction Comparison,approve,natural-language stock-desk UI string (W6-3 matrix scope)
(F) Change in Stock Value,,erpnext/stock/report/stock_ledger_invariant_check/stock_ledger_invariant_check.py:248; erpnext/stock/report/stock_ledger_variance/stock_ledger_variance.py:151,stock,0,Stock Ledger Invariant Check,approve,natural-language stock-desk UI string (W6-3 matrix scope)
(G) Sum of Change in Stock Value,,erpnext/stock/report/stock_ledger_invariant_check/stock_ledger_invariant_check.py:253; erpnext/stock/report/stock_ledger_variance/stock_ledger_variance.py:156,stock,0,Stock Ledger Invariant Check,approve,natural-language stock-desk UI string (W6-3 matrix scope)
(Good Units Produced / Total Units Produced) × 100,,erpnext/stock/doctype/item_lead_time/item_lead_time.json:None,stock,0,Item Lead Time,approve,natural-language stock-desk UI string (W6-3 matrix scope)
(H) Change in Stock Value (FIFO Queue),,erpnext/stock/report/stock_ledger_invariant_check/stock_ledger_invariant_check.py:263; erpnext/stock/report/stock_ledger_variance/stock_ledger_variance.py:166,stock,0,Stock Ledger Invariant Check,approve,natural-language stock-desk UI string (W6-3 matrix scope)
(H) Valuation Rate,,erpnext/stock/report/fifo_queue_vs_qty_after_transaction_comparison/fifo_queue_vs_qty_after_transaction_comparison.py:209,stock,0,Fifo Queue Vs Qty After Transaction Comparison,approve,natural-language stock-desk UI string (W6-3 matrix scope)
(I) Valuation Rate,,erpnext/stock/report/stock_ledger_invariant_check/stock_ledger_invariant_check.py:273; erpnext/stock/report/stock_ledger_variance/stock_ledger_variance.py:176,stock,0,Stock Ledger Invariant Check,approve,natural-language stock-desk UI string (W6-3 matrix scope)
(J) Valuation Rate as per FIFO,,erpnext/stock/report/stock_ledger_invariant_check/stock_ledger_invariant_check.py:278; erpnext/stock/report/stock_ledger_variance/stock_ledger_variance.py:181,stock,0,Stock Ledger Invariant Check,approve,natural-language stock-desk UI string (W6-3 matrix scope)
(K) Valuation = Value (D) ÷ Qty (A),,erpnext/stock/report/stock_ledger_invariant_check/stock_ledger_invariant_check.py:288; erpnext/stock/report/stock_ledger_variance/stock_ledger_variance.py:191,stock,0,Stock Ledger Invariant Check,approve,natural-language stock-desk UI string (W6-3 matrix scope)
(Total Workstation Time / Manufacturing Time) * 60,,erpnext/stock/doctype/item_lead_time/item_lead_time.json:None,stock,0,Item Lead Time,approve,natural-language stock-desk UI string (W6-3 matrix scope)
A - B,,erpnext/stock/report/stock_ledger_invariant_check/stock_ledger_invariant_check.py:213; erpnext/stock/report/stock_ledger_variance/stock_ledger_variance.py:116,stock,0,Stock Ledger Invariant Check,approve,natural-language stock-desk UI string (W6-3 matrix scope)
A - C,,erpnext/stock/report/fifo_queue_vs_qty_after_transaction_comparison/fifo_queue_vs_qty_after_transaction_comparison.py:189; erpnext/stock/report/stock_ledger_invariant_check/stock_ledger_invariant_check.py:228; erpnext/stock/report/stock_ledger_variance/stock_ledger_variance.py:131,stock,0,Fifo Queue Vs Qty After Transaction Comparison,approve,natural-language stock-desk UI string (W6-3 matrix scope)
A Packing Slip can only be created for Draft Delivery Note.,,erpnext/stock/doctype/packing_slip/packing_slip.py:84,stock,0,Packing Slip,approve,natural-language stock-desk UI string (W6-3 matrix scope)
"A Price List is a collection of Item Prices either Selling, Buying, or both",,erpnext/stock/doctype/price_list/price_list.json:None,stock,0,Price List,approve,natural-language stock-desk UI string (W6-3 matrix scope)
"A Product or a Service that is bought, sold or kept in stock.",,erpnext/stock/doctype/item/item.json:None,stock,0,Item,approve,natural-language stock-desk UI string (W6-3 matrix scope)
A driver must be set to submit.,,erpnext/stock/doctype/delivery_trip/delivery_trip.py:55,stock,0,Delivery Trip,approve,natural-language stock-desk UI string (W6-3 matrix scope)
A logical Warehouse against which stock entries are made.,,erpnext/stock/doctype/warehouse/warehouse.json:None,stock,0,Warehouse,approve,natural-language stock-desk UI string (W6-3 matrix scope)
A naming series conflict occurred while creating serial numbers. Please change the naming series for the item {0}.,,erpnext/stock/serial_batch_bundle.py:1440,stock,0,Serial Batch Bundle.Py:1440,approve,natural-language stock-desk UI string (W6-3 matrix scope)
AMC Expiry (Serial),,erpnext/stock/report/serial_no_and_batch_traceability/serial_no_and_batch_traceability.py:548,stock,0,Serial No And Batch Traceability,approve,natural-language stock-desk UI string (W6-3 matrix scope)
AWB Number,,erpnext/stock/doctype/shipment/shipment.json:None,stock,0,Shipment,approve,natural-language stock-desk UI string (W6-3 matrix scope)
Abbreviation: {0} must appear only once,,erpnext/stock/doctype/item_attribute/item_attribute.py:113,stock,0,Item Attribute,approve,natural-language stock-desk UI string (W6-3 matrix scope)
Acceptance Criteria Formula,,erpnext/stock/doctype/item_quality_inspection_parameter/item_quality_inspection_parameter.json:None; erpnext/stock/doctype/quality_inspection_reading/quality_inspection_reading.json:None,stock,0,Item Quality Inspection Parameter,approve,natural-language stock-desk UI string (W6-3 matrix scope)
Acceptance Criteria Value,,erpnext/stock/doctype/item_quality_inspection_parameter/item_quality_inspection_parameter.json:None; erpnext/stock/doctype/quality_inspection_reading/quality_inspection_reading.json:None,stock,0,Item Quality Inspection Parameter,approve,natural-language stock-desk UI string (W6-3 matrix scope)
"According to the BOM {0}, the Item '{1}' is missing in the stock entry.",,erpnext/stock/doctype/stock_entry/stock_entry.py:939,stock,0,Stock Entry,approve,natural-language stock-desk UI string (W6-3 matrix scope)
Accounting Entry for LCV in Stock Entry {0},قيد محاسبي لسند التكلفة الإضافية في قيد المخزون {0},erpnext/stock/doctype/stock_entry/stock_entry.py:1883; erpnext/stock/doctype/stock_entry/stock_entry.py:1903,stock,1,Stock Entry,approve,natural-language stock-desk UI string (W6-3 matrix scope)
Accounting Entry for {0},,erpnext/stock/doctype/purchase_receipt/purchase_receipt.py:736,stock,0,Purchase Receipt,approve,natural-language stock-desk UI string (W6-3 matrix scope)
Action If Quality Inspection Is Rejected,الإجراء عند رفض فحص الجودة,erpnext/stock/doctype/stock_settings/stock_settings.json:None,stock,1,Stock Settings,approve,natural-language stock-desk UI string (W6-3 matrix scope)
Actual Balance Qty,كمية الرصيد الفعلية,erpnext/stock/report/incorrect_balance_qty_after_transaction/incorrect_balance_qty_after_transaction.py:125,stock,1,Incorrect Balance Qty After Transaction,approve,natural-language stock-desk UI string (W6-3 matrix scope)
Add Serial / Batch No (Rejected Qty),,erpnext/stock/doctype/purchase_receipt_item/purchase_receipt_item.json:None; erpnext/subcontracting/doctype/subcontracting_receipt_item/subcontracting_receipt_item.json:None,stock,0,Purchase Receipt Item,approve,natural-language stock-desk UI string (W6-3 matrix scope)
Adjustment based on Purchase Invoice rate,,erpnext/stock/doctype/purchase_receipt/purchase_receipt.py:664,stock,0,Purchase Receipt,approve,natural-language stock-desk UI string (W6-3 matrix scope)
Affected Transactions,المعاملات المتأثرة,erpnext/stock/doctype/repost_item_valuation/repost_item_valuation.json:None,stock,1,Repost Item Valuation,approve,natural-language stock-desk UI string (W6-3 matrix scope)
Against Finished Good,مقابل المنتج النهائي,erpnext/stock/doctype/stock_entry_detail/stock_entry_detail.json:None,stock,1,Stock Entry Detail,approve,natural-language stock-desk UI string (W6-3 matrix scope)
Against Pick List,مقابل قائمة الانتقاء,erpnext/stock/doctype/delivery_note_item/delivery_note_item.json:None,stock,1,Delivery Note Item,approve,natural-language stock-desk UI string (W6-3 matrix scope)
Age ({0}),العمر ({0}),erpnext/stock/report/stock_ageing/stock_ageing.py:220,stock,1,Stock Ageing,approve,natural-language stock-desk UI string (W6-3 matrix scope)
All items have already been received,,erpnext/stock/doctype/delivery_note/delivery_note.py:1208,stock,0,Delivery Note,approve,natural-language stock-desk UI string (W6-3 matrix scope)
Allow Alternative Item must be checked on Item {},,erpnext/stock/doctype/item_alternative/item_alternative.py:65,stock,0,Item Alternative,approve,natural-language stock-desk UI string (W6-3 matrix scope)
Allow Internal Transfers at Arm's Length Price,السماح بالتحويلات الداخلية بسعر مستقل,erpnext/stock/doctype/stock_settings/stock_settings.json:None,stock,1,Stock Settings,approve,natural-language stock-desk UI string (W6-3 matrix scope)
Allow Partial Reservation,السماح بالحجز الجزئي,erpnext/stock/doctype/stock_settings/stock_settings.json:None,stock,1,Stock Settings,approve,natural-language stock-desk UI string (W6-3 matrix scope)
Allow Purchase,السماح بالشراء,erpnext/stock/doctype/item/item.json:None,stock,1,Item,approve,natural-language stock-desk UI string (W6-3 matrix scope)
Allow Sales,السماح بالبيع,erpnext/stock/doctype/item/item.json:None,stock,1,Item,approve,natural-language stock-desk UI string (W6-3 matrix scope)
Allow UOM with Conversion Rate Defined in Item,,erpnext/stock/doctype/stock_settings/stock_settings.json:None,stock,0,Stock Settings,approve,natural-language stock-desk UI string (W6-3 matrix scope)
Allow Variant UOM to be different from Template UOM,,erpnext/stock/doctype/item_variant_settings/item_variant_settings.json:None,stock,0,Item Variant Settings,approve,natural-language stock-desk UI string (W6-3 matrix scope)
Allow Zero Rate,السماح بسعر صفري,erpnext/stock/doctype/repost_item_valuation/repost_item_valuation.json:None,stock,1,Repost Item Valuation,approve,natural-language stock-desk UI string (W6-3 matrix scope)
Allow existing Serial No to be Manufactured/Received again,,erpnext/stock/doctype/stock_settings/stock_settings.json:None,stock,0,Stock Settings,approve,natural-language stock-desk UI string (W6-3 matrix scope)
Allow to Edit Stock UOM Qty for Purchase Documents,,erpnext/stock/doctype/stock_settings/stock_settings.json:None,stock,0,Stock Settings,approve,natural-language stock-desk UI string (W6-3 matrix scope)
Allow to Edit Stock UOM Qty for Sales Documents,,erpnext/stock/doctype/stock_settings/stock_settings.json:None,stock,0,Stock Settings,approve,natural-language stock-desk UI string (W6-3 matrix scope)
Allow to Make Quality Inspection after Purchase / Delivery,,erpnext/stock/doctype/stock_settings/stock_settings.json:None,stock,0,Stock Settings,approve,natural-language stock-desk UI string (W6-3 matrix scope)
Allows to keep aside a specific quantity of inventory for a particular order.,,erpnext/stock/doctype/stock_settings/stock_settings.json:None,stock,0,Stock Settings,approve,natural-language stock-desk UI string (W6-3 matrix scope)
Already Picked,تم انتقاؤه بالفعل,erpnext/stock/doctype/pick_list/pick_list.py:1024,stock,1,Pick List,approve,natural-language stock-desk UI string (W6-3 matrix scope)
Also you can't switch back to FIFO after setting the valuation method to Moving Average for this item.,,erpnext/stock/doctype/item/item.js:20,stock,0,Item,approve,natural-language stock-desk UI string (W6-3 matrix scope)
Amount Difference with Purchase Invoice,فرق المبلغ مع فاتورة الشراء,erpnext/stock/doctype/purchase_receipt_item/purchase_receipt_item.json:None,stock,1,Purchase Receipt Item,approve,natural-language stock-desk UI string (W6-3 matrix scope)
An error has been appeared while reposting item valuation via {0},,erpnext/stock/doctype/repost_item_valuation/repost_item_valuation.py:520,stock,0,Repost Item Valuation,approve,natural-language stock-desk UI string (W6-3 matrix scope)
"Any one of following filters required: warehouse, Item Code, Item Group",,erpnext/stock/report/fifo_queue_vs_qty_after_transaction_comparison/fifo_queue_vs_qty_after_transaction_comparison.py:37,stock,0,Fifo Queue Vs Qty After Transaction Comparison,approve,natural-language stock-desk UI string (W6-3 matrix scope)
Applied on each reading.,,erpnext/stock/doctype/quality_inspection_reading/quality_inspection_reading.json:None,stock,0,Quality Inspection Reading,approve,natural-language stock-desk UI string (W6-3 matrix scope)
Applied putaway rules.,,erpnext/stock/doctype/putaway_rule/putaway_rule.py:197,stock,0,Putaway Rule,approve,natural-language stock-desk UI string (W6-3 matrix scope)
Apply Putaway Rule,تطبيق قاعدة التخزين,erpnext/stock/doctype/purchase_receipt/purchase_receipt.json:None; erpnext/stock/doctype/stock_entry/stock_entry.json:None,stock,1,Purchase Receipt,approve,natural-language stock-desk UI string (W6-3 matrix scope)
Apply to All Inventory Documents,تطبيق على كل مستندات المخزون,erpnext/stock/doctype/inventory_dimension/inventory_dimension.json:None,stock,1,Inventory Dimension,approve,natural-language stock-desk UI string (W6-3 matrix scope)
Apply to Document,تطبيق على المستند,erpnext/stock/doctype/inventory_dimension/inventory_dimension.json:None,stock,1,Inventory Dimension,approve,natural-language stock-desk UI string (W6-3 matrix scope)
"As there are existing submitted transactions against item {0}, you can not change the value of {1}.",,erpnext/stock/doctype/item/item.py:987,stock,0,Item,approve,natural-language stock-desk UI string (W6-3 matrix scope)
"As there are reserved stock, you cannot disable {0}.",,erpnext/stock/doctype/stock_settings/stock_settings.py:203,stock,0,Stock Settings,approve,natural-language stock-desk UI string (W6-3 matrix scope)
"As {0} is enabled, you can not enable {1}.",,erpnext/stock/doctype/stock_settings/stock_settings.py:177; erpnext/stock/doctype/stock_settings/stock_settings.py:189,stock,0,Stock Settings,approve,natural-language stock-desk UI string (W6-3 matrix scope)
At Row #{0}: The picked quantity {1} for the item {2} is greater than available stock {3} in the warehouse {4}.,,erpnext/stock/doctype/pick_list/pick_list.py:149,stock,0,Pick List,approve,natural-language stock-desk UI string (W6-3 matrix scope)
At least one warehouse is mandatory,,erpnext/stock/doctype/stock_entry/stock_entry.py:773,stock,0,Stock Entry,approve,natural-language stock-desk UI string (W6-3 matrix scope)
At row {0}: Batch No is mandatory for Item {1},,erpnext/stock/doctype/serial_and_batch_bundle/serial_and_batch_bundle.py:1077,stock,0,Serial And Batch Bundle,approve,natural-language stock-desk UI string (W6-3 matrix scope)
At row {0}: Qty is mandatory for the batch {1},,erpnext/stock/doctype/serial_and_batch_bundle/serial_and_batch_bundle.py:1062,stock,0,Serial And Batch Bundle,approve,natural-language stock-desk UI string (W6-3 matrix scope)
At row {0}: Serial No is mandatory for Item {1},,erpnext/stock/doctype/serial_and_batch_bundle/serial_and_batch_bundle.py:1069,stock,0,Serial And Batch Bundle,approve,natural-language stock-desk UI string (W6-3 matrix scope)
Attribute value: {0} must appear only once,,erpnext/stock/doctype/item_attribute/item_attribute.py:108,stock,0,Item Attribute,approve,natural-language stock-desk UI string (W6-3 matrix scope)
Auto Create Serial and Batch Bundle For Outward,إنشاء مجموعة تسلسل ودفعة تلقائيا للصادر,erpnext/stock/doctype/stock_settings/stock_settings.json:None,stock,1,Stock Settings,approve,natural-language stock-desk UI string (W6-3 matrix scope)
Auto Created (Reorder),منشأ تلقائيا (إعادة طلب),erpnext/stock/doctype/material_request/material_request.json:None,stock,1,Material Request,approve,natural-language stock-desk UI string (W6-3 matrix scope)
Auto Created Serial and Batch Bundle,مجموعة تسلسل ودفعة منشأة تلقائيا,erpnext/stock/doctype/stock_ledger_entry/stock_ledger_entry.json:None,stock,1,Stock Ledger Entry,approve,natural-language stock-desk UI string (W6-3 matrix scope)
Auto Insert Item Price If Missing,,erpnext/stock/doctype/stock_settings/stock_settings.json:None,stock,0,Stock Settings,approve,natural-language stock-desk UI string (W6-3 matrix scope)
Auto Reserve Serial and Batch Nos,حجز الأرقام التسلسلية والدفعات تلقائيا,erpnext/stock/doctype/stock_settings/stock_settings.json:None,stock,1,Stock Settings,approve,natural-language stock-desk UI string (W6-3 matrix scope)
Auto Reserve Stock,حجز المخزون تلقائيا,erpnext/stock/doctype/stock_settings/stock_settings.json:None,stock,1,Stock Settings,approve,natural-language stock-desk UI string (W6-3 matrix scope)
Auto Reserve Stock for Sales Order on Purchase,,erpnext/stock/doctype/stock_settings/stock_settings.json:None,stock,0,Stock Settings,approve,natural-language stock-desk UI string (W6-3 matrix scope)
Available Batch Report,تقرير الدفعات المتاحة,erpnext/stock/report/available_batch_report/available_batch_report.json:None,stock,1,Available Batch Report,approve,natural-language stock-desk UI string (W6-3 matrix scope)
Available Qty to Reserve,الكمية المتاحة للحجز,erpnext/stock/doctype/stock_reservation_entry/stock_reservation_entry.json:None; erpnext/stock/report/reserved_stock/reserved_stock.py:138,stock,1,Stock Reservation Entry,approve,natural-language stock-desk UI string (W6-3 matrix scope)
Available Serial No,تقرير الأرقام التسلسلية المتاحة,erpnext/stock/report/available_serial_no/available_serial_no.json:None,stock,1,Available Serial No,approve,natural-language stock-desk UI string (W6-3 matrix scope)
Avg Rate,متوسط السعر,erpnext/stock/doctype/serial_and_batch_bundle/serial_and_batch_bundle.json:None,stock,1,Serial And Batch Bundle,approve,natural-language stock-desk UI string (W6-3 matrix scope)
Avg Rate (Balance Stock),متوسط السعر (رصيد المخزون),erpnext/stock/report/available_serial_no/available_serial_no.py:154; erpnext/stock/report/stock_ledger/stock_ledger.py:288,stock,1,Available Serial No,approve,natural-language stock-desk UI string (W6-3 matrix scope)
BOM Info,معلومات قائمة المواد,erpnext/stock/doctype/stock_entry/stock_entry.json:None,stock,1,Stock Entry,approve,natural-language stock-desk UI string (W6-3 matrix scope)
Balance Qty (Stock),كمية الرصيد (المخزون),erpnext/stock/page/warehouse_capacity_summary/warehouse_capacity_summary.js:71,stock,1,Warehouse Capacity Summary,approve,natural-language stock-desk UI string (W6-3 matrix scope)
Balance Stock Qty,كمية رصيد المخزون,erpnext/stock/page/warehouse_capacity_summary/warehouse_capacity_summary_header.html:13,stock,1,Warehouse Capacity Summary,approve,natural-language stock-desk UI string (W6-3 matrix scope)
Balance Stock Value,قيمة رصيد المخزون,erpnext/stock/doctype/stock_closing_balance/stock_closing_balance.json:None; erpnext/stock/doctype/stock_ledger_entry/stock_ledger_entry.json:None,stock,1,Stock Closing Balance,approve,natural-language stock-desk UI string (W6-3 matrix scope)
Batch Expiry Date,تاريخ انتهاء الدفعة,erpnext/stock/doctype/batch/batch.py:217; erpnext/stock/report/serial_no_and_batch_traceability/serial_no_and_batch_traceability.py:465,stock,1,Batch,approve,natural-language stock-desk UI string (W6-3 matrix scope)
Batch No is mandatory,رقم الدفعة إلزامي,erpnext/stock/doctype/serial_and_batch_bundle/serial_and_batch_bundle.py:1080,stock,1,Serial And Batch Bundle,approve,natural-language stock-desk UI string (W6-3 matrix scope)
Batch No {0} does not exists,,erpnext/stock/doctype/serial_and_batch_bundle/serial_and_batch_bundle.py:3031,stock,0,Serial And Batch Bundle,approve,natural-language stock-desk UI string (W6-3 matrix scope)
Batch No {0} is linked with Item {1} which has serial no. Please scan serial no instead.,,erpnext/stock/utils.py:646,stock,0,Utils.Py:646,approve,natural-language stock-desk UI string (W6-3 matrix scope)
"Batch No {0} is not present in the original {1} {2}, hence you can't return it against the {1} {2}",,erpnext/stock/doctype/serial_and_batch_bundle/serial_and_batch_bundle.py:406,stock,0,Serial And Batch Bundle,approve,natural-language stock-desk UI string (W6-3 matrix scope)
Batch Nos are created successfully,,erpnext/stock/doctype/serial_and_batch_bundle/serial_and_batch_bundle.py:1687,stock,0,Serial And Batch Bundle,approve,natural-language stock-desk UI string (W6-3 matrix scope)
Batch Qty,كمية الدفعة,erpnext/stock/report/serial_and_batch_summary/serial_and_batch_summary.py:161; erpnext/stock/report/stock_qty_vs_batch_qty/stock_qty_vs_batch_qty.py:33,stock,1,Serial And Batch Summary,approve,natural-language stock-desk UI string (W6-3 matrix scope)
Batch Qty updated successfully,تم تحديث كمية الدفعة بنجاح,erpnext/stock/report/stock_qty_vs_batch_qty/stock_qty_vs_batch_qty.py:120,stock,1,Stock Qty Vs Batch Qty,approve,natural-language stock-desk UI string (W6-3 matrix scope)
Batch Qty updated to {0},,erpnext/stock/doctype/batch/batch.py:177,stock,0,Batch,approve,natural-language stock-desk UI string (W6-3 matrix scope)
Batch {0} and Warehouse,,erpnext/stock/doctype/stock_reservation_entry/stock_reservation_entry.py:384,stock,0,Stock Reservation Entry,approve,natural-language stock-desk UI string (W6-3 matrix scope)
Batchwise Valuation,تقييم حسب الدفعة,erpnext/stock/report/fifo_queue_vs_qty_after_transaction_comparison/fifo_queue_vs_qty_after_transaction_comparison.py:164; erpnext/stock/report/stock_ledger_invariant_check/stock_ledger_invariant_check.py:183; erpnext/stock/report/stock_ledger_variance/stock_ledger_variance.py:86,stock,1,Fifo Queue Vs Qty After Transaction Comparison,approve,natural-language stock-desk UI string (W6-3 matrix scope)
Bin Qty Recalculated,تمت إعادة حساب كمية الحاوية,erpnext/stock/doctype/bin/bin.js:16,stock,1,Bin,approve,natural-language stock-desk UI string (W6-3 matrix scope)
Booking stock value across multiple accounts will make it harder to track stock and account value.,,erpnext/stock/doctype/warehouse/warehouse.py:146,stock,0,Warehouse,approve,natural-language stock-desk UI string (W6-3 matrix scope)
Buffer Time,وقت احتياطي,erpnext/stock/doctype/item_lead_time/item_lead_time.json:None,stock,1,Item Lead Time,approve,natural-language stock-desk UI string (W6-3 matrix scope)
CODE-39,,erpnext/stock/doctype/item_barcode/item_barcode.json:None,stock,0,Item Barcode,needs-review,technical/identifier token — vendor rendering; quorum disposition (A1/A2/A3)
COGS By Item Group,تكلفة البضاعة المباعة حسب مجموعة الأصناف,erpnext/stock/report/cogs_by_item_group/cogs_by_item_group.json:None,stock,1,Cogs By Item Group,approve,natural-language stock-desk UI string (W6-3 matrix scope)
COGS Debit,مدين تكلفة البضاعة المباعة,erpnext/stock/report/cogs_by_item_group/cogs_by_item_group.py:44,stock,1,Cogs By Item Group,approve,natural-language stock-desk UI string (W6-3 matrix scope)
Cannot Merge,لا يمكن الدمج,erpnext/stock/doctype/item/item.py:630; erpnext/stock/doctype/item/item.py:643; erpnext/stock/doctype/item/item.py:657,stock,1,Item,approve,natural-language stock-desk UI string (W6-3 matrix scope)
"Cannot amend {0} {1}, please create a new one instead.",,erpnext/stock/doctype/stock_reservation_entry/stock_reservation_entry.py:226,stock,0,Stock Reservation Entry,approve,natural-language stock-desk UI string (W6-3 matrix scope)
Cannot cancel as processing of cancelled documents is pending.,,erpnext/stock/doctype/repost_item_valuation/repost_item_valuation.py:246,stock,0,Repost Item Valuation,approve,natural-language stock-desk UI string (W6-3 matrix scope)
Cannot cancel the transaction. Reposting of item valuation on submission is not completed yet.,,erpnext/stock/stock_ledger.py:209,stock,0,Stock Ledger.Py:209,approve,natural-language stock-desk UI string (W6-3 matrix scope)
Cannot create Stock Reservation Entries for future dated Purchase Receipts.,,erpnext/stock/doctype/purchase_receipt/purchase_receipt.py:1013,stock,0,Purchase Receipt,approve,natural-language stock-desk UI string (W6-3 matrix scope)
Capacity (In Days),السعة (بالأيام),erpnext/stock/doctype/item/item.json:None,stock,1,Item,approve,natural-language stock-desk UI string (W6-3 matrix scope)
Capacity (Stock UOM),السعة (بوحدة قياس المخزون),erpnext/stock/page/warehouse_capacity_summary/warehouse_capacity_summary.js:69,stock,1,Warehouse Capacity Summary,approve,natural-language stock-desk UI string (W6-3 matrix scope)
Capacity in Stock UOM,السعة بوحدة قياس المخزون,erpnext/stock/doctype/putaway_rule/putaway_rule.json:None,stock,1,Putaway Rule,approve,natural-language stock-desk UI string (W6-3 matrix scope)
Capacity must be greater than 0,يجب أن تكون السعة أكبر من 0,erpnext/stock/doctype/putaway_rule/putaway_rule.py:86,stock,1,Putaway Rule,approve,natural-language stock-desk UI string (W6-3 matrix scope)
Carrier,الناقل,erpnext/stock/doctype/shipment/shipment.json:None,stock,1,Shipment,approve,natural-language stock-desk UI string (W6-3 matrix scope)
Carrier Service,خدمة الناقل,erpnext/stock/doctype/shipment/shipment.json:None,stock,1,Shipment,approve,natural-language stock-desk UI string (W6-3 matrix scope)
Caution: This might alter frozen accounts.,تنبيه: قد يغير هذا الحسابات المجمدة.,erpnext/stock/doctype/repost_item_valuation/repost_item_valuation.py:181,stock,1,Repost Item Valuation,approve,natural-language stock-desk UI string (W6-3 matrix scope)
Change in Stock Value,التغير في قيمة المخزون,erpnext/stock/doctype/serial_and_batch_entry/serial_and_batch_entry.json:None; erpnext/stock/doctype/stock_closing_balance/stock_closing_balance.json:None; erpnext/stock/doctype/stock_ledger_entry/stock_ledger_entry.json:None; erpnext/stock/report/serial_and_batch_summary/serial_and_batch_summary.py:169,stock,1,Serial And Batch Entry,approve,natural-language stock-desk UI string (W6-3 matrix scope)
Charges are updated in Purchase Receipt against each item,,erpnext/stock/doctype/landed_cost_voucher/landed_cost_voucher.js:9,stock,0,Landed Cost Voucher,approve,natural-language stock-desk UI string (W6-3 matrix scope)
"Charges will be distributed proportionately based on item qty or amount, as per your selection",,erpnext/stock/doctype/landed_cost_voucher/landed_cost_voucher.js:9,stock,0,Landed Cost Voucher,approve,natural-language stock-desk UI string (W6-3 matrix scope)
Check Availability in Warehouse,فحص التوفر في المستودع,erpnext/stock/doctype/item_reorder/item_reorder.json:None,stock,1,Item Reorder,approve,natural-language stock-desk UI string (W6-3 matrix scope)
Company which internal customer represents.,,erpnext/stock/doctype/delivery_note/delivery_note.json:None,stock,0,Delivery Note,approve,natural-language stock-desk UI string (W6-3 matrix scope)
Conditional Rule,قاعدة شرطية,erpnext/stock/doctype/inventory_dimension/inventory_dimension.json:None,stock,1,Inventory Dimension,approve,natural-language stock-desk UI string (W6-3 matrix scope)
Conditional Rule Examples,,erpnext/stock/doctype/inventory_dimension/inventory_dimension.json:None,stock,0,Inventory Dimension,approve,natural-language stock-desk UI string (W6-3 matrix scope)
Consider Rejected Warehouses,احتساب مستودعات المرفوضات,erpnext/stock/doctype/pick_list/pick_list.json:None,stock,1,Pick List,approve,natural-language stock-desk UI string (W6-3 matrix scope)
Consumed quantity of item {0} exceeds transferred quantity.,,erpnext/stock/doctype/stock_entry_type/stock_entry_type.py:118,stock,0,Stock Entry Type,approve,natural-language stock-desk UI string (W6-3 matrix scope)
Consumption Rate,معدل الاستهلاك,erpnext/stock/report/stock_ledger_invariant_check/stock_ledger_invariant_check.py:198; erpnext/stock/report/stock_ledger_variance/stock_ledger_variance.py:101,stock,1,Stock Ledger Invariant Check,approve,natural-language stock-desk UI string (W6-3 matrix scope)
Control Historical Stock Transactions,التحكم في معاملات المخزون السابقة,erpnext/stock/doctype/stock_settings/stock_settings.json:None,stock,1,Stock Settings,approve,natural-language stock-desk UI string (W6-3 matrix scope)
Convert Item Description to Clean HTML in Transactions,تحويل وصف الصنف إلى HTML نظيف في المعاملات,erpnext/stock/doctype/stock_settings/stock_settings.json:None,stock,1,Stock Settings,approve,natural-language stock-desk UI string (W6-3 matrix scope)
Convert to Item Based Reposting,التحويل إلى إعادة ترحيل حسب الصنف,erpnext/stock/doctype/stock_reposting_settings/stock_reposting_settings.js:10,stock,1,Stock Reposting Settings,approve,natural-language stock-desk UI string (W6-3 matrix scope)
Convert to Ledger,تحويل إلى دفتر الأستاذ,erpnext/stock/doctype/warehouse/warehouse.js:52,stock,1,Warehouse,approve,natural-language stock-desk UI string (W6-3 matrix scope)
Cost of Goods Sold Account in Items Table,,erpnext/stock/doctype/stock_entry/stock_entry.py:700,stock,0,Stock Entry,approve,natural-language stock-desk UI string (W6-3 matrix scope)
Create Delivery Note,إنشاء إذن تسليم,erpnext/stock/doctype/pick_list/pick_list.js:132,stock,1,Pick List,approve,natural-language stock-desk UI string (W6-3 matrix scope)
Create Grouped Asset,إنشاء أصل مجمع,erpnext/stock/doctype/item/item.json:None,stock,1,Item,approve,natural-language stock-desk UI string (W6-3 matrix scope)
Create Reposting Entries,إنشاء قيود إعادة ترحيل,erpnext/stock/report/stock_and_account_value_comparison/stock_and_account_value_comparison.js:44; erpnext/stock/report/stock_ledger_variance/stock_ledger_variance.js:92,stock,1,Stock And Account Value Comparison,approve,natural-language stock-desk UI string (W6-3 matrix scope)
Create Reposting Entry,إنشاء قيد إعادة ترحيل,erpnext/stock/report/stock_ledger_invariant_check/stock_ledger_invariant_check.js:58,stock,1,Stock Ledger Invariant Check,approve,natural-language stock-desk UI string (W6-3 matrix scope)
Create Stock Entry,إنشاء قيد مخزون,erpnext/stock/dashboard/item_dashboard.js:283; erpnext/stock/doctype/material_request/material_request.js:488; erpnext/stock/doctype/pick_list/pick_list.js:138,stock,1,Item Dashboard.Js:283,approve,natural-language stock-desk UI string (W6-3 matrix scope)
Create a variant with the template image.,,erpnext/stock/doctype/item/item.js:713; erpnext/stock/doctype/item/item.js:865,stock,0,Item,approve,natural-language stock-desk UI string (W6-3 matrix scope)
Creating Packing Slip ...,,erpnext/stock/doctype/packing_slip/packing_slip.js:42,stock,0,Packing Slip,approve,natural-language stock-desk UI string (W6-3 matrix scope)
Creation,الإنشاء,erpnext/stock/report/fifo_queue_vs_qty_after_transaction_comparison/fifo_queue_vs_qty_after_transaction_comparison.py:141; erpnext/stock/report/stock_ledger_invariant_check/stock_ledger_invariant_check.py:154; erpnext/stock/report/stock_ledger_variance/stock_ledger_variance.py:46,stock,1,Fifo Queue Vs Qty After Transaction Comparison,approve,natural-language stock-desk UI string (W6-3 matrix scope)
Current Index,الفهرس الحالي,erpnext/stock/doctype/repost_item_valuation/repost_item_valuation.json:None,stock,1,Repost Item Valuation,approve,natural-language stock-desk UI string (W6-3 matrix scope)
Current Serial / Batch Bundle,مجموعة التسلسل/الدفعة الحالية,erpnext/stock/doctype/stock_reconciliation_item/stock_reconciliation_item.json:None,stock,1,Stock Reconciliation Item,approve,natural-language stock-desk UI string (W6-3 matrix scope)
Customer Provided Item Cost,تكلفة الصنف المقدم من العميل,erpnext/stock/doctype/stock_entry_detail/stock_entry_detail.json:None,stock,1,Stock Entry Detail,approve,natural-language stock-desk UI string (W6-3 matrix scope)
D - E,,erpnext/stock/report/fifo_queue_vs_qty_after_transaction_comparison/fifo_queue_vs_qty_after_transaction_comparison.py:204; erpnext/stock/report/stock_ledger_invariant_check/stock_ledger_invariant_check.py:243; erpnext/stock/report/stock_ledger_variance/stock_ledger_variance.py:146,stock,0,Fifo Queue Vs Qty After Transaction Comparison,approve,natural-language stock-desk UI string (W6-3 matrix scope)
Daily Yield (%),الإنتاجية اليومية (%),erpnext/stock/doctype/item_lead_time/item_lead_time.json:None,stock,1,Item Lead Time,approve,natural-language stock-desk UI string (W6-3 matrix scope)
Default COGS Account,حساب تكلفة البضاعة المباعة الافتراضي,erpnext/stock/doctype/item_default/item_default.json:None,stock,1,Item Default,approve,natural-language stock-desk UI string (W6-3 matrix scope)
Default Discount Account,حساب الخصم الافتراضي,erpnext/stock/doctype/item_default/item_default.json:None,stock,1,Item Default,approve,natural-language stock-desk UI string (W6-3 matrix scope)
Default Provisional Account (Service),الحساب المؤقت الافتراضي (خدمة),erpnext/stock/doctype/item_default/item_default.json:None,stock,1,Item Default,approve,natural-language stock-desk UI string (W6-3 matrix scope)
Default settings for your stock-related transactions,,erpnext/stock/doctype/stock_settings/stock_settings.json:None,stock,0,Stock Settings,approve,natural-language stock-desk UI string (W6-3 matrix scope)
Deferred Accounting Defaults,إعدادات المحاسبة المؤجلة الافتراضية,erpnext/stock/doctype/item_default/item_default.json:None,stock,1,Item Default,approve,natural-language stock-desk UI string (W6-3 matrix scope)
Delete Dimension,حذف البُعد,erpnext/stock/doctype/inventory_dimension/inventory_dimension.js:66,stock,1,Inventory Dimension,approve,natural-language stock-desk UI string (W6-3 matrix scope)
Delivered Qty (in Stock UOM),الكمية المسلمة (بوحدة قياس المخزون),erpnext/stock/doctype/pick_list_item/pick_list_item.json:None,stock,1,Pick List Item,approve,natural-language stock-desk UI string (W6-3 matrix scope)
Delivery Note Packed Item,صنف معبأ في إذن التسليم,erpnext/stock/doctype/packing_slip_item/packing_slip_item.json:None,stock,1,Packing Slip Item,approve,natural-language stock-desk UI string (W6-3 matrix scope)
Delivery to,,erpnext/stock/doctype/shipment/shipment.json:None,stock,0,Shipment,approve,natural-language stock-desk UI string (W6-3 matrix scope)
Dependant SLE Voucher Detail No,,erpnext/stock/doctype/stock_ledger_entry/stock_ledger_entry.json:None,stock,0,Stock Ledger Entry,approve,natural-language stock-desk UI string (W6-3 matrix scope)
Description of Content,وصف المحتوى,erpnext/stock/doctype/shipment/shipment.json:None,stock,1,Shipment,approve,natural-language stock-desk UI string (W6-3 matrix scope)
Difference Account in Items Table,حساب الفرق في جدول الأصناف,erpnext/stock/doctype/stock_entry/stock_entry.py:689,stock,1,Stock Entry,approve,natural-language stock-desk UI string (W6-3 matrix scope)
Difference In,الفرق في,erpnext/stock/report/stock_ledger_variance/stock_ledger_variance.js:49,stock,1,Stock Ledger Variance,approve,natural-language stock-desk UI string (W6-3 matrix scope)
Different 'Source Warehouse' and 'Target Warehouse' can be set for each row.,,erpnext/stock/doctype/delivery_note/delivery_note.js:495,stock,0,Delivery Note,approve,natural-language stock-desk UI string (W6-3 matrix scope)
Dimension Details,تفاصيل البُعد,erpnext/stock/doctype/inventory_dimension/inventory_dimension.json:None,stock,1,Inventory Dimension,approve,natural-language stock-desk UI string (W6-3 matrix scope)
Disable Serial No And Batch Selector,تعطيل محدد الرقم التسلسلي والدفعة,erpnext/stock/doctype/stock_settings/stock_settings.json:None,stock,1,Stock Settings,approve,natural-language stock-desk UI string (W6-3 matrix scope)
Disabled Warehouse {0} cannot be used for this transaction.,,erpnext/stock/utils.py:450,stock,0,Utils.Py:450,approve,natural-language stock-desk UI string (W6-3 matrix scope)
Disables auto-fetching of existing quantity,,erpnext/stock/doctype/stock_reconciliation/stock_reconciliation.json:None,stock,0,Stock Reconciliation,approve,natural-language stock-desk UI string (W6-3 matrix scope)
Disassemble,تفكيك,erpnext/stock/doctype/stock_entry/stock_entry.json:None; erpnext/stock/doctype/stock_entry_type/stock_entry_type.json:None,stock,1,Stock Entry,approve,natural-language stock-desk UI string (W6-3 matrix scope)
Dispatch Address Template,قالب عنوان الإرسال,erpnext/stock/doctype/purchase_receipt/purchase_receipt.json:None,stock,1,Purchase Receipt,approve,natural-language stock-desk UI string (W6-3 matrix scope)
Distinct Item and Warehouse,,erpnext/stock/doctype/repost_item_valuation/repost_item_valuation.json:None,stock,0,Repost Item Valuation,approve,natural-language stock-desk UI string (W6-3 matrix scope)
Distinct unit of an Item,,erpnext/stock/doctype/serial_no/serial_no.json:None,stock,0,Serial No,approve,natural-language stock-desk UI string (W6-3 matrix scope)
Distribute Manually,,erpnext/stock/doctype/landed_cost_voucher/landed_cost_voucher.json:None,stock,0,Landed Cost Voucher,approve,natural-language stock-desk UI string (W6-3 matrix scope)
Do Not Update Serial / Batch on Creation of Auto Bundle,عدم تحديث التسلسل/الدفعة عند إنشاء المجموعة تلقائيا,erpnext/stock/doctype/stock_settings/stock_settings.json:None,stock,1,Stock Settings,approve,natural-language stock-desk UI string (W6-3 matrix scope)
Do Not Use Batch-wise Valuation,عدم استخدام التقييم حسب الدفعة,erpnext/stock/doctype/stock_settings/stock_settings.json:None,stock,1,Stock Settings,approve,natural-language stock-desk UI string (W6-3 matrix scope)
Do you still want to enable negative inventory?,,erpnext/stock/doctype/stock_settings/stock_settings.js:44,stock,0,Stock Settings,approve,natural-language stock-desk UI string (W6-3 matrix scope)
Do you want to change valuation method?,,erpnext/stock/doctype/item/item.js:24,stock,0,Item,approve,natural-language stock-desk UI string (W6-3 matrix scope)
"Due to stock closing entry {0}, you cannot repost item valuation before {1}",,erpnext/stock/doctype/repost_item_valuation/repost_item_valuation.py:138,stock,0,Repost Item Valuation,approve,natural-language stock-desk UI string (W6-3 matrix scope)
Duplicate Serial Number Error,خطأ رقم تسلسلي مكرر,erpnext/stock/serial_batch_bundle.py:1443,stock,1,Serial Batch Bundle.Py:1443,approve,natural-language stock-desk UI string (W6-3 matrix scope)
Duplicate Stock Closing Entry,,erpnext/stock/doctype/stock_closing_entry/stock_closing_entry.py:78,stock,0,Stock Closing Entry,approve,natural-language stock-desk UI string (W6-3 matrix scope)
EAN,,erpnext/stock/doctype/item_barcode/item_barcode.json:None,stock,0,Item Barcode,needs-review,technical/identifier token — vendor rendering; quorum disposition (A1/A2/A3)
EAN-12,,erpnext/stock/doctype/item_barcode/item_barcode.json:None,stock,0,Item Barcode,needs-review,technical/identifier token — vendor rendering; quorum disposition (A1/A2/A3)
EAN-8,,erpnext/stock/doctype/item_barcode/item_barcode.json:None,stock,0,Item Barcode,needs-review,technical/identifier token — vendor rendering; quorum disposition (A1/A2/A3)
Edit Capacity,تعديل السعة,erpnext/stock/page/warehouse_capacity_summary/warehouse_capacity_summary.html:37,stock,1,Warehouse Capacity Summary,approve,natural-language stock-desk UI string (W6-3 matrix scope)
Email or Phone/Mobile of the Contact are mandatory to continue.,,erpnext/stock/doctype/shipment/shipment.js:174,stock,0,Shipment,approve,natural-language stock-desk UI string (W6-3 matrix scope)
Enable Allow Partial Reservation in the Stock Settings to reserve partial stock.,,erpnext/stock/doctype/stock_reservation_entry/stock_reservation_entry.py:1720,stock,0,Stock Reservation Entry,approve,natural-language stock-desk UI string (W6-3 matrix scope)
Enable Parallel Reposting,تمكين إعادة الترحيل المتوازي,erpnext/stock/doctype/stock_reposting_settings/stock_reposting_settings.json:None,stock,1,Stock Reposting Settings,approve,natural-language stock-desk UI string (W6-3 matrix scope)
Enable Stock Reservation,تمكين حجز المخزون,erpnext/stock/doctype/stock_settings/stock_settings.json:None,stock,1,Stock Settings,approve,natural-language stock-desk UI string (W6-3 matrix scope)
Enable it if users want to consider rejected materials to dispatch.,,erpnext/stock/doctype/pick_list/pick_list.json:None,stock,0,Pick List,approve,natural-language stock-desk UI string (W6-3 matrix scope)
End Transit,إنهاء العبور,erpnext/stock/doctype/stock_entry/stock_entry.js:292,stock,1,Stock Entry,approve,natural-language stock-desk UI string (W6-3 matrix scope)
"Enter an Item Code, the name will be auto-filled the same as Item Code on clicking inside the Item Name field.",,erpnext/stock/doctype/item/item.js:1034,stock,0,Item,approve,natural-language stock-desk UI string (W6-3 matrix scope)
Enter the opening stock units.,,erpnext/stock/doctype/item/item.js:1060,stock,0,Item,approve,natural-language stock-desk UI string (W6-3 matrix scope)
Error while reposting item valuation,,erpnext/stock/doctype/repost_item_valuation/repost_item_valuation.py:516,stock,0,Repost Item Valuation,approve,natural-language stock-desk UI string (W6-3 matrix scope)
Errors Notification,إشعار الأخطاء,erpnext/stock/doctype/stock_reposting_settings/stock_reposting_settings.json:None,stock,1,Stock Reposting Settings,approve,natural-language stock-desk UI string (W6-3 matrix scope)
Example of a linked document: {0},,erpnext/stock/doctype/item/item.py:993,stock,0,Item,approve,natural-language stock-desk UI string (W6-3 matrix scope)
Example: Serial No {0} reserved in {1}.,,erpnext/stock/stock_ledger.py:2311,stock,0,Stock Ledger.Py:2311,approve,natural-language stock-desk UI string (W6-3 matrix scope)
Expected Balance Qty,كمية الرصيد المتوقعة,erpnext/stock/report/incorrect_balance_qty_after_transaction/incorrect_balance_qty_after_transaction.py:119,stock,1,Incorrect Balance Qty After Transaction,approve,natural-language stock-desk UI string (W6-3 matrix scope)
Expected Stock Value,قيمة المخزون المتوقعة,erpnext/stock/report/incorrect_stock_value_report/incorrect_stock_value_report.py:129,stock,1,Incorrect Stock Value Report,approve,natural-language stock-desk UI string (W6-3 matrix scope)
Expiry,انتهاء الصلاحية,erpnext/stock/doctype/stock_settings/stock_settings.json:None,stock,1,Stock Settings,approve,natural-language stock-desk UI string (W6-3 matrix scope)
FIFO Queue,طابور FIFO,erpnext/stock/doctype/stock_closing_balance/stock_closing_balance.json:None,stock,1,Stock Closing Balance,approve,natural-language stock-desk UI string (W6-3 matrix scope)
FIFO Queue vs Qty After Transaction Comparison,مقارنة طابور FIFO مع الكمية بعد المعاملة,erpnext/stock/report/fifo_queue_vs_qty_after_transaction_comparison/fifo_queue_vs_qty_after_transaction_comparison.json:None,stock,1,Fifo Queue Vs Qty After Transaction Comparison,approve,natural-language stock-desk UI string (W6-3 matrix scope)
"FIFO Stock Queue (qty, rate)",,erpnext/stock/doctype/serial_and_batch_entry/serial_and_batch_entry.json:None; erpnext/stock/doctype/stock_ledger_entry/stock_ledger_entry.json:None,stock,0,Serial And Batch Entry,approve,natural-language stock-desk UI string (W6-3 matrix scope)
FIFO/LIFO Queue,طابور FIFO/LIFO,erpnext/stock/report/fifo_queue_vs_qty_after_transaction_comparison/fifo_queue_vs_qty_after_transaction_comparison.py:179; erpnext/stock/report/stock_ledger_invariant_check/stock_ledger_invariant_check.py:218; erpnext/stock/report/stock_ledger_variance/stock_ledger_variance.py:121,stock,1,Fifo Queue Vs Qty After Transaction Comparison,approve,natural-language stock-desk UI string (W6-3 matrix scope)
Fetch Value From,جلب القيمة من,erpnext/stock/doctype/inventory_dimension/inventory_dimension.json:None,stock,1,Inventory Dimension,approve,natural-language stock-desk UI string (W6-3 matrix scope)
Finished Good Quantity ,كمية المنتج النهائي,erpnext/stock/doctype/stock_entry/stock_entry.json:None,stock,1,Stock Entry,approve,natural-language stock-desk UI string (W6-3 matrix scope)
Finished Item {0} does not match with Work Order {1},,erpnext/stock/doctype/stock_entry/stock_entry.py:1594,stock,0,Stock Entry,approve,natural-language stock-desk UI string (W6-3 matrix scope)
Fix SABB Entry,,erpnext/stock/report/incorrect_serial_and_batch_bundle/incorrect_serial_and_batch_bundle.js:28,stock,0,Incorrect Serial And Batch Bundle,approve,natural-language stock-desk UI string (W6-3 matrix scope)
For quantity {0} should not be greater than allowed quantity {1},,erpnext/stock/doctype/stock_entry/stock_entry.py:1626,stock,0,Stock Entry,approve,natural-language stock-desk UI string (W6-3 matrix scope)
"For the convenience of customers, these codes can be used in print formats like Invoices and Delivery Notes",,erpnext/stock/doctype/item_customer_detail/item_customer_detail.json:None,stock,0,Item Customer Detail,approve,natural-language stock-desk UI string (W6-3 matrix scope)
"For the item {0}, the quantity should be {1} according to the BOM {2}.",,erpnext/stock/doctype/stock_entry/stock_entry.py:930,stock,0,Stock Entry,approve,natural-language stock-desk UI string (W6-3 matrix scope)
Formula Based Criteria,معيار مبني على صيغة,erpnext/stock/doctype/item_quality_inspection_parameter/item_quality_inspection_parameter.json:None; erpnext/stock/doctype/quality_inspection_reading/quality_inspection_reading.json:None,stock,1,Item Quality Inspection Parameter,approve,natural-language stock-desk UI string (W6-3 matrix scope)
From Voucher Detail No,من رقم تفاصيل السند,erpnext/stock/doctype/stock_reservation_entry/stock_reservation_entry.json:None,stock,1,Stock Reservation Entry,approve,natural-language stock-desk UI string (W6-3 matrix scope)
From Voucher No,من رقم السند,erpnext/stock/doctype/stock_reservation_entry/stock_reservation_entry.json:None; erpnext/stock/report/reserved_stock/reserved_stock.js:103; erpnext/stock/report/reserved_stock/reserved_stock.py:164,stock,1,Stock Reservation Entry,approve,natural-language stock-desk UI string (W6-3 matrix scope)
From Voucher Type,من نوع السند,erpnext/stock/doctype/stock_reservation_entry/stock_reservation_entry.json:None; erpnext/stock/report/reserved_stock/reserved_stock.js:92; erpnext/stock/report/reserved_stock/reserved_stock.py:158,stock,1,Stock Reservation Entry,approve,natural-language stock-desk UI string (W6-3 matrix scope)
From and To dates are required,,erpnext/stock/report/itemwise_recommended_reorder_level/itemwise_recommended_reorder_level.py:166,stock,0,Itemwise Recommended Reorder Level,approve,natural-language stock-desk UI string (W6-3 matrix scope)
G - D,,erpnext/stock/report/stock_ledger_invariant_check/stock_ledger_invariant_check.py:258; erpnext/stock/report/stock_ledger_variance/stock_ledger_variance.py:161,stock,0,Stock Ledger Invariant Check,approve,natural-language stock-desk UI string (W6-3 matrix scope)
GL reposting index,فهرس إعادة ترحيل دفتر الأستاذ العام,erpnext/stock/doctype/repost_item_valuation/repost_item_valuation.json:None,stock,1,Repost Item Valuation,approve,natural-language stock-desk UI string (W6-3 matrix scope)
GS1,,erpnext/stock/doctype/item_barcode/item_barcode.json:None,stock,0,Item Barcode,needs-review,technical/identifier token — vendor rendering; quorum disposition (A1/A2/A3)
GTIN,,erpnext/stock/doctype/item_barcode/item_barcode.json:None,stock,0,Item Barcode,needs-review,technical/identifier token — vendor rendering; quorum disposition (A1/A2/A3)
Generate Stock Closing Entry,إنشاء قيد إغلاق المخزون,erpnext/stock/doctype/stock_closing_entry/stock_closing_entry.js:12,stock,1,Stock Closing Entry,approve,natural-language stock-desk UI string (W6-3 matrix scope)
"Generate packing slips for packages to be delivered. Used to notify package number, package contents and its weight.",,erpnext/stock/doctype/packing_slip/packing_slip.json:None,stock,0,Packing Slip,approve,natural-language stock-desk UI string (W6-3 matrix scope)
Get stops from,,erpnext/stock/doctype/delivery_trip/delivery_trip.js:69,stock,0,Delivery Trip,approve,natural-language stock-desk UI string (W6-3 matrix scope)
Goods,بضائع,erpnext/stock/doctype/shipment/shipment.json:None,stock,1,Shipment,approve,natural-language stock-desk UI string (W6-3 matrix scope)
H - F,,erpnext/stock/report/stock_ledger_invariant_check/stock_ledger_invariant_check.py:268; erpnext/stock/report/stock_ledger_variance/stock_ledger_variance.py:171,stock,0,Stock Ledger Invariant Check,approve,natural-language stock-desk UI string (W6-3 matrix scope)
Has Corrective Cost,له تكلفة تصحيحية,erpnext/stock/doctype/landed_cost_taxes_and_charges/landed_cost_taxes_and_charges.json:None,stock,1,Landed Cost Taxes And Charges,approve,natural-language stock-desk UI string (W6-3 matrix scope)
Has Operating Cost,له تكلفة تشغيل,erpnext/stock/doctype/landed_cost_taxes_and_charges/landed_cost_taxes_and_charges.json:None,stock,1,Landed Cost Taxes And Charges,approve,natural-language stock-desk UI string (W6-3 matrix scope)
Have Default Naming Series for Batch ID?,,erpnext/stock/doctype/stock_settings/stock_settings.json:None,stock,0,Stock Settings,approve,natural-language stock-desk UI string (W6-3 matrix scope)
Height (cm),الارتفاع (سم),erpnext/stock/doctype/shipment_parcel/shipment_parcel.json:None; erpnext/stock/doctype/shipment_parcel_template/shipment_parcel_template.json:None,stock,1,Shipment Parcel,approve,natural-language stock-desk UI string (W6-3 matrix scope)
Here are the options to proceed:,,erpnext/stock/stock_ledger.py:2030,stock,0,Stock Ledger.Py:2030,approve,natural-language stock-desk UI string (W6-3 matrix scope)
"Hi,",,erpnext/stock/doctype/repost_item_valuation/repost_item_valuation.py:518,stock,0,Repost Item Valuation,approve,natural-language stock-desk UI string (W6-3 matrix scope)
I - J,,erpnext/stock/report/stock_ledger_invariant_check/stock_ledger_invariant_check.py:283; erpnext/stock/report/stock_ledger_variance/stock_ledger_variance.py:186,stock,0,Stock Ledger Invariant Check,approve,natural-language stock-desk UI string (W6-3 matrix scope)
I - K,,erpnext/stock/report/stock_ledger_invariant_check/stock_ledger_invariant_check.py:293; erpnext/stock/report/stock_ledger_variance/stock_ledger_variance.py:196,stock,0,Stock Ledger Invariant Check,approve,natural-language stock-desk UI string (W6-3 matrix scope)
ISBN,,erpnext/stock/doctype/item_barcode/item_barcode.json:None,stock,0,Item Barcode,needs-review,technical/identifier token — vendor rendering; quorum disposition (A1/A2/A3)
ISBN-10,,erpnext/stock/doctype/item_barcode/item_barcode.json:None,stock,0,Item Barcode,needs-review,technical/identifier token — vendor rendering; quorum disposition (A1/A2/A3)
ISBN-13,,erpnext/stock/doctype/item_barcode/item_barcode.json:None,stock,0,Item Barcode,needs-review,technical/identifier token — vendor rendering; quorum disposition (A1/A2/A3)
ISSN,,erpnext/stock/doctype/item_barcode/item_barcode.json:None,stock,0,Item Barcode,needs-review,technical/identifier token — vendor rendering; quorum disposition (A1/A2/A3)
"If checked, picked qty won't automatically be fulfilled on submit of pick list.",,erpnext/stock/doctype/pick_list/pick_list.json:None,stock,0,Pick List,approve,natural-language stock-desk UI string (W6-3 matrix scope)
If enabled then system won't apply the pricing rule on the delivery note which will be create from the pick list,,erpnext/stock/doctype/pick_list/pick_list.json:None,stock,0,Pick List,approve,natural-language stock-desk UI string (W6-3 matrix scope)
If enabled then system won't override the picked qty / batches / serial numbers / warehouse.,,erpnext/stock/doctype/pick_list/pick_list.json:None,stock,0,Pick List,approve,natural-language stock-desk UI string (W6-3 matrix scope)
"If enabled, do not update serial / batch values in the stock transactions on creation of auto Serial 
 / Batch Bundle. ",,erpnext/stock/doctype/stock_settings/stock_settings.json:None,stock,0,Stock Settings,needs-review,embedded newline/formatting anomaly — quorum disposition (A1/A2/A3)
"If not, you can Cancel / Submit this entry",,erpnext/stock/stock_ledger.py:2040,stock,0,Stock Ledger.Py:2040,approve,natural-language stock-desk UI string (W6-3 matrix scope)
"If yes, then this warehouse will be used to store rejected materials",,erpnext/stock/doctype/warehouse/warehouse.json:None,stock,0,Warehouse,approve,natural-language stock-desk UI string (W6-3 matrix scope)
Ignore Closing Balance,تجاهل الرصيد الختامي,erpnext/stock/report/stock_balance/stock_balance.js:125,stock,1,Stock Balance,approve,natural-language stock-desk UI string (W6-3 matrix scope)
Ignore Empty Stock,تجاهل المخزون الفارغ,erpnext/stock/doctype/stock_reconciliation/stock_reconciliation.js:143,stock,1,Stock Reconciliation,approve,natural-language stock-desk UI string (W6-3 matrix scope)
In Transit Transfer,نقل قيد العبور,erpnext/stock/doctype/material_request/material_request.js:487,stock,1,Material Request,approve,natural-language stock-desk UI string (W6-3 matrix scope)
In Transit Warehouse,,erpnext/stock/doctype/material_request/material_request.js:456,stock,0,Material Request,approve,natural-language stock-desk UI string (W6-3 matrix scope)
Include Expired Batches,تضمين الدفعات المنتهية,erpnext/stock/report/available_batch_report/available_batch_report.js:80,stock,1,Available Batch Report,approve,natural-language stock-desk UI string (W6-3 matrix scope)
Include Zero Stock Items,تضمين أصناف المخزون الصفري,erpnext/stock/report/stock_balance/stock_balance.js:131,stock,1,Stock Balance,approve,natural-language stock-desk UI string (W6-3 matrix scope)
Incompatible Setting Detected,تم اكتشاف إعداد غير متوافق,erpnext/stock/doctype/stock_settings/stock_settings.js:68,stock,1,Stock Settings,approve,natural-language stock-desk UI string (W6-3 matrix scope)
Incorrect Balance Qty After Transaction,كمية الرصيد غير الصحيحة بعد المعاملة,erpnext/stock/report/incorrect_balance_qty_after_transaction/incorrect_balance_qty_after_transaction.json:None,stock,1,Incorrect Balance Qty After Transaction,approve,natural-language stock-desk UI string (W6-3 matrix scope)
Incorrect Check in (group) Warehouse for Reorder,,erpnext/stock/doctype/item/item.py:532,stock,0,Item,approve,natural-language stock-desk UI string (W6-3 matrix scope)
Incorrect Component Quantity,,erpnext/stock/doctype/stock_entry/stock_entry.py:935,stock,0,Stock Entry,approve,natural-language stock-desk UI string (W6-3 matrix scope)
Incorrect Invoice,فاتورة غير صحيحة,erpnext/stock/doctype/landed_cost_voucher/landed_cost_voucher.py:135,stock,1,Landed Cost Voucher,approve,natural-language stock-desk UI string (W6-3 matrix scope)
Incorrect Reference Document (Purchase Receipt Item),,erpnext/stock/doctype/landed_cost_voucher/landed_cost_voucher.py:108,stock,0,Landed Cost Voucher,approve,natural-language stock-desk UI string (W6-3 matrix scope)
Incorrect Serial No Valuation,تقييم الرقم التسلسلي غير الصحيح,erpnext/stock/report/incorrect_serial_no_valuation/incorrect_serial_no_valuation.json:None,stock,1,Incorrect Serial No Valuation,approve,natural-language stock-desk UI string (W6-3 matrix scope)
Incorrect Serial and Batch Bundle,مجموعة التسلسل والدفعة غير الصحيحة,erpnext/stock/report/incorrect_serial_and_batch_bundle/incorrect_serial_and_batch_bundle.json:None,stock,1,Incorrect Serial And Batch Bundle,approve,natural-language stock-desk UI string (W6-3 matrix scope)
Incorrect Stock Value Report,تقرير قيمة المخزون غير الصحيحة,erpnext/stock/report/incorrect_stock_value_report/incorrect_stock_value_report.json:None,stock,1,Incorrect Stock Value Report,approve,natural-language stock-desk UI string (W6-3 matrix scope)
Incorrect Type of Transaction,,erpnext/stock/serial_batch_bundle.py:136,stock,0,Serial Batch Bundle.Py:136,approve,natural-language stock-desk UI string (W6-3 matrix scope)
Individual Stock Ledger Entry cannot be cancelled.,,erpnext/stock/doctype/stock_ledger_entry/stock_ledger_entry.py:347,stock,0,Stock Ledger Entry,approve,natural-language stock-desk UI string (W6-3 matrix scope)
Insufficient Capacity,سعة غير كافية,erpnext/stock/doctype/putaway_rule/putaway_rule.py:82; erpnext/stock/doctype/putaway_rule/putaway_rule.py:325,stock,1,Putaway Rule,approve,natural-language stock-desk UI string (W6-3 matrix scope)
Insufficient Stock for Batch,مخزون غير كاف للدفعة,erpnext/stock/stock_ledger.py:2217,stock,1,Stock Ledger.Py:2217,approve,natural-language stock-desk UI string (W6-3 matrix scope)
Invalid Document,مستند غير صالح,erpnext/stock/doctype/landed_cost_voucher/landed_cost_voucher.py:122,stock,1,Landed Cost Voucher,approve,natural-language stock-desk UI string (W6-3 matrix scope)
Invalid Formula,صيغة غير صالحة,erpnext/stock/doctype/quality_inspection/quality_inspection.py:319; erpnext/stock/doctype/quality_inspection/quality_inspection.py:324,stock,1,Quality Inspection,approve,natural-language stock-desk UI string (W6-3 matrix scope)
Invalid Item Defaults,,erpnext/stock/doctype/item/item.py:1408,stock,0,Item,approve,natural-language stock-desk UI string (W6-3 matrix scope)
Invalid Priority,,erpnext/stock/doctype/putaway_rule/putaway_rule.py:61,stock,0,Putaway Rule,approve,natural-language stock-desk UI string (W6-3 matrix scope)
Invalid Query,,erpnext/stock/doctype/landed_cost_voucher/landed_cost_voucher.py:435,stock,0,Landed Cost Voucher,approve,natural-language stock-desk UI string (W6-3 matrix scope)
Invalid Serial and Batch Bundle,,erpnext/stock/doctype/stock_entry/stock_entry.py:1669,stock,0,Stock Entry,approve,natural-language stock-desk UI string (W6-3 matrix scope)
Invalid Source and Target Warehouse,,erpnext/stock/doctype/stock_entry/stock_entry.py:969; erpnext/stock/doctype/stock_entry/stock_entry.py:991,stock,0,Stock Entry,approve,natural-language stock-desk UI string (W6-3 matrix scope)
Invalid Warehouse,مستودع غير صالح,erpnext/stock/doctype/putaway_rule/putaway_rule.py:70; erpnext/stock/doctype/stock_reservation_entry/stock_reservation_entry.py:256,stock,1,Putaway Rule,approve,natural-language stock-desk UI string (W6-3 matrix scope)
Invalid search query,,erpnext/stock/doctype/landed_cost_voucher/landed_cost_voucher.py:435,stock,0,Landed Cost Voucher,approve,natural-language stock-desk UI string (W6-3 matrix scope)
Inventory Account Currency,عملة حساب المخزون,erpnext/stock/doctype/item_default/item_default.json:None,stock,1,Item Default,approve,natural-language stock-desk UI string (W6-3 matrix scope)
Inventory Dimension Negative Stock,مخزون سالب لبُعد المخزون,erpnext/stock/doctype/stock_ledger_entry/stock_ledger_entry.py:160,stock,1,Stock Ledger Entry,approve,natural-language stock-desk UI string (W6-3 matrix scope)
Inventory Dimension key,مفتاح بُعد المخزون,erpnext/stock/doctype/stock_closing_balance/stock_closing_balance.json:None,stock,1,Stock Closing Balance,approve,natural-language stock-desk UI string (W6-3 matrix scope)
Inventory Settings,إعدادات المخزون,erpnext/stock/doctype/item/item.json:None,stock,1,Item,approve,natural-language stock-desk UI string (W6-3 matrix scope)
Is Additional Transfer Entry,قيد نقل إضافي,erpnext/stock/doctype/stock_entry/stock_entry.json:None,stock,1,Stock Entry,approve,natural-language stock-desk UI string (W6-3 matrix scope)
Is Adjustment Entry,قيد تسوية,erpnext/stock/doctype/stock_ledger_entry/stock_ledger_entry.json:None,stock,1,Stock Ledger Entry,approve,natural-language stock-desk UI string (W6-3 matrix scope)
Is Finished Item,صنف نهائي,erpnext/stock/doctype/stock_entry_detail/stock_entry_detail.json:None,stock,1,Stock Entry Detail,approve,natural-language stock-desk UI string (W6-3 matrix scope)
Is Group Warehouse,مستودع مجموعة,erpnext/stock/doctype/warehouse/warehouse.json:None,stock,1,Warehouse,approve,natural-language stock-desk UI string (W6-3 matrix scope)
Is Outward,صادر,erpnext/stock/doctype/serial_and_batch_entry/serial_and_batch_entry.json:None,stock,1,Serial And Batch Entry,approve,natural-language stock-desk UI string (W6-3 matrix scope)
Is Packed,معبأ,erpnext/stock/doctype/serial_and_batch_bundle/serial_and_batch_bundle.json:None,stock,1,Serial And Batch Bundle,approve,natural-language stock-desk UI string (W6-3 matrix scope)
Is Rejected,مرفوض,erpnext/stock/doctype/serial_and_batch_bundle/serial_and_batch_bundle.json:None,stock,1,Serial And Batch Bundle,approve,natural-language stock-desk UI string (W6-3 matrix scope)
Is Rejected Warehouse,مستودع مرفوضات,erpnext/stock/doctype/warehouse/warehouse.json:None,stock,1,Warehouse,approve,natural-language stock-desk UI string (W6-3 matrix scope)
Is Scrap Item,صنف هالك,erpnext/stock/doctype/stock_entry_detail/stock_entry_detail.json:None; erpnext/subcontracting/doctype/subcontracting_receipt_item/subcontracting_receipt_item.json:None,stock,1,Stock Entry Detail,approve,natural-language stock-desk UI string (W6-3 matrix scope)
Is Subcontracted Item,بند منفذ من الباطن,erpnext/stock/doctype/item/item.json:None,stock,1,Item,approve,natural-language stock-desk UI string (W6-3 matrix scope)
It can take upto few hours for accurate stock values to be visible after merging items.,,erpnext/stock/doctype/item/item.py:589,stock,0,Item,approve,natural-language stock-desk UI string (W6-3 matrix scope)
Item Information,معلومات الصنف,erpnext/stock/doctype/stock_reservation_entry/stock_reservation_entry.json:None,stock,1,Stock Reservation Entry,approve,natural-language stock-desk UI string (W6-3 matrix scope)
"Item Price appears multiple times based on Price List, Supplier/Customer, Currency, Item, Batch, UOM, Qty, and Dates.",,erpnext/stock/doctype/item_price/item_price.py:140,stock,0,Item Price,approve,natural-language stock-desk UI string (W6-3 matrix scope)
Item Warehouse based reposting has been enabled.,,erpnext/stock/doctype/stock_reposting_settings/stock_reposting_settings.py:85,stock,0,Stock Reposting Settings,approve,natural-language stock-desk UI string (W6-3 matrix scope)
Item rate has been updated to zero as Allow Zero Valuation Rate is checked for item {0},,erpnext/stock/doctype/stock_entry/stock_entry.py:1074,stock,0,Stock Entry,approve,natural-language stock-desk UI string (W6-3 matrix scope)
Item valuation rate is recalculated considering landed cost voucher amount,,erpnext/stock/doctype/landed_cost_voucher/landed_cost_voucher.js:9,stock,0,Landed Cost Voucher,approve,natural-language stock-desk UI string (W6-3 matrix scope)
Item valuation reposting in progress. Report might show incorrect item valuation.,,erpnext/stock/utils.py:559,stock,0,Utils.Py:559,approve,natural-language stock-desk UI string (W6-3 matrix scope)
Item {0} is already reserved/delivered against Sales Order {1}.,,erpnext/stock/doctype/stock_reservation_entry/stock_reservation_entry.py:608,stock,0,Stock Reservation Entry,approve,natural-language stock-desk UI string (W6-3 matrix scope)
Item {0} must be a Non-Stock Item,,erpnext/stock/get_item_details.py:347,stock,0,Get Item Details.Py:347,approve,natural-language stock-desk UI string (W6-3 matrix scope)
Item {0} not found in 'Raw Materials Supplied' table in {1} {2},,erpnext/stock/doctype/stock_entry/stock_entry.py:1407,stock,0,Stock Entry,approve,natural-language stock-desk UI string (W6-3 matrix scope)
Item {0} not found.,,erpnext/stock/doctype/item_price/item_price.py:56,stock,0,Item Price,approve,natural-language stock-desk UI string (W6-3 matrix scope)
Item {} does not exist.,,erpnext/stock/doctype/stock_reconciliation/stock_reconciliation.py:1434,stock,0,Stock Reconciliation,approve,natural-language stock-desk UI string (W6-3 matrix scope)
Item/Item Code required to get Item Tax Template.,,erpnext/stock/get_item_details.py:714,stock,0,Get Item Details.Py:714,approve,natural-language stock-desk UI string (W6-3 matrix scope)
Items Catalogue,كتالوج الأصناف,erpnext/stock/workspace/stock/stock.json:None,stock,1,Stock,approve,natural-language stock-desk UI string (W6-3 matrix scope)
Items rate has been updated to zero as Allow Zero Valuation Rate is checked for the following items: {0},,erpnext/stock/doctype/stock_entry/stock_entry.py:1070,stock,0,Stock Entry,approve,natural-language stock-desk UI string (W6-3 matrix scope)
Items to Be Repost,الأصناف المطلوب إعادة ترحيلها,erpnext/stock/doctype/repost_item_valuation/repost_item_valuation.json:None,stock,1,Repost Item Valuation,approve,natural-language stock-desk UI string (W6-3 matrix scope)
JAN,,erpnext/stock/doctype/item_barcode/item_barcode.json:None,stock,0,Item Barcode,needs-review,technical/identifier token — vendor rendering; quorum disposition (A1/A2/A3)
Landed Cost,التكلفة الإضافية,erpnext/stock/doctype/landed_cost_voucher/landed_cost_voucher.json:None,stock,1,Landed Cost Voucher,approve,natural-language stock-desk UI string (W6-3 matrix scope)
Landed Cost Id,معرف التكلفة الإضافية,erpnext/stock/report/landed_cost_report/landed_cost_report.py:18,stock,1,Landed Cost Report,approve,natural-language stock-desk UI string (W6-3 matrix scope)
Landed Cost Report,تقرير التكلفة الإضافية,erpnext/stock/report/landed_cost_report/landed_cost_report.json:None,stock,1,Landed Cost Report,approve,natural-language stock-desk UI string (W6-3 matrix scope)
Landed Cost Vendor Invoice,فاتورة مورد التكلفة الإضافية,erpnext/stock/doctype/landed_cost_vendor_invoice/landed_cost_vendor_invoice.json:None,stock,1,Landed Cost Vendor Invoice,approve,natural-language stock-desk UI string (W6-3 matrix scope)
"Last Name, Email or Phone/Mobile of the user are mandatory to continue.",,erpnext/stock/doctype/shipment/shipment.js:275,stock,0,Shipment,approve,natural-language stock-desk UI string (W6-3 matrix scope)
Learn Inventory Management,,erpnext/stock/workspace/stock/stock.json:None,stock,0,Stock,approve,natural-language stock-desk UI string (W6-3 matrix scope)
Length (cm),الطول (سم),erpnext/stock/doctype/shipment_parcel/shipment_parcel.json:None; erpnext/stock/doctype/shipment_parcel_template/shipment_parcel_template.json:None,stock,1,Shipment Parcel,approve,natural-language stock-desk UI string (W6-3 matrix scope)
Limit timeslot for Stock Reposting,,erpnext/stock/doctype/stock_reposting_settings/stock_reposting_settings.json:None,stock,0,Stock Reposting Settings,approve,natural-language stock-desk UI string (W6-3 matrix scope)
Limits don't apply on,,erpnext/stock/doctype/stock_reposting_settings/stock_reposting_settings.json:None,stock,0,Stock Reposting Settings,approve,natural-language stock-desk UI string (W6-3 matrix scope)
Linked with submitted documents,,erpnext/stock/doctype/item/item.py:997,stock,0,Item,approve,natural-language stock-desk UI string (W6-3 matrix scope)
Locked,مقفل,erpnext/stock/doctype/delivery_stop/delivery_stop.json:None,stock,1,Delivery Stop,approve,natural-language stock-desk UI string (W6-3 matrix scope)
Log the selling and buying rate of an Item,,erpnext/stock/doctype/item_price/item_price.json:None,stock,0,Item Price,approve,natural-language stock-desk UI string (W6-3 matrix scope)
Make Lead Time,إنشاء مدة التوريد,erpnext/stock/doctype/item/item.js:584,stock,1,Item,approve,natural-language stock-desk UI string (W6-3 matrix scope)
Make Return Entry,إنشاء قيد مرتجع,erpnext/stock/doctype/purchase_receipt/purchase_receipt.js:327; erpnext/subcontracting/doctype/subcontracting_receipt/subcontracting_receipt.js:127,stock,1,Purchase Receipt,approve,natural-language stock-desk UI string (W6-3 matrix scope)
Make {0} Variant,,erpnext/stock/doctype/item/item.js:692,stock,0,Item,approve,natural-language stock-desk UI string (W6-3 matrix scope)
Make {0} Variants,,erpnext/stock/doctype/item/item.js:694,stock,0,Item,approve,natural-language stock-desk UI string (W6-3 matrix scope)
Mandatory Section,قسم إلزامي,erpnext/stock/doctype/inventory_dimension/inventory_dimension.json:None,stock,1,Inventory Dimension,approve,natural-language stock-desk UI string (W6-3 matrix scope)
Manual Inspection,فحص يدوي,erpnext/stock/doctype/quality_inspection/quality_inspection.json:None; erpnext/stock/doctype/quality_inspection_reading/quality_inspection_reading.json:None,stock,1,Quality Inspection,approve,natural-language stock-desk UI string (W6-3 matrix scope)
Manufacturers used in Items,,erpnext/stock/doctype/manufacturer/manufacturer.json:None,stock,0,Manufacturer,approve,natural-language stock-desk UI string (W6-3 matrix scope)
Manufacturing Time,وقت التصنيع,erpnext/stock/doctype/item_lead_time/item_lead_time.json:None,stock,1,Item Lead Time,approve,natural-language stock-desk UI string (W6-3 matrix scope)
Material Returned from WIP,مواد مرتجعة من تحت التشغيل,erpnext/stock/doctype/stock_entry/stock_entry_list.js:13,stock,1,Stock Entry,approve,natural-language stock-desk UI string (W6-3 matrix scope)
Material Transfer (In Transit),نقل مواد (قيد العبور),erpnext/stock/doctype/material_request/material_request.js:160,stock,1,Material Request,approve,natural-language stock-desk UI string (W6-3 matrix scope)
Max Discount (%),أقصى خصم (%),erpnext/stock/doctype/item/item.json:None,stock,1,Item,approve,natural-language stock-desk UI string (W6-3 matrix scope)
Maximum Net Rate,أقصى سعر صافي,erpnext/stock/doctype/item_tax/item_tax.json:None,stock,1,Item Tax,approve,natural-language stock-desk UI string (W6-3 matrix scope)
Maximum Value,القيمة القصوى,erpnext/stock/doctype/item_quality_inspection_parameter/item_quality_inspection_parameter.json:None; erpnext/stock/doctype/quality_inspection_reading/quality_inspection_reading.json:None,stock,1,Item Quality Inspection Parameter,approve,natural-language stock-desk UI string (W6-3 matrix scope)
"Min Value: {0}, Max Value: {1}, in Increments of: {2}",,erpnext/stock/doctype/item/item.js:846,stock,0,Item,approve,natural-language stock-desk UI string (W6-3 matrix scope)
Minimum Net Rate,أدنى سعر صافي,erpnext/stock/doctype/item_tax/item_tax.json:None,stock,1,Item Tax,approve,natural-language stock-desk UI string (W6-3 matrix scope)
Missing,مفقود,erpnext/stock/doctype/stock_reconciliation/stock_reconciliation.py:1435,stock,1,Stock Reconciliation,approve,natural-language stock-desk UI string (W6-3 matrix scope)
Missing Filters,عوامل تصفية مفقودة,erpnext/stock/report/serial_no_and_batch_traceability/serial_no_and_batch_traceability.py:44,stock,1,Serial No And Batch Traceability,approve,natural-language stock-desk UI string (W6-3 matrix scope)
Missing Finished Good,منتج نهائي مفقود,erpnext/stock/doctype/stock_entry/stock_entry.py:1604,stock,1,Stock Entry,approve,natural-language stock-desk UI string (W6-3 matrix scope)
Missing Formula,صيغة مفقودة,erpnext/stock/doctype/quality_inspection/quality_inspection.py:304,stock,1,Quality Inspection,approve,natural-language stock-desk UI string (W6-3 matrix scope)
Missing Item,صنف مفقود,erpnext/stock/doctype/stock_entry/stock_entry.py:942,stock,1,Stock Entry,approve,natural-language stock-desk UI string (W6-3 matrix scope)
Multiple Warehouse Accounts,حسابات مستودعات متعددة,erpnext/stock/doctype/warehouse/warehouse.py:152,stock,1,Warehouse,approve,natural-language stock-desk UI string (W6-3 matrix scope)
Multiple items cannot be marked as finished item,,erpnext/stock/doctype/stock_entry/stock_entry.py:1611,stock,0,Stock Entry,approve,natural-language stock-desk UI string (W6-3 matrix scope)
Naming Series is mandatory,سلسلة التسمية إلزامية,erpnext/stock/doctype/serial_and_batch_bundle/serial_and_batch_bundle.py:94,stock,1,Serial And Batch Bundle,approve,natural-language stock-desk UI string (W6-3 matrix scope)
Negative Stock Error,خطأ مخزون سالب,erpnext/stock/serial_batch_bundle.py:1509,stock,1,Serial Batch Bundle.Py:1509,approve,natural-language stock-desk UI string (W6-3 matrix scope)
No Stock Available Currently,لا يوجد مخزون متاح حاليا,erpnext/stock/dashboard/item_dashboard.js:154,stock,1,Item Dashboard.Js:154,approve,natural-language stock-desk UI string (W6-3 matrix scope)
No additional fields available,,erpnext/stock/doctype/item_variant_settings/item_variant_settings.js:46,stock,0,Item Variant Settings,approve,natural-language stock-desk UI string (W6-3 matrix scope)
No available quantity to reserve for item {0} in warehouse {1},,erpnext/stock/doctype/stock_reservation_entry/stock_reservation_entry.py:1360,stock,0,Stock Reservation Entry,approve,natural-language stock-desk UI string (W6-3 matrix scope)
No of Months (Expense),,erpnext/stock/doctype/item/item.json:None,stock,0,Item,approve,natural-language stock-desk UI string (W6-3 matrix scope)
No of Months (Revenue),,erpnext/stock/doctype/item/item.json:None,stock,0,Item,approve,natural-language stock-desk UI string (W6-3 matrix scope)
No of Parallel Reposting (Per Item),,erpnext/stock/doctype/stock_reposting_settings/stock_reposting_settings.json:None,stock,0,Stock Reposting Settings,approve,natural-language stock-desk UI string (W6-3 matrix scope)
No of Shift,,erpnext/stock/doctype/item_lead_time/item_lead_time.json:None,stock,0,Item Lead Time,approve,natural-language stock-desk UI string (W6-3 matrix scope)
No of Units Produced,,erpnext/stock/doctype/item_lead_time/item_lead_time.json:None,stock,0,Item Lead Time,approve,natural-language stock-desk UI string (W6-3 matrix scope)
No of Workstations,,erpnext/stock/doctype/item_lead_time/item_lead_time.json:None,stock,0,Item Lead Time,approve,natural-language stock-desk UI string (W6-3 matrix scope)
No stock ledger entries were created. Please set the quantity or valuation rate for the items properly and try again.,,erpnext/stock/doctype/stock_reconciliation/stock_reconciliation.py:786,stock,0,Stock Reconciliation,approve,natural-language stock-desk UI string (W6-3 matrix scope)
No stock transactions can be created or modified before this date.,,erpnext/stock/doctype/stock_settings/stock_settings.json:None,stock,0,Stock Settings,approve,natural-language stock-desk UI string (W6-3 matrix scope)
"Note: To merge the items, create a separate Stock Reconciliation for the old item {0}",,erpnext/stock/doctype/item/item.py:626,stock,0,Item,approve,natural-language stock-desk UI string (W6-3 matrix scope)
Notify Reposting Error to Role,إشعار الدور بخطأ إعادة الترحيل,erpnext/stock/doctype/stock_reposting_settings/stock_reposting_settings.json:None,stock,1,Stock Reposting Settings,approve,natural-language stock-desk UI string (W6-3 matrix scope)
Numeric,رقمي,erpnext/stock/doctype/item_quality_inspection_parameter/item_quality_inspection_parameter.json:None; erpnext/stock/doctype/quality_inspection_reading/quality_inspection_reading.json:None,stock,1,Item Quality Inspection Parameter,approve,natural-language stock-desk UI string (W6-3 matrix scope)
Numeric Inspection,فحص رقمي,erpnext/stock/doctype/quality_inspection_reading/quality_inspection_reading.json:None,stock,1,Quality Inspection Reading,approve,natural-language stock-desk UI string (W6-3 matrix scope)
On This Date,في هذا التاريخ,erpnext/stock/report/available_batch_report/available_batch_report.js:16,stock,1,Available Batch Report,approve,natural-language stock-desk UI string (W6-3 matrix scope)
Only one {0} entry can be created against the Work Order {1},,erpnext/stock/doctype/stock_entry/stock_entry.py:1166,stock,0,Stock Entry,approve,natural-language stock-desk UI string (W6-3 matrix scope)
Only to be used for Subcontracting Inward.,,erpnext/stock/doctype/warehouse/warehouse.json:None,stock,0,Warehouse,approve,natural-language stock-desk UI string (W6-3 matrix scope)
Open Sales Orders,أوامر البيع المفتوحة,erpnext/stock/report/item_variant_details/item_variant_details.py:110,stock,1,Item Variant Details,approve,natural-language stock-desk UI string (W6-3 matrix scope)
Over Billing Allowance exceeded for Purchase Receipt Item {0} ({1}) by {2}%,,erpnext/stock/doctype/purchase_receipt/purchase_receipt.py:1286,stock,0,Purchase Receipt,approve,natural-language stock-desk UI string (W6-3 matrix scope)
Over Delivery/Receipt Allowance (%),نسبة سماحية زيادة التسليم/الاستلام,erpnext/stock/doctype/item/item.json:None; erpnext/stock/doctype/stock_settings/stock_settings.json:None,stock,1,Item,approve,natural-language stock-desk UI string (W6-3 matrix scope)
Over Picking Allowance,سماحية الانتقاء الزائد,erpnext/stock/doctype/stock_settings/stock_settings.json:None,stock,1,Stock Settings,approve,natural-language stock-desk UI string (W6-3 matrix scope)
Over Transfer Allowance,سماحية النقل الزائد,erpnext/stock/doctype/stock_settings/stock_settings.json:None,stock,1,Stock Settings,approve,natural-language stock-desk UI string (W6-3 matrix scope)
PZN,,erpnext/stock/doctype/item_barcode/item_barcode.json:None,stock,0,Item Barcode,needs-review,technical/identifier token — vendor rendering; quorum disposition (A1/A2/A3)
Package No(s) already in use. Try from Package No {0},رقم/أرقام الطرود مستخدمة بالفعل. جرب من رقم الطرد {0},erpnext/stock/doctype/packing_slip/packing_slip.py:116,stock,1,Packing Slip,approve,natural-language stock-desk UI string (W6-3 matrix scope)
Packaging Slip From Delivery Note,قسيمة تعبئة من إذن التسليم,erpnext/stock/doctype/delivery_note/delivery_note_list.js:71,stock,1,Delivery Note,approve,natural-language stock-desk UI string (W6-3 matrix scope)
Packed Qty,الكمية المعبأة,erpnext/stock/doctype/delivery_note_item/delivery_note_item.json:None; erpnext/stock/doctype/packed_item/packed_item.json:None,stock,1,Delivery Note Item,approve,natural-language stock-desk UI string (W6-3 matrix scope)
Pallets,,erpnext/stock/doctype/shipment/shipment.json:None,stock,0,Shipment,approve,natural-language stock-desk UI string (W6-3 matrix scope)
Parameter Group,مجموعة المعايير,erpnext/stock/doctype/item_quality_inspection_parameter/item_quality_inspection_parameter.json:None; erpnext/stock/doctype/quality_inspection_parameter/quality_inspection_parameter.json:None; erpnext/stock/doctype/quality_inspection_reading/quality_inspection_reading.json:None,stock,1,Item Quality Inspection Parameter,approve,natural-language stock-desk UI string (W6-3 matrix scope)
Parameter Group Name,اسم مجموعة المعايير,erpnext/stock/doctype/quality_inspection_parameter_group/quality_inspection_parameter_group.json:None,stock,1,Quality Inspection Parameter Group,approve,natural-language stock-desk UI string (W6-3 matrix scope)
Parcel Template,قالب الطرد,erpnext/stock/doctype/shipment/shipment.json:None,stock,1,Shipment,approve,natural-language stock-desk UI string (W6-3 matrix scope)
Parcel Template Name,اسم قالب الطرد,erpnext/stock/doctype/shipment_parcel_template/shipment_parcel_template.json:None,stock,1,Shipment Parcel Template,approve,natural-language stock-desk UI string (W6-3 matrix scope)
Parcel weight cannot be 0,,erpnext/stock/doctype/shipment/shipment.py:96,stock,0,Shipment,approve,natural-language stock-desk UI string (W6-3 matrix scope)
Parcels,الطرود,erpnext/stock/doctype/shipment/shipment.json:None,stock,1,Shipment,approve,natural-language stock-desk UI string (W6-3 matrix scope)
Partial Stock Reservation,حجز مخزون جزئي,erpnext/stock/doctype/stock_reservation_entry/stock_reservation_entry.py:1723,stock,1,Stock Reservation Entry,approve,natural-language stock-desk UI string (W6-3 matrix scope)
Partially Delivered,مسلم جزئيا,erpnext/stock/doctype/stock_reservation_entry/stock_reservation_entry.json:None,stock,1,Stock Reservation Entry,approve,natural-language stock-desk UI string (W6-3 matrix scope)
Partially Reserved,محجوز جزئيا,erpnext/stock/doctype/stock_reservation_entry/stock_reservation_entry.json:None,stock,1,Stock Reservation Entry,approve,natural-language stock-desk UI string (W6-3 matrix scope)
Partially Used,مستخدم جزئيا,erpnext/stock/doctype/stock_reservation_entry/stock_reservation_entry.json:None,stock,1,Stock Reservation Entry,approve,natural-language stock-desk UI string (W6-3 matrix scope)
Pending processing,بانتظار المعالجة,erpnext/stock/doctype/repost_item_valuation/repost_item_valuation.py:248,stock,1,Repost Item Valuation,approve,natural-language stock-desk UI string (W6-3 matrix scope)
Per Day,,erpnext/stock/doctype/item_lead_time/item_lead_time.json:None,stock,0,Item Lead Time,approve,natural-language stock-desk UI string (W6-3 matrix scope)
"Per Day
Shift Time (In Hours) * No of Workstations * No of Shift",,erpnext/stock/doctype/item_lead_time/item_lead_time.json:None,stock,0,Item Lead Time,needs-review,embedded newline/formatting anomaly — quorum disposition (A1/A2/A3)
Per Unit Time in Mins,,erpnext/stock/doctype/item_lead_time/item_lead_time.json:None,stock,0,Item Lead Time,approve,natural-language stock-desk UI string (W6-3 matrix scope)
Pick List Incomplete,قائمة الانتقاء غير مكتملة,erpnext/stock/doctype/pick_list/pick_list.py:231,stock,1,Pick List,approve,natural-language stock-desk UI string (W6-3 matrix scope)
Pick Manually,انتقاء يدويا,erpnext/stock/doctype/pick_list/pick_list.json:None,stock,1,Pick List,approve,natural-language stock-desk UI string (W6-3 matrix scope)
Pick Serial / Batch Based On,انتقاء التسلسل/الدفعة بناء على,erpnext/stock/doctype/stock_settings/stock_settings.json:None,stock,1,Stock Settings,approve,natural-language stock-desk UI string (W6-3 matrix scope)
Pickup,استلام,erpnext/stock/doctype/shipment/shipment.json:None,stock,1,Shipment,approve,natural-language stock-desk UI string (W6-3 matrix scope)
Pickup Contact Person,شخص اتصال الاستلام,erpnext/stock/doctype/shipment/shipment.json:None,stock,1,Shipment,approve,natural-language stock-desk UI string (W6-3 matrix scope)
Pickup Date,تاريخ الاستلام,erpnext/stock/doctype/shipment/shipment.json:None,stock,1,Shipment,approve,natural-language stock-desk UI string (W6-3 matrix scope)
Pickup Date cannot be before this day,,erpnext/stock/doctype/shipment/shipment.js:398,stock,0,Shipment,approve,natural-language stock-desk UI string (W6-3 matrix scope)
Pickup From,الاستلام من,erpnext/stock/doctype/shipment/shipment.json:None,stock,1,Shipment,approve,natural-language stock-desk UI string (W6-3 matrix scope)
Pickup To time should be greater than Pickup From time,,erpnext/stock/doctype/shipment/shipment.py:106,stock,0,Shipment,approve,natural-language stock-desk UI string (W6-3 matrix scope)
Pickup Type,نوع الاستلام,erpnext/stock/doctype/shipment/shipment.json:None,stock,1,Shipment,approve,natural-language stock-desk UI string (W6-3 matrix scope)
Pickup from,,erpnext/stock/doctype/shipment/shipment.json:None,stock,0,Shipment,approve,natural-language stock-desk UI string (W6-3 matrix scope)
Pickup to,,erpnext/stock/doctype/shipment/shipment.json:None,stock,0,Shipment,approve,natural-language stock-desk UI string (W6-3 matrix scope)
Please attach CSV file,يرجى إرفاق ملف CSV,erpnext/stock/doctype/serial_and_batch_bundle/serial_and_batch_bundle.js:128,stock,1,Serial And Batch Bundle,approve,natural-language stock-desk UI string (W6-3 matrix scope)
Please check the error message and take necessary actions to fix the error and then restart the reposting again.,,erpnext/stock/doctype/repost_item_valuation/repost_item_valuation.py:524,stock,0,Repost Item Valuation,approve,natural-language stock-desk UI string (W6-3 matrix scope)
Please contact any of the following users to {} this transaction.,,erpnext/stock/doctype/stock_ledger_entry/stock_ledger_entry.py:342,stock,0,Stock Ledger Entry,approve,natural-language stock-desk UI string (W6-3 matrix scope)
Please create Landed Cost Vouchers against Invoices that have 'Update Stock' enabled.,,erpnext/stock/doctype/landed_cost_voucher/landed_cost_voucher.py:132,stock,0,Landed Cost Voucher,approve,natural-language stock-desk UI string (W6-3 matrix scope)
"Please delete Product Bundle {0}, before merging {1} into {2}",,erpnext/stock/doctype/item/item.py:654,stock,0,Item,approve,natural-language stock-desk UI string (W6-3 matrix scope)
Please enable Use Old Serial / Batch Fields to make_bundle,,erpnext/stock/doctype/pick_list/pick_list.py:282,stock,0,Pick List,approve,natural-language stock-desk UI string (W6-3 matrix scope)
Please enable {0} in the {1}.,,erpnext/stock/doctype/stock_reservation_entry/stock_reservation_entry.py:673,stock,0,Stock Reservation Entry,approve,natural-language stock-desk UI string (W6-3 matrix scope)
Please enter Shipment Parcel information,,erpnext/stock/doctype/shipment/shipment.py:85,stock,0,Shipment,approve,natural-language stock-desk UI string (W6-3 matrix scope)
Please enter serial nos,يرجى إدخال الأرقام التسلسلية,erpnext/stock/doctype/serial_and_batch_bundle/serial_and_batch_bundle.js:132,stock,1,Serial And Batch Bundle,approve,natural-language stock-desk UI string (W6-3 matrix scope)
"Please first set Last Name, Email and Phone for the user",,erpnext/stock/doctype/shipment/shipment.js:277,stock,0,Shipment,approve,natural-language stock-desk UI string (W6-3 matrix scope)
Please mention 'Weight UOM' along with Weight.,,erpnext/stock/doctype/item/item.js:597,stock,0,Item,approve,natural-language stock-desk UI string (W6-3 matrix scope)
Please rectify and try again.,,erpnext/stock/doctype/shipment/shipment.js:444,stock,0,Shipment,approve,natural-language stock-desk UI string (W6-3 matrix scope)
Please select Serial/Batch Nos to reserve or change Reservation Based On to Qty.,,erpnext/stock/doctype/stock_reservation_entry/stock_reservation_entry.py:451,stock,0,Stock Reservation Entry,approve,natural-language stock-desk UI string (W6-3 matrix scope)
Please select Subcontracting Order instead of Purchase Order {0},,erpnext/stock/doctype/stock_entry/stock_entry.py:1528,stock,0,Stock Entry,approve,natural-language stock-desk UI string (W6-3 matrix scope)
"Please select at least one filter: Item Code, Batch, or Serial No.",,erpnext/stock/report/serial_no_and_batch_traceability/serial_no_and_batch_traceability.py:43,stock,0,Serial No And Batch Traceability,approve,natural-language stock-desk UI string (W6-3 matrix scope)
Please select at least one row to fix,يرجى تحديد صف واحد على الأقل للإصلاح,erpnext/stock/report/incorrect_serial_and_batch_bundle/incorrect_serial_and_batch_bundle.js:33,stock,1,Incorrect Serial And Batch Bundle,approve,natural-language stock-desk UI string (W6-3 matrix scope)
Please select at least one row with difference value,,erpnext/stock/report/stock_qty_vs_batch_qty/stock_qty_vs_batch_qty.js:50,stock,0,Stock Qty Vs Batch Qty,approve,natural-language stock-desk UI string (W6-3 matrix scope)
Please select either the Item or Warehouse or Warehouse Type filter to generate the report.,,erpnext/stock/report/batch_wise_balance_history/batch_wise_balance_history.py:30,stock,0,Batch Wise Balance History,approve,natural-language stock-desk UI string (W6-3 matrix scope)
Please select only one row to create a Reposting Entry,,erpnext/stock/report/stock_ledger_invariant_check/stock_ledger_invariant_check.js:75,stock,0,Stock Ledger Invariant Check,approve,natural-language stock-desk UI string (W6-3 matrix scope)
Please select rows to create Reposting Entries,,erpnext/stock/report/stock_and_account_value_comparison/stock_and_account_value_comparison.js:59; erpnext/stock/report/stock_ledger_variance/stock_ledger_variance.js:107,stock,0,Stock And Account Value Comparison,approve,natural-language stock-desk UI string (W6-3 matrix scope)
Please select the Warehouse first,يرجى تحديد المستودع أولا,erpnext/stock/doctype/item/item.js:316,stock,1,Item,approve,natural-language stock-desk UI string (W6-3 matrix scope)
Please select the required filters,,erpnext/stock/report/batch_item_expiry_status/batch_item_expiry_status.py:21,stock,0,Batch Item Expiry Status,approve,natural-language stock-desk UI string (W6-3 matrix scope)
Please set Email/Phone for the contact,,erpnext/stock/doctype/shipment/shipment.js:176,stock,0,Shipment,approve,natural-language stock-desk UI string (W6-3 matrix scope)
Please try again in an hour.,يرجى المحاولة مرة أخرى بعد ساعة.,erpnext/stock/doctype/repost_item_valuation/repost_item_valuation.py:247,stock,1,Repost Item Valuation,approve,natural-language stock-desk UI string (W6-3 matrix scope)
Posting Datetime,تاريخ ووقت الترحيل,erpnext/stock/doctype/serial_and_batch_bundle/serial_and_batch_bundle.json:None; erpnext/stock/doctype/serial_and_batch_entry/serial_and_batch_entry.json:None; erpnext/stock/doctype/stock_closing_balance/stock_closing_balance.json:None; erpnext/stock/doctype/stock_ledger_entry/stock_ledger_entry.json:None,stock,1,Serial And Batch Bundle,approve,natural-language stock-desk UI string (W6-3 matrix scope)
Price List Defaults,إعدادات قائمة الأسعار الافتراضية,erpnext/stock/doctype/stock_settings/stock_settings.json:None,stock,1,Stock Settings,approve,natural-language stock-desk UI string (W6-3 matrix scope)
Printing Details,تفاصيل الطباعة,erpnext/stock/doctype/material_request/material_request.json:None,stock,1,Material Request,approve,natural-language stock-desk UI string (W6-3 matrix scope)
Priority cannot be lesser than 1.,,erpnext/stock/doctype/putaway_rule/putaway_rule.py:61,stock,0,Putaway Rule,approve,natural-language stock-desk UI string (W6-3 matrix scope)
Projected On Hand,المتوفر المتوقع,erpnext/stock/doctype/material_request_item/material_request_item.json:None,stock,1,Material Request Item,approve,natural-language stock-desk UI string (W6-3 matrix scope)
Prompt Qty,طلب الكمية,erpnext/stock/doctype/pick_list/pick_list.json:None,stock,1,Pick List,approve,natural-language stock-desk UI string (W6-3 matrix scope)
Provisional Expense Account,حساب مصروف مؤقت,erpnext/stock/doctype/purchase_receipt_item/purchase_receipt_item.json:None,stock,1,Purchase Receipt Item,approve,natural-language stock-desk UI string (W6-3 matrix scope)
Purchase Time,وقت الشراء,erpnext/stock/doctype/item_lead_time/item_lead_time.json:None,stock,1,Item Lead Time,approve,natural-language stock-desk UI string (W6-3 matrix scope)
Purchase Voucher No,رقم سند الشراء,erpnext/stock/report/landed_cost_report/landed_cost_report.py:35,stock,1,Landed Cost Report,approve,natural-language stock-desk UI string (W6-3 matrix scope)
Purchase Voucher Type,نوع سند الشراء,erpnext/stock/report/landed_cost_report/landed_cost_report.py:29,stock,1,Landed Cost Report,approve,natural-language stock-desk UI string (W6-3 matrix scope)
Putaway Rule,قاعدة التخزين,erpnext/stock/doctype/purchase_receipt_item/purchase_receipt_item.json:None; erpnext/stock/doctype/putaway_rule/putaway_rule.json:None; erpnext/stock/doctype/stock_entry_detail/stock_entry_detail.json:None,stock,1,Purchase Receipt Item,approve,natural-language stock-desk UI string (W6-3 matrix scope)
Putaway Rule already exists for Item {0} in Warehouse {1}.,,erpnext/stock/doctype/putaway_rule/putaway_rule.py:53,stock,0,Putaway Rule,approve,natural-language stock-desk UI string (W6-3 matrix scope)
Qty (in Stock UOM),الكمية (بوحدة قياس المخزون),erpnext/stock/doctype/pick_list_item/pick_list_item.json:None,stock,1,Pick List Item,approve,natural-language stock-desk UI string (W6-3 matrix scope)
Qty After Transaction,الكمية بعد المعاملة,erpnext/stock/doctype/stock_ledger_entry/stock_ledger_entry.json:None,stock,1,Stock Ledger Entry,approve,natural-language stock-desk UI string (W6-3 matrix scope)
Qty Change,تغير الكمية,erpnext/stock/doctype/stock_closing_balance/stock_closing_balance.json:None; erpnext/stock/doctype/stock_ledger_entry/stock_ledger_entry.json:None; erpnext/stock/report/fifo_queue_vs_qty_after_transaction_comparison/fifo_queue_vs_qty_after_transaction_comparison.py:169; erpnext/stock/report/stock_ledger_invariant_check/stock_ledger_invariant_check.py:188; erpnext/stock/report/stock_ledger_variance/stock_ledger_variance.py:91,stock,1,Stock Closing Balance,approve,natural-language stock-desk UI string (W6-3 matrix scope)
Qty To Produce,الكمية المطلوب إنتاجها,erpnext/stock/doctype/batch/batch.json:None,stock,1,Batch,approve,natural-language stock-desk UI string (W6-3 matrix scope)
Qty as Per Stock UOM,الكمية حسب وحدة قياس المخزون,erpnext/stock/doctype/purchase_receipt_item/purchase_receipt_item.json:None,stock,1,Purchase Receipt Item,approve,natural-language stock-desk UI string (W6-3 matrix scope)
Qty of Finished Goods Item should be greater than 0.,,erpnext/stock/doctype/pick_list/pick_list.py:624,stock,0,Pick List,approve,natural-language stock-desk UI string (W6-3 matrix scope)
Quality Inspection Parameter,معيار فحص الجودة,erpnext/stock/doctype/quality_inspection_parameter/quality_inspection_parameter.json:None,stock,1,Quality Inspection Parameter,approve,natural-language stock-desk UI string (W6-3 matrix scope)
Quality Inspection Parameter Group,مجموعة معايير فحص الجودة,erpnext/stock/doctype/quality_inspection_parameter_group/quality_inspection_parameter_group.json:None,stock,1,Quality Inspection Parameter Group,approve,natural-language stock-desk UI string (W6-3 matrix scope)
Quality Inspection Settings,إعدادات فحص الجودة,erpnext/stock/doctype/stock_settings/stock_settings.json:None,stock,1,Stock Settings,approve,natural-language stock-desk UI string (W6-3 matrix scope)
Quantity (A - B),الكمية (أ - ب),erpnext/stock/report/stock_ledger_variance/stock_ledger_variance.js:53,stock,1,Stock Ledger Variance,approve,natural-language stock-desk UI string (W6-3 matrix scope)
Quantity cannot be greater than {0} for Item {1},,erpnext/stock/doctype/material_request/material_request.py:202,stock,0,Material Request,approve,natural-language stock-desk UI string (W6-3 matrix scope)
"Quantity must be greater than zero, and less or equal to {0}",,erpnext/stock/dashboard/item_dashboard.js:285,stock,0,Item Dashboard.Js:285,approve,natural-language stock-desk UI string (W6-3 matrix scope)
Rate Section,قسم السعر,erpnext/stock/doctype/serial_and_batch_entry/serial_and_batch_entry.json:None,stock,1,Serial And Batch Entry,approve,natural-language stock-desk UI string (W6-3 matrix scope)
Raw Material Voucher No,رقم سند المادة الخام,erpnext/stock/report/landed_cost_report/landed_cost_report.js:36,stock,1,Landed Cost Report,approve,natural-language stock-desk UI string (W6-3 matrix scope)
Raw Material Voucher Type,نوع سند المادة الخام,erpnext/stock/report/landed_cost_report/landed_cost_report.js:30,stock,1,Landed Cost Report,approve,natural-language stock-desk UI string (W6-3 matrix scope)
Reading Value,قيمة القراءة,erpnext/stock/doctype/quality_inspection_reading/quality_inspection_reading.json:None,stock,1,Quality Inspection Reading,approve,natural-language stock-desk UI string (W6-3 matrix scope)
Recalculate Batch Qty,إعادة حساب كمية الدفعة,erpnext/stock/doctype/batch/batch.js:26,stock,1,Batch,approve,natural-language stock-desk UI string (W6-3 matrix scope)
Recalculate Bin Qty,إعادة حساب كمية الحاوية,erpnext/stock/doctype/bin/bin.js:10,stock,1,Bin,approve,natural-language stock-desk UI string (W6-3 matrix scope)
Recalculate Incoming/Outgoing Rate,إعادة حساب سعر الوارد/الصادر,erpnext/stock/doctype/stock_ledger_entry/stock_ledger_entry.json:None,stock,1,Stock Ledger Entry,approve,natural-language stock-desk UI string (W6-3 matrix scope)
Receipt Items,أصناف الإيصال,erpnext/stock/doctype/landed_cost_voucher/landed_cost_voucher.json:None,stock,1,Landed Cost Voucher,approve,natural-language stock-desk UI string (W6-3 matrix scope)
Received Qty in Stock UOM,الكمية المستلمة بوحدة قياس المخزون,erpnext/stock/doctype/purchase_receipt_item/purchase_receipt_item.json:None,stock,1,Purchase Receipt Item,approve,natural-language stock-desk UI string (W6-3 matrix scope)
Reconcile All Serial Nos / Batches,تسوية كل الأرقام التسلسلية/الدفعات,erpnext/stock/doctype/stock_reconciliation_item/stock_reconciliation_item.json:None,stock,1,Stock Reconciliation Item,approve,natural-language stock-desk UI string (W6-3 matrix scope)
Recreate Stock Ledgers,إعادة إنشاء دفاتر أستاذ المخزون,erpnext/stock/doctype/repost_item_valuation/repost_item_valuation.json:None,stock,1,Repost Item Valuation,approve,natural-language stock-desk UI string (W6-3 matrix scope)
Reference for Reservation,مرجع الحجز,erpnext/stock/doctype/serial_and_batch_entry/serial_and_batch_entry.json:None,stock,1,Serial And Batch Entry,approve,natural-language stock-desk UI string (W6-3 matrix scope)
References to Sales Invoices are Incomplete,,erpnext/stock/doctype/delivery_note/delivery_note.py:391,stock,0,Delivery Note,approve,natural-language stock-desk UI string (W6-3 matrix scope)
References to Sales Orders are Incomplete,,erpnext/stock/doctype/delivery_note/delivery_note.py:386,stock,0,Delivery Note,approve,natural-language stock-desk UI string (W6-3 matrix scope)
Regenerate Stock Closing Entry,إعادة إنشاء قيد إغلاق المخزون,erpnext/stock/doctype/stock_closing_entry/stock_closing_entry.js:27,stock,1,Stock Closing Entry,approve,natural-language stock-desk UI string (W6-3 matrix scope)
Remove item if charges is not applicable to that item,,erpnext/stock/doctype/landed_cost_voucher/landed_cost_voucher.js:9,stock,0,Landed Cost Voucher,approve,natural-language stock-desk UI string (W6-3 matrix scope)
Repost Item Valuation,إعادة تقييم عنصر المخزون,erpnext/stock/doctype/repost_item_valuation/repost_item_valuation.json:None,stock,1,Repost Item Valuation,approve,natural-language stock-desk UI string (W6-3 matrix scope)
Repost Item Valuation restarted for selected failed records.,,erpnext/stock/doctype/repost_item_valuation/repost_item_valuation.py:337,stock,0,Repost Item Valuation,approve,natural-language stock-desk UI string (W6-3 matrix scope)
Repost Only Accounting Ledgers,إعادة ترحيل دفاتر الأستاذ المحاسبية فقط,erpnext/stock/doctype/repost_item_valuation/repost_item_valuation.json:None,stock,1,Repost Item Valuation,approve,natural-language stock-desk UI string (W6-3 matrix scope)
Reposting Completed {0}%,,erpnext/stock/doctype/repost_item_valuation/repost_item_valuation.js:119,stock,0,Repost Item Valuation,approve,natural-language stock-desk UI string (W6-3 matrix scope)
Reposting Data File,ملف بيانات إعادة الترحيل,erpnext/stock/doctype/repost_item_valuation/repost_item_valuation.json:None,stock,1,Repost Item Valuation,approve,natural-language stock-desk UI string (W6-3 matrix scope)
Reposting Info,معلومات إعادة الترحيل,erpnext/stock/doctype/repost_item_valuation/repost_item_valuation.json:None,stock,1,Repost Item Valuation,approve,natural-language stock-desk UI string (W6-3 matrix scope)
Reposting Progress,تقدم إعادة الترحيل,erpnext/stock/doctype/repost_item_valuation/repost_item_valuation.js:127,stock,1,Repost Item Valuation,approve,natural-language stock-desk UI string (W6-3 matrix scope)
Reposting Reference,مرجع إعادة الترحيل,erpnext/stock/doctype/repost_item_valuation/repost_item_valuation.json:None,stock,1,Repost Item Valuation,approve,natural-language stock-desk UI string (W6-3 matrix scope)
Reposting entries created: {0},,erpnext/stock/report/stock_and_account_value_comparison/stock_and_account_value_comparison.py:182; erpnext/stock/report/stock_ledger_invariant_check/stock_ledger_invariant_check.py:327,stock,0,Stock And Account Value Comparison,approve,natural-language stock-desk UI string (W6-3 matrix scope)
Reposting has been started in the background.,,erpnext/stock/doctype/repost_item_valuation/repost_item_valuation.js:103,stock,0,Repost Item Valuation,approve,natural-language stock-desk UI string (W6-3 matrix scope)
Reservation Based On,الحجز بناء على,erpnext/stock/doctype/stock_reservation_entry/stock_reservation_entry.json:None; erpnext/stock/report/reserved_stock/reserved_stock.js:118,stock,1,Stock Reservation Entry,approve,natural-language stock-desk UI string (W6-3 matrix scope)
"Reserved Qty ({0}) cannot be a fraction. To allow this, disable '{1}' in UOM {3}.",,erpnext/stock/doctype/stock_reservation_entry/stock_reservation_entry.py:263,stock,0,Stock Reservation Entry,approve,natural-language stock-desk UI string (W6-3 matrix scope)
Reserved Qty for Production Plan,الكمية المحجوزة لخطة الإنتاج,erpnext/stock/doctype/bin/bin.json:None,stock,1,Bin,approve,natural-language stock-desk UI string (W6-3 matrix scope)
Reserved Qty for Subcontract,الكمية المحجوزة لمقاول الباطن,erpnext/stock/doctype/bin/bin.json:None,stock,1,Bin,approve,natural-language stock-desk UI string (W6-3 matrix scope)
Reserved Qty should be greater than Delivered Qty.,,erpnext/stock/doctype/stock_reservation_entry/stock_reservation_entry.py:649,stock,0,Stock Reservation Entry,approve,natural-language stock-desk UI string (W6-3 matrix scope)
Reserved Serial No.,رقم تسلسلي محجوز,erpnext/stock/stock_ledger.py:2317,stock,1,Stock Ledger.Py:2317,approve,natural-language stock-desk UI string (W6-3 matrix scope)
Reserved Stock for Batch,مخزون محجوز للدفعة,erpnext/stock/stock_ledger.py:2346,stock,1,Stock Ledger.Py:2346,approve,natural-language stock-desk UI string (W6-3 matrix scope)
Reserved for POS Transactions,محجوز لمعاملات نقطة البيع,erpnext/stock/report/stock_projected_qty/stock_projected_qty.py:197,stock,1,Stock Projected Qty,approve,natural-language stock-desk UI string (W6-3 matrix scope)
Reserved for Production,محجوز للإنتاج,erpnext/stock/report/stock_projected_qty/stock_projected_qty.py:176,stock,1,Stock Projected Qty,approve,natural-language stock-desk UI string (W6-3 matrix scope)
Reserved for Production Plan,محجوز لخطة الإنتاج,erpnext/stock/report/stock_projected_qty/stock_projected_qty.py:183,stock,1,Stock Projected Qty,approve,natural-language stock-desk UI string (W6-3 matrix scope)
Reserved for Sub Contracting,محجوز للتصنيع بالعقد,erpnext/stock/report/stock_projected_qty/stock_projected_qty.py:190,stock,1,Stock Projected Qty,approve,natural-language stock-desk UI string (W6-3 matrix scope)
Restart,,erpnext/stock/doctype/repost_item_valuation/repost_item_valuation.js:84,stock,0,Repost Item Valuation,approve,natural-language stock-desk UI string (W6-3 matrix scope)
Restart Failed Entries,,erpnext/stock/doctype/repost_item_valuation/repost_item_valuation_list.js:23,stock,0,Repost Item Valuation,approve,natural-language stock-desk UI string (W6-3 matrix scope)
Return Issued,تم إصدار المرتجع,erpnext/stock/doctype/delivery_note/delivery_note.json:None; erpnext/stock/doctype/delivery_note/delivery_note_list.js:20; erpnext/stock/doctype/purchase_receipt/purchase_receipt.json:None; erpnext/stock/doctype/purchase_receipt/purchase_receipt_list.js:19; erpnext/subcontracting/doctype/subcontracting_receipt/subcontracting_receipt.json:None,stock,1,Delivery Note,approve,natural-language stock-desk UI string (W6-3 matrix scope)
Return Qty,كمية المرتجع,erpnext/stock/doctype/purchase_receipt/purchase_receipt.js:326; erpnext/subcontracting/doctype/subcontracting_receipt/subcontracting_receipt.js:126,stock,1,Purchase Receipt,approve,natural-language stock-desk UI string (W6-3 matrix scope)
Return Qty from Rejected Warehouse,كمية المرتجع من مستودع المرفوضات,erpnext/stock/doctype/purchase_receipt/purchase_receipt.js:302; erpnext/stock/doctype/purchase_receipt_item/purchase_receipt_item.json:None; erpnext/subcontracting/doctype/subcontracting_receipt/subcontracting_receipt.js:102,stock,1,Purchase Receipt,approve,natural-language stock-desk UI string (W6-3 matrix scope)
Returned Against,مرتجع مقابل,erpnext/stock/doctype/serial_and_batch_bundle/serial_and_batch_bundle.json:None,stock,1,Serial And Batch Bundle,approve,natural-language stock-desk UI string (W6-3 matrix scope)
Returned Qty in Stock UOM,الكمية المرتجعة بوحدة قياس المخزون,erpnext/stock/doctype/delivery_note_item/delivery_note_item.json:None; erpnext/stock/doctype/purchase_receipt_item/purchase_receipt_item.json:None,stock,1,Delivery Note Item,approve,natural-language stock-desk UI string (W6-3 matrix scope)
Role Allowed to Create/Edit Back-dated Transactions,الدور المسموح له بإنشاء/تعديل معاملات بتاريخ سابق,erpnext/stock/doctype/stock_settings/stock_settings.json:None,stock,1,Stock Settings,approve,natural-language stock-desk UI string (W6-3 matrix scope)
Role Allowed to Over Deliver/Receive,الدور المسموح له بزيادة التسليم/الاستلام,erpnext/stock/doctype/stock_settings/stock_settings.json:None,stock,1,Stock Settings,approve,natural-language stock-desk UI string (W6-3 matrix scope)
Row # {0}:,الصف رقم {0}:,erpnext/stock/doctype/stock_reconciliation/stock_reconciliation.py:577,stock,1,Stock Reconciliation,approve,natural-language stock-desk UI string (W6-3 matrix scope)
Row # {0}: Please add Serial and Batch Bundle for Item {1},,erpnext/stock/doctype/stock_reconciliation/stock_reconciliation.py:186,stock,0,Stock Reconciliation,approve,natural-language stock-desk UI string (W6-3 matrix scope)
Row # {0}: Please enter quantity for Item {1} as it is not zero.,,erpnext/stock/doctype/stock_reconciliation/stock_reconciliation.py:205,stock,0,Stock Reconciliation,approve,natural-language stock-desk UI string (W6-3 matrix scope)
Row #{0}: A reorder entry already exists for warehouse {1} with reorder type {2}.,,erpnext/stock/doctype/item/item.py:513,stock,0,Item,approve,natural-language stock-desk UI string (W6-3 matrix scope)
Row #{0}: Acceptance Criteria Formula is incorrect.,,erpnext/stock/doctype/quality_inspection/quality_inspection.py:323,stock,0,Quality Inspection,approve,natural-language stock-desk UI string (W6-3 matrix scope)
Row #{0}: Acceptance Criteria Formula is required.,,erpnext/stock/doctype/quality_inspection/quality_inspection.py:303,stock,0,Quality Inspection,approve,natural-language stock-desk UI string (W6-3 matrix scope)
Row #{0}: Batch No {1} is already selected.,,erpnext/stock/doctype/stock_reservation_entry/stock_reservation_entry.py:441,stock,0,Stock Reservation Entry,approve,natural-language stock-desk UI string (W6-3 matrix scope)
Row #{0}: Finished Good must be {1},,erpnext/stock/doctype/stock_entry/stock_entry.py:434,stock,0,Stock Entry,approve,natural-language stock-desk UI string (W6-3 matrix scope)
"Row #{0}: Item {1} has been picked, please reserve stock from the Pick List.",,erpnext/stock/doctype/stock_reservation_entry/stock_reservation_entry.py:1627,stock,0,Stock Reservation Entry,approve,natural-language stock-desk UI string (W6-3 matrix scope)
Row #{0}: Only {1} available to reserve for the Item {2},,erpnext/stock/doctype/stock_reservation_entry/stock_reservation_entry.py:1710,stock,0,Stock Reservation Entry,approve,natural-language stock-desk UI string (W6-3 matrix scope)
Row #{0}: Quantity to reserve for the Item {1} should be greater than 0.,,erpnext/stock/doctype/stock_reservation_entry/stock_reservation_entry.py:1695,stock,0,Stock Reservation Entry,approve,natural-language stock-desk UI string (W6-3 matrix scope)
Row #{0}: Serial No {1} for Item {2} is not available in {3} {4} or might be reserved in another {5}.,,erpnext/stock/doctype/stock_reservation_entry/stock_reservation_entry.py:378,stock,0,Stock Reservation Entry,approve,natural-language stock-desk UI string (W6-3 matrix scope)
Row #{0}: Serial No {1} is already selected.,,erpnext/stock/doctype/stock_reservation_entry/stock_reservation_entry.py:394,stock,0,Stock Reservation Entry,approve,natural-language stock-desk UI string (W6-3 matrix scope)
Row #{0}: Source and Target Warehouse cannot be the same for Material Transfer,,erpnext/stock/doctype/stock_entry/stock_entry.py:966,stock,0,Stock Entry,approve,natural-language stock-desk UI string (W6-3 matrix scope)
"Row #{0}: Source, Target Warehouse and Inventory Dimensions cannot be the exact same for Material Transfer",,erpnext/stock/doctype/stock_entry/stock_entry.py:988,stock,0,Stock Entry,approve,natural-language stock-desk UI string (W6-3 matrix scope)
Row #{0}: Status is mandatory,,erpnext/stock/doctype/quality_inspection/quality_inspection.py:205,stock,0,Quality Inspection,approve,natural-language stock-desk UI string (W6-3 matrix scope)
Row #{0}: Stock cannot be reserved for Item {1} against a disabled Batch {2}.,,erpnext/stock/doctype/stock_reservation_entry/stock_reservation_entry.py:403,stock,0,Stock Reservation Entry,approve,natural-language stock-desk UI string (W6-3 matrix scope)
Row #{0}: Stock cannot be reserved for a non-stock Item {1},,erpnext/stock/doctype/stock_reservation_entry/stock_reservation_entry.py:1640,stock,0,Stock Reservation Entry,approve,natural-language stock-desk UI string (W6-3 matrix scope)
Row #{0}: Stock cannot be reserved in group warehouse {1}.,,erpnext/stock/doctype/stock_reservation_entry/stock_reservation_entry.py:1653,stock,0,Stock Reservation Entry,approve,natural-language stock-desk UI string (W6-3 matrix scope)
Row #{0}: Stock is already reserved for the Item {1}.,,erpnext/stock/doctype/stock_reservation_entry/stock_reservation_entry.py:1667,stock,0,Stock Reservation Entry,approve,natural-language stock-desk UI string (W6-3 matrix scope)
Row #{0}: Stock is reserved for item {1} in warehouse {2}.,,erpnext/stock/doctype/delivery_note/delivery_note.py:545,stock,0,Delivery Note,approve,natural-language stock-desk UI string (W6-3 matrix scope)
Row #{0}: Stock not available to reserve for Item {1} against Batch {2} in Warehouse {3}.,,erpnext/stock/doctype/stock_reservation_entry/stock_reservation_entry.py:413,stock,0,Stock Reservation Entry,approve,natural-language stock-desk UI string (W6-3 matrix scope)
Row #{0}: Stock not available to reserve for the Item {1} in Warehouse {2}.,,erpnext/stock/doctype/stock_reservation_entry/stock_reservation_entry.py:1233; erpnext/stock/doctype/stock_reservation_entry/stock_reservation_entry.py:1681,stock,0,Stock Reservation Entry,approve,natural-language stock-desk UI string (W6-3 matrix scope)
Row #{0}: The warehouse {1} is not a child warehouse of a group warehouse {2},,erpnext/stock/doctype/item/item.py:529,stock,0,Item,approve,natural-language stock-desk UI string (W6-3 matrix scope)
Row #{0}: {1} is not a valid reading field. Please refer to the field description.,,erpnext/stock/doctype/quality_inspection/quality_inspection.py:316,stock,0,Quality Inspection,approve,natural-language stock-desk UI string (W6-3 matrix scope)
Row #{}: item {} has been picked already.,,erpnext/stock/doctype/pick_list/pick_list.py:198,stock,0,Pick List,approve,natural-language stock-desk UI string (W6-3 matrix scope)
Row #{}: {} {} doesn't belong to Company {}. Please select valid {}.,,erpnext/stock/doctype/item/item.py:1401,stock,0,Item,approve,natural-language stock-desk UI string (W6-3 matrix scope)
"Row {0} picked quantity is less than the required quantity, additional {1} {2} required.",,erpnext/stock/doctype/pick_list/pick_list.py:228,stock,0,Pick List,approve,natural-language stock-desk UI string (W6-3 matrix scope)
Row {0}# Item {1} cannot be transferred more than {2} against {3} {4},,erpnext/stock/doctype/stock_entry/stock_entry.py:1459,stock,0,Stock Entry,approve,natural-language stock-desk UI string (W6-3 matrix scope)
Row {0}# Item {1} not found in 'Raw Materials Supplied' table in {2} {3},,erpnext/stock/doctype/stock_entry/stock_entry.py:1483,stock,0,Stock Entry,approve,natural-language stock-desk UI string (W6-3 matrix scope)
"Row {0}: As {1} is enabled, raw materials cannot be added to {2} entry. Use {3} entry to consume raw materials.",,erpnext/stock/doctype/stock_entry/stock_entry.py:1146,stock,0,Stock Entry,approve,natural-language stock-desk UI string (W6-3 matrix scope)
Row {0}: Either Delivery Note Item or Packed Item reference is mandatory.,,erpnext/stock/doctype/packing_slip/packing_slip.py:128,stock,0,Packing Slip,approve,natural-language stock-desk UI string (W6-3 matrix scope)
Row {0}: Packed Qty must be equal to {1} Qty.,,erpnext/stock/doctype/delivery_note/delivery_note.py:602,stock,0,Delivery Note,approve,natural-language stock-desk UI string (W6-3 matrix scope)
Row {0}: Packing Slip is already created for Item {1}.,,erpnext/stock/doctype/packing_slip/packing_slip.py:147,stock,0,Packing Slip,approve,natural-language stock-desk UI string (W6-3 matrix scope)
Row {0}: Please provide a valid Delivery Note Item or Packed Item reference.,,erpnext/stock/doctype/packing_slip/packing_slip.py:141,stock,0,Packing Slip,approve,natural-language stock-desk UI string (W6-3 matrix scope)
Row {0}: Purchase Invoice {1} has no stock impact.,,erpnext/stock/doctype/landed_cost_voucher/landed_cost_voucher.py:129,stock,0,Landed Cost Voucher,approve,natural-language stock-desk UI string (W6-3 matrix scope)
Row {0}: Qty cannot be greater than {1} for the Item {2}.,,erpnext/stock/doctype/packing_slip/packing_slip.py:153,stock,0,Packing Slip,approve,natural-language stock-desk UI string (W6-3 matrix scope)
Row {0}: Qty in Stock UOM can not be zero.,,erpnext/stock/doctype/stock_entry/stock_entry.py:525,stock,0,Stock Entry,approve,natural-language stock-desk UI string (W6-3 matrix scope)
Row {0}: Qty must be greater than 0.,,erpnext/stock/doctype/packing_slip/packing_slip.py:124,stock,0,Packing Slip,approve,natural-language stock-desk UI string (W6-3 matrix scope)
Row {0}: Transferred quantity cannot be greater than the requested quantity.,,erpnext/stock/doctype/stock_entry/stock_entry.py:3243,stock,0,Stock Entry,approve,natural-language stock-desk UI string (W6-3 matrix scope)
Row {0}: {2} Item {1} does not exist in {2} {3},,erpnext/stock/doctype/landed_cost_voucher/landed_cost_voucher.py:102,stock,0,Landed Cost Voucher,approve,natural-language stock-desk UI string (W6-3 matrix scope)
SCO Supplied Item,,erpnext/stock/doctype/stock_entry_detail/stock_entry_detail.json:None,stock,0,Stock Entry Detail,approve,natural-language stock-desk UI string (W6-3 matrix scope)
Same item and warehouse combination already entered.,,erpnext/stock/doctype/stock_reconciliation/stock_reconciliation.py:597,stock,0,Stock Reconciliation,approve,natural-language stock-desk UI string (W6-3 matrix scope)
Scan Mode,وضع المسح,erpnext/stock/doctype/pick_list/pick_list.json:None; erpnext/stock/doctype/stock_reconciliation/stock_reconciliation.json:None,stock,1,Pick List,approve,natural-language stock-desk UI string (W6-3 matrix scope)
"Scan mode enabled, existing quantity will not be fetched.",,erpnext/stock/doctype/stock_reconciliation/stock_reconciliation.js:109,stock,0,Stock Reconciliation,approve,natural-language stock-desk UI string (W6-3 matrix scope)
Scheduling,الجدولة,erpnext/stock/doctype/stock_reposting_settings/stock_reposting_settings.json:None,stock,1,Stock Reposting Settings,approve,natural-language stock-desk UI string (W6-3 matrix scope)
Segregate Serial / Batch Bundle,فصل مجموعة التسلسل/الدفعة,erpnext/stock/report/stock_ledger/stock_ledger.js:122,stock,1,Stock Ledger,approve,natural-language stock-desk UI string (W6-3 matrix scope)
Select an Item Group.,تحديد مجموعة أصناف.,erpnext/stock/doctype/item/item.js:1041,stock,1,Item,approve,natural-language stock-desk UI string (W6-3 matrix scope)
Select at least one value from each of the attributes.,حدد قيمة واحدة على الأقل من كل خاصية.,erpnext/stock/doctype/item/item.js:721,stock,1,Item,approve,natural-language stock-desk UI string (W6-3 matrix scope)
Selected Serial and Batch Bundle entries have been fixed.,,erpnext/stock/report/incorrect_serial_and_batch_bundle/incorrect_serial_and_batch_bundle.py:163,stock,0,Incorrect Serial And Batch Bundle,approve,natural-language stock-desk UI string (W6-3 matrix scope)
Self delivery,تسليم ذاتي,erpnext/stock/doctype/shipment/shipment.json:None,stock,1,Shipment,approve,natural-language stock-desk UI string (W6-3 matrix scope)
Serial & Batch Item,صنف تسلسلي ودفعة,erpnext/stock/doctype/stock_settings/stock_settings.json:None,stock,1,Stock Settings,approve,natural-language stock-desk UI string (W6-3 matrix scope)
Serial & Batch Item Settings,إعدادات الأصناف التسلسلية والدفعات,erpnext/stock/doctype/stock_settings/stock_settings.json:None,stock,1,Stock Settings,approve,natural-language stock-desk UI string (W6-3 matrix scope)
Serial / Batch Bundle,مجموعة تسلسل/دفعة,erpnext/stock/doctype/stock_reconciliation_item/stock_reconciliation_item.json:None; erpnext/subcontracting/doctype/subcontracting_receipt_supplied_item/subcontracting_receipt_supplied_item.json:None,stock,1,Stock Reconciliation Item,approve,natural-language stock-desk UI string (W6-3 matrix scope)
Serial / Batch No,رقم تسلسلي/دفعة,erpnext/stock/doctype/serial_and_batch_bundle/serial_and_batch_bundle.json:None,stock,1,Serial And Batch Bundle,approve,natural-language stock-desk UI string (W6-3 matrix scope)
Serial No (In/Out),الرقم التسلسلي (داخل/خارج),erpnext/stock/report/available_serial_no/available_serial_no.py:140,stock,1,Available Serial No,approve,natural-language stock-desk UI string (W6-3 matrix scope)
Serial No Ledger,دفتر أستاذ الرقم التسلسلي,erpnext/stock/report/serial_no_ledger/serial_no_ledger.json:None; erpnext/stock/workspace/stock/stock.json:None,stock,1,Serial No Ledger,approve,natural-language stock-desk UI string (W6-3 matrix scope)
Serial No Reserved,الرقم التسلسلي محجوز,erpnext/stock/doctype/serial_and_batch_bundle/serial_and_batch_bundle.py:2317,stock,1,Serial And Batch Bundle,approve,natural-language stock-desk UI string (W6-3 matrix scope)
Serial No Series Overlap,تداخل سلسلة الرقم التسلسلي,erpnext/stock/doctype/item/item.py:426,stock,1,Item,approve,natural-language stock-desk UI string (W6-3 matrix scope)
Serial No and Batch Selector cannot be use when Use Serial / Batch Fields is enabled.,,erpnext/stock/doctype/stock_settings/stock_settings.js:28,stock,0,Stock Settings,approve,natural-language stock-desk UI string (W6-3 matrix scope)
Serial No and Batch Traceability,,erpnext/stock/report/serial_no_and_batch_traceability/serial_no_and_batch_traceability.json:None; erpnext/stock/workspace/stock/stock.json:None,stock,0,Serial No And Batch Traceability,approve,natural-language stock-desk UI string (W6-3 matrix scope)
Serial No is mandatory,الرقم التسلسلي إلزامي,erpnext/stock/doctype/serial_and_batch_bundle/serial_and_batch_bundle.py:1072,stock,1,Serial And Batch Bundle,approve,natural-language stock-desk UI string (W6-3 matrix scope)
Serial No {0} does not exists,,erpnext/stock/doctype/serial_and_batch_bundle/serial_and_batch_bundle.py:3025,stock,0,Serial And Batch Bundle,approve,natural-language stock-desk UI string (W6-3 matrix scope)
Serial No {0} is already Delivered. You cannot use them again in Manufacture / Repack entry.,,erpnext/stock/doctype/serial_and_batch_bundle/serial_and_batch_bundle.py:327,stock,0,Serial And Batch Bundle,approve,natural-language stock-desk UI string (W6-3 matrix scope)
"Serial No {0} is not present in the {1} {2}, hence you can't return it against the {1} {2}",,erpnext/stock/doctype/serial_and_batch_bundle/serial_and_batch_bundle.py:399,stock,0,Serial And Batch Bundle,approve,natural-language stock-desk UI string (W6-3 matrix scope)
Serial Nos are created successfully,,erpnext/stock/doctype/serial_and_batch_bundle/serial_and_batch_bundle.py:1636,stock,0,Serial And Batch Bundle,approve,natural-language stock-desk UI string (W6-3 matrix scope)
"Serial Nos are reserved in Stock Reservation Entries, you need to unreserve them before proceeding.",,erpnext/stock/stock_ledger.py:2307,stock,0,Stock Ledger.Py:2307,approve,natural-language stock-desk UI string (W6-3 matrix scope)
Serial Nos {0} are already Delivered. You cannot use them again in Manufacture / Repack entry.,,erpnext/stock/doctype/serial_and_batch_bundle/serial_and_batch_bundle.py:333,stock,0,Serial And Batch Bundle,approve,natural-language stock-desk UI string (W6-3 matrix scope)
Serial and Batch,التسلسل والدفعة,erpnext/stock/doctype/serial_and_batch_bundle/serial_and_batch_bundle.json:None; erpnext/stock/doctype/stock_reservation_entry/stock_reservation_entry.json:None,stock,1,Serial And Batch Bundle,approve,natural-language stock-desk UI string (W6-3 matrix scope)
Serial and Batch Bundle created,تم إنشاء مجموعة التسلسل والدفعة,erpnext/stock/doctype/serial_and_batch_bundle/serial_and_batch_bundle.py:1858,stock,1,Serial And Batch Bundle,approve,natural-language stock-desk UI string (W6-3 matrix scope)
Serial and Batch Bundle updated,تم تحديث مجموعة التسلسل والدفعة,erpnext/stock/doctype/serial_and_batch_bundle/serial_and_batch_bundle.py:1930,stock,1,Serial And Batch Bundle,approve,natural-language stock-desk UI string (W6-3 matrix scope)
Serial and Batch Bundle {0} is not submitted,,erpnext/stock/serial_batch_bundle.py:351,stock,0,Serial Batch Bundle.Py:351,approve,natural-language stock-desk UI string (W6-3 matrix scope)
Serial and Batch Entry,قيد التسلسل والدفعة,erpnext/stock/doctype/serial_and_batch_entry/serial_and_batch_entry.json:None,stock,1,Serial And Batch Entry,approve,natural-language stock-desk UI string (W6-3 matrix scope)
Serial and Batch No,التسلسل والدفعة,erpnext/stock/doctype/delivery_note_item/delivery_note_item.json:None; erpnext/stock/doctype/purchase_receipt_item/purchase_receipt_item.json:None,stock,1,Delivery Note Item,approve,natural-language stock-desk UI string (W6-3 matrix scope)
Serial and Batch Nos,الأرقام التسلسلية والدفعات,erpnext/stock/doctype/serial_and_batch_bundle/serial_and_batch_bundle.js:53,stock,1,Serial And Batch Bundle,approve,natural-language stock-desk UI string (W6-3 matrix scope)
Serial and Batch Reservation,حجز التسلسل والدفعة,erpnext/stock/doctype/stock_reservation_entry/stock_reservation_entry.json:None; erpnext/stock/doctype/stock_settings/stock_settings.json:None,stock,1,Stock Reservation Entry,approve,natural-language stock-desk UI string (W6-3 matrix scope)
Serial and Batch Summary,ملخص التسلسل والدفعة,erpnext/stock/report/serial_and_batch_summary/serial_and_batch_summary.json:None,stock,1,Serial And Batch Summary,approve,natural-language stock-desk UI string (W6-3 matrix scope)
Set Serial and Batch Bundle Naming Based on Naming Series,تعيين تسمية مجموعة التسلسل والدفعة بناء على سلسلة التسمية,erpnext/stock/doctype/stock_settings/stock_settings.json:None,stock,1,Stock Settings,approve,natural-language stock-desk UI string (W6-3 matrix scope)
Set fieldname from which you want to fetch the data from the parent form.,,erpnext/stock/doctype/inventory_dimension/inventory_dimension.json:None,stock,0,Inventory Dimension,approve,natural-language stock-desk UI string (W6-3 matrix scope)
Set the status manually.,,erpnext/stock/doctype/quality_inspection_reading/quality_inspection_reading.json:None,stock,0,Quality Inspection Reading,approve,natural-language stock-desk UI string (W6-3 matrix scope)
Setting Item Locations...,جار تعيين مواقع الأصناف...,erpnext/stock/doctype/pick_list/pick_list.js:95,stock,1,Pick List,approve,natural-language stock-desk UI string (W6-3 matrix scope)
Shelf Life in Days,مدة الصلاحية بالأيام,erpnext/stock/doctype/batch/batch.py:215,stock,1,Batch,approve,natural-language stock-desk UI string (W6-3 matrix scope)
Shift Time (In Hours),وقت الوردية (بالساعات),erpnext/stock/doctype/item_lead_time/item_lead_time.json:None,stock,1,Item Lead Time,approve,natural-language stock-desk UI string (W6-3 matrix scope)
Shipment,الشحنة,erpnext/stock/doctype/delivery_note/delivery_note.js:246; erpnext/stock/doctype/shipment/shipment.json:None,stock,1,Delivery Note,approve,natural-language stock-desk UI string (W6-3 matrix scope)
Shipment Amount,مبلغ الشحنة,erpnext/stock/doctype/shipment/shipment.json:None,stock,1,Shipment,approve,natural-language stock-desk UI string (W6-3 matrix scope)
Shipment Delivery Note,إذن تسليم الشحنة,erpnext/stock/doctype/shipment/shipment.json:None; erpnext/stock/doctype/shipment_delivery_note/shipment_delivery_note.json:None,stock,1,Shipment,approve,natural-language stock-desk UI string (W6-3 matrix scope)
Shipment ID,معرف الشحنة,erpnext/stock/doctype/shipment/shipment.json:None,stock,1,Shipment,approve,natural-language stock-desk UI string (W6-3 matrix scope)
Shipment Information,معلومات الشحنة,erpnext/stock/doctype/shipment/shipment.json:None,stock,1,Shipment,approve,natural-language stock-desk UI string (W6-3 matrix scope)
Shipment Parcel,طرد الشحنة,erpnext/stock/doctype/shipment/shipment.json:None; erpnext/stock/doctype/shipment_parcel/shipment_parcel.json:None,stock,1,Shipment,approve,natural-language stock-desk UI string (W6-3 matrix scope)
Shipment Parcel Template,قالب طرد الشحنة,erpnext/stock/doctype/shipment_parcel_template/shipment_parcel_template.json:None,stock,1,Shipment Parcel Template,approve,natural-language stock-desk UI string (W6-3 matrix scope)
Shipment Type,نوع الشحنة,erpnext/stock/doctype/shipment/shipment.json:None,stock,1,Shipment,approve,natural-language stock-desk UI string (W6-3 matrix scope)
Shipment details,تفاصيل الشحنة,erpnext/stock/doctype/shipment/shipment.json:None,stock,1,Shipment,approve,natural-language stock-desk UI string (W6-3 matrix scope)
Shipping Address Template,قالب عنوان الشحن,erpnext/stock/doctype/purchase_receipt/purchase_receipt.json:None,stock,1,Purchase Receipt,approve,natural-language stock-desk UI string (W6-3 matrix scope)
Show Barcode Field in Stock Transactions,إظهار حقل الباركود في معاملات المخزون,erpnext/stock/doctype/stock_settings/stock_settings.json:None,stock,1,Stock Settings,approve,natural-language stock-desk UI string (W6-3 matrix scope)
Show Dimension Wise Stock,إظهار المخزون حسب البُعد,erpnext/stock/report/stock_balance/stock_balance.js:137,stock,1,Stock Balance,approve,natural-language stock-desk UI string (W6-3 matrix scope)
Show Disabled Items,إظهار الأصناف المعطلة,erpnext/stock/report/stock_qty_vs_serial_no_count/stock_qty_vs_serial_no_count.js:29,stock,1,Stock Qty Vs Serial No Count,approve,natural-language stock-desk UI string (W6-3 matrix scope)
Show Disabled Warehouses,إظهار المستودعات المعطلة,erpnext/stock/report/warehouse_wise_stock_balance/warehouse_wise_stock_balance.js:16,stock,1,Warehouse Wise Stock Balance,approve,natural-language stock-desk UI string (W6-3 matrix scope)
Show Item Name,إظهار اسم الصنف,erpnext/stock/report/available_batch_report/available_batch_report.js:86,stock,1,Available Batch Report,approve,natural-language stock-desk UI string (W6-3 matrix scope)
Show pending entries,إظهار القيود المعلقة,erpnext/stock/utils.py:585,stock,1,Utils.Py:585,approve,natural-language stock-desk UI string (W6-3 matrix scope)
Similar types of workstations where the same operations run in parallel.,,erpnext/stock/doctype/item_lead_time/item_lead_time.json:None,stock,0,Item Lead Time,approve,natural-language stock-desk UI string (W6-3 matrix scope)
"Since {0} are Serial No/Batch No items, you cannot enable 'Recreate Stock Ledgers' in Repost Item Valuation.",,erpnext/stock/doctype/repost_item_valuation/repost_item_valuation.py:105,stock,0,Repost Item Valuation,approve,natural-language stock-desk UI string (W6-3 matrix scope)
Source Document,المستند المصدر,erpnext/stock/doctype/serial_no/serial_no.json:None,stock,1,Serial No,approve,natural-language stock-desk UI string (W6-3 matrix scope)
Source Document No,رقم المستند المصدر,erpnext/stock/report/serial_no_and_batch_traceability/serial_no_and_batch_traceability.py:488,stock,1,Serial No And Batch Traceability,approve,natural-language stock-desk UI string (W6-3 matrix scope)
Source Fieldname,اسم حقل المصدر,erpnext/stock/doctype/inventory_dimension/inventory_dimension.json:None,stock,1,Inventory Dimension,approve,natural-language stock-desk UI string (W6-3 matrix scope)
Source Warehouse Address Link,رابط عنوان المستودع المصدر,erpnext/stock/doctype/stock_entry/stock_entry.json:None,stock,1,Stock Entry,approve,natural-language stock-desk UI string (W6-3 matrix scope)
Source Warehouse is mandatory for the Item {0}.,,erpnext/stock/doctype/stock_reservation_entry/stock_reservation_entry.py:1163,stock,0,Stock Reservation Entry,approve,natural-language stock-desk UI string (W6-3 matrix scope)
Start Reposting,بدء إعادة الترحيل,erpnext/stock/doctype/repost_item_valuation/repost_item_valuation.js:99,stock,1,Repost Item Valuation,approve,natural-language stock-desk UI string (W6-3 matrix scope)
Status set to rejected as there are one or more rejected readings.,,erpnext/stock/doctype/quality_inspection/quality_inspection.py:271,stock,0,Quality Inspection,approve,natural-language stock-desk UI string (W6-3 matrix scope)
Stock Capacity,سعة المخزون,erpnext/stock/page/warehouse_capacity_summary/warehouse_capacity_summary_header.html:10,stock,1,Warehouse Capacity Summary,approve,natural-language stock-desk UI string (W6-3 matrix scope)
Stock Closing,إغلاق المخزون,erpnext/stock/doctype/stock_settings/stock_settings.json:None,stock,1,Stock Settings,approve,natural-language stock-desk UI string (W6-3 matrix scope)
Stock Closing Balance,رصيد إغلاق المخزون,erpnext/stock/doctype/stock_closing_balance/stock_closing_balance.json:None,stock,1,Stock Closing Balance,approve,natural-language stock-desk UI string (W6-3 matrix scope)
Stock Closing Entry,قيد إغلاق المخزون,erpnext/stock/doctype/stock_closing_balance/stock_closing_balance.json:None; erpnext/stock/doctype/stock_closing_entry/stock_closing_entry.json:None,stock,1,Stock Closing Balance,approve,natural-language stock-desk UI string (W6-3 matrix scope)
Stock Closing Entry {0} already exists for the selected date range,,erpnext/stock/doctype/stock_closing_entry/stock_closing_entry.py:77,stock,0,Stock Closing Entry,approve,natural-language stock-desk UI string (W6-3 matrix scope)
"Stock Closing Entry {0} has been queued for processing, system will take sometime to complete it.",,erpnext/stock/doctype/stock_closing_entry/stock_closing_entry.py:98,stock,0,Stock Closing Entry,approve,natural-language stock-desk UI string (W6-3 matrix scope)
Stock Closing Log,سجل إغلاق المخزون,erpnext/stock/doctype/stock_closing_entry/stock_closing_entry_dashboard.py:9,stock,1,Stock Closing Entry,approve,natural-language stock-desk UI string (W6-3 matrix scope)
Stock Entries already created for Work Order {0}: {1},,erpnext/stock/doctype/stock_entry/stock_entry.py:864,stock,0,Stock Entry,approve,natural-language stock-desk UI string (W6-3 matrix scope)
Stock Entry Item,عنصر قيد المخزون,erpnext/stock/doctype/landed_cost_item/landed_cost_item.json:None,stock,1,Landed Cost Item,approve,natural-language stock-desk UI string (W6-3 matrix scope)
Stock Frozen Up To,المخزون مجمد حتى,erpnext/stock/doctype/stock_settings/stock_settings.json:None,stock,1,Stock Settings,approve,natural-language stock-desk UI string (W6-3 matrix scope)
Stock Ledger Entries and GL Entries are reposted for the selected Purchase Receipts,,erpnext/stock/doctype/landed_cost_voucher/landed_cost_voucher.js:9,stock,0,Landed Cost Voucher,approve,natural-language stock-desk UI string (W6-3 matrix scope)
Stock Ledger Invariant Check,فحص ثبات دفتر أستاذ المخزون,erpnext/stock/report/stock_ledger_invariant_check/stock_ledger_invariant_check.json:None,stock,1,Stock Ledger Invariant Check,approve,natural-language stock-desk UI string (W6-3 matrix scope)
Stock Ledger Variance,انحراف دفتر أستاذ المخزون,erpnext/stock/report/stock_ledger_variance/stock_ledger_variance.json:None,stock,1,Stock Ledger Variance,approve,natural-language stock-desk UI string (W6-3 matrix scope)
Stock Ledgers won’t be reposted.,,erpnext/stock/doctype/repost_item_valuation/repost_item_valuation.json:None,stock,0,Repost Item Valuation,approve,natural-language stock-desk UI string (W6-3 matrix scope)
Stock Movement,حركة المخزون,erpnext/stock/doctype/item/item_dashboard.py:34,stock,1,Item,approve,natural-language stock-desk UI string (W6-3 matrix scope)
Stock Planning,تخطيط المخزون,erpnext/stock/doctype/stock_settings/stock_settings.json:None,stock,1,Stock Settings,approve,natural-language stock-desk UI string (W6-3 matrix scope)
Stock Qty vs Batch Qty,كمية المخزون مقابل كمية الدفعة,erpnext/stock/report/stock_qty_vs_batch_qty/stock_qty_vs_batch_qty.json:None,stock,1,Stock Qty Vs Batch Qty,approve,natural-language stock-desk UI string (W6-3 matrix scope)
Stock Reposting Settings,إعدادات إعادة نشر المخزون,erpnext/stock/doctype/stock_reposting_settings/stock_reposting_settings.json:None,stock,1,Stock Reposting Settings,approve,natural-language stock-desk UI string (W6-3 matrix scope)
Stock Reservation Entries Cancelled,تم إلغاء قيود حجز المخزون,erpnext/stock/doctype/stock_reservation_entry/stock_reservation_entry.py:1824,stock,1,Stock Reservation Entry,approve,natural-language stock-desk UI string (W6-3 matrix scope)
Stock Reservation Entry cannot be updated as it has been delivered.,,erpnext/stock/doctype/stock_reservation_entry/stock_reservation_entry.py:571,stock,0,Stock Reservation Entry,approve,natural-language stock-desk UI string (W6-3 matrix scope)
Stock Reservation Warehouse Mismatch,عدم تطابق مستودع حجز المخزون,erpnext/stock/doctype/delivery_note/delivery_note.py:555,stock,1,Delivery Note,approve,natural-language stock-desk UI string (W6-3 matrix scope)
Stock Reservation can only be created against {0}.,,erpnext/stock/doctype/stock_reservation_entry/stock_reservation_entry.py:683,stock,0,Stock Reservation Entry,approve,natural-language stock-desk UI string (W6-3 matrix scope)
Stock Transactions Settings,إعدادات معاملات المخزون,erpnext/stock/doctype/stock_settings/stock_settings.json:None,stock,1,Stock Settings,approve,natural-language stock-desk UI string (W6-3 matrix scope)
Stock UOM Quantity,كمية وحدة قياس المخزون,erpnext/stock/doctype/stock_settings/stock_settings.json:None,stock,1,Stock Settings,approve,natural-language stock-desk UI string (W6-3 matrix scope)
Stock Validations,تحققات المخزون,erpnext/stock/doctype/stock_settings/stock_settings.json:None,stock,1,Stock Settings,approve,natural-language stock-desk UI string (W6-3 matrix scope)
Stock Value by Item Group,قيمة المخزون حسب مجموعة الأصناف,erpnext/stock/workspace/stock/stock.json:None,stock,1,Stock,approve,natural-language stock-desk UI string (W6-3 matrix scope)
Stock cannot be reserved in group warehouse {0}.,,erpnext/stock/doctype/stock_reservation_entry/stock_reservation_entry.py:255,stock,0,Stock Reservation Entry,approve,natural-language stock-desk UI string (W6-3 matrix scope)
Stock cannot be reserved in the group warehouse {0}.,,erpnext/stock/doctype/stock_reservation_entry/stock_reservation_entry.py:1588,stock,0,Stock Reservation Entry,approve,natural-language stock-desk UI string (W6-3 matrix scope)
Stock has been unreserved for work order {0}.,,erpnext/stock/doctype/stock_reservation_entry/stock_reservation_entry.py:1130,stock,0,Stock Reservation Entry,approve,natural-language stock-desk UI string (W6-3 matrix scope)
Stock not available for Item {0} in Warehouse {1}.,,erpnext/stock/doctype/stock_reservation_entry/stock_reservation_entry.py:359,stock,0,Stock Reservation Entry,approve,natural-language stock-desk UI string (W6-3 matrix scope)
Stock transactions that are older than the mentioned days cannot be modified.,,erpnext/stock/doctype/stock_settings/stock_settings.json:None,stock,0,Stock Settings,approve,natural-language stock-desk UI string (W6-3 matrix scope)
Stock/Accounts can not be frozen as processing of backdated entries is going on. Please try again later.,,erpnext/stock/utils.py:576,stock,0,Utils.Py:576,approve,natural-language stock-desk UI string (W6-3 matrix scope)
Subcontract BOM,قائمة مواد مقاول الباطن,erpnext/stock/doctype/purchase_receipt_item/purchase_receipt_item.json:None,stock,1,Purchase Receipt Item,approve,natural-language stock-desk UI string (W6-3 matrix scope)
Subcontracted Purchase Order,أمر شراء مقاول باطن,erpnext/stock/doctype/material_request/material_request.js:212,stock,1,Material Request,approve,natural-language stock-desk UI string (W6-3 matrix scope)
Subcontracting Receipt Item,بند إيصال مقاولات باطن,erpnext/stock/doctype/purchase_receipt_item/purchase_receipt_item.json:None; erpnext/subcontracting/doctype/subcontracting_receipt_item/subcontracting_receipt_item.json:None,stock,1,Purchase Receipt Item,approve,natural-language stock-desk UI string (W6-3 matrix scope)
"Successfully changed Stock UOM, please redefine conversion factors for new UOM.",,erpnext/stock/doctype/item/item.py:339,stock,0,Item,approve,natural-language stock-desk UI string (W6-3 matrix scope)
Supplier Info,معلومات المورد,erpnext/stock/doctype/stock_entry/stock_entry.json:None,stock,1,Stock Entry,approve,natural-language stock-desk UI string (W6-3 matrix scope)
Table for Item that will be shown in Web Site,,erpnext/stock/doctype/item_website_specification/item_website_specification.json:None,stock,0,Item Website Specification,approve,natural-language stock-desk UI string (W6-3 matrix scope)
Target Fieldname (Stock Ledger Entry),اسم الحقل الهدف (قيد دفتر أستاذ المخزون),erpnext/stock/doctype/inventory_dimension/inventory_dimension.json:None,stock,1,Inventory Dimension,approve,natural-language stock-desk UI string (W6-3 matrix scope)
Target Warehouse Address Link,رابط عنوان المستودع الهدف,erpnext/stock/doctype/stock_entry/stock_entry.json:None,stock,1,Stock Entry,approve,natural-language stock-desk UI string (W6-3 matrix scope)
Taxes row #{0}: {1} cannot be smaller than {2},,erpnext/stock/doctype/item/item.py:352,stock,0,Item,approve,natural-language stock-desk UI string (W6-3 matrix scope)
Template Item Selected,تم تحديد صنف قالب,erpnext/stock/get_item_details.py:338,stock,1,Get Item Details.Py:338,approve,natural-language stock-desk UI string (W6-3 matrix scope)
The Process Loss Qty has reset as per job cards Process Loss Qty,,erpnext/stock/doctype/stock_entry/stock_entry.py:2513,stock,0,Stock Entry,approve,natural-language stock-desk UI string (W6-3 matrix scope)
The Serial No at Row #{0}: {1} is not available in warehouse {2}.,,erpnext/stock/doctype/pick_list/pick_list.py:172,stock,0,Pick List,approve,natural-language stock-desk UI string (W6-3 matrix scope)
The Serial No {0} is reserved against the {1} {2} and cannot be used for any other transaction.,,erpnext/stock/doctype/serial_and_batch_bundle/serial_and_batch_bundle.py:2314,stock,0,Serial And Batch Bundle,approve,natural-language stock-desk UI string (W6-3 matrix scope)
The Work Order is mandatory for Disassembly Order,,erpnext/stock/doctype/stock_entry/stock_entry.py:2166,stock,0,Stock Entry,approve,natural-language stock-desk UI string (W6-3 matrix scope)
The field {0} in row {1} is not set,,erpnext/stock/doctype/delivery_note/delivery_note.py:405,stock,0,Delivery Note,approve,natural-language stock-desk UI string (W6-3 matrix scope)
"The following Items, having Putaway Rules, could not be accomodated:",,erpnext/stock/doctype/putaway_rule/putaway_rule.py:305,stock,0,Putaway Rule,approve,natural-language stock-desk UI string (W6-3 matrix scope)
The items {0} and {1} are present in the following {2} :,,erpnext/stock/doctype/item/item.py:619,stock,0,Item,approve,natural-language stock-desk UI string (W6-3 matrix scope)
The percentage you are allowed to pick more items in the pick list than the ordered quantity.,,erpnext/stock/doctype/stock_settings/stock_settings.json:None,stock,0,Stock Settings,approve,natural-language stock-desk UI string (W6-3 matrix scope)
The reserved stock will be released. Are you certain you wish to proceed?,,erpnext/stock/doctype/pick_list/pick_list.js:159,stock,0,Pick List,approve,natural-language stock-desk UI string (W6-3 matrix scope)
The serial and batch bundle {0} not linked to {1} {2},,erpnext/stock/doctype/serial_and_batch_bundle/serial_and_batch_bundle.py:146; erpnext/stock/doctype/serial_and_batch_bundle/serial_and_batch_bundle.py:158,stock,0,Serial And Batch Bundle,approve,natural-language stock-desk UI string (W6-3 matrix scope)
The user cannot submit the Serial and Batch Bundle manually,,erpnext/stock/doctype/serial_and_batch_bundle/serial_and_batch_bundle.js:10,stock,0,Serial And Batch Bundle,approve,natural-language stock-desk UI string (W6-3 matrix scope)
"The users with this Role are allowed to create/modify a stock transaction, even though the transaction is frozen.",,erpnext/stock/doctype/stock_settings/stock_settings.json:None,stock,0,Stock Settings,approve,natural-language stock-desk UI string (W6-3 matrix scope)
"The {0} prefix '{1}' already exists. Please change the Serial No Series, otherwise you will get a Duplicate Entry error.",,erpnext/stock/doctype/item/item.py:423,stock,0,Item,approve,natural-language stock-desk UI string (W6-3 matrix scope)
The {0} {1} created successfully,,erpnext/stock/doctype/material_request/material_request.py:898,stock,0,Material Request,approve,natural-language stock-desk UI string (W6-3 matrix scope)
There aren't any item variants for the selected item,,erpnext/stock/report/item_variant_details/item_variant_details.py:25,stock,0,Item Variant Details,approve,natural-language stock-desk UI string (W6-3 matrix scope)
There must be atleast 1 Finished Good in this Stock Entry,,erpnext/stock/doctype/stock_entry/stock_entry.py:1603,stock,0,Stock Entry,approve,natural-language stock-desk UI string (W6-3 matrix scope)
This field is used to set the 'Customer'.,,erpnext/stock/doctype/delivery_note/delivery_note.js:487,stock,0,Delivery Note,approve,natural-language stock-desk UI string (W6-3 matrix scope)
This is considered dangerous from accounting point of view.,,erpnext/stock/doctype/stock_settings/stock_settings.js:42,stock,0,Stock Settings,approve,natural-language stock-desk UI string (W6-3 matrix scope)
This option can be checked to edit the 'Posting Date' and 'Posting Time' fields.,,erpnext/stock/doctype/delivery_note/delivery_note.js:500,stock,0,Delivery Note,approve,natural-language stock-desk UI string (W6-3 matrix scope)
"This table is used to set details about the 'Item', 'Qty', 'Basic Rate', etc.",,erpnext/stock/doctype/delivery_note/delivery_note.js:493,stock,0,Delivery Note,approve,natural-language stock-desk UI string (W6-3 matrix scope)
Total Active Items,إجمالي الأصناف النشطة,erpnext/stock/workspace/stock/stock.json:None,stock,1,Stock,approve,natural-language stock-desk UI string (W6-3 matrix scope)
Total Incoming Value (Receipt),إجمالي القيمة الواردة (استلام),erpnext/stock/doctype/stock_entry/stock_entry.json:None,stock,1,Stock Entry,approve,natural-language stock-desk UI string (W6-3 matrix scope)
Total Landed Cost,إجمالي التكلفة الإضافية,erpnext/stock/report/landed_cost_report/landed_cost_report.py:24,stock,1,Landed Cost Report,approve,natural-language stock-desk UI string (W6-3 matrix scope)
Total Landed Cost (Company Currency),إجمالي التكلفة الإضافية (عملة الشركة),erpnext/stock/doctype/landed_cost_voucher/landed_cost_voucher.json:None,stock,1,Landed Cost Voucher,approve,natural-language stock-desk UI string (W6-3 matrix scope)
Total Outgoing Value (Consumption),إجمالي القيمة الصادرة (استهلاك),erpnext/stock/doctype/stock_entry/stock_entry.json:None,stock,1,Stock Entry,approve,natural-language stock-desk UI string (W6-3 matrix scope)
Total Reposting Count,إجمالي عدد إعادة الترحيل,erpnext/stock/doctype/repost_item_valuation/repost_item_valuation.json:None,stock,1,Repost Item Valuation,approve,natural-language stock-desk UI string (W6-3 matrix scope)
Total Stock Value,إجمالي قيمة المخزون,erpnext/stock/workspace/stock/stock.json:None,stock,1,Stock,approve,natural-language stock-desk UI string (W6-3 matrix scope)
Total Value Difference (Incoming - Outgoing),إجمالي فرق القيمة (وارد - صادر),erpnext/stock/doctype/stock_entry/stock_entry.json:None,stock,1,Stock Entry,approve,natural-language stock-desk UI string (W6-3 matrix scope)
Total Vendor Invoices Cost (Company Currency),إجمالي تكلفة فواتير الموردين (عملة الشركة),erpnext/stock/doctype/landed_cost_voucher/landed_cost_voucher.json:None,stock,1,Landed Cost Voucher,approve,natural-language stock-desk UI string (W6-3 matrix scope)
Total Warehouses,إجمالي المستودعات,erpnext/stock/workspace/stock/stock.json:None,stock,1,Stock,approve,natural-language stock-desk UI string (W6-3 matrix scope)
Total Weight (kg),إجمالي الوزن (كجم),erpnext/stock/doctype/shipment/shipment.json:None,stock,1,Shipment,approve,natural-language stock-desk UI string (W6-3 matrix scope)
Total Workstation Time (In Hours),إجمالي وقت محطة العمل (بالساعات),erpnext/stock/doctype/item_lead_time/item_lead_time.json:None,stock,1,Item Lead Time,approve,natural-language stock-desk UI string (W6-3 matrix scope)
Tracebility Direction,اتجاه التتبع,erpnext/stock/report/serial_no_and_batch_traceability/serial_no_and_batch_traceability.js:53,stock,1,Serial No And Batch Traceability,approve,natural-language stock-desk UI string (W6-3 matrix scope)
Tracking Status,حالة التتبع,erpnext/stock/doctype/shipment/shipment.json:None,stock,1,Shipment,approve,natural-language stock-desk UI string (W6-3 matrix scope)
Tracking Status Info,معلومات حالة التتبع,erpnext/stock/doctype/shipment/shipment.json:None,stock,1,Shipment,approve,natural-language stock-desk UI string (W6-3 matrix scope)
Tracking URL,رابط التتبع,erpnext/stock/doctype/shipment/shipment.json:None,stock,1,Shipment,approve,natural-language stock-desk UI string (W6-3 matrix scope)
Transaction Information,معلومات المعاملة,erpnext/stock/doctype/stock_reservation_entry/stock_reservation_entry.json:None,stock,1,Stock Reservation Entry,approve,natural-language stock-desk UI string (W6-3 matrix scope)
Transit,عبور,erpnext/stock/doctype/warehouse/warehouse.json:None,stock,1,Warehouse,approve,natural-language stock-desk UI string (W6-3 matrix scope)
Transit Entry,قيد عبور,erpnext/stock/doctype/stock_entry/stock_entry.js:479,stock,1,Stock Entry,approve,natural-language stock-desk UI string (W6-3 matrix scope)
Type of Transaction,نوع المعاملة,erpnext/stock/doctype/inventory_dimension/inventory_dimension.json:None; erpnext/stock/doctype/serial_and_batch_bundle/serial_and_batch_bundle.json:None; erpnext/stock/doctype/serial_and_batch_entry/serial_and_batch_entry.json:None,stock,1,Inventory Dimension,approve,natural-language stock-desk UI string (W6-3 matrix scope)
UOM conversion factor required for UOM: {0} in Item: {1},,erpnext/stock/doctype/stock_entry/stock_entry.py:3628,stock,0,Stock Entry,approve,natural-language stock-desk UI string (W6-3 matrix scope)
UOM {0} not found in Item {1},,erpnext/stock/doctype/item_price/item_price.py:61,stock,0,Item Price,approve,natural-language stock-desk UI string (W6-3 matrix scope)
UPC,,erpnext/stock/doctype/item_barcode/item_barcode.json:None,stock,0,Item Barcode,needs-review,technical/identifier token — vendor rendering; quorum disposition (A1/A2/A3)
UPC-A,,erpnext/stock/doctype/item_barcode/item_barcode.json:None,stock,0,Item Barcode,needs-review,technical/identifier token — vendor rendering; quorum disposition (A1/A2/A3)
Unassigned Qty,كمية غير مسندة,erpnext/stock/doctype/putaway_rule/putaway_rule.py:323,stock,1,Putaway Rule,approve,natural-language stock-desk UI string (W6-3 matrix scope)
Update Batch Qty,تحديث كمية الدفعة,erpnext/stock/report/stock_qty_vs_batch_qty/stock_qty_vs_batch_qty.js:31,stock,1,Stock Qty Vs Batch Qty,approve,natural-language stock-desk UI string (W6-3 matrix scope)
Update Existing Price List Rate,تحديث سعر قائمة الأسعار الحالي,erpnext/stock/doctype/stock_settings/stock_settings.json:None,stock,1,Stock Settings,approve,natural-language stock-desk UI string (W6-3 matrix scope)
Update Price List Based On,تحديث قائمة الأسعار بناء على,erpnext/stock/doctype/stock_settings/stock_settings.json:None,stock,1,Stock Settings,approve,natural-language stock-desk UI string (W6-3 matrix scope)
"Upon submission of the Sales Order, Work Order, or Production Plan, the system will automatically reserve the stock.",,erpnext/stock/doctype/stock_settings/stock_settings.json:None,stock,0,Stock Settings,approve,natural-language stock-desk UI string (W6-3 matrix scope)
Use Batch-wise Valuation,استخدام التقييم حسب الدفعة,erpnext/stock/doctype/batch/batch.json:None,stock,1,Batch,approve,natural-language stock-desk UI string (W6-3 matrix scope)
Use Item based reposting,استخدام إعادة الترحيل حسب الصنف,erpnext/stock/doctype/stock_reposting_settings/stock_reposting_settings.json:None,stock,1,Stock Reposting Settings,approve,natural-language stock-desk UI string (W6-3 matrix scope)
Use Serial / Batch Fields,استخدام حقول التسلسل/الدفعة,erpnext/stock/doctype/stock_settings/stock_settings.json:None,stock,1,Stock Settings,approve,natural-language stock-desk UI string (W6-3 matrix scope)
Users with this role are allowed to over deliver/receive against orders above the allowance percentage,,erpnext/stock/doctype/stock_settings/stock_settings.json:None,stock,0,Stock Settings,approve,natural-language stock-desk UI string (W6-3 matrix scope)
Using negative stock disables FIFO/Moving average valuation when inventory is negative.,,erpnext/stock/doctype/stock_settings/stock_settings.js:38,stock,0,Stock Settings,approve,natural-language stock-desk UI string (W6-3 matrix scope)
Validate Material Transfer Warehouses,التحقق من مستودعات نقل المواد,erpnext/stock/doctype/stock_settings/stock_settings.json:None,stock,1,Stock Settings,approve,natural-language stock-desk UI string (W6-3 matrix scope)
Validate Negative Stock,التحقق من المخزون السالب,erpnext/stock/doctype/inventory_dimension/inventory_dimension.json:None,stock,1,Inventory Dimension,approve,natural-language stock-desk UI string (W6-3 matrix scope)
Valuation (I - K),,erpnext/stock/report/stock_ledger_variance/stock_ledger_variance.js:63,stock,0,Stock Ledger Variance,approve,natural-language stock-desk UI string (W6-3 matrix scope)
Valuation Field Type,نوع حقل التقييم,erpnext/stock/report/available_serial_no/available_serial_no.js:61; erpnext/stock/report/stock_balance/stock_balance.js:101; erpnext/stock/report/stock_ledger/stock_ledger.js:114,stock,1,Available Serial No,approve,natural-language stock-desk UI string (W6-3 matrix scope)
Valuation Rate (In / Out),سعر التقييم (داخل/خارج),erpnext/stock/report/incorrect_serial_no_valuation/incorrect_serial_no_valuation.py:197,stock,1,Incorrect Serial No Valuation,approve,natural-language stock-desk UI string (W6-3 matrix scope)
Valuation rate for customer provided items has been set to zero.,,erpnext/stock/doctype/stock_reconciliation/stock_reconciliation.py:985,stock,0,Stock Reconciliation,approve,natural-language stock-desk UI string (W6-3 matrix scope)
Value (G - D),,erpnext/stock/report/stock_ledger_variance/stock_ledger_variance.js:58,stock,0,Stock Ledger Variance,approve,natural-language stock-desk UI string (W6-3 matrix scope)
Value ({0}),,erpnext/stock/report/stock_ageing/stock_ageing.py:221,stock,0,Stock Ageing,approve,natural-language stock-desk UI string (W6-3 matrix scope)
Value Based Inspection,فحص حسب القيمة,erpnext/stock/doctype/quality_inspection_reading/quality_inspection_reading.json:None,stock,1,Quality Inspection Reading,approve,natural-language stock-desk UI string (W6-3 matrix scope)
Value of Goods,قيمة البضائع,erpnext/stock/doctype/shipment/shipment.json:None,stock,1,Shipment,approve,natural-language stock-desk UI string (W6-3 matrix scope)
Value of goods cannot be 0,,erpnext/stock/doctype/shipment/shipment.py:87,stock,0,Shipment,approve,natural-language stock-desk UI string (W6-3 matrix scope)
Vendor Invoice,فاتورة المورد,erpnext/stock/doctype/landed_cost_vendor_invoice/landed_cost_vendor_invoice.json:None; erpnext/stock/report/landed_cost_report/landed_cost_report.py:42,stock,1,Landed Cost Vendor Invoice,approve,natural-language stock-desk UI string (W6-3 matrix scope)
Vendor Invoices,فواتير الموردين,erpnext/stock/doctype/landed_cost_voucher/landed_cost_voucher.json:None,stock,1,Landed Cost Voucher,approve,natural-language stock-desk UI string (W6-3 matrix scope)
Via Landed Cost Voucher,عبر سند التكلفة الإضافية,erpnext/stock/doctype/repost_item_valuation/repost_item_valuation.json:None,stock,1,Repost Item Valuation,approve,natural-language stock-desk UI string (W6-3 matrix scope)
View Ledgers,عرض دفاتر الأستاذ,erpnext/stock/doctype/serial_no/serial_no.js:28,stock,1,Serial No,approve,natural-language stock-desk UI string (W6-3 matrix scope)
Voucher No is mandatory,رقم السند إلزامي,erpnext/stock/doctype/serial_and_batch_bundle/serial_and_batch_bundle.py:1298,stock,1,Serial And Batch Bundle,approve,natural-language stock-desk UI string (W6-3 matrix scope)
Voucher Qty,كمية السند,erpnext/stock/doctype/stock_reservation_entry/stock_reservation_entry.json:None; erpnext/stock/report/reserved_stock/reserved_stock.py:117,stock,1,Stock Reservation Entry,approve,natural-language stock-desk UI string (W6-3 matrix scope)
Warehouse Capacity Summary,ملخص سعة المستودع,erpnext/stock/page/warehouse_capacity_summary/warehouse_capacity_summary.js:4,stock,1,Warehouse Capacity Summary,approve,natural-language stock-desk UI string (W6-3 matrix scope)
Warehouse Capacity for Item '{0}' must be greater than the existing stock level of {1} {2}.,,erpnext/stock/doctype/putaway_rule/putaway_rule.py:79,stock,0,Putaway Rule,approve,natural-language stock-desk UI string (W6-3 matrix scope)
Warehouse Disabled?,هل المستودع معطل؟,erpnext/stock/report/warehouse_wise_stock_balance/warehouse_wise_stock_balance.py:113,stock,1,Warehouse Wise Stock Balance,approve,natural-language stock-desk UI string (W6-3 matrix scope)
Warehouse Wise Stock Balance,رصيد المخزون حسب المستودع,erpnext/stock/report/warehouse_wise_stock_balance/warehouse_wise_stock_balance.json:None; erpnext/stock/workspace/stock/stock.json:None,stock,1,Warehouse Wise Stock Balance,approve,natural-language stock-desk UI string (W6-3 matrix scope)
Warehouse {0} does not belong to Company {1}.,,erpnext/stock/doctype/putaway_rule/putaway_rule.py:67,stock,0,Putaway Rule,approve,natural-language stock-desk UI string (W6-3 matrix scope)
Warehouse {0} does not exist,,erpnext/stock/doctype/warehouse/warehouse.py:306,stock,0,Warehouse,approve,natural-language stock-desk UI string (W6-3 matrix scope)
Warehouse's Stock Value has already been booked in the following accounts:,,erpnext/stock/doctype/warehouse/warehouse.py:144,stock,0,Warehouse,approve,natural-language stock-desk UI string (W6-3 matrix scope)
Warning on Negative Stock,تحذير عند المخزون السالب,erpnext/stock/stock_ledger.py:820,stock,1,Stock Ledger.Py:820,approve,natural-language stock-desk UI string (W6-3 matrix scope)
Warranty Expiry (Serial),انتهاء الضمان (تسلسلي),erpnext/stock/report/serial_no_and_batch_traceability/serial_no_and_batch_traceability.py:542,stock,1,Serial No And Batch Traceability,approve,natural-language stock-desk UI string (W6-3 matrix scope)
Weight (kg),الوزن (كجم),erpnext/stock/doctype/shipment_parcel/shipment_parcel.json:None; erpnext/stock/doctype/shipment_parcel_template/shipment_parcel_template.json:None,stock,1,Shipment Parcel,approve,natural-language stock-desk UI string (W6-3 matrix scope)
"When creating an Item, entering a value for this field will automatically create an Item Price at the backend.",,erpnext/stock/doctype/item/item.js:1072,stock,0,Item,approve,natural-language stock-desk UI string (W6-3 matrix scope)
Width (cm),العرض (سم),erpnext/stock/doctype/shipment_parcel/shipment_parcel.json:None; erpnext/stock/doctype/shipment_parcel_template/shipment_parcel_template.json:None,stock,1,Shipment Parcel,approve,natural-language stock-desk UI string (W6-3 matrix scope)
You are not authorized to make/edit Stock Transactions for Item {0} under warehouse {1} before this time.,,erpnext/stock/doctype/stock_ledger_entry/stock_ledger_entry.py:338,stock,0,Stock Ledger Entry,approve,natural-language stock-desk UI string (W6-3 matrix scope)
You cannot repost item valuation before {},,erpnext/stock/doctype/repost_item_valuation/repost_item_valuation.py:183,stock,0,Repost Item Valuation,approve,natural-language stock-desk UI string (W6-3 matrix scope)
You have entered a duplicate Delivery Note on Row,,erpnext/stock/doctype/shipment/shipment.js:442,stock,0,Shipment,approve,natural-language stock-desk UI string (W6-3 matrix scope)
Zero quantity,كمية صفرية,erpnext/stock/doctype/stock_entry/stock_entry.py:525,stock,1,Stock Entry,approve,natural-language stock-desk UI string (W6-3 matrix scope)
after,,erpnext/stock/stock_ledger.py:2041,stock,0,Stock Ledger.Py:2041,approve,natural-language stock-desk UI string (W6-3 matrix scope)
image,,erpnext/stock/doctype/batch/batch.json:None,stock,0,Batch,approve,natural-language stock-desk UI string (W6-3 matrix scope)
performing either one below:,,erpnext/stock/stock_ledger.py:2042,stock,0,Stock Ledger.Py:2042,approve,natural-language stock-desk UI string (W6-3 matrix scope)
product bundle item row's name in sales order. Also indicates that picked item is to be used for a product bundle,,erpnext/stock/doctype/pick_list_item/pick_list_item.json:None,stock,0,Pick List Item,approve,natural-language stock-desk UI string (W6-3 matrix scope)
{0} account not found while submitting purchase receipt,,erpnext/stock/doctype/purchase_receipt/purchase_receipt.py:514,stock,0,Purchase Receipt,approve,natural-language stock-desk UI string (W6-3 matrix scope)
"{0} units are reserved for Item {1} in Warehouse {2}, please un-reserve the same to {3} the Stock Reconciliation.",,erpnext/stock/doctype/stock_reconciliation/stock_reconciliation.py:703,stock,0,Stock Reconciliation,approve,natural-language stock-desk UI string (W6-3 matrix scope)
{0} units of Item {1} is not available in any of the warehouses.,,erpnext/stock/doctype/pick_list/pick_list.py:1029,stock,0,Pick List,approve,natural-language stock-desk UI string (W6-3 matrix scope)
{0} units of Item {1} is picked in another Pick List.,,erpnext/stock/doctype/pick_list/pick_list.py:1021,stock,0,Pick List,approve,natural-language stock-desk UI string (W6-3 matrix scope)
{0} units of {1} are required in {2} with the inventory dimension: {3} on {4} {5} for {6} to complete the transaction.,,erpnext/stock/doctype/stock_ledger_entry/stock_ledger_entry.py:145,stock,0,Stock Ledger Entry,approve,natural-language stock-desk UI string (W6-3 matrix scope)
{0} units of {1} needed in {2} on {3} {4} to complete this transaction.,,erpnext/stock/stock_ledger.py:2294; erpnext/stock/stock_ledger.py:2339,stock,0,Stock Ledger.Py:2294,approve,natural-language stock-desk UI string (W6-3 matrix scope)
{} To Bill,,erpnext/stock/workspace/stock/stock.json:None,stock,0,Stock,approve,natural-language stock-desk UI string (W6-3 matrix scope)
