source_text,proposed_ar,translated_text,proposed_disposition,quorum_decision,disposition_rationale,decision_ref,locations,notes
Report Line Items,بنود التقرير,بنود التقرير,preserved-site-override,preserved-site-override,Preserve the exact live v16.localhost Site Override; do not import or replace.,stage6-W6-1 Accounts Batch 04 pending-owner-approval 2026-09-27,erpnext/accounts/doctype/financial_report_template/financial_report_template.json:None,Preserved verbatim from live v16.localhost; not imported
Report Template,قالب التقرير,قالب التقرير,preserved-site-override,preserved-site-override,Preserve the exact live v16.localhost Site Override; do not import or replace.,stage6-W6-1 Accounts Batch 04 pending-owner-approval 2026-09-27,erpnext/accounts/report/balance_sheet/balance_sheet.js:13; erpnext/accounts/report/cash_flow/cash_flow.js:22; erpnext/accounts/report/custom_financial_statement/custom_financial_statement.js:13; erpnext/accounts/report/profit_and_loss_statement/profit_and_loss_statement.js:13,Preserved verbatim from live v16.localhost; not imported
Reporting Currency Exchange Not Found,سعر صرف عملة التقارير غير موجود,سعر صرف عملة التقارير غير موجود,PROPOSED-payload,quorum-confirmed-payload,AI draft; requires independent A1/A2/A3 quorum before release.,content:docs/translation/stage6_w601_accounts_batch04_content_evidence_2026-09-27.txt,erpnext/accounts/doctype/account_closing_balance/account_closing_balance.py:164; erpnext/accounts/doctype/gl_entry/gl_entry.py:313,Released and imported into catalog under version 1.14
Reporting Currency Exchange Rate,سعر صرف عملة التقارير,سعر صرف عملة التقارير,preserved-site-override,preserved-site-override,Preserve the exact live v16.localhost Site Override; do not import or replace.,stage6-W6-1 Accounts Batch 04 pending-owner-approval 2026-09-27,erpnext/accounts/doctype/account_closing_balance/account_closing_balance.json:None; erpnext/accounts/doctype/gl_entry/gl_entry.json:None,Preserved verbatim from live v16.localhost; not imported
Repost Accounting Ledger,إعادة نشر دفتر الأستاذ المحاسبي,إعادة نشر دفتر الأستاذ المحاسبي,preserved-site-override,preserved-site-override,Preserve the exact live v16.localhost Site Override; do not import or replace.,stage6-W6-1 Accounts Batch 04 pending-owner-approval 2026-09-27,erpnext/accounts/doctype/repost_accounting_ledger/repost_accounting_ledger.json:None,Preserved verbatim from live v16.localhost; not imported
Repost Accounting Ledger Items,عناصر إعادة نشر دفتر الأستاذ المحاسبي,عناصر إعادة نشر دفتر الأستاذ المحاسبي,preserved-site-override,preserved-site-override,Preserve the exact live v16.localhost Site Override; do not import or replace.,stage6-W6-1 Accounts Batch 04 pending-owner-approval 2026-09-27,erpnext/accounts/doctype/repost_accounting_ledger_items/repost_accounting_ledger_items.json:None,Preserved verbatim from live v16.localhost; not imported
Repost Accounting Ledger Settings,إعدادات إعادة نشر دفتر الأستاذ المحاسبي,إعدادات إعادة نشر دفتر الأستاذ المحاسبي,preserved-site-override,preserved-site-override,Preserve the exact live v16.localhost Site Override; do not import or replace.,stage6-W6-1 Accounts Batch 04 pending-owner-approval 2026-09-27,erpnext/accounts/doctype/repost_accounting_ledger_settings/repost_accounting_ledger_settings.json:None,Preserved verbatim from live v16.localhost; not imported
Repost Allowed Types,أنواع إعادة الترحيل المسموحة,أنواع إعادة الترحيل المسموحة,preserved-site-override,preserved-site-override,Preserve the exact live v16.localhost Site Override; do not import or replace.,stage6-W6-1 Accounts Batch 04 pending-owner-approval 2026-09-27,erpnext/accounts/doctype/repost_allowed_types/repost_allowed_types.json:None,Preserved verbatim from live v16.localhost; not imported
Repost Error Log,سجل أخطاء إعادة الترحيل,سجل أخطاء إعادة الترحيل,preserved-site-override,preserved-site-override,Preserve the exact live v16.localhost Site Override; do not import or replace.,stage6-W6-1 Accounts Batch 04 pending-owner-approval 2026-09-27,erpnext/accounts/doctype/repost_payment_ledger/repost_payment_ledger.json:None,Preserved verbatim from live v16.localhost; not imported
Repost Payment Ledger,إعادة نشر دفتر أستاذ الدفع,إعادة نشر دفتر أستاذ الدفع,preserved-site-override,preserved-site-override,Preserve the exact live v16.localhost Site Override; do not import or replace.,stage6-W6-1 Accounts Batch 04 pending-owner-approval 2026-09-27,erpnext/accounts/doctype/repost_payment_ledger/repost_payment_ledger.json:None,Preserved verbatim from live v16.localhost; not imported
Repost Payment Ledger Items,عناصر إعادة نشر دفتر أستاذ الدفع,عناصر إعادة نشر دفتر أستاذ الدفع,preserved-site-override,preserved-site-override,Preserve the exact live v16.localhost Site Override; do not import or replace.,stage6-W6-1 Accounts Batch 04 pending-owner-approval 2026-09-27,erpnext/accounts/doctype/repost_payment_ledger_items/repost_payment_ledger_items.json:None,Preserved verbatim from live v16.localhost; not imported
Repost Status,حالة إعادة الترحيل,حالة إعادة الترحيل,preserved-site-override,preserved-site-override,Preserve the exact live v16.localhost Site Override; do not import or replace.,stage6-W6-1 Accounts Batch 04 pending-owner-approval 2026-09-27,erpnext/accounts/doctype/repost_payment_ledger/repost_payment_ledger.json:None,Preserved verbatim from live v16.localhost; not imported
Repost has started in the background,بدأت إعادة الترحيل في الخلفية,بدأت إعادة الترحيل في الخلفية,PROPOSED-payload,quorum-confirmed-payload,AI draft; requires independent A1/A2/A3 quorum before release.,content:docs/translation/stage6_w601_accounts_batch04_content_evidence_2026-09-27.txt,erpnext/accounts/doctype/repost_accounting_ledger/repost_accounting_ledger.py:146,Released and imported into catalog under version 1.14
Repost in background,إعادة الترحيل في الخلفية,إعادة الترحيل في الخلفية,PROPOSED-payload,quorum-confirmed-payload,AI draft; requires independent A1/A2/A3 quorum before release.,content:docs/translation/stage6_w601_accounts_batch04_content_evidence_2026-09-27.txt,erpnext/accounts/doctype/repost_payment_ledger/repost_payment_ledger.js:40,Released and imported into catalog under version 1.14
Repost started in the background,بدأت إعادة الترحيل في الخلفية,بدأت إعادة الترحيل في الخلفية,PROPOSED-payload,quorum-confirmed-payload,AI draft; requires independent A1/A2/A3 quorum before release.,content:docs/translation/stage6_w601_accounts_batch04_content_evidence_2026-09-27.txt,erpnext/accounts/doctype/repost_payment_ledger/repost_payment_ledger.py:118,Released and imported into catalog under version 1.14
Reposting in the background.,تتم إعادة الترحيل في الخلفية.,تتم إعادة الترحيل في الخلفية.,PROPOSED-payload,quorum-confirmed-payload,AI draft; requires independent A1/A2/A3 quorum before release.,content:docs/translation/stage6_w601_accounts_batch04_content_evidence_2026-09-27.txt,erpnext/accounts/doctype/repost_payment_ledger/repost_payment_ledger.js:49,Released and imported into catalog under version 1.14
Represents a Financial Year. All accounting entries and other major transactions are tracked against the Fiscal Year.,يمثل السنة المالية. يتم تتبع جميع القيود المحاسبية والمعاملات الرئيسية الأخرى مقابل السنة المالية.,يمثل السنة المالية. يتم تتبع جميع القيود المحاسبية والمعاملات الرئيسية الأخرى مقابل السنة المالية.,PROPOSED-payload,quorum-confirmed-payload,AI draft; requires independent A1/A2/A3 quorum before release.,content:docs/translation/stage6_w601_accounts_batch04_content_evidence_2026-09-27.txt,erpnext/accounts/doctype/fiscal_year/fiscal_year.json:None,Released and imported into catalog under version 1.14
Request Parameters,معايير الطلب,معايير الطلب,preserved-site-override,preserved-site-override,Preserve the exact live v16.localhost Site Override; do not import or replace.,stage6-W6-1 Accounts Batch 04 pending-owner-approval 2026-09-27,erpnext/accounts/doctype/currency_exchange_settings/currency_exchange_settings.json:None,Preserved verbatim from live v16.localhost; not imported
Restrict,تقييد,تقييد,PROPOSED-payload,quorum-confirmed-payload,AI draft; requires independent A1/A2/A3 quorum before release.,content:docs/translation/stage6_w601_accounts_batch04_content_evidence_2026-09-27.txt,erpnext/accounts/doctype/accounting_dimension_filter/accounting_dimension_filter.json:None,Released and imported into catalog under version 1.14
Result Key,مفتاح النتيجة,مفتاح النتيجة,PROPOSED-payload,quorum-confirmed-payload,AI draft; requires independent A1/A2/A3 quorum before release.,content:docs/translation/stage6_w601_accounts_batch04_content_evidence_2026-09-27.txt,erpnext/accounts/doctype/currency_exchange_settings/currency_exchange_settings.json:None,Released and imported into catalog under version 1.14
Return Against,مرتجع مقابل,مرتجع مقابل,preserved-site-override,preserved-site-override,Preserve the exact live v16.localhost Site Override; do not import or replace.,stage6-W6-1 Accounts Batch 04 pending-owner-approval 2026-09-27,erpnext/accounts/doctype/pos_invoice/pos_invoice.json:None; erpnext/accounts/doctype/pos_invoice_reference/pos_invoice_reference.json:None; erpnext/accounts/doctype/sales_invoice/sales_invoice.json:None; erpnext/accounts/doctype/sales_invoice_reference/sales_invoice_reference.json:None,Preserved verbatim from live v16.localhost; not imported
Return invoice of asset cancelled,تم إلغاء فاتورة مرتجع الأصل,تم إلغاء فاتورة مرتجع الأصل,PROPOSED-payload,quorum-confirmed-payload,AI draft; requires independent A1/A2/A3 quorum before release.,content:docs/translation/stage6_w601_accounts_batch04_content_evidence_2026-09-27.txt,erpnext/accounts/doctype/sales_invoice/sales_invoice.py:1448,Released and imported into catalog under version 1.14
Return on Asset Ratio,نسبة العائد على الأصول,نسبة العائد على الأصول,PROPOSED-payload,quorum-confirmed-payload,AI draft; requires independent A1/A2/A3 quorum before release.,content:docs/translation/stage6_w601_accounts_batch04_content_evidence_2026-09-27.txt,erpnext/accounts/report/financial_ratios/financial_ratios.py:173,Released and imported into catalog under version 1.14
Return on Equity Ratio,نسبة العائد على حقوق الملكية,نسبة العائد على حقوق الملكية,PROPOSED-payload,quorum-confirmed-payload,AI draft; requires independent A1/A2/A3 quorum before release.,content:docs/translation/stage6_w601_accounts_batch04_content_evidence_2026-09-27.txt,erpnext/accounts/report/financial_ratios/financial_ratios.py:174,Released and imported into catalog under version 1.14
Returned exchange rate is neither integer not float.,سعر الصرف المرتجع ليس عدداً صحيحاً ولا عشرياً.,سعر الصرف المرتجع ليس عدداً صحيحاً ولا عشرياً.,PROPOSED-payload,quorum-confirmed-payload,AI draft; requires independent A1/A2/A3 quorum before release.,content:docs/translation/stage6_w601_accounts_batch04_content_evidence_2026-09-27.txt,erpnext/accounts/doctype/currency_exchange_settings/currency_exchange_settings.py:101,Released and imported into catalog under version 1.14
Revaluation Surplus,فائض إعادة التقييم,فائض إعادة التقييم,PROPOSED-payload,quorum-confirmed-payload,AI draft; requires independent A1/A2/A3 quorum before release.,content:docs/translation/stage6_w601_accounts_batch04_content_evidence_2026-09-27.txt,erpnext/accounts/doctype/account/chart_of_accounts/verified/standard_chart_of_accounts.py:197; erpnext/accounts/doctype/account/chart_of_accounts/verified/standard_chart_of_accounts_with_account_number.py:353,Released and imported into catalog under version 1.14
Revenue,الإيراد,الإيراد,preserved-site-override,preserved-site-override,Preserve the exact live v16.localhost Site Override; do not import or replace.,stage6-W6-1 Accounts Batch 04 pending-owner-approval 2026-09-27,erpnext/accounts/report/deferred_revenue_and_expense/deferred_revenue_and_expense.js:88,Preserved verbatim from live v16.localhost; not imported
Reverse Sign,عكس الإشارة,عكس الإشارة,preserved-site-override,preserved-site-override,Preserve the exact live v16.localhost Site Override; do not import or replace.,stage6-W6-1 Accounts Batch 04 pending-owner-approval 2026-09-27,erpnext/accounts/doctype/financial_report_row/financial_report_row.json:None,Preserved verbatim from live v16.localhost; not imported
Revise Budget,مراجعة الميزانية,مراجعة الميزانية,preserved-site-override,preserved-site-override,Preserve the exact live v16.localhost Site Override; do not import or replace.,stage6-W6-1 Accounts Batch 04 pending-owner-approval 2026-09-27,erpnext/accounts/doctype/budget/budget.js:37,Preserved verbatim from live v16.localhost; not imported
Revision Of,مراجعة لـ,مراجعة لـ,preserved-site-override,preserved-site-override,Preserve the exact live v16.localhost Site Override; do not import or replace.,stage6-W6-1 Accounts Batch 04 pending-owner-approval 2026-09-27,erpnext/accounts/doctype/budget/budget.json:None,Preserved verbatim from live v16.localhost; not imported
Revision cancelled,تم إلغاء المراجعة,تم إلغاء المراجعة,PROPOSED-payload,quorum-confirmed-payload,AI draft; requires independent A1/A2/A3 quorum before release.,content:docs/translation/stage6_w601_accounts_batch04_content_evidence_2026-09-27.txt,erpnext/accounts/doctype/budget/budget.js:98,Released and imported into catalog under version 1.14
Rgt,,,EXCEPTION-technical,EXCEPTION-technical,"Keep vendor code/symbol/markup content untouched — internal NestedSet right-bound column identifier, technical exception",stage6-W6-1 Accounts Batch 04 pending-owner-approval 2026-09-27,erpnext/accounts/doctype/account/account.json:None; erpnext/setup/doctype/company/company.json:None,Un-normalized developer column label; untranslated exception
Right Child,الفرع الأيمن,الفرع الأيمن,preserved-site-override,preserved-site-override,Preserve the exact live v16.localhost Site Override; do not import or replace.,stage6-W6-1 Accounts Batch 04 pending-owner-approval 2026-09-27,erpnext/accounts/doctype/bisect_nodes/bisect_nodes.json:None,Preserved verbatim from live v16.localhost; not imported
Role Allowed to Over Bill ,الدور المسموح له بالفوترة الزائدة ,الدور المسموح له بالفوترة الزائدة,PROPOSED-payload,preserved-site-override (strip-collision),AI draft; requires independent A1/A2/A3 quorum before release.,stage6-W6-1 Accounts Batch 04 pending-owner-approval 2026-09-27,erpnext/accounts/doctype/accounts_settings/accounts_settings.json:None,Reclassified out of Released catalog per Plan §12; strip-collision with runtime Site Override
Role Allowed to Override Stop Action,الدور المسموح له بتجاوز إجراء الإيقاف,الدور المسموح له بتجاوز إجراء الإيقاف,preserved-site-override,preserved-site-override,Preserve the exact live v16.localhost Site Override; do not import or replace.,stage6-W6-1 Accounts Batch 04 pending-owner-approval 2026-09-27,erpnext/accounts/doctype/accounts_settings/accounts_settings.json:None; erpnext/buying/doctype/buying_settings/buying_settings.json:None; erpnext/selling/doctype/selling_settings/selling_settings.json:None,Preserved verbatim from live v16.localhost; not imported
Role allowed to bypass Credit Limit,الدور المسموح له بتجاوز حد الائتمان,الدور المسموح له بتجاوز حد الائتمان,preserved-site-override,preserved-site-override,Preserve the exact live v16.localhost Site Override; do not import or replace.,stage6-W6-1 Accounts Batch 04 pending-owner-approval 2026-09-27,erpnext/accounts/doctype/accounts_settings/accounts_settings.json:None,Preserved verbatim from live v16.localhost; not imported
Role allowed to bypass period restrictions.,الدور المسموح له بتجاوز قيود الفترة.,الدور المسموح له بتجاوز قيود الفترة.,PROPOSED-payload,quorum-confirmed-payload,AI draft; requires independent A1/A2/A3 quorum before release.,content:docs/translation/stage6_w601_accounts_batch04_content_evidence_2026-09-27.txt,erpnext/accounts/doctype/accounting_period/accounting_period.json:None,Released and imported into catalog under version 1.14
Role to Notify on Depreciation Failure,الدور المطلوب إشعاره عند فشل الإهلاك,الدور المطلوب إشعاره عند فشل الإهلاك,preserved-site-override,preserved-site-override,Preserve the exact live v16.localhost Site Override; do not import or replace.,stage6-W6-1 Accounts Batch 04 pending-owner-approval 2026-09-27,erpnext/accounts/doctype/accounts_settings/accounts_settings.json:None,Preserved verbatim from live v16.localhost; not imported
Root,الجذر,الجذر,preserved-site-override,preserved-site-override,Preserve the exact live v16.localhost Site Override; do not import or replace.,stage6-W6-1 Accounts Batch 04 pending-owner-approval 2026-09-27,erpnext/accounts/doctype/bisect_nodes/bisect_nodes.json:None,Preserved verbatim from live v16.localhost; not imported
"Root Type for {0} must be one of the Asset, Liability, Income, Expense and Equity",يجب أن يكون النوع الجذري لـ {0} أحد الأنواع: الأصول، الخصوم، الدخل، المصروفات، وحقوق الملكية,يجب أن يكون النوع الجذري لـ {0} أحد الأنواع: الأصول، الخصوم، الدخل، المصروفات، وحقوق الملكية,PROPOSED-payload,quorum-confirmed-payload,AI draft; requires independent A1/A2/A3 quorum before release.,content:docs/translation/stage6_w601_accounts_batch04_content_evidence_2026-09-27.txt,erpnext/accounts/doctype/chart_of_accounts_importer/chart_of_accounts_importer.py:399,Released and imported into catalog under version 1.14
Round Free Qty,تقريب الكمية المجانية,تقريب الكمية المجانية,preserved-site-override,preserved-site-override,Preserve the exact live v16.localhost Site Override; do not import or replace.,stage6-W6-1 Accounts Batch 04 pending-owner-approval 2026-09-27,erpnext/accounts/doctype/pricing_rule/pricing_rule.json:None; erpnext/accounts/doctype/promotional_scheme_product_discount/promotional_scheme_product_discount.json:None,Preserved verbatim from live v16.localhost; not imported
Round Off Tax Amount,تقريب مبلغ الضريبة,تقريب مبلغ الضريبة,preserved-site-override,preserved-site-override,Preserve the exact live v16.localhost Site Override; do not import or replace.,stage6-W6-1 Accounts Batch 04 pending-owner-approval 2026-09-27,erpnext/accounts/doctype/tax_withholding_category/tax_withholding_category.json:None,Preserved verbatim from live v16.localhost; not imported
Round Off for Opening,تقريب الافتتاح,تقريب الافتتاح,preserved-site-override,preserved-site-override,Preserve the exact live v16.localhost Site Override; do not import or replace.,stage6-W6-1 Accounts Batch 04 pending-owner-approval 2026-09-27,erpnext/accounts/doctype/account/account.json:None; erpnext/setup/doctype/company/company.json:None,Preserved verbatim from live v16.localhost; not imported
Round Tax Amount Row-wise,تقريب مبلغ الضريبة حسب الصف,تقريب مبلغ الضريبة حسب الصف,preserved-site-override,preserved-site-override,Preserve the exact live v16.localhost Site Override; do not import or replace.,stage6-W6-1 Accounts Batch 04 pending-owner-approval 2026-09-27,erpnext/accounts/doctype/accounts_settings/accounts_settings.json:None,Preserved verbatim from live v16.localhost; not imported
Rounded Total (Company Currency),الإجمالي المقرب (عملة الشركة),الإجمالي المقرب (عملة الشركة),preserved-site-override,preserved-site-override,Preserve the exact live v16.localhost Site Override; do not import or replace.,stage6-W6-1 Accounts Batch 04 pending-owner-approval 2026-09-27,erpnext/accounts/doctype/pos_invoice/pos_invoice.json:None; erpnext/accounts/doctype/purchase_invoice/purchase_invoice.json:None; erpnext/accounts/doctype/sales_invoice/sales_invoice.json:None; erpnext/buying/doctype/purchase_order/purchase_order.json:None; erpnext/buying/doctype/supplier_quotation/supplier_quotation.json:None; erpnext/selling/doctype/quotation/quotation.json:None; erpnext/selling/doctype/sales_order/sales_order.json:None; erpnext/stock/doctype/delivery_note/delivery_note.json:None; erpnext/stock/doctype/purchase_receipt/purchase_receipt.json:None,Preserved verbatim from live v16.localhost; not imported
Rounding Adjustment (Company Currency),تسوية التقريب (عملة الشركة),تسوية التقريب (عملة الشركة),preserved-site-override,preserved-site-override,Preserve the exact live v16.localhost Site Override; do not import or replace.,stage6-W6-1 Accounts Batch 04 pending-owner-approval 2026-09-27,erpnext/accounts/doctype/pos_invoice/pos_invoice.json:None; erpnext/accounts/doctype/purchase_invoice/purchase_invoice.json:None; erpnext/accounts/doctype/sales_invoice/sales_invoice.json:None; erpnext/buying/doctype/purchase_order/purchase_order.json:None; erpnext/selling/doctype/quotation/quotation.json:None; erpnext/selling/doctype/sales_order/sales_order.json:None; erpnext/stock/doctype/delivery_note/delivery_note.json:None; erpnext/stock/doctype/purchase_receipt/purchase_receipt.json:None,Preserved verbatim from live v16.localhost; not imported
Rounding Loss Allowance,سماحية خسارة التقريب,سماحية خسارة التقريب,preserved-site-override,preserved-site-override,Preserve the exact live v16.localhost Site Override; do not import or replace.,stage6-W6-1 Accounts Batch 04 pending-owner-approval 2026-09-27,erpnext/accounts/doctype/exchange_rate_revaluation/exchange_rate_revaluation.json:None,Preserved verbatim from live v16.localhost; not imported
Rounding Loss Allowance should be between 0 and 1,يجب أن يكون مخصص خسائر التقريب بين 0 و 1,يجب أن يكون مخصص خسائر التقريب بين 0 و 1,PROPOSED-payload,quorum-confirmed-payload,AI draft; requires independent A1/A2/A3 quorum before release.,content:docs/translation/stage6_w601_accounts_batch04_content_evidence_2026-09-27.txt,erpnext/accounts/doctype/exchange_rate_revaluation/exchange_rate_revaluation.js:45; erpnext/accounts/doctype/exchange_rate_revaluation/exchange_rate_revaluation.py:48,Released and imported into catalog under version 1.14
"Row #{0}: Asset {1} cannot be sold, it is already {2}",السطر رقم {0}: لا يمكن بيع الأصل {1}، فهو بالفعل {2},السطر رقم {0}: لا يمكن بيع الأصل {1}، فهو بالفعل {2},PROPOSED-payload,quorum-confirmed-payload,AI draft; requires independent A1/A2/A3 quorum before release.,content:docs/translation/stage6_w601_accounts_batch04_content_evidence_2026-09-27.txt,erpnext/accounts/doctype/sales_invoice/sales_invoice.py:392,Released and imported into catalog under version 1.14
Row #{0}: Asset {1} is already sold,السطر رقم {0}: الأصل {1} مُباع بالفعل,السطر رقم {0}: الأصل {1} مُباع بالفعل,PROPOSED-payload,quorum-confirmed-payload,AI draft; requires independent A1/A2/A3 quorum before release.,content:docs/translation/stage6_w601_accounts_batch04_content_evidence_2026-09-27.txt,erpnext/accounts/doctype/sales_invoice/sales_invoice.py:397,Released and imported into catalog under version 1.14
Row #{0}: Cumulative threshold cannot be less than Single Transaction threshold,السطر رقم {0}: لا يمكن أن يكون الحد التراكمي أقل من حد المعاملة الواحدة,السطر رقم {0}: لا يمكن أن يكون الحد التراكمي أقل من حد المعاملة الواحدة,PROPOSED-payload,quorum-confirmed-payload,AI draft; requires independent A1/A2/A3 quorum before release.,content:docs/translation/stage6_w601_accounts_batch04_content_evidence_2026-09-27.txt,erpnext/accounts/doctype/tax_withholding_category/tax_withholding_category.py:76,Released and imported into catalog under version 1.14
Row #{0}: Dates overlapping with other row,السطر رقم {0}: التواريخ متداخلة مع سطر آخر,السطر رقم {0}: التواريخ متداخلة مع سطر آخر,PROPOSED-payload,quorum-confirmed-payload,AI draft; requires independent A1/A2/A3 quorum before release.,content:docs/translation/stage6_w601_accounts_batch04_content_evidence_2026-09-27.txt,erpnext/accounts/doctype/tax_withholding_category/tax_withholding_category.py:52,Released and imported into catalog under version 1.14
Row #{0}: From Date cannot be before To Date,السطر رقم {0}: لا يمكن أن يكون من تاريخ بعد إلى تاريخ,السطر رقم {0}: لا يمكن أن يكون من تاريخ بعد إلى تاريخ,PROPOSED-payload,quorum-confirmed-payload,AI draft; requires independent A1/A2/A3 quorum before release.,content:docs/translation/stage6_w601_accounts_batch04_content_evidence_2026-09-27.txt,erpnext/accounts/doctype/tax_withholding_category/tax_withholding_category.py:48,Released and imported into catalog under version 1.14
Row #{0}: Item {1} has no stock in warehouse {2}.,السطر رقم {0}: لا يوجد مخزون للصنف {1} في المستودع {2}.,السطر رقم {0}: لا يوجد مخزون للصنف {1} في المستودع {2}.,PROPOSED-payload,quorum-confirmed-payload,AI draft; requires independent A1/A2/A3 quorum before release.,content:docs/translation/stage6_w601_accounts_batch04_content_evidence_2026-09-27.txt,erpnext/accounts/doctype/pos_invoice/pos_invoice.py:448,Released and imported into catalog under version 1.14
"Row #{0}: Item {1} in warehouse {2}: Available {3}, Needed {4}.",السطر رقم {0}: الصنف {1} في المستودع {2}: المتاح {3}، المطلوب {4}.,السطر رقم {0}: الصنف {1} في المستودع {2}: المتاح {3}، المطلوب {4}.,PROPOSED-payload,quorum-confirmed-payload,AI draft; requires independent A1/A2/A3 quorum before release.,content:docs/translation/stage6_w601_accounts_batch04_content_evidence_2026-09-27.txt,erpnext/accounts/doctype/pos_invoice/pos_invoice.py:455,Released and imported into catalog under version 1.14
Row #{0}: Return Against is required for returning asset,السطر رقم {0}: حقل الإرجاع مقابل مطلوب لإرجاع الأصل,السطر رقم {0}: حقل الإرجاع مقابل مطلوب لإرجاع الأصل,PROPOSED-payload,quorum-confirmed-payload,AI draft; requires independent A1/A2/A3 quorum before release.,content:docs/translation/stage6_w601_accounts_batch04_content_evidence_2026-09-27.txt,erpnext/accounts/doctype/sales_invoice/sales_invoice.py:400,Released and imported into catalog under version 1.14
Row #{0}: Stock quantity {1} ({2}) for item {3} cannot exceed {4},السطر رقم {0}: كمية المخزون {1} ({2}) للصنف {3} لا يمكن أن تتجاوز {4},السطر رقم {0}: كمية المخزون {1} ({2}) للصنف {3} لا يمكن أن تتجاوز {4},PROPOSED-payload,quorum-confirmed-payload,AI draft; requires independent A1/A2/A3 quorum before release.,content:docs/translation/stage6_w601_accounts_batch04_content_evidence_2026-09-27.txt,erpnext/accounts/doctype/sales_invoice/sales_invoice.py:1244,Released and imported into catalog under version 1.14
Row #{0}: You must select an Asset for Item {1}.,السطر رقم {0}: يجب تحديد أصل للصنف {1}.,السطر رقم {0}: يجب تحديد أصل للصنف {1}.,PROPOSED-payload,quorum-confirmed-payload,AI draft; requires independent A1/A2/A3 quorum before release.,content:docs/translation/stage6_w601_accounts_batch04_content_evidence_2026-09-27.txt,erpnext/accounts/doctype/sales_invoice/sales_invoice.py:404,Released and imported into catalog under version 1.14
Row #{}: The original Invoice {} of return invoice {} is not consolidated.,السطر رقم {}: الفاتورة الأصلية {} لفاتورة المرتجع {} غير مجمعة.,السطر رقم {}: الفاتورة الأصلية {} لفاتورة المرتجع {} غير مجمعة.,PROPOSED-payload,quorum-confirmed-payload,AI draft; requires independent A1/A2/A3 quorum before release.,content:docs/translation/stage6_w601_accounts_batch04_content_evidence_2026-09-27.txt,erpnext/accounts/doctype/pos_invoice_merge_log/pos_invoice_merge_log.py:103,Released and imported into catalog under version 1.14
Row #{}: You cannot add positive quantities in a return invoice. Please remove item {} to complete the return.,السطر رقم {}: لا يمكنك إضافة كميات موجبة في فاتورة مرتجع. يرجى إزالة الصنف {} لإتمام الإرجاع.,السطر رقم {}: لا يمكنك إضافة كميات موجبة في فاتورة مرتجع. يرجى إزالة الصنف {} لإتمام الإرجاع.,PROPOSED-payload,quorum-confirmed-payload,AI draft; requires independent A1/A2/A3 quorum before release.,content:docs/translation/stage6_w601_accounts_batch04_content_evidence_2026-09-27.txt,erpnext/accounts/doctype/pos_invoice/pos_invoice.py:496,Released and imported into catalog under version 1.14
Row No {0}: Warehouse is required. Please set a Default Warehouse for Item {1} and Company {2},السطر رقم {0}: المستودع مطلوب. يرجى تعيين مستودع افتراضي للصنف {1} والشركة {2},السطر رقم {0}: المستودع مطلوب. يرجى تعيين مستودع افتراضي للصنف {1} والشركة {2},PROPOSED-payload,quorum-confirmed-payload,AI draft; requires independent A1/A2/A3 quorum before release.,content:docs/translation/stage6_w601_accounts_batch04_content_evidence_2026-09-27.txt,erpnext/accounts/doctype/purchase_invoice/purchase_invoice.py:442,Released and imported into catalog under version 1.14
Row {0}: Allocated amount {1} must be less than or equal to invoice outstanding amount {2},السطر {0}: يجب أن يكون المبلغ المخصص {1} أقل من أو يساوي المبلغ المستحق للفاتورة {2},السطر {0}: يجب أن يكون المبلغ المخصص {1} أقل من أو يساوي المبلغ المستحق للفاتورة {2},PROPOSED-payload,quorum-confirmed-payload,AI draft; requires independent A1/A2/A3 quorum before release.,content:docs/translation/stage6_w601_accounts_batch04_content_evidence_2026-09-27.txt,erpnext/accounts/doctype/payment_reconciliation/payment_reconciliation.py:705,Released and imported into catalog under version 1.14
Row {0}: Allocated amount {1} must be less than or equal to remaining payment amount {2},السطر {0}: يجب أن يكون المبلغ المخصص {1} أقل من أو يساوي مبلغ الدفع المتبقي {2},السطر {0}: يجب أن يكون المبلغ المخصص {1} أقل من أو يساوي مبلغ الدفع المتبقي {2},PROPOSED-payload,quorum-confirmed-payload,AI draft; requires independent A1/A2/A3 quorum before release.,content:docs/translation/stage6_w601_accounts_batch04_content_evidence_2026-09-27.txt,erpnext/accounts/doctype/payment_reconciliation/payment_reconciliation.py:697,Released and imported into catalog under version 1.14
Row {0}: Expense Head changed to {1} as no Purchase Receipt is created against Item {2}.,السطر {0}: تم تغيير بند المصروف إلى {1} لعدم إنشاء إيصال شراء مقابل الصنف {2}.,السطر {0}: تم تغيير بند المصروف إلى {1} لعدم إنشاء إيصال شراء مقابل الصنف {2}.,PROPOSED-payload,quorum-confirmed-payload,AI draft; requires independent A1/A2/A3 quorum before release.,content:docs/translation/stage6_w601_accounts_batch04_content_evidence_2026-09-27.txt,erpnext/accounts/doctype/purchase_invoice/purchase_invoice.py:532,Released and imported into catalog under version 1.14
Row {0}: Expense Head changed to {1} because expense is booked against this account in Purchase Receipt {2},السطر {0}: تم تغيير بند المصروف إلى {1} لأنه تم تسجيل المصروف مقابل هذا الحساب في إيصال الشراء {2},السطر {0}: تم تغيير بند المصروف إلى {1} لأنه تم تسجيل المصروف مقابل هذا الحساب في إيصال الشراء {2},PROPOSED-payload,quorum-confirmed-payload,AI draft; requires independent A1/A2/A3 quorum before release.,content:docs/translation/stage6_w601_accounts_batch04_content_evidence_2026-09-27.txt,erpnext/accounts/doctype/purchase_invoice/purchase_invoice.py:514,Released and imported into catalog under version 1.14
Row {0}: Payment Term is mandatory,السطر {0}: شرط السداد إلزامي,السطر {0}: شرط السداد إلزامي,PROPOSED-payload,quorum-confirmed-payload,AI draft; requires independent A1/A2/A3 quorum before release.,content:docs/translation/stage6_w601_accounts_batch04_content_evidence_2026-09-27.txt,erpnext/accounts/doctype/payment_terms_template/payment_terms_template.py:45,Released and imported into catalog under version 1.14
Row {0}: {1} account already applied for Accounting Dimension {2},السطر {0}: تم تطبيق حساب {1} مسبقاً للبعد المحاسبي {2},السطر {0}: تم تطبيق حساب {1} مسبقاً للبعد المحاسبي {2},PROPOSED-payload,quorum-confirmed-payload,AI draft; requires independent A1/A2/A3 quorum before release.,content:docs/translation/stage6_w601_accounts_batch04_content_evidence_2026-09-27.txt,erpnext/accounts/doctype/accounting_dimension_filter/accounting_dimension_filter.py:63,Released and imported into catalog under version 1.14
Row({0}): Outstanding Amount cannot be greater than actual Outstanding Amount {1} in {2},السطر ({0}): لا يمكن أن يكون المبلغ المستحق أكبر من المبلغ المستحق الفعلي {1} في {2},السطر ({0}): لا يمكن أن يكون المبلغ المستحق أكبر من المبلغ المستحق الفعلي {1} في {2},PROPOSED-payload,quorum-confirmed-payload,AI draft; requires independent A1/A2/A3 quorum before release.,content:docs/translation/stage6_w601_accounts_batch04_content_evidence_2026-09-27.txt,erpnext/accounts/doctype/invoice_discounting/invoice_discounting.py:84,Released and imported into catalog under version 1.14
Rows with Same Account heads will be merged on Ledger,سيتم دمج الصفوف ذات بنود الحسابات المتطابقة في دفتر الأستاذ,سيتم دمج الصفوف ذات بنود الحسابات المتطابقة في دفتر الأستاذ,PROPOSED-payload,quorum-confirmed-payload,AI draft; requires independent A1/A2/A3 quorum before release.,content:docs/translation/stage6_w601_accounts_batch04_content_evidence_2026-09-27.txt,erpnext/accounts/doctype/accounts_settings/accounts_settings.json:None,Released and imported into catalog under version 1.14
Running,جار,جار,preserved-site-override,preserved-site-override,Preserve the exact live v16.localhost Site Override; do not import or replace.,stage6-W6-1 Accounts Batch 04 pending-owner-approval 2026-09-27,erpnext/accounts/doctype/process_payment_reconciliation/process_payment_reconciliation.json:None; erpnext/accounts/doctype/process_payment_reconciliation_log/process_payment_reconciliation_log.json:None; erpnext/accounts/doctype/process_period_closing_voucher/process_period_closing_voucher.json:None; erpnext/accounts/doctype/process_period_closing_voucher_detail/process_period_closing_voucher_detail.json:None; erpnext/setup/doctype/transaction_deletion_record/transaction_deletion_record.json:None,Preserved verbatim from live v16.localhost; not imported
SCIO Detail,تفاصيل SCIO,تفاصيل SCIO,PROPOSED-payload,quorum-confirmed-payload,AI draft; requires independent A1/A2/A3 quorum before release.,content:docs/translation/stage6_w601_accounts_batch04_content_evidence_2026-09-27.txt,erpnext/accounts/doctype/sales_invoice_item/sales_invoice_item.json:None; erpnext/stock/doctype/stock_entry_detail/stock_entry_detail.json:None,Released and imported into catalog under version 1.14
Sales Incoming Rate,سعر وارد المبيعات,سعر وارد المبيعات,preserved-site-override,preserved-site-override,Preserve the exact live v16.localhost Site Override; do not import or replace.,stage6-W6-1 Accounts Batch 04 pending-owner-approval 2026-09-27,erpnext/accounts/doctype/purchase_invoice_item/purchase_invoice_item.json:None; erpnext/stock/doctype/purchase_receipt_item/purchase_receipt_item.json:None,Preserved verbatim from live v16.localhost; not imported
Sales Invoice Reference,مرجع فاتورة المبيعات,مرجع فاتورة المبيعات,preserved-site-override,preserved-site-override,Preserve the exact live v16.localhost Site Override; do not import or replace.,stage6-W6-1 Accounts Batch 04 pending-owner-approval 2026-09-27,erpnext/accounts/doctype/sales_invoice_reference/sales_invoice_reference.json:None,Preserved verbatim from live v16.localhost; not imported
Sales Invoice Transactions,معاملات فواتير المبيعات,معاملات فواتير المبيعات,preserved-site-override,preserved-site-override,Preserve the exact live v16.localhost Site Override; do not import or replace.,stage6-W6-1 Accounts Batch 04 pending-owner-approval 2026-09-27,erpnext/accounts/doctype/pos_closing_entry/pos_closing_entry.json:None,Preserved verbatim from live v16.localhost; not imported
Sales Invoice does not have Payments,فاتورة المبيعات لا تحتوي على دفعات,فاتورة المبيعات لا تحتوي على دفعات,PROPOSED-payload,quorum-confirmed-payload,AI draft; requires independent A1/A2/A3 quorum before release.,content:docs/translation/stage6_w601_accounts_batch04_content_evidence_2026-09-27.txt,erpnext/accounts/doctype/pos_closing_entry/pos_closing_entry.py:182,Released and imported into catalog under version 1.14
Sales Invoice is already consolidated,فاتورة المبيعات مجمعة بالفعل,فاتورة المبيعات مجمعة بالفعل,PROPOSED-payload,quorum-confirmed-payload,AI draft; requires independent A1/A2/A3 quorum before release.,content:docs/translation/stage6_w601_accounts_batch04_content_evidence_2026-09-27.txt,erpnext/accounts/doctype/pos_closing_entry/pos_closing_entry.py:178,Released and imported into catalog under version 1.14
Sales Invoice is not created using POS,فاتورة المبيعات لم يتم إنشاؤها باستخدام نقطة البيع,فاتورة المبيعات لم يتم إنشاؤها باستخدام نقطة البيع,PROPOSED-payload,quorum-confirmed-payload,AI draft; requires independent A1/A2/A3 quorum before release.,content:docs/translation/stage6_w601_accounts_batch04_content_evidence_2026-09-27.txt,erpnext/accounts/doctype/pos_closing_entry/pos_closing_entry.py:184,Released and imported into catalog under version 1.14
Sales Invoice is not submitted,فاتورة المبيعات غير مرحلة,فاتورة المبيعات غير مرحلة,PROPOSED-payload,quorum-confirmed-payload,AI draft; requires independent A1/A2/A3 quorum before release.,content:docs/translation/stage6_w601_accounts_batch04_content_evidence_2026-09-27.txt,erpnext/accounts/doctype/pos_closing_entry/pos_closing_entry.py:190,Released and imported into catalog under version 1.14
Sales Invoice isn't created by user {},فاتورة المبيعات لم يتم إنشاؤها بواسطة المستخدم {},فاتورة المبيعات لم يتم إنشاؤها بواسطة المستخدم {},PROPOSED-payload,quorum-confirmed-payload,AI draft; requires independent A1/A2/A3 quorum before release.,content:docs/translation/stage6_w601_accounts_batch04_content_evidence_2026-09-27.txt,erpnext/accounts/doctype/pos_closing_entry/pos_closing_entry.py:193,Released and imported into catalog under version 1.14
Sales Invoice mode is activated in POS. Please create Sales Invoice instead.,وضع فاتورة المبيعات مفعل في نقطة البيع. يرجى إنشاء فاتورة مبيعات بدلاً من ذلك.,وضع فاتورة المبيعات مفعل في نقطة البيع. يرجى إنشاء فاتورة مبيعات بدلاً من ذلك.,PROPOSED-payload,quorum-confirmed-payload,AI draft; requires independent A1/A2/A3 quorum before release.,content:docs/translation/stage6_w601_accounts_batch04_content_evidence_2026-09-27.txt,erpnext/accounts/doctype/pos_invoice/pos_invoice.py:468,Released and imported into catalog under version 1.14
Sales Partner ,شريك المبيعات ,شريك المبيعات,PROPOSED-payload,preserved-site-override (strip-collision),AI draft; requires independent A1/A2/A3 quorum before release.,stage6-W6-1 Accounts Batch 04 pending-owner-approval 2026-09-27,erpnext/accounts/doctype/sales_partner_item/sales_partner_item.json:None,Reclassified out of Released catalog per Plan §12; strip-collision with runtime Site Override
Sales Partner Item,عنصر شريك المبيعات,عنصر شريك المبيعات,preserved-site-override,preserved-site-override,Preserve the exact live v16.localhost Site Override; do not import or replace.,stage6-W6-1 Accounts Batch 04 pending-owner-approval 2026-09-27,erpnext/accounts/doctype/sales_partner_item/sales_partner_item.json:None,Preserved verbatim from live v16.localhost; not imported
Save Changes and Load New Invoice,حفظ التغييرات وتحميل فاتورة جديدة,حفظ التغييرات وتحميل فاتورة جديدة,preserved-site-override,preserved-site-override,Preserve the exact live v16.localhost Site Override; do not import or replace.,stage6-W6-1 Accounts Batch 04 pending-owner-approval 2026-09-27,erpnext/accounts/doctype/pos_profile/pos_profile.json:None,Preserved verbatim from live v16.localhost; not imported
Scheduler is Inactive. Can't trigger job now.,المجدول غير نشط. لا يمكن تشغيل المهمة الآن.,المجدول غير نشط. لا يمكن تشغيل المهمة الآن.,PROPOSED-payload,quorum-confirmed-payload,AI draft; requires independent A1/A2/A3 quorum before release.,content:docs/translation/stage6_w601_accounts_batch04_content_evidence_2026-09-27.txt,erpnext/accounts/doctype/process_payment_reconciliation/process_payment_reconciliation.py:185,Released and imported into catalog under version 1.14
Scheduler is Inactive. Can't trigger jobs now.,المجدول غير نشط. لا يمكن تشغيل المهام الآن.,المجدول غير نشط. لا يمكن تشغيل المهام الآن.,PROPOSED-payload,quorum-confirmed-payload,AI draft; requires independent A1/A2/A3 quorum before release.,content:docs/translation/stage6_w601_accounts_batch04_content_evidence_2026-09-27.txt,erpnext/accounts/doctype/process_payment_reconciliation/process_payment_reconciliation.py:237,Released and imported into catalog under version 1.14
Scheduler is inactive. Cannot enqueue job.,المجدول غير نشط. لا يمكن إدراج المهمة في قائمة الانتظار.,المجدول غير نشط. لا يمكن إدراج المهمة في قائمة الانتظار.,PROPOSED-payload,quorum-confirmed-payload,AI draft; requires independent A1/A2/A3 quorum before release.,content:docs/translation/stage6_w601_accounts_batch04_content_evidence_2026-09-27.txt,erpnext/accounts/doctype/pos_invoice_merge_log/pos_invoice_merge_log.py:671,Released and imported into catalog under version 1.14
Scheduler is inactive. Cannot merge accounts.,المجدول غير نشط. لا يمكن دمج الحسابات.,المجدول غير نشط. لا يمكن دمج الحسابات.,PROPOSED-payload,quorum-confirmed-payload,AI draft; requires independent A1/A2/A3 quorum before release.,content:docs/translation/stage6_w601_accounts_batch04_content_evidence_2026-09-27.txt,erpnext/accounts/doctype/ledger_merge/ledger_merge.py:39,Released and imported into catalog under version 1.14
Secondary Party,الجهة الثانوية,الجهة الثانوية,preserved-site-override,preserved-site-override,Preserve the exact live v16.localhost Site Override; do not import or replace.,stage6-W6-1 Accounts Batch 04 pending-owner-approval 2026-09-27,erpnext/accounts/doctype/party_link/party_link.json:None,Preserved verbatim from live v16.localhost; not imported
Secondary Role,الدور الثانوي,الدور الثانوي,preserved-site-override,preserved-site-override,Preserve the exact live v16.localhost Site Override; do not import or replace.,stage6-W6-1 Accounts Batch 04 pending-owner-approval 2026-09-27,erpnext/accounts/doctype/party_link/party_link.json:None,Preserved verbatim from live v16.localhost; not imported
Select Accounting Dimension.,حدد بُعدا محاسبيا.,حدد بُعدا محاسبيا.,preserved-site-override,preserved-site-override,Preserve the exact live v16.localhost Site Override; do not import or replace.,stage6-W6-1 Accounts Batch 04 pending-owner-approval 2026-09-27,erpnext/accounts/report/profitability_analysis/profitability_analysis.py:22,Preserved verbatim from live v16.localhost; not imported
Select Dimension,تحديد البُعد,تحديد البُعد,preserved-site-override,preserved-site-override,Preserve the exact live v16.localhost Site Override; do not import or replace.,stage6-W6-1 Accounts Batch 04 pending-owner-approval 2026-09-27,erpnext/accounts/report/dimension_wise_accounts_balance_report/dimension_wise_accounts_balance_report.js:57,Preserved verbatim from live v16.localhost; not imported
Select Dispatch Address ,تحديد عنوان الإرسال ,تحديد عنوان الإرسال,PROPOSED-payload,preserved-site-override (strip-collision),AI draft; requires independent A1/A2/A3 quorum before release.,stage6-W6-1 Accounts Batch 04 pending-owner-approval 2026-09-27,erpnext/accounts/doctype/purchase_invoice/purchase_invoice.json:None,Reclassified out of Released catalog per Plan §12; strip-collision with runtime Site Override
Select View,تحديد العرض,تحديد العرض,preserved-site-override,preserved-site-override,Preserve the exact live v16.localhost Site Override; do not import or replace.,stage6-W6-1 Accounts Batch 04 pending-owner-approval 2026-09-27,erpnext/accounts/report/balance_sheet/balance_sheet.js:28; erpnext/accounts/report/profit_and_loss_statement/profit_and_loss_statement.js:28,Preserved verbatim from live v16.localhost; not imported
Selected Print Format does not exist.,تنسيق الطباعة المحدد غير موجود.,تنسيق الطباعة المحدد غير موجود.,preserved-site-override,preserved-site-override,Preserve the exact live v16.localhost Site Override; do not import or replace.,stage6-W6-1 Accounts Batch 04 pending-owner-approval 2026-09-27,erpnext/accounts/doctype/process_statement_of_accounts/process_statement_of_accounts.py:121,Preserved verbatim from live v16.localhost; not imported
Selected Vouchers,السندات المحددة,السندات المحددة,preserved-site-override,preserved-site-override,Preserve the exact live v16.localhost Site Override; do not import or replace.,stage6-W6-1 Accounts Batch 04 pending-owner-approval 2026-09-27,erpnext/accounts/doctype/repost_payment_ledger/repost_payment_ledger.json:None,Preserved verbatim from live v16.localhost; not imported
Send Emails,إرسال رسائل بريد,إرسال رسائل بريد,preserved-site-override,preserved-site-override,Preserve the exact live v16.localhost Site Override; do not import or replace.,stage6-W6-1 Accounts Batch 04 pending-owner-approval 2026-09-27,erpnext/accounts/doctype/process_statement_of_accounts/process_statement_of_accounts.js:11,Preserved verbatim from live v16.localhost; not imported
Serial / Batch Bundle Missing,مجموعة التسلسل/الدفعة مفقودة,مجموعة التسلسل/الدفعة مفقودة,preserved-site-override,preserved-site-override,Preserve the exact live v16.localhost Site Override; do not import or replace.,stage6-W6-1 Accounts Batch 04 pending-owner-approval 2026-09-27,erpnext/accounts/doctype/pos_invoice/pos_invoice.py:487,Preserved verbatim from live v16.localhost; not imported
Serial and Batch Bundle,مجموعة التسلسل والدفعة,مجموعة التسلسل والدفعة,preserved-site-override,preserved-site-override,Preserve the exact live v16.localhost Site Override; do not import or replace.,stage6-W6-1 Accounts Batch 04 pending-owner-approval 2026-09-27,erpnext/accounts/doctype/pos_invoice_item/pos_invoice_item.json:None; erpnext/accounts/doctype/purchase_invoice_item/purchase_invoice_item.json:None; erpnext/accounts/doctype/sales_invoice_item/sales_invoice_item.json:None; erpnext/assets/doctype/asset_capitalization_stock_item/asset_capitalization_stock_item.json:None; erpnext/assets/doctype/asset_repair_consumed_item/asset_repair_consumed_item.json:None; erpnext/maintenance/doctype/maintenance_schedule_item/maintenance_schedule_item.json:None; erpnext/manufacturing/doctype/job_card/job_card.json:None; erpnext/selling/doctype/installation_note_item/installation_note_item.json:None; erpnext/stock/doctype/delivery_note_item/delivery_note_item.json:None; erpnext/stock/doctype/packed_item/packed_item.json:None; erpnext/stock/doctype/pick_list_item/pick_list_item.json:None; erpnext/stock/doctype/purchase_receipt_item/purchase_receipt_item.json:None; erpnext/stock/doctype/serial_and_batch_bundle/serial_and_batch_bundle.json:None; erpnext/stock/doctype/stock_entry_detail/stock_entry_detail.json:None; erpnext/stock/doctype/stock_ledger_entry/stock_ledger_entry.json:None; erpnext/stock/doctype/stock_settings/stock_settings.json:None; erpnext/stock/report/available_serial_no/available_serial_no.py:188; erpnext/stock/report/incorrect_serial_and_batch_bundle/incorrect_serial_and_batch_bundle.py:31; erpnext/stock/report/serial_and_batch_summary/serial_and_batch_summary.py:80; erpnext/stock/report/stock_ledger/stock_ledger.py:344; erpnext/stock/report/stock_ledger_invariant_check/stock_ledger_invariant_check.py:177; erpnext/subcontracting/doctype/subcontracting_receipt_item/subcontracting_receipt_item.json:None,Preserved verbatim from live v16.localhost; not imported
Service Provider,مزود الخدمة,مزود الخدمة,preserved-site-override,preserved-site-override,Preserve the exact live v16.localhost Site Override; do not import or replace.,stage6-W6-1 Accounts Batch 04 pending-owner-approval 2026-09-27,erpnext/accounts/doctype/currency_exchange_settings/currency_exchange_settings.json:None; erpnext/stock/doctype/shipment/shipment.json:None,Preserved verbatim from live v16.localhost; not imported
Set From Warehouse,تعيين مستودع المصدر,تعيين مستودع المصدر,preserved-site-override,preserved-site-override,Preserve the exact live v16.localhost Site Override; do not import or replace.,stage6-W6-1 Accounts Batch 04 pending-owner-approval 2026-09-27,erpnext/accounts/doctype/purchase_invoice/purchase_invoice.json:None; erpnext/buying/doctype/purchase_order/purchase_order.json:None; erpnext/stock/doctype/purchase_receipt/purchase_receipt.json:None,Preserved verbatim from live v16.localhost; not imported
Set Grand Total to Default Payment Method,تعيين الإجمالي النهائي لطريقة الدفع الافتراضية,تعيين الإجمالي النهائي لطريقة الدفع الافتراضية,preserved-site-override,preserved-site-override,Preserve the exact live v16.localhost Site Override; do not import or replace.,stage6-W6-1 Accounts Batch 04 pending-owner-approval 2026-09-27,erpnext/accounts/doctype/pos_profile/pos_profile.json:None,Preserved verbatim from live v16.localhost; not imported
Set Loyalty Program,تعيين برنامج الولاء,تعيين برنامج الولاء,preserved-site-override,preserved-site-override,Preserve the exact live v16.localhost Site Override; do not import or replace.,stage6-W6-1 Accounts Batch 04 pending-owner-approval 2026-09-27,erpnext/accounts/doctype/sales_invoice/sales_invoice.js:1163,Preserved verbatim from live v16.localhost; not imported
Set by Item Tax Template,تعيين بواسطة قالب ضريبة الصنف,تعيين بواسطة قالب ضريبة الصنف,preserved-site-override,preserved-site-override,Preserve the exact live v16.localhost Site Override; do not import or replace.,stage6-W6-1 Accounts Batch 04 pending-owner-approval 2026-09-27,erpnext/accounts/doctype/advance_taxes_and_charges/advance_taxes_and_charges.json:None; erpnext/accounts/doctype/purchase_taxes_and_charges/purchase_taxes_and_charges.json:None; erpnext/accounts/doctype/sales_taxes_and_charges/sales_taxes_and_charges.json:None,Preserved verbatim from live v16.localhost; not imported
Setting the account as a Company Account is necessary for Bank Reconciliation,تعيين الحساب كحساب شركة ضروري للتسوية البنكية,تعيين الحساب كحساب شركة ضروري للتسوية البنكية,PROPOSED-payload,quorum-confirmed-payload,AI draft; requires independent A1/A2/A3 quorum before release.,content:docs/translation/stage6_w601_accounts_batch04_content_evidence_2026-09-27.txt,erpnext/accounts/doctype/bank_account/bank_account.json:None,Released and imported into catalog under version 1.14
Short-term Investments,استثمارات قصيرة الأجل,استثمارات قصيرة الأجل,PROPOSED-payload,quorum-confirmed-payload,AI draft; requires independent A1/A2/A3 quorum before release.,content:docs/translation/stage6_w601_accounts_batch04_content_evidence_2026-09-27.txt,erpnext/accounts/doctype/account/chart_of_accounts/verified/standard_chart_of_accounts.py:35; erpnext/accounts/doctype/account/chart_of_accounts/verified/standard_chart_of_accounts_with_account_number.py:55,Released and imported into catalog under version 1.14
Short-term Provisions,مخصصات قصيرة الأجل,مخصصات قصيرة الأجل,PROPOSED-payload,quorum-confirmed-payload,AI draft; requires independent A1/A2/A3 quorum before release.,content:docs/translation/stage6_w601_accounts_batch04_content_evidence_2026-09-27.txt,erpnext/accounts/doctype/account/chart_of_accounts/verified/standard_chart_of_accounts.py:175; erpnext/accounts/doctype/account/chart_of_accounts/verified/standard_chart_of_accounts_with_account_number.py:296,Released and imported into catalog under version 1.14
Show Balances in Chart Of Accounts,إظهار الأرصدة في دليل الحسابات,إظهار الأرصدة في دليل الحسابات,preserved-site-override,preserved-site-override,Preserve the exact live v16.localhost Site Override; do not import or replace.,stage6-W6-1 Accounts Batch 04 pending-owner-approval 2026-09-27,erpnext/accounts/doctype/accounts_settings/accounts_settings.json:None,Preserved verbatim from live v16.localhost; not imported
Show Ledger View,إظهار عرض دفتر الأستاذ,إظهار عرض دفتر الأستاذ,preserved-site-override,preserved-site-override,Preserve the exact live v16.localhost Site Override; do not import or replace.,stage6-W6-1 Accounts Batch 04 pending-owner-approval 2026-09-27,erpnext/accounts/report/purchase_register/purchase_register.js:64; erpnext/accounts/report/sales_register/sales_register.js:76,Preserved verbatim from live v16.localhost; not imported
Show Opening and Closing Balance,إظهار الرصيد الافتتاحي والختامي,إظهار الرصيد الافتتاحي والختامي,preserved-site-override,preserved-site-override,Preserve the exact live v16.localhost Site Override; do not import or replace.,stage6-W6-1 Accounts Batch 04 pending-owner-approval 2026-09-27,erpnext/accounts/report/cash_flow/cash_flow.js:43,Preserved verbatim from live v16.localhost; not imported
Show Taxes as Table in Print,إظهار الضرائب كجدول في الطباعة,إظهار الضرائب كجدول في الطباعة,preserved-site-override,preserved-site-override,Preserve the exact live v16.localhost Site Override; do not import or replace.,stage6-W6-1 Accounts Batch 04 pending-owner-approval 2026-09-27,erpnext/accounts/doctype/accounts_settings/accounts_settings.json:None,Preserved verbatim from live v16.localhost; not imported
Show negative values as positive (for expenses in P&L),إظهار القيم السالبة كموجبة (للمصروفات في قائمة الأرباح والخسائر),إظهار القيم السالبة كموجبة (للمصروفات في قائمة الأرباح والخسائر),PROPOSED-payload,quorum-confirmed-payload,AI draft; requires independent A1/A2/A3 quorum before release.,content:docs/translation/stage6_w601_accounts_batch04_content_evidence_2026-09-27.txt,erpnext/accounts/doctype/financial_report_row/financial_report_row.json:None,Released and imported into catalog under version 1.14
Show with upcoming revenue/expense,إظهار مع الإيراد/المصروف القادم,إظهار مع الإيراد/المصروف القادم,preserved-site-override,preserved-site-override,Preserve the exact live v16.localhost Site Override; do not import or replace.,stage6-W6-1 Accounts Batch 04 pending-owner-approval 2026-09-27,erpnext/accounts/report/deferred_revenue_and_expense/deferred_revenue_and_expense.js:96,Preserved verbatim from live v16.localhost; not imported
Skipping Tax Withholding Category {0} as there is no associated account set for Company {1} in it.,تخطي فئة الاستقطاع الضريبي {0} لعدم تعيين حساب مرتبط للشركة {1} فيها.,تخطي فئة الاستقطاع الضريبي {0} لعدم تعيين حساب مرتبط للشركة {1} فيها.,PROPOSED-payload,quorum-confirmed-payload,AI draft; requires independent A1/A2/A3 quorum before release.,content:docs/translation/stage6_w601_accounts_batch04_content_evidence_2026-09-27.txt,erpnext/accounts/doctype/tax_withholding_category/tax_withholding_category.py:141,Released and imported into catalog under version 1.14
Software,برمجيات,برمجيات,PROPOSED-payload,quorum-confirmed-payload,AI draft; requires independent A1/A2/A3 quorum before release.,content:docs/translation/stage6_w601_accounts_batch04_content_evidence_2026-09-27.txt,erpnext/accounts/doctype/account/chart_of_accounts/verified/standard_chart_of_accounts.py:62; erpnext/accounts/doctype/account/chart_of_accounts/verified/standard_chart_of_accounts_with_account_number.py:107; erpnext/setup/setup_wizard/data/industry_type.txt:45,Released and imported into catalog under version 1.14
Solvency Ratios,نسب الملاءة المالية,نسب الملاءة المالية,PROPOSED-payload,quorum-confirmed-payload,AI draft; requires independent A1/A2/A3 quorum before release.,content:docs/translation/stage6_w601_accounts_batch04_content_evidence_2026-09-27.txt,erpnext/accounts/report/financial_ratios/financial_ratios.js:55; erpnext/accounts/report/financial_ratios/financial_ratios.py:168,Released and imported into catalog under version 1.14
South Africa VAT Account,حساب ضريبة القيمة المضافة لجنوب أفريقيا,حساب ضريبة القيمة المضافة لجنوب أفريقيا,preserved-site-override,preserved-site-override,Preserve the exact live v16.localhost Site Override; do not import or replace.,stage6-W6-1 Accounts Batch 04 pending-owner-approval 2026-09-27,erpnext/accounts/doctype/south_africa_vat_account/south_africa_vat_account.json:None,Preserved verbatim from live v16.localhost; not imported
Specify conditions to calculate shipping amount,تحديد شروط حساب مبلغ الشحن,تحديد شروط حساب مبلغ الشحن,PROPOSED-payload,quorum-confirmed-payload,AI draft; requires independent A1/A2/A3 quorum before release.,content:docs/translation/stage6_w601_accounts_batch04_content_evidence_2026-09-27.txt,erpnext/accounts/doctype/shipping_rule/shipping_rule.json:None,Released and imported into catalog under version 1.14
Split Early Payment Discount Loss into Income and Tax Loss,تقسيم خسارة خصم السداد المبكر إلى خسارة دخل وخسارة ضريبية,تقسيم خسارة خصم السداد المبكر إلى خسارة دخل وخسارة ضريبية,PROPOSED-payload,quorum-confirmed-payload,AI draft; requires independent A1/A2/A3 quorum before release.,content:docs/translation/stage6_w601_accounts_batch04_content_evidence_2026-09-27.txt,erpnext/accounts/doctype/accounts_settings/accounts_settings.json:None,Released and imported into catalog under version 1.14
Stale Days should start from 1.,يجب أن تبدأ الأيام الراكدة من 1.,يجب أن تبدأ الأيام الراكدة من 1.,PROPOSED-payload,quorum-confirmed-payload,AI draft; requires independent A1/A2/A3 quorum before release.,content:docs/translation/stage6_w601_accounts_batch04_content_evidence_2026-09-27.txt,erpnext/accounts/doctype/accounts_settings/accounts_settings.py:109,Released and imported into catalog under version 1.14
Start / Resume,بدء / استئناف,بدء / استئناف,preserved-site-override,preserved-site-override,Preserve the exact live v16.localhost Site Override; do not import or replace.,stage6-W6-1 Accounts Batch 04 pending-owner-approval 2026-09-27,erpnext/accounts/doctype/process_payment_reconciliation/process_payment_reconciliation.js:54,Preserved verbatim from live v16.localhost; not imported
Start Date should be lower than End Date,يجب أن يكون تاريخ البدء قبل تاريخ الانتهاء,يجب أن يكون تاريخ البدء قبل تاريخ الانتهاء,PROPOSED-payload,quorum-confirmed-payload,AI draft; requires independent A1/A2/A3 quorum before release.,content:docs/translation/stage6_w601_accounts_batch04_content_evidence_2026-09-27.txt,erpnext/accounts/report/invalid_ledger_entries/invalid_ledger_entries.py:80,Released and imported into catalog under version 1.14
Start Merge,بدء الدمج,بدء الدمج,preserved-site-override,preserved-site-override,Preserve the exact live v16.localhost Site Override; do not import or replace.,stage6-W6-1 Accounts Batch 04 pending-owner-approval 2026-09-27,erpnext/accounts/doctype/ledger_merge/ledger_merge.js:72,Preserved verbatim from live v16.localhost; not imported
Stock cannot be updated against the following Delivery Notes: {0},لا يمكن تحديث المخزون مقابل إشعارات التسليم التالية: {0},لا يمكن تحديث المخزون مقابل إشعارات التسليم التالية: {0},PROPOSED-payload,quorum-confirmed-payload,AI draft; requires independent A1/A2/A3 quorum before release.,content:docs/translation/stage6_w601_accounts_batch04_content_evidence_2026-09-27.txt,erpnext/accounts/doctype/sales_invoice/sales_invoice.py:1202,Released and imported into catalog under version 1.14
Sub Total,الإجمالي الفرعي,الإجمالي الفرعي,preserved-site-override,preserved-site-override,Preserve the exact live v16.localhost Site Override; do not import or replace.,stage6-W6-1 Accounts Batch 04 pending-owner-approval 2026-09-27,erpnext/accounts/print_format/sales_invoice_print/sales_invoice_print.html:129,Preserved verbatim from live v16.localhost; not imported
Submit Generated Invoices,ترحيل الفواتير المنشأة,ترحيل الفواتير المنشأة,preserved-site-override,preserved-site-override,Preserve the exact live v16.localhost Site Override; do not import or replace.,stage6-W6-1 Accounts Batch 04 pending-owner-approval 2026-09-27,erpnext/accounts/doctype/subscription/subscription.json:None,Preserved verbatim from live v16.localhost; not imported
Subscription for Future dates cannot be processed.,لا يمكن معالجة الاشتراك لتواريخ مستقبلية.,لا يمكن معالجة الاشتراك لتواريخ مستقبلية.,PROPOSED-payload,quorum-confirmed-payload,AI draft; requires independent A1/A2/A3 quorum before release.,content:docs/translation/stage6_w601_accounts_batch04_content_evidence_2026-09-27.txt,erpnext/accounts/doctype/subscription/subscription.py:719,Released and imported into catalog under version 1.14
"Successfully imported {0} record out of {1}. Click on Export Errored Rows, fix the errors and import again.",تم استيراد {0} سجل بنجاح من أصل {1}. انقر على تصدير الصفوف المعيبة، وأصلح الأخطاء ثم أعد الاستيراد.,تم استيراد {0} سجل بنجاح من أصل {1}. انقر على تصدير الصفوف المعيبة، وأصلح الأخطاء ثم أعد الاستيراد.,PROPOSED-payload,quorum-confirmed-payload,AI draft; requires independent A1/A2/A3 quorum before release.,content:docs/translation/stage6_w601_accounts_batch04_content_evidence_2026-09-27.txt,erpnext/accounts/doctype/bank_statement_import/bank_statement_import.js:173,Released and imported into catalog under version 1.14
Successfully imported {0} record.,تم استيراد {0} سجل بنجاح.,تم استيراد {0} سجل بنجاح.,PROPOSED-payload,quorum-confirmed-payload,AI draft; requires independent A1/A2/A3 quorum before release.,content:docs/translation/stage6_w601_accounts_batch04_content_evidence_2026-09-27.txt,erpnext/accounts/doctype/bank_statement_import/bank_statement_import.js:157,Released and imported into catalog under version 1.14
"Successfully imported {0} records out of {1}. Click on Export Errored Rows, fix the errors and import again.",تم استيراد {0} سجلات بنجاح من أصل {1}. انقر على تصدير الصفوف المعيبة، وأصلح الأخطاء ثم أعد الاستيراد.,تم استيراد {0} سجلات بنجاح من أصل {1}. انقر على تصدير الصفوف المعيبة، وأصلح الأخطاء ثم أعد الاستيراد.,PROPOSED-payload,quorum-confirmed-payload,AI draft; requires independent A1/A2/A3 quorum before release.,content:docs/translation/stage6_w601_accounts_batch04_content_evidence_2026-09-27.txt,erpnext/accounts/doctype/bank_statement_import/bank_statement_import.js:169,Released and imported into catalog under version 1.14
Successfully imported {0} records.,تم استيراد {0} سجلات بنجاح.,تم استيراد {0} سجلات بنجاح.,PROPOSED-payload,quorum-confirmed-payload,AI draft; requires independent A1/A2/A3 quorum before release.,content:docs/translation/stage6_w601_accounts_batch04_content_evidence_2026-09-27.txt,erpnext/accounts/doctype/bank_statement_import/bank_statement_import.js:156,Released and imported into catalog under version 1.14
Successfully merged {0} out of {1}.,تم دمج {0} بنجاح من أصل {1}.,تم دمج {0} بنجاح من أصل {1}.,PROPOSED-payload,quorum-confirmed-payload,AI draft; requires independent A1/A2/A3 quorum before release.,content:docs/translation/stage6_w601_accounts_batch04_content_evidence_2026-09-27.txt,erpnext/accounts/doctype/ledger_merge/ledger_merge.js:99,Released and imported into catalog under version 1.14
"Successfully updated {0} record out of {1}. Click on Export Errored Rows, fix the errors and import again.",تم تحديث {0} سجل بنجاح من أصل {1}. انقر على تصدير الصفوف المعيبة، وأصلح الأخطاء ثم أعد الاستيراد.,تم تحديث {0} سجل بنجاح من أصل {1}. انقر على تصدير الصفوف المعيبة، وأصلح الأخطاء ثم أعد الاستيراد.,PROPOSED-payload,quorum-confirmed-payload,AI draft; requires independent A1/A2/A3 quorum before release.,content:docs/translation/stage6_w601_accounts_batch04_content_evidence_2026-09-27.txt,erpnext/accounts/doctype/bank_statement_import/bank_statement_import.js:184,Released and imported into catalog under version 1.14
Successfully updated {0} record.,تم تحديث {0} سجل بنجاح.,تم تحديث {0} سجل بنجاح.,PROPOSED-payload,quorum-confirmed-payload,AI draft; requires independent A1/A2/A3 quorum before release.,content:docs/translation/stage6_w601_accounts_batch04_content_evidence_2026-09-27.txt,erpnext/accounts/doctype/bank_statement_import/bank_statement_import.js:162,Released and imported into catalog under version 1.14
"Successfully updated {0} records out of {1}. Click on Export Errored Rows, fix the errors and import again.",تم تحديث {0} سجلات بنجاح من أصل {1}. انقر على تصدير الصفوف المعيبة، وأصلح الأخطاء ثم أعد الاستيراد.,تم تحديث {0} سجلات بنجاح من أصل {1}. انقر على تصدير الصفوف المعيبة، وأصلح الأخطاء ثم أعد الاستيراد.,PROPOSED-payload,quorum-confirmed-payload,AI draft; requires independent A1/A2/A3 quorum before release.,content:docs/translation/stage6_w601_accounts_batch04_content_evidence_2026-09-27.txt,erpnext/accounts/doctype/bank_statement_import/bank_statement_import.js:180,Released and imported into catalog under version 1.14
Successfully updated {0} records.,تم تحديث {0} سجلات بنجاح.,تم تحديث {0} سجلات بنجاح.,PROPOSED-payload,quorum-confirmed-payload,AI draft; requires independent A1/A2/A3 quorum before release.,content:docs/translation/stage6_w601_accounts_batch04_content_evidence_2026-09-27.txt,erpnext/accounts/doctype/bank_statement_import/bank_statement_import.js:161,Released and imported into catalog under version 1.14
Supplier > Supplier Type,المورد > نوع المورد,المورد > نوع المورد,PROPOSED-payload,quorum-confirmed-payload,AI draft; requires independent A1/A2/A3 quorum before release.,content:docs/translation/stage6_w601_accounts_batch04_content_evidence_2026-09-27.txt,erpnext/accounts/doctype/pricing_rule/pricing_rule.js:50,Released and imported into catalog under version 1.14
Supplier Group Item,عنصر مجموعة الموردين,عنصر مجموعة الموردين,preserved-site-override,preserved-site-override,Preserve the exact live v16.localhost Site Override; do not import or replace.,stage6-W6-1 Accounts Batch 04 pending-owner-approval 2026-09-27,erpnext/accounts/doctype/supplier_group_item/supplier_group_item.json:None,Preserved verbatim from live v16.localhost; not imported
Supplier Invoice,فاتورة المورد,فاتورة المورد,preserved-site-override,preserved-site-override,Preserve the exact live v16.localhost Site Override; do not import or replace.,stage6-W6-1 Accounts Batch 04 pending-owner-approval 2026-09-27,erpnext/accounts/doctype/purchase_invoice/purchase_invoice.json:None,Preserved verbatim from live v16.localhost; not imported
Supplier Item,عنصر المورد,عنصر المورد,preserved-site-override,preserved-site-override,Preserve the exact live v16.localhost Site Override; do not import or replace.,stage6-W6-1 Accounts Batch 04 pending-owner-approval 2026-09-27,erpnext/accounts/doctype/supplier_item/supplier_item.json:None,Preserved verbatim from live v16.localhost; not imported
Suspected Discount Amount,مبلغ الخصم المتوقع,مبلغ الخصم المتوقع,preserved-site-override,preserved-site-override,Preserve the exact live v16.localhost Site Override; do not import or replace.,stage6-W6-1 Accounts Batch 04 pending-owner-approval 2026-09-27,erpnext/accounts/report/calculated_discount_mismatch/calculated_discount_mismatch.py:64,Preserved verbatim from live v16.localhost; not imported
System In Use,النظام قيد الاستخدام,النظام قيد الاستخدام,preserved-site-override,preserved-site-override,Preserve the exact live v16.localhost Site Override; do not import or replace.,stage6-W6-1 Accounts Batch 04 pending-owner-approval 2026-09-27,erpnext/accounts/doctype/account/account.py:661,Preserved verbatim from live v16.localhost; not imported
TCS Amount,مبلغ TCS,مبلغ TCS,preserved-site-override,preserved-site-override,Preserve the exact live v16.localhost Site Override; do not import or replace.,stage6-W6-1 Accounts Batch 04 pending-owner-approval 2026-09-27,erpnext/accounts/report/tax_withholding_details/tax_withholding_details.py:267,Preserved verbatim from live v16.localhost; not imported
TCS Rate %,نسبة TCS,نسبة TCS,preserved-site-override,preserved-site-override,Preserve the exact live v16.localhost Site Override; do not import or replace.,stage6-W6-1 Accounts Batch 04 pending-owner-approval 2026-09-27,erpnext/accounts/report/tax_withholding_details/tax_withholding_details.py:249; erpnext/accounts/report/tds_computation_summary/tds_computation_summary.py:125,Preserved verbatim from live v16.localhost; not imported
TDS Amount,مبلغ TDS,مبلغ TDS,preserved-site-override,preserved-site-override,Preserve the exact live v16.localhost Site Override; do not import or replace.,stage6-W6-1 Accounts Batch 04 pending-owner-approval 2026-09-27,erpnext/accounts/report/tax_withholding_details/tax_withholding_details.py:267,Preserved verbatim from live v16.localhost; not imported
TDS Deducted,تم خصم TDS,تم خصم TDS,preserved-site-override,preserved-site-override,Preserve the exact live v16.localhost Site Override; do not import or replace.,stage6-W6-1 Accounts Batch 04 pending-owner-approval 2026-09-27,erpnext/accounts/doctype/purchase_invoice/purchase_invoice.py:1532,Preserved verbatim from live v16.localhost; not imported
TDS Payable,TDS مستحق الدفع,TDS مستحق الدفع,preserved-site-override,preserved-site-override,Preserve the exact live v16.localhost Site Override; do not import or replace.,stage6-W6-1 Accounts Batch 04 pending-owner-approval 2026-09-27,erpnext/accounts/doctype/account/chart_of_accounts/verified/standard_chart_of_accounts_with_account_number.py:287,Preserved verbatim from live v16.localhost; not imported
TDS Rate %,نسبة TDS,نسبة TDS,preserved-site-override,preserved-site-override,Preserve the exact live v16.localhost Site Override; do not import or replace.,stage6-W6-1 Accounts Batch 04 pending-owner-approval 2026-09-27,erpnext/accounts/report/tax_withholding_details/tax_withholding_details.py:249; erpnext/accounts/report/tds_computation_summary/tds_computation_summary.py:125,Preserved verbatim from live v16.localhost; not imported
Tax Amount,مبلغ الضريبة,مبلغ الضريبة,preserved-site-override,preserved-site-override,Preserve the exact live v16.localhost Site Override; do not import or replace.,stage6-W6-1 Accounts Batch 04 pending-owner-approval 2026-09-27,erpnext/accounts/doctype/item_wise_tax_detail/item_wise_tax_detail.json:None; erpnext/accounts/report/tds_computation_summary/tds_computation_summary.py:137,Preserved verbatim from live v16.localhost; not imported
Tax Amount will be rounded on a row(items) level,سيتم تقريب مبلغ الضريبة على مستوى السطر (الأصناف),سيتم تقريب مبلغ الضريبة على مستوى السطر (الأصناف),PROPOSED-payload,quorum-confirmed-payload,AI draft; requires independent A1/A2/A3 quorum before release.,content:docs/translation/stage6_w601_accounts_batch04_content_evidence_2026-09-27.txt,erpnext/accounts/doctype/accounts_settings/accounts_settings.json:None,Released and imported into catalog under version 1.14
Tax Expense,مصروف الضريبة,مصروف الضريبة,preserved-site-override,preserved-site-override,Preserve the exact live v16.localhost Site Override; do not import or replace.,stage6-W6-1 Accounts Batch 04 pending-owner-approval 2026-09-27,erpnext/accounts/doctype/account/chart_of_accounts/verified/standard_chart_of_accounts.py:136; erpnext/accounts/doctype/account/chart_of_accounts/verified/standard_chart_of_accounts_with_account_number.py:230,Preserved verbatim from live v16.localhost; not imported
Tax Masters,سجلات الضرائب,سجلات الضرائب,preserved-site-override,preserved-site-override,Preserve the exact live v16.localhost Site Override; do not import or replace.,stage6-W6-1 Accounts Batch 04 pending-owner-approval 2026-09-27,erpnext/accounts/workspace/accounting/accounting.json:None,Preserved verbatim from live v16.localhost; not imported
Tax Row,صف الضريبة,صف الضريبة,preserved-site-override,preserved-site-override,Preserve the exact live v16.localhost Site Override; do not import or replace.,stage6-W6-1 Accounts Batch 04 pending-owner-approval 2026-09-27,erpnext/accounts/doctype/item_wise_tax_detail/item_wise_tax_detail.json:None,Preserved verbatim from live v16.localhost; not imported
Tax Settings,إعدادات الضريبة,إعدادات الضريبة,preserved-site-override,preserved-site-override,Preserve the exact live v16.localhost Site Override; do not import or replace.,stage6-W6-1 Accounts Batch 04 pending-owner-approval 2026-09-27,erpnext/accounts/doctype/accounts_settings/accounts_settings.json:None,Preserved verbatim from live v16.localhost; not imported
Tax Withheld Vouchers,سندات الضريبة المخصومة,سندات الضريبة المخصومة,preserved-site-override,preserved-site-override,Preserve the exact live v16.localhost Site Override; do not import or replace.,stage6-W6-1 Accounts Batch 04 pending-owner-approval 2026-09-27,erpnext/accounts/doctype/purchase_invoice/purchase_invoice.json:None; erpnext/accounts/doctype/tax_withheld_vouchers/tax_withheld_vouchers.json:None,Preserved verbatim from live v16.localhost; not imported
Tax Withholding,ضريبة الخصم,ضريبة الخصم,preserved-site-override,preserved-site-override,Preserve the exact live v16.localhost Site Override; do not import or replace.,stage6-W6-1 Accounts Batch 04 pending-owner-approval 2026-09-27,erpnext/accounts/report/tax_withholding_details/tax_withholding_details.py:361,Preserved verbatim from live v16.localhost; not imported
Tax Withholding Category {} against Company {} for Customer {} should have Cumulative Threshold value.,يجب أن تحتوي فئة الاستقطاع الضريبي {} مقابل الشركة {} للعميل {} على قيمة الحد التراكمي.,يجب أن تحتوي فئة الاستقطاع الضريبي {} مقابل الشركة {} للعميل {} على قيمة الحد التراكمي.,PROPOSED-payload,quorum-confirmed-payload,AI draft; requires independent A1/A2/A3 quorum before release.,content:docs/translation/stage6_w601_accounts_batch04_content_evidence_2026-09-27.txt,erpnext/accounts/doctype/tax_withholding_category/tax_withholding_category.py:152,Released and imported into catalog under version 1.14
Tax Withholding Details,تفاصيل ضريبة الخصم,تفاصيل ضريبة الخصم,preserved-site-override,preserved-site-override,Preserve the exact live v16.localhost Site Override; do not import or replace.,stage6-W6-1 Accounts Batch 04 pending-owner-approval 2026-09-27,erpnext/accounts/report/tax_withholding_details/tax_withholding_details.json:None,Preserved verbatim from live v16.localhost; not imported
Tax Withholding Net Total,صافي إجمالي ضريبة الخصم,صافي إجمالي ضريبة الخصم,preserved-site-override,preserved-site-override,Preserve the exact live v16.localhost Site Override; do not import or replace.,stage6-W6-1 Accounts Batch 04 pending-owner-approval 2026-09-27,erpnext/accounts/doctype/purchase_invoice/purchase_invoice.json:None; erpnext/buying/doctype/purchase_order/purchase_order.json:None; erpnext/stock/doctype/purchase_receipt/purchase_receipt.json:None,Preserved verbatim from live v16.localhost; not imported
Tax will be withheld only for amount exceeding the cumulative threshold,سيتم حجز الضريبة فقط للمبلغ الذي يتجاوز الحد التراكمي,سيتم حجز الضريبة فقط للمبلغ الذي يتجاوز الحد التراكمي,PROPOSED-payload,quorum-confirmed-payload,AI draft; requires independent A1/A2/A3 quorum before release.,content:docs/translation/stage6_w601_accounts_batch04_content_evidence_2026-09-27.txt,erpnext/accounts/doctype/tax_withholding_category/tax_withholding_category.json:None,Released and imported into catalog under version 1.14
Template Name,اسم القالب,اسم القالب,preserved-site-override,preserved-site-override,Preserve the exact live v16.localhost Site Override; do not import or replace.,stage6-W6-1 Accounts Batch 04 pending-owner-approval 2026-09-27,erpnext/accounts/doctype/financial_report_template/financial_report_template.json:None; erpnext/accounts/doctype/payment_terms_template/payment_terms_template.json:None; erpnext/quality_management/doctype/quality_feedback_template/quality_feedback_template.json:None,Preserved verbatim from live v16.localhost; not imported
Terms,الشروط,الشروط,preserved-site-override,preserved-site-override,Preserve the exact live v16.localhost Site Override; do not import or replace.,stage6-W6-1 Accounts Batch 04 pending-owner-approval 2026-09-27,erpnext/accounts/doctype/pos_invoice/pos_invoice.json:None; erpnext/accounts/doctype/purchase_invoice/purchase_invoice.json:None; erpnext/accounts/doctype/sales_invoice/sales_invoice.json:None; erpnext/buying/doctype/purchase_order/purchase_order.json:None; erpnext/buying/doctype/request_for_quotation/request_for_quotation.json:None; erpnext/buying/doctype/supplier_quotation/supplier_quotation.json:None; erpnext/manufacturing/doctype/blanket_order/blanket_order.json:None; erpnext/selling/doctype/quotation/quotation.json:None; erpnext/selling/doctype/sales_order/sales_order.json:None; erpnext/stock/doctype/delivery_note/delivery_note.json:None; erpnext/stock/doctype/material_request/material_request.json:None; erpnext/stock/doctype/purchase_receipt/purchase_receipt.json:None,Preserved verbatim from live v16.localhost; not imported
Territory Item,عنصر المنطقة,عنصر المنطقة,preserved-site-override,preserved-site-override,Preserve the exact live v16.localhost Site Override; do not import or replace.,stage6-W6-1 Accounts Batch 04 pending-owner-approval 2026-09-27,erpnext/accounts/doctype/territory_item/territory_item.json:None,Preserved verbatim from live v16.localhost; not imported
"Text displayed on the financial statement (e.g., 'Total Revenue', 'Cash and Cash Equivalents')",النص المعروض في القائمة المالية (مثال: 'إجمالي الإيرادات'، 'النقد وما في حكمه'),النص المعروض في القائمة المالية (مثال: 'إجمالي الإيرادات'، 'النقد وما في حكمه'),PROPOSED-payload,quorum-confirmed-payload,AI draft; requires independent A1/A2/A3 quorum before release.,content:docs/translation/stage6_w601_accounts_batch04_content_evidence_2026-09-27.txt,erpnext/accounts/doctype/financial_report_row/financial_report_row.json:None,Released and imported into catalog under version 1.14
The Excluded Fee is bigger than the Deposit it is deducted from.,الرسوم المستبعدة أكبر من الوديعة المخصومة منها.,الرسوم المستبعدة أكبر من الوديعة المخصومة منها.,PROPOSED-payload,quorum-confirmed-payload,AI draft; requires independent A1/A2/A3 quorum before release.,content:docs/translation/stage6_w601_accounts_batch04_content_evidence_2026-09-27.txt,erpnext/accounts/doctype/bank_transaction/bank_transaction.py:332,Released and imported into catalog under version 1.14
"The GL Entries and closing balances will be processed in the background, it can take a few minutes.",ستتم معالجة قيود دفتر الأستاذ العام وأرصدة الإقفال في الخلفية، وقد يستغرق ذلك بضع دقائق.,ستتم معالجة قيود دفتر الأستاذ العام وأرصدة الإقفال في الخلفية، وقد يستغرق ذلك بضع دقائق.,PROPOSED-payload,quorum-confirmed-payload,AI draft; requires independent A1/A2/A3 quorum before release.,content:docs/translation/stage6_w601_accounts_batch04_content_evidence_2026-09-27.txt,erpnext/accounts/doctype/period_closing_voucher/period_closing_voucher.py:178,Released and imported into catalog under version 1.14
"The GL Entries will be cancelled in the background, it can take a few minutes.",سيتم إلغاء قيود دفتر الأستاذ العام في الخلفية، وقد يستغرق ذلك بضع دقائق.,سيتم إلغاء قيود دفتر الأستاذ العام في الخلفية، وقد يستغرق ذلك بضع دقائق.,PROPOSED-payload,quorum-confirmed-payload,AI draft; requires independent A1/A2/A3 quorum before release.,content:docs/translation/stage6_w601_accounts_batch04_content_evidence_2026-09-27.txt,erpnext/accounts/doctype/period_closing_voucher/period_closing_voucher.py:451,Released and imported into catalog under version 1.14
"The Payment Request {0} is already paid, cannot process payment twice",طلب الدفع {0} مدفوع بالفعل، لا يمكن معالجة الدفع مرتين,طلب الدفع {0} مدفوع بالفعل، لا يمكن معالجة الدفع مرتين,PROPOSED-payload,quorum-confirmed-payload,AI draft; requires independent A1/A2/A3 quorum before release.,content:docs/translation/stage6_w601_accounts_batch04_content_evidence_2026-09-27.txt,erpnext/accounts/doctype/payment_request/payment_request.py:975,Released and imported into catalog under version 1.14
The allocated amount is greater than the outstanding amount of Payment Request {0},المبلغ المخصص أكبر من المبلغ المستحق لطلب الدفع {0},المبلغ المخصص أكبر من المبلغ المستحق لطلب الدفع {0},PROPOSED-payload,quorum-confirmed-payload,AI draft; requires independent A1/A2/A3 quorum before release.,content:docs/translation/stage6_w601_accounts_batch04_content_evidence_2026-09-27.txt,erpnext/accounts/doctype/payment_request/payment_request.py:870,Released and imported into catalog under version 1.14
The currency of invoice {} ({}) is different from the currency of this dunning ({}).,عملة الفاتورة {} ({}) تختلف عن عملة إشعار المطالبة هذا ({}).,عملة الفاتورة {} ({}) تختلف عن عملة إشعار المطالبة هذا ({}).,PROPOSED-payload,quorum-confirmed-payload,AI draft; requires independent A1/A2/A3 quorum before release.,content:docs/translation/stage6_w601_accounts_batch04_content_evidence_2026-09-27.txt,erpnext/accounts/doctype/dunning/dunning.py:87,Released and imported into catalog under version 1.14
The following invalid Pricing Rules are deleted:,تم حذف قواعد التسعير غير الصالحة التالية:,تم حذف قواعد التسعير غير الصالحة التالية:,PROPOSED-payload,quorum-confirmed-payload,AI draft; requires independent A1/A2/A3 quorum before release.,content:docs/translation/stage6_w601_accounts_batch04_content_evidence_2026-09-27.txt,erpnext/accounts/doctype/promotional_scheme/promotional_scheme.py:185,Released and imported into catalog under version 1.14
The original invoice should be consolidated before or along with the return invoice.,يجب تجميع الفاتورة الأصلية قبل أو بالتزامن مع فاتورة المرتجع.,يجب تجميع الفاتورة الأصلية قبل أو بالتزامن مع فاتورة المرتجع.,PROPOSED-payload,quorum-confirmed-payload,AI draft; requires independent A1/A2/A3 quorum before release.,content:docs/translation/stage6_w601_accounts_batch04_content_evidence_2026-09-27.txt,erpnext/accounts/doctype/pos_invoice_merge_log/pos_invoice_merge_log.py:107,Released and imported into catalog under version 1.14
The uploaded file does not appear to be in valid MT940 format.,الملف المرفوع لا يبدو بتنسيق MT940 صالح.,الملف المرفوع لا يبدو بتنسيق MT940 صالح.,PROPOSED-payload,quorum-confirmed-payload,AI draft; requires independent A1/A2/A3 quorum before release.,content:docs/translation/stage6_w601_accounts_batch04_content_evidence_2026-09-27.txt,erpnext/accounts/doctype/bank_statement_import/bank_statement_import.py:154,Released and imported into catalog under version 1.14
There was an issue connecting to Plaid's authentication server. Check browser console for more information,حدثت مشكلة أثناء الاتصال بخادم مصادقة Plaid. تحقق من وحدة تحكم المتصفح لمزيد من المعلومات,حدثت مشكلة أثناء الاتصال بخادم مصادقة Plaid. تحقق من وحدة تحكم المتصفح لمزيد من المعلومات,PROPOSED-payload,quorum-confirmed-payload,AI draft; requires independent A1/A2/A3 quorum before release.,content:docs/translation/stage6_w601_accounts_batch04_content_evidence_2026-09-27.txt,erpnext/accounts/doctype/bank/bank.js:115; erpnext/erpnext_integrations/doctype/plaid_settings/plaid_settings.js:119,Released and imported into catalog under version 1.14
There were issues unlinking payment entry {0}.,حدثت مشكلات أثناء إلغاء ربط قيد الدفع {0}.,حدثت مشكلات أثناء إلغاء ربط قيد الدفع {0}.,PROPOSED-payload,quorum-confirmed-payload,AI draft; requires independent A1/A2/A3 quorum before release.,content:docs/translation/stage6_w601_accounts_batch04_content_evidence_2026-09-27.txt,erpnext/accounts/utils.py:1099,Released and imported into catalog under version 1.14
This Account has '0' balance in either Base Currency or Account Currency,هذا الحساب رصيده '0' إما بالعملة الأساسية أو بعملة الحساب,هذا الحساب رصيده '0' إما بالعملة الأساسية أو بعملة الحساب,PROPOSED-payload,quorum-confirmed-payload,AI draft; requires independent A1/A2/A3 quorum before release.,content:docs/translation/stage6_w601_accounts_batch04_content_evidence_2026-09-27.txt,erpnext/accounts/doctype/exchange_rate_revaluation_account/exchange_rate_revaluation_account.json:None,Released and imported into catalog under version 1.14
This filter will be applied to Journal Entry.,سيتم تطبيق هذا المرشح على قيد اليومية.,سيتم تطبيق هذا المرشح على قيد اليومية.,PROPOSED-payload,quorum-confirmed-payload,AI draft; requires independent A1/A2/A3 quorum before release.,content:docs/translation/stage6_w601_accounts_batch04_content_evidence_2026-09-27.txt,erpnext/accounts/doctype/payment_reconciliation/payment_reconciliation.json:None,Released and imported into catalog under version 1.14
This invoice has already been paid.,تم سداد هذه الفاتورة بالفعل.,تم سداد هذه الفاتورة بالفعل.,PROPOSED-payload,quorum-confirmed-payload,AI draft; requires independent A1/A2/A3 quorum before release.,content:docs/translation/stage6_w601_accounts_batch04_content_evidence_2026-09-27.txt,erpnext/accounts/doctype/pos_invoice/pos_invoice.py:865,Released and imported into catalog under version 1.14
This schedule was created when Asset {0} was restored due to Sales Invoice {1} cancellation.,تم إنشاء هذا الجدول الزمني عند استعادة الأصل {0} نتيجة إلغاء فاتورة المبيعات {1}.,تم إنشاء هذا الجدول الزمني عند استعادة الأصل {0} نتيجة إلغاء فاتورة المبيعات {1}.,PROPOSED-payload,quorum-confirmed-payload,AI draft; requires independent A1/A2/A3 quorum before release.,content:docs/translation/stage6_w601_accounts_batch04_content_evidence_2026-09-27.txt,erpnext/accounts/doctype/sales_invoice/sales_invoice.py:1425,Released and imported into catalog under version 1.14
This schedule was created when Asset {0} was returned through Sales Invoice {1}.,تم إنشاء هذا الجدول الزمني عند إرجاع الأصل {0} من خلال فاتورة المبيعات {1}.,تم إنشاء هذا الجدول الزمني عند إرجاع الأصل {0} من خلال فاتورة المبيعات {1}.,PROPOSED-payload,quorum-confirmed-payload,AI draft; requires independent A1/A2/A3 quorum before release.,content:docs/translation/stage6_w601_accounts_batch04_content_evidence_2026-09-27.txt,erpnext/accounts/doctype/sales_invoice/sales_invoice.py:1421,Released and imported into catalog under version 1.14
This schedule was created when Asset {0} was {1} through Sales Invoice {2}.,تم إنشاء هذا الجدول الزمني عندما كان الأصل {0} {1} من خلال فاتورة المبيعات {2}.,تم إنشاء هذا الجدول الزمني عندما كان الأصل {0} {1} من خلال فاتورة المبيعات {2}.,PROPOSED-payload,quorum-confirmed-payload,AI draft; requires independent A1/A2/A3 quorum before release.,content:docs/translation/stage6_w601_accounts_batch04_content_evidence_2026-09-27.txt,erpnext/accounts/doctype/sales_invoice/sales_invoice.py:1397,Released and imported into catalog under version 1.14
Threshold for Suggestion (In Percentage),حد الاقتراح (كنسبة مئوية),حد الاقتراح (كنسبة مئوية),PROPOSED-payload,quorum-confirmed-payload,AI draft; requires independent A1/A2/A3 quorum before release.,content:docs/translation/stage6_w601_accounts_batch04_content_evidence_2026-09-27.txt,erpnext/accounts/doctype/pricing_rule/pricing_rule.json:None,Released and imported into catalog under version 1.14
Time Sheet,جدول ساعات,جدول ساعات,preserved-site-override,preserved-site-override,Preserve the exact live v16.localhost Site Override; do not import or replace.,stage6-W6-1 Accounts Batch 04 pending-owner-approval 2026-09-27,erpnext/accounts/doctype/sales_invoice_timesheet/sales_invoice_timesheet.json:None,Preserved verbatim from live v16.localhost; not imported
To Payment Date,إلى تاريخ الدفع,إلى تاريخ الدفع,preserved-site-override,preserved-site-override,Preserve the exact live v16.localhost Site Override; do not import or replace.,stage6-W6-1 Accounts Batch 04 pending-owner-approval 2026-09-27,erpnext/accounts/doctype/payment_reconciliation/payment_reconciliation.json:None; erpnext/accounts/doctype/process_payment_reconciliation/process_payment_reconciliation.json:None,Preserved verbatim from live v16.localhost; not imported
To Reference Date,إلى تاريخ المرجع,إلى تاريخ المرجع,preserved-site-override,preserved-site-override,Preserve the exact live v16.localhost Site Override; do not import or replace.,stage6-W6-1 Accounts Batch 04 pending-owner-approval 2026-09-27,erpnext/accounts/doctype/bank_reconciliation_tool/bank_reconciliation_tool.json:None,Preserved verbatim from live v16.localhost; not imported
To cancel a {} you need to cancel the POS Closing Entry {}.,لإلغاء {} تحتاج إلى إلغاء قيد إغلاق نقطة البيع {}.,لإلغاء {} تحتاج إلى إلغاء قيد إغلاق نقطة البيع {}.,PROPOSED-payload,quorum-confirmed-payload,AI draft; requires independent A1/A2/A3 quorum before release.,content:docs/translation/stage6_w601_accounts_batch04_content_evidence_2026-09-27.txt,erpnext/accounts/doctype/sales_invoice/sales_invoice.py:560,Released and imported into catalog under version 1.14
To cancel this Sales Invoice you need to cancel the POS Closing Entry {}.,لإلغاء فاتورة المبيعات هذه تحتاج إلى إلغاء قيد إغلاق نقطة البيع {}.,لإلغاء فاتورة المبيعات هذه تحتاج إلى إلغاء قيد إغلاق نقطة البيع {}.,PROPOSED-payload,quorum-confirmed-payload,AI draft; requires independent A1/A2/A3 quorum before release.,content:docs/translation/stage6_w601_accounts_batch04_content_evidence_2026-09-27.txt,erpnext/accounts/doctype/sales_invoice/sales_invoice.py:573,Released and imported into catalog under version 1.14
"To not apply Pricing Rule in a particular transaction, all applicable Pricing Rules should be disabled.",لعدم تطبيق قاعدة التسعير في معاملة معينة، يجب تعطيل جميع قواعد التسعير القابلة للتطبيق.,لعدم تطبيق قاعدة التسعير في معاملة معينة، يجب تعطيل جميع قواعد التسعير القابلة للتطبيق.,PROPOSED-payload,quorum-confirmed-payload,AI draft; requires independent A1/A2/A3 quorum before release.,content:docs/translation/stage6_w601_accounts_batch04_content_evidence_2026-09-27.txt,erpnext/accounts/doctype/pricing_rule/pricing_rule.js:42,Released and imported into catalog under version 1.14
To submit the invoice without purchase order please set {0} as {1} in {2},لترحيل الفاتورة دون أمر شراء، يرجى تعيين {0} كـ {1} في {2},لترحيل الفاتورة دون أمر شراء، يرجى تعيين {0} كـ {1} في {2},PROPOSED-payload,quorum-confirmed-payload,AI draft; requires independent A1/A2/A3 quorum before release.,content:docs/translation/stage6_w601_accounts_batch04_content_evidence_2026-09-27.txt,erpnext/accounts/doctype/purchase_invoice/purchase_invoice.py:628,Released and imported into catalog under version 1.14
To submit the invoice without purchase receipt please set {0} as {1} in {2},لترحيل الفاتورة دون إيصال شراء، يرجى تعيين {0} كـ {1} في {2},لترحيل الفاتورة دون إيصال شراء، يرجى تعيين {0} كـ {1} في {2},PROPOSED-payload,quorum-confirmed-payload,AI draft; requires independent A1/A2/A3 quorum before release.,content:docs/translation/stage6_w601_accounts_batch04_content_evidence_2026-09-27.txt,erpnext/accounts/doctype/purchase_invoice/purchase_invoice.py:649,Released and imported into catalog under version 1.14
"To use a different finance book, please uncheck 'Include Default FB Assets'",لاستخدام دفتر مالي مختلف، يرجى إلغاء تحديد 'تضمين أصول الدفتر المالي الافتراضي',لاستخدام دفتر مالي مختلف، يرجى إلغاء تحديد 'تضمين أصول الدفتر المالي الافتراضي',PROPOSED-payload,quorum-confirmed-payload,AI draft; requires independent A1/A2/A3 quorum before release.,content:docs/translation/stage6_w601_accounts_batch04_content_evidence_2026-09-27.txt,erpnext/accounts/report/asset_depreciation_ledger/asset_depreciation_ledger.py:48; erpnext/assets/report/fixed_asset_register/fixed_asset_register.py:234,Released and imported into catalog under version 1.14
Too many columns. Export the report and print it using a spreadsheet application.,أعمدة كثيرة جداً. قم بتصدير التقرير وطباعته باستخدام تطبيق جداول البيانات.,أعمدة كثيرة جداً. قم بتصدير التقرير وطباعته باستخدام تطبيق جداول البيانات.,PROPOSED-payload,quorum-confirmed-payload,AI draft; requires independent A1/A2/A3 quorum before release.,content:docs/translation/stage6_w601_accounts_batch04_content_evidence_2026-09-27.txt,erpnext/accounts/report/financial_statements.html:6,Released and imported into catalog under version 1.14
Total Allocations,إجمالي التخصيصات,إجمالي التخصيصات,preserved-site-override,preserved-site-override,Preserve the exact live v16.localhost Site Override; do not import or replace.,stage6-W6-1 Accounts Batch 04 pending-owner-approval 2026-09-27,erpnext/accounts/doctype/process_payment_reconciliation_log/process_payment_reconciliation_log.json:None,Preserved verbatim from live v16.localhost; not imported
Total Asset,إجمالي الأصول,إجمالي الأصول,preserved-site-override,preserved-site-override,Preserve the exact live v16.localhost Site Override; do not import or replace.,stage6-W6-1 Accounts Batch 04 pending-owner-approval 2026-09-27,erpnext/accounts/report/balance_sheet/balance_sheet.py:216,Preserved verbatim from live v16.localhost; not imported
Total Billing Hours,إجمالي ساعات الفوترة,إجمالي ساعات الفوترة,preserved-site-override,preserved-site-override,Preserve the exact live v16.localhost Site Override; do not import or replace.,stage6-W6-1 Accounts Batch 04 pending-owner-approval 2026-09-27,erpnext/accounts/doctype/sales_invoice/sales_invoice.json:None,Preserved verbatim from live v16.localhost; not imported
Total Equity,إجمالي حقوق الملكية,إجمالي حقوق الملكية,preserved-site-override,preserved-site-override,Preserve the exact live v16.localhost Site Override; do not import or replace.,stage6-W6-1 Accounts Batch 04 pending-owner-approval 2026-09-27,erpnext/accounts/report/balance_sheet/balance_sheet.py:223,Preserved verbatim from live v16.localhost; not imported
Total Expenses booked through,إجمالي المصروفات المسجلة من خلال,إجمالي المصروفات المسجلة من خلال,PROPOSED-payload,quorum-confirmed-payload,AI draft; requires independent A1/A2/A3 quorum before release.,content:docs/translation/stage6_w601_accounts_batch04_content_evidence_2026-09-27.txt,erpnext/accounts/doctype/budget/budget.py:576,Released and imported into catalog under version 1.14
Total Incoming Bills,إجمالي الفواتير الواردة,إجمالي الفواتير الواردة,preserved-site-override,preserved-site-override,Preserve the exact live v16.localhost Site Override; do not import or replace.,stage6-W6-1 Accounts Batch 04 pending-owner-approval 2026-09-27,erpnext/accounts/workspace/accounting/accounting.json:None,Preserved verbatim from live v16.localhost; not imported
Total Incoming Payment,إجمالي المدفوعات الواردة,إجمالي المدفوعات الواردة,preserved-site-override,preserved-site-override,Preserve the exact live v16.localhost Site Override; do not import or replace.,stage6-W6-1 Accounts Batch 04 pending-owner-approval 2026-09-27,erpnext/accounts/workspace/accounting/accounting.json:None,Preserved verbatim from live v16.localhost; not imported
Total Interest,إجمالي الفائدة,إجمالي الفائدة,preserved-site-override,preserved-site-override,Preserve the exact live v16.localhost Site Override; do not import or replace.,stage6-W6-1 Accounts Batch 04 pending-owner-approval 2026-09-27,erpnext/accounts/doctype/dunning/dunning.json:None,Preserved verbatim from live v16.localhost; not imported
Total Liability,إجمالي الالتزامات,إجمالي الالتزامات,preserved-site-override,preserved-site-override,Preserve the exact live v16.localhost Site Override; do not import or replace.,stage6-W6-1 Accounts Batch 04 pending-owner-approval 2026-09-27,erpnext/accounts/report/balance_sheet/balance_sheet.py:219,Preserved verbatim from live v16.localhost; not imported
Total Other Charges,إجمالي الرسوم الأخرى,إجمالي الرسوم الأخرى,preserved-site-override,preserved-site-override,Preserve the exact live v16.localhost Site Override; do not import or replace.,stage6-W6-1 Accounts Batch 04 pending-owner-approval 2026-09-27,erpnext/accounts/report/item_wise_sales_register/item_wise_sales_register.py:622,Preserved verbatim from live v16.localhost; not imported
Total Outgoing Bills,إجمالي الفواتير الصادرة,إجمالي الفواتير الصادرة,preserved-site-override,preserved-site-override,Preserve the exact live v16.localhost Site Override; do not import or replace.,stage6-W6-1 Accounts Batch 04 pending-owner-approval 2026-09-27,erpnext/accounts/workspace/accounting/accounting.json:None,Preserved verbatim from live v16.localhost; not imported
Total Outgoing Payment,إجمالي المدفوعات الصادرة,إجمالي المدفوعات الصادرة,preserved-site-override,preserved-site-override,Preserve the exact live v16.localhost Site Override; do not import or replace.,stage6-W6-1 Accounts Batch 04 pending-owner-approval 2026-09-27,erpnext/accounts/workspace/accounting/accounting.json:None,Preserved verbatim from live v16.localhost; not imported
Total distributed amount {0} must be equal to Budget Amount {1},يجب أن يكون إجمالي المبلغ الموزع {0} مساوياً لمبلغ الميزانية {1},يجب أن يكون إجمالي المبلغ الموزع {0} مساوياً لمبلغ الميزانية {1},PROPOSED-payload,quorum-confirmed-payload,AI draft; requires independent A1/A2/A3 quorum before release.,content:docs/translation/stage6_w601_accounts_batch04_content_evidence_2026-09-27.txt,erpnext/accounts/doctype/budget/budget.py:363,Released and imported into catalog under version 1.14
Total distribution percent must equal 100 (currently {0}),يجب أن تكون نسبة التوزيع الإجمالية مساوية لـ 100 (حالياً {0}),يجب أن تكون نسبة التوزيع الإجمالية مساوية لـ 100 (حالياً {0}),PROPOSED-payload,quorum-confirmed-payload,AI draft; requires independent A1/A2/A3 quorum before release.,content:docs/translation/stage6_w601_accounts_batch04_content_evidence_2026-09-27.txt,erpnext/accounts/doctype/budget/budget.py:370,Released and imported into catalog under version 1.14
Total percentage against cost centers should be 100,يجب أن يكون إجمالي النسبة المئوية مقابل مراكز التكلفة 100,يجب أن يكون إجمالي النسبة المئوية مقابل مراكز التكلفة 100,PROPOSED-payload,quorum-confirmed-payload,AI draft; requires independent A1/A2/A3 quorum before release.,content:docs/translation/stage6_w601_accounts_batch04_content_evidence_2026-09-27.txt,erpnext/accounts/doctype/cost_center_allocation/cost_center_allocation.py:66,Released and imported into catalog under version 1.14
Track separate Income and Expense for product verticals or divisions.,تتبع الدخل والمصروفات المنفصلة لقطاعات أو أقسام المنتجات.,تتبع الدخل والمصروفات المنفصلة لقطاعات أو أقسام المنتجات.,PROPOSED-payload,quorum-confirmed-payload,AI draft; requires independent A1/A2/A3 quorum before release.,content:docs/translation/stage6_w601_accounts_batch04_content_evidence_2026-09-27.txt,erpnext/accounts/doctype/cost_center/cost_center.json:None,Released and imported into catalog under version 1.14
Transaction Deletion Record Details,تفاصيل سجل حذف المعاملة,تفاصيل سجل حذف المعاملة,preserved-site-override,preserved-site-override,Preserve the exact live v16.localhost Site Override; do not import or replace.,stage6-W6-1 Accounts Batch 04 pending-owner-approval 2026-09-27,erpnext/accounts/doctype/transaction_deletion_record_details/transaction_deletion_record_details.json:None,Preserved verbatim from live v16.localhost; not imported
Transaction Exchange Rate,سعر صرف المعاملة,سعر صرف المعاملة,preserved-site-override,preserved-site-override,Preserve the exact live v16.localhost Site Override; do not import or replace.,stage6-W6-1 Accounts Batch 04 pending-owner-approval 2026-09-27,erpnext/accounts/doctype/gl_entry/gl_entry.json:None,Preserved verbatim from live v16.localhost; not imported
Transaction currency: {0} cannot be different from Bank Account({1}) currency: {2},عملة المعاملة: {0} لا يمكن أن تختلف عن عملة الحساب البنكي({1}): {2},عملة المعاملة: {0} لا يمكن أن تختلف عن عملة الحساب البنكي({1}): {2},PROPOSED-payload,quorum-confirmed-payload,AI draft; requires independent A1/A2/A3 quorum before release.,content:docs/translation/stage6_w601_accounts_batch04_content_evidence_2026-09-27.txt,erpnext/accounts/doctype/bank_transaction/bank_transaction.py:68,Released and imported into catalog under version 1.14
Transactions using Sales Invoice in POS are disabled.,المعاملات باستخدام فاتورة المبيعات في نقطة البيع معطلة.,المعاملات باستخدام فاتورة المبيعات في نقطة البيع معطلة.,PROPOSED-payload,quorum-confirmed-payload,AI draft; requires independent A1/A2/A3 quorum before release.,content:docs/translation/stage6_w601_accounts_batch04_content_evidence_2026-09-27.txt,erpnext/accounts/doctype/sales_invoice/sales_invoice.py:1135,Released and imported into catalog under version 1.14
Trialing,تجريبي,تجريبي,preserved-site-override,preserved-site-override,Preserve the exact live v16.localhost Site Override; do not import or replace.,stage6-W6-1 Accounts Batch 04 pending-owner-approval 2026-09-27,erpnext/accounts/doctype/subscription/subscription.json:None; erpnext/accounts/doctype/subscription/subscription_list.js:4,Preserved verbatim from live v16.localhost; not imported
Truncates 'Remarks' column to set character length,يقص عمود 'ملاحظات' إلى طول أحرف محدد,يقص عمود 'ملاحظات' إلى طول أحرف محدد,PROPOSED-payload,quorum-confirmed-payload,AI draft; requires independent A1/A2/A3 quorum before release.,content:docs/translation/stage6_w601_accounts_batch04_content_evidence_2026-09-27.txt,erpnext/accounts/doctype/accounts_settings/accounts_settings.json:None,Released and imported into catalog under version 1.14
Turnover Ratios,نسب الدوران,نسب الدوران,preserved-site-override,preserved-site-override,Preserve the exact live v16.localhost Site Override; do not import or replace.,stage6-W6-1 Accounts Batch 04 pending-owner-approval 2026-09-27,erpnext/accounts/report/financial_ratios/financial_ratios.js:55; erpnext/accounts/report/financial_ratios/financial_ratios.py:198,Preserved verbatim from live v16.localhost; not imported
Type of financial statement this template generates,نوع القائمة المالية التي ينشئها هذا القالب,نوع القائمة المالية التي ينشئها هذا القالب,PROPOSED-payload,quorum-confirmed-payload,AI draft; requires independent A1/A2/A3 quorum before release.,content:docs/translation/stage6_w601_accounts_batch04_content_evidence_2026-09-27.txt,erpnext/accounts/doctype/financial_report_template/financial_report_template.json:None,Released and imported into catalog under version 1.14
UAE VAT 201,ضريبة القيمة المضافة الإماراتية 201,ضريبة القيمة المضافة الإماراتية 201,preserved-site-override,preserved-site-override,Preserve the exact live v16.localhost Site Override; do not import or replace.,stage6-W6-1 Accounts Batch 04 pending-owner-approval 2026-09-27,erpnext/accounts/workspace/financial_reports/financial_reports.json:None; erpnext/regional/report/uae_vat_201/uae_vat_201.json:None,Preserved verbatim from live v16.localhost; not imported
UnBuffered Cursor,مؤشر غير مخزن مؤقتاً,مؤشر غير مخزن مؤقتاً,PROPOSED-payload,quorum-confirmed-payload,AI draft; requires independent A1/A2/A3 quorum before release.,content:docs/translation/stage6_w601_accounts_batch04_content_evidence_2026-09-27.txt,erpnext/accounts/doctype/accounts_settings/accounts_settings.json:None,Released and imported into catalog under version 1.14
Unbilled Orders,أوامر غير مفوترة,أوامر غير مفوترة,preserved-site-override,preserved-site-override,Preserve the exact live v16.localhost Site Override; do not import or replace.,stage6-W6-1 Accounts Batch 04 pending-owner-approval 2026-09-27,erpnext/accounts/doctype/budget/budget.py:649,Preserved verbatim from live v16.localhost; not imported
Unlinked,غير مربوط,غير مربوط,preserved-site-override,preserved-site-override,Preserve the exact live v16.localhost Site Override; do not import or replace.,stage6-W6-1 Accounts Batch 04 pending-owner-approval 2026-09-27,erpnext/accounts/doctype/unreconcile_payment_entries/unreconcile_payment_entries.json:None,Preserved verbatim from live v16.localhost; not imported
Unrealized Profit / Loss Account,حساب ربح/خسارة غير محققة,حساب ربح/خسارة غير محققة,preserved-site-override,preserved-site-override,Preserve the exact live v16.localhost Site Override; do not import or replace.,stage6-W6-1 Accounts Batch 04 pending-owner-approval 2026-09-27,erpnext/accounts/doctype/purchase_invoice/purchase_invoice.json:None; erpnext/accounts/doctype/sales_invoice/sales_invoice.json:None; erpnext/setup/doctype/company/company.json:None,Preserved verbatim from live v16.localhost; not imported
Unrealized Profit / Loss account for intra-company transfers,حساب الأرباح / الخسائر غير المحققة للتحويلات داخل الشركة,حساب الأرباح / الخسائر غير المحققة للتحويلات داخل الشركة,PROPOSED-payload,quorum-confirmed-payload,AI draft; requires independent A1/A2/A3 quorum before release.,content:docs/translation/stage6_w601_accounts_batch04_content_evidence_2026-09-27.txt,erpnext/accounts/doctype/sales_invoice/sales_invoice.json:None,Released and imported into catalog under version 1.14
Unrealized Profit/Loss account for intra-company transfers,حساب الأرباح/الخسائر غير المحققة للتحويلات داخل الشركة,حساب الأرباح/الخسائر غير المحققة للتحويلات داخل الشركة,PROPOSED-payload,quorum-confirmed-payload,AI draft; requires independent A1/A2/A3 quorum before release.,content:docs/translation/stage6_w601_accounts_batch04_content_evidence_2026-09-27.txt,erpnext/accounts/doctype/purchase_invoice/purchase_invoice.json:None,Released and imported into catalog under version 1.14
Unreconcile Payment,إلغاء تسوية الدفع,إلغاء تسوية الدفع,preserved-site-override,preserved-site-override,Preserve the exact live v16.localhost Site Override; do not import or replace.,stage6-W6-1 Accounts Batch 04 pending-owner-approval 2026-09-27,erpnext/accounts/doctype/unreconcile_payment/unreconcile_payment.json:None,Preserved verbatim from live v16.localhost; not imported
Unreconcile Payment Entries,قيود إلغاء تسوية الدفع,قيود إلغاء تسوية الدفع,preserved-site-override,preserved-site-override,Preserve the exact live v16.localhost Site Override; do not import or replace.,stage6-W6-1 Accounts Batch 04 pending-owner-approval 2026-09-27,erpnext/accounts/doctype/unreconcile_payment_entries/unreconcile_payment_entries.json:None,Preserved verbatim from live v16.localhost; not imported
Unreconcile Transaction,إلغاء تسوية المعاملة,إلغاء تسوية المعاملة,preserved-site-override,preserved-site-override,Preserve the exact live v16.localhost Site Override; do not import or replace.,stage6-W6-1 Accounts Batch 04 pending-owner-approval 2026-09-27,erpnext/accounts/doctype/bank_transaction/bank_transaction.js:40,Preserved verbatim from live v16.localhost; not imported
Unreconciled Amount,مبلغ غير مسوى,مبلغ غير مسوى,preserved-site-override,preserved-site-override,Preserve the exact live v16.localhost Site Override; do not import or replace.,stage6-W6-1 Accounts Batch 04 pending-owner-approval 2026-09-27,erpnext/accounts/doctype/payment_reconciliation_allocation/payment_reconciliation_allocation.json:None; erpnext/accounts/doctype/process_payment_reconciliation_log_allocations/process_payment_reconciliation_log_allocations.json:None,Preserved verbatim from live v16.localhost; not imported
Unreconciled Entries,قيود غير مسواة,قيود غير مسواة,preserved-site-override,preserved-site-override,Preserve the exact live v16.localhost Site Override; do not import or replace.,stage6-W6-1 Accounts Batch 04 pending-owner-approval 2026-09-27,erpnext/accounts/doctype/payment_reconciliation/payment_reconciliation.json:None,Preserved verbatim from live v16.localhost; not imported
Up,للأعلى,للأعلى,PROPOSED-payload,quorum-confirmed-payload,AI draft; requires independent A1/A2/A3 quorum before release.,content:docs/translation/stage6_w601_accounts_batch04_content_evidence_2026-09-27.txt,erpnext/accounts/doctype/bisect_accounting_statements/bisect_accounting_statements.js:17,Released and imported into catalog under version 1.14
Update Billed Amount in Delivery Note,تحديث المبلغ المفوتر في إذن التسليم,تحديث المبلغ المفوتر في إذن التسليم,preserved-site-override,preserved-site-override,Preserve the exact live v16.localhost Site Override; do not import or replace.,stage6-W6-1 Accounts Batch 04 pending-owner-approval 2026-09-27,erpnext/accounts/doctype/pos_invoice/pos_invoice.json:None; erpnext/accounts/doctype/sales_invoice/sales_invoice.json:None,Preserved verbatim from live v16.localhost; not imported
Update Billed Amount in Purchase Order,تحديث المبلغ المفوتر في أمر الشراء,تحديث المبلغ المفوتر في أمر الشراء,preserved-site-override,preserved-site-override,Preserve the exact live v16.localhost Site Override; do not import or replace.,stage6-W6-1 Accounts Batch 04 pending-owner-approval 2026-09-27,erpnext/accounts/doctype/purchase_invoice/purchase_invoice.json:None,Preserved verbatim from live v16.localhost; not imported
Update Billed Amount in Purchase Receipt,تحديث المبلغ المفوتر في إيصال الشراء,تحديث المبلغ المفوتر في إيصال الشراء,preserved-site-override,preserved-site-override,Preserve the exact live v16.localhost Site Override; do not import or replace.,stage6-W6-1 Accounts Batch 04 pending-owner-approval 2026-09-27,erpnext/accounts/doctype/purchase_invoice/purchase_invoice.json:None,Preserved verbatim from live v16.localhost; not imported
Update Outstanding for Self,تحديث المستحق لنفسه,تحديث المستحق لنفسه,preserved-site-override,preserved-site-override,Preserve the exact live v16.localhost Site Override; do not import or replace.,stage6-W6-1 Accounts Batch 04 pending-owner-approval 2026-09-27,erpnext/accounts/doctype/purchase_invoice/purchase_invoice.json:None; erpnext/accounts/doctype/sales_invoice/sales_invoice.json:None; erpnext/controllers/accounts_controller.py:196,Preserved verbatim from live v16.localhost; not imported
Updated {0} Financial Report Row(s) with new category name,تم تحديث {0} صف(صفوف) تقرير مالي بالاسم الجديد للفئة,تم تحديث {0} صف(صفوف) تقرير مالي بالاسم الجديد للفئة,PROPOSED-payload,quorum-confirmed-payload,AI draft; requires independent A1/A2/A3 quorum before release.,content:docs/translation/stage6_w601_accounts_batch04_content_evidence_2026-09-27.txt,erpnext/accounts/doctype/account_category/account_category.py:54,Released and imported into catalog under version 1.14
Upload Bank Statement,رفع كشف البنك,رفع كشف البنك,preserved-site-override,preserved-site-override,Preserve the exact live v16.localhost Site Override; do not import or replace.,stage6-W6-1 Accounts Batch 04 pending-owner-approval 2026-09-27,erpnext/accounts/doctype/bank_reconciliation_tool/bank_reconciliation_tool.js:48,Preserved verbatim from live v16.localhost; not imported
Use CSV Sniffer,استخدام كاشف CSV,استخدام كاشف CSV,preserved-site-override,preserved-site-override,Preserve the exact live v16.localhost Site Override; do not import or replace.,stage6-W6-1 Accounts Batch 04 pending-owner-approval 2026-09-27,erpnext/accounts/doctype/bank_statement_import/bank_statement_import.json:None,Preserved verbatim from live v16.localhost; not imported
Use Company Default Round Off Cost Center,استخدام مركز تكلفة التقريب الافتراضي للشركة,استخدام مركز تكلفة التقريب الافتراضي للشركة,preserved-site-override,preserved-site-override,Preserve the exact live v16.localhost Site Override; do not import or replace.,stage6-W6-1 Accounts Batch 04 pending-owner-approval 2026-09-27,erpnext/accounts/doctype/purchase_invoice/purchase_invoice.json:None,Preserved verbatim from live v16.localhost; not imported
Use Company default Cost Center for Round off,استخدام مركز التكلفة الافتراضي للشركة للتقريب,استخدام مركز التكلفة الافتراضي للشركة للتقريب,preserved-site-override,preserved-site-override,Preserve the exact live v16.localhost Site Override; do not import or replace.,stage6-W6-1 Accounts Batch 04 pending-owner-approval 2026-09-27,erpnext/accounts/doctype/sales_invoice/sales_invoice.json:None,Preserved verbatim from live v16.localhost; not imported
Use HTTP Protocol,استخدام بروتوكول HTTP,استخدام بروتوكول HTTP,preserved-site-override,preserved-site-override,Preserve the exact live v16.localhost Site Override; do not import or replace.,stage6-W6-1 Accounts Batch 04 pending-owner-approval 2026-09-27,erpnext/accounts/doctype/currency_exchange_settings/currency_exchange_settings.json:None,Preserved verbatim from live v16.localhost; not imported
Use Legacy Budget Controller,استخدام متحكم الميزانية القديم,استخدام متحكم الميزانية القديم,preserved-site-override,preserved-site-override,Preserve the exact live v16.localhost Site Override; do not import or replace.,stage6-W6-1 Accounts Batch 04 pending-owner-approval 2026-09-27,erpnext/accounts/doctype/accounts_settings/accounts_settings.json:None,Preserved verbatim from live v16.localhost; not imported
Use Legacy Controller For Period Closing Voucher,استخدام المتحكم القديم لسند إقفال الفترة,استخدام المتحكم القديم لسند إقفال الفترة,PROPOSED-payload,quorum-confirmed-payload,AI draft; requires independent A1/A2/A3 quorum before release.,content:docs/translation/stage6_w601_accounts_batch04_content_evidence_2026-09-27.txt,erpnext/accounts/doctype/accounts_settings/accounts_settings.json:None,Released and imported into catalog under version 1.14
Use Serial No / Batch Fields,استخدام حقول الرقم التسلسلي/الدفعة,استخدام حقول الرقم التسلسلي/الدفعة,preserved-site-override,preserved-site-override,Preserve the exact live v16.localhost Site Override; do not import or replace.,stage6-W6-1 Accounts Batch 04 pending-owner-approval 2026-09-27,erpnext/accounts/doctype/pos_invoice_item/pos_invoice_item.json:None; erpnext/accounts/doctype/purchase_invoice_item/purchase_invoice_item.json:None; erpnext/accounts/doctype/sales_invoice_item/sales_invoice_item.json:None; erpnext/assets/doctype/asset_capitalization_stock_item/asset_capitalization_stock_item.json:None; erpnext/stock/doctype/delivery_note_item/delivery_note_item.json:None; erpnext/stock/doctype/packed_item/packed_item.json:None; erpnext/stock/doctype/pick_list_item/pick_list_item.json:None; erpnext/stock/doctype/purchase_receipt_item/purchase_receipt_item.json:None; erpnext/stock/doctype/stock_entry_detail/stock_entry_detail.json:None; erpnext/stock/doctype/stock_reconciliation_item/stock_reconciliation_item.json:None; erpnext/subcontracting/doctype/subcontracting_receipt_item/subcontracting_receipt_item.json:None; erpnext/subcontracting/doctype/subcontracting_receipt_supplied_item/subcontracting_receipt_supplied_item.json:None,Preserved verbatim from live v16.localhost; not imported
Use Transaction Date Exchange Rate,استخدام سعر صرف تاريخ المعاملة,استخدام سعر صرف تاريخ المعاملة,preserved-site-override,preserved-site-override,Preserve the exact live v16.localhost Site Override; do not import or replace.,stage6-W6-1 Accounts Batch 04 pending-owner-approval 2026-09-27,erpnext/accounts/doctype/purchase_invoice/purchase_invoice.json:None; erpnext/buying/doctype/buying_settings/buying_settings.json:None,Preserved verbatim from live v16.localhost; not imported
Used with Financial Report Template,يُستخدم مع قالب التقرير المالي,يُستخدم مع قالب التقرير المالي,PROPOSED-payload,quorum-confirmed-payload,AI draft; requires independent A1/A2/A3 quorum before release.,content:docs/translation/stage6_w601_accounts_batch04_content_evidence_2026-09-27.txt,erpnext/accounts/doctype/account/account.json:None,Released and imported into catalog under version 1.14
Users with this role are allowed to over bill above the allowance percentage,يُسمح للمستخدمين بهذا الدور بالفوترة الزائدة بما يتجاوز نسبة السماح,يُسمح للمستخدمين بهذا الدور بالفوترة الزائدة بما يتجاوز نسبة السماح,PROPOSED-payload,quorum-confirmed-payload,AI draft; requires independent A1/A2/A3 quorum before release.,content:docs/translation/stage6_w601_accounts_batch04_content_evidence_2026-09-27.txt,erpnext/accounts/doctype/accounts_settings/accounts_settings.json:None,Released and imported into catalog under version 1.14
Users with this role will be notified if the asset depreciation gets failed,سيتم إخطار المستخدمين بهذا الدور في حال فشل إهلاك الأصل,سيتم إخطار المستخدمين بهذا الدور في حال فشل إهلاك الأصل,PROPOSED-payload,quorum-confirmed-payload,AI draft; requires independent A1/A2/A3 quorum before release.,content:docs/translation/stage6_w601_accounts_batch04_content_evidence_2026-09-27.txt,erpnext/accounts/doctype/accounts_settings/accounts_settings.json:None,Released and imported into catalog under version 1.14
Valid From must be after {0} as last GL Entry against the cost center {1} posted on this date,يجب أن يكون حقل صالح من بعد {0} نظراً لترحيل آخر قيد دفتر أستاذ عام مقابل مركز التكلفة {1} في هذا التاريخ,يجب أن يكون حقل صالح من بعد {0} نظراً لترحيل آخر قيد دفتر أستاذ عام مقابل مركز التكلفة {1} في هذا التاريخ,PROPOSED-payload,quorum-confirmed-payload,AI draft; requires independent A1/A2/A3 quorum before release.,content:docs/translation/stage6_w601_accounts_batch04_content_evidence_2026-09-27.txt,erpnext/accounts/doctype/cost_center_allocation/cost_center_allocation.py:82,Released and imported into catalog under version 1.14
Valid Up To,صالح حتى,صالح حتى,preserved-site-override,preserved-site-override,Preserve the exact live v16.localhost Site Override; do not import or replace.,stage6-W6-1 Accounts Batch 04 pending-owner-approval 2026-09-27,erpnext/accounts/doctype/coupon_code/coupon_code.json:None; erpnext/accounts/doctype/pricing_rule/pricing_rule.json:None; erpnext/accounts/doctype/promotional_scheme/promotional_scheme.json:None; erpnext/regional/doctype/lower_deduction_certificate/lower_deduction_certificate.json:None; erpnext/setup/doctype/employee/employee.json:None; erpnext/stock/doctype/item_price/item_price.json:None,Preserved verbatim from live v16.localhost; not imported
Validate Pricing Rule,التحقق من قاعدة التسعير,التحقق من قاعدة التسعير,preserved-site-override,preserved-site-override,Preserve the exact live v16.localhost Site Override; do not import or replace.,stage6-W6-1 Accounts Batch 04 pending-owner-approval 2026-09-27,erpnext/accounts/doctype/pricing_rule/pricing_rule.json:None,Preserved verbatim from live v16.localhost; not imported
Validate Stock on Save,التحقق من المخزون عند الحفظ,التحقق من المخزون عند الحفظ,preserved-site-override,preserved-site-override,Preserve the exact live v16.localhost Site Override; do not import or replace.,stage6-W6-1 Accounts Batch 04 pending-owner-approval 2026-09-27,erpnext/accounts/doctype/pos_profile/pos_profile.json:None,Preserved verbatim from live v16.localhost; not imported
Valuation rate for the item as per Sales Invoice (Only for Internal Transfers),سعر تقييم الصنف حسب فاتورة المبيعات (للتحويلات الداخلية فقط),سعر تقييم الصنف حسب فاتورة المبيعات (للتحويلات الداخلية فقط),PROPOSED-payload,quorum-confirmed-payload,AI draft; requires independent A1/A2/A3 quorum before release.,content:docs/translation/stage6_w601_accounts_batch04_content_evidence_2026-09-27.txt,erpnext/accounts/doctype/purchase_invoice_item/purchase_invoice_item.json:None; erpnext/stock/doctype/purchase_receipt_item/purchase_receipt_item.json:None,Released and imported into catalog under version 1.14
