app,msgid,context,locations,comments,ct_app,po_translation,runtime_translation,effective_translation,proposed_translation,domain,priority,a1_status,a1_reviewer,a1_notes,a2_status,a2_reviewer,a2_notes,a3_status,a3_reviewer,a3_notes,qa_flags,cross_app_conflict,release_status,references
construction,Payment Certificate,,,,construction,,مستخلص,مستخلص,مستخلص,accounts,missing,Approved,Mona Khalil - Arabic Localization Lead,,Approved,Hesham Farouk - Egyptian Construction Accountant (EAS 48 / ETA),,Approved,Nadia Mostafa - Translation QA / Structural Review,,,,Released,glossary v1.0
construction,Retention Money,,,,construction,,محتجزات ضمان,محتجزات ضمان,محتجزات ضمان,accounts,missing,Approved,Mona Khalil - Arabic Localization Lead,,Approved,Hesham Farouk - Egyptian Construction Accountant (EAS 48 / ETA),,Approved,Nadia Mostafa - Translation QA / Structural Review,,,,Released,EAS 48 Contract Asset/Liability + MOF final guarantee terminology; glossary v2.0 accounts
construction,Retention,,,,construction,,محتجزات ضمان,محتجزات ضمان,محتجزات ضمان,accounts,missing,Approved,Mona Khalil - Arabic Localization Lead,,Approved,Hesham Farouk - Egyptian Construction Accountant (EAS 48 / ETA),,Approved,Nadia Mostafa - Translation QA / Structural Review,,,,Released,EAS 48 Contract Asset/Liability + MOF final guarantee terminology; glossary v2.0 accounts
erpnext,Child Account,,,,erpnext,,حساب فرعي,حساب فرعي,حساب فرعي,accounts,missing,Approved,Mona Khalil - Arabic Localization Lead,,Approved,Hesham Farouk - Egyptian Construction Accountant (EAS 48 / ETA),,Approved,Nadia Mostafa - Translation QA / Structural Review,,,,Released,glossary v1.0
erpnext,"<label class=""control-label"" style=""margin-bottom: 0px;"">Account Number Settings</label>",,,,erpnext,,,,,accounts,missing,,,,,,,,,,html_imbalance,,Pending,
erpnext,Invoiced Qty,,,,erpnext,,الكمية المفوترة,الكمية المفوترة,,accounts,missing,,,,,,,,,,,,Pending,
erpnext,Create Invoices,,,,erpnext,إنشاء الفواتير,,إنشاء الفواتير,,accounts,pending,,,,,,,,,,,,Approved,
frappe,A new account has been created for you at {0},,,,frappe,تم إنشاء حساب جديد لك في {0},,تم إنشاء حساب جديد لك في {0},,accounts,pending,,,,,,,,,,,,Approved,
erpnext,Payment Mode,,,,erpnext,طريقة الدفع,,طريقة الدفع,,accounts,pending,,,,,,,,,,,,Approved,
erpnext,Exception Budget Approver Role,,,,erpnext,دور الموافقة على الموازنة الاستثنائية,,دور الموافقة على الموازنة الاستثنائية,,accounts,pending,,,,,,,,,,,,Approved,
erpnext,This action will unlink this account from any external service integrating ERPNext with your bank accounts. It cannot be undone. Are you certain ?,,,,erpnext,سيؤدي هذا الإجراء إلى إلغاء ربط هذا الحساب بأي خدمة خارجية تدمج ERPNext مع حساباتك المصرفية. لا يمكن التراجع. هل أنت متأكد؟,,سيؤدي هذا الإجراء إلى إلغاء ربط هذا الحساب بأي خدمة خارجية تدمج ERPNext مع حساباتك المصرفية. لا يمكن التراجع. هل أنت متأكد؟,,accounts,pending,,,,,,,,,,,,Approved,
erpnext,Cost Center: {0} does not exist,,,,erpnext,مركز التكلفة: {0} غير موجود,,مركز التكلفة: {0} غير موجود,,accounts,pending,,,,,,,,,,,,Approved,
erpnext,Accounting Entry for Asset,,,,erpnext,المدخلات الحسابية للأصول,,المدخلات الحسابية للأصول,,accounts,pending,,,,,,,,,,,,Approved,
erpnext,Include Account Currency,,,,erpnext,,تضمين عملة الحساب,تضمين عملة الحساب,,accounts,missing,,,,,,,,,,,,Pending,
frappe,Dashboard Chart Field,,,,frappe,حقل مخطط لوحة القيادة,,حقل مخطط لوحة القيادة,,accounts,pending,,,,,,,,,,,,Approved,
erpnext,This filter will be applied to Journal Entry.,,,,erpnext,,,,,accounts,missing,,,,,,,,,,,,Pending,
erpnext,Formula or Account Filter,,,,erpnext,,صيغة أو عامل تصفية الحساب,صيغة أو عامل تصفية الحساب,,accounts,missing,,,,,,,,,,,,Pending,
erpnext,Set Advances and Allocate (FIFO),,,,erpnext,تعيين السلف والتخصيص (FIFO),,تعيين السلف والتخصيص (FIFO),,accounts,pending,,,,,,,,,,,,Approved,
erpnext,Repost Accounting Ledger Items,,,,erpnext,,عناصر إعادة نشر دفتر الأستاذ المحاسبي,عناصر إعادة نشر دفتر الأستاذ المحاسبي,,accounts,missing,,,,,,,,,,,,Pending,
erpnext,Accounts Receivable / Payable Tuning,,,,erpnext,,ضبط الحسابات المدينة والدائنة,ضبط الحسابات المدينة والدائنة,,accounts,missing,,,,,,,,,,,,Pending,
erpnext,Reconcile on Advance Payment Date,,,,erpnext,,التسوية بتاريخ الدفعة المقدمة,التسوية بتاريخ الدفعة المقدمة,,accounts,missing,,,,,,,,,,,,Pending,
erpnext,"If enabled, the consolidated invoices will have rounded total disabled",,,,erpnext,,,,,accounts,missing,,,,,,,,,,,,Pending,
erpnext,Please ensure that the {0} account {1} is a Payable account. You can change the account type to Payable or select a different account.,,,,erpnext,,,,,accounts,missing,,,,,,,,,,placeholder_mismatch,,Pending,
erpnext,Row #{}: POS Invoice {} is not submitted yet,,,,erpnext,الصف رقم {}: فاتورة نقاط البيع {} لم يتم تقديمها بعد,,الصف رقم {}: فاتورة نقاط البيع {} لم يتم تقديمها بعد,,accounts,pending,,,,,,,,,,,,Approved,
erpnext,Payment Order Type,,,,erpnext,نوع طلب الدفع,,نوع طلب الدفع,,accounts,pending,,,,,,,,,,,,Approved,
erpnext,Account {0} cannot be disabled as it is already set as {1} for {2}.,,,,erpnext,,,,,accounts,missing,,,,,,,,,,placeholder_mismatch,,Pending,
erpnext,Amount in Account Currency,,,,erpnext,,المبلغ بعملة الحساب,المبلغ بعملة الحساب,,accounts,missing,,,,,,,,,,,,Pending,
erpnext,Journal Entries,,,,erpnext,,قيود اليومية,قيود اليومية,,accounts,missing,,,,,,,,,,,,Pending,
erpnext,Action on New Invoice,,,,erpnext,,الإجراء عند فاتورة جديدة,الإجراء عند فاتورة جديدة,,accounts,missing,,,,,,,,,,,,Pending,
frappe,On Payment Authorization,,,,frappe,,,,,accounts,missing,,,,,,,,,,,,Pending,
frappe,Document type is required to create a dashboard chart,,,,frappe,نوع المستند مطلوب لإنشاء مخطط لوحة معلومات,,نوع المستند مطلوب لإنشاء مخطط لوحة معلومات,,accounts,pending,,,,,,,,,,,,Approved,
erpnext,Please disable workflow temporarily for Journal Entry {0},,,,erpnext,,,,,accounts,missing,,,,,,,,,,placeholder_mismatch,,Pending,
frappe,Error while connecting to email account {0},,,,frappe,حدث خطأ أثناء الاتصال بحساب البريد الإلكتروني {0},,حدث خطأ أثناء الاتصال بحساب البريد الإلكتروني {0},,accounts,pending,,,,,,,,,,,,Approved,
erpnext,Sales Invoice Advance,,,,erpnext,فاتورة مبيعات المقدمة,,فاتورة مبيعات المقدمة,,accounts,pending,,,,,,,,,,,,Approved,
erpnext,Receivable/Payable Account,,,,erpnext,,حساب مدين/دائن,حساب مدين/دائن,,accounts,missing,,,,,,,,,,,,Pending,
erpnext,Please set default Cash or Bank account in Mode of Payments {},,,,erpnext,الرجاء تعيين حساب نقدي أو مصرفي افتراضي في طريقة الدفع {},,الرجاء تعيين حساب نقدي أو مصرفي افتراضي في طريقة الدفع {},,accounts,pending,,,,,,,,,,,,Approved,
erpnext,Total Purchase Cost (via Purchase Invoice),,,,erpnext,مجموع تكلفة الشراء (عن طريق شراء الفاتورة),,مجموع تكلفة الشراء (عن طريق شراء الفاتورة),,accounts,pending,,,,,,,,,,,,Approved,
frappe,Add Chart to Dashboard,,,,frappe,إضافة مخطط إلى لوحة القيادة,,إضافة مخطط إلى لوحة القيادة,,accounts,pending,,,,,,,,,,,,Approved,
erpnext,Note: This Cost Center is a Group. Cannot make accounting entries against groups.,,,,erpnext,ملاحظة: مركز التكلفة هذا هو مجموعة. لا يمكن إجراء القيود المحاسبية مقابل المجموعات.,,ملاحظة: مركز التكلفة هذا هو مجموعة. لا يمكن إجراء القيود المحاسبية مقابل المجموعات.,,accounts,pending,,,,,,,,,,,,Approved,
erpnext,Accounts Receivable Discounted Account,,,,erpnext,حسابات القبض على حساب مخفضة,,حسابات القبض على حساب مخفضة,,accounts,pending,,,,,,,,,,,,Approved,
erpnext,Future Payments,,,,erpnext,المدفوعات المستقبلية,,المدفوعات المستقبلية,,accounts,pending,,,,,,,,,,,,Approved,
erpnext,"While creating account for Child Company {0}, parent account {1} found as a ledger account.",,,,erpnext,أثناء إنشاء حساب الشركة الفرعية {0} ، تم العثور على الحساب الرئيسي {1} كحساب دفتر أستاذ.,,أثناء إنشاء حساب الشركة الفرعية {0} ، تم العثور على الحساب الرئيسي {1} كحساب دفتر أستاذ.,,accounts,pending,,,,,,,,,,,,Approved,
erpnext,Repost Payment Ledger,,,,erpnext,,إعادة نشر دفتر أستاذ الدفع,إعادة نشر دفتر أستاذ الدفع,,accounts,missing,,,,,,,,,,,,Pending,
erpnext,Opening Invoices,,,,erpnext,,الفواتير الافتتاحية,الفواتير الافتتاحية,,accounts,missing,,,,,,,,,,,,Pending,
erpnext,Stock Adjustment Account,,,,erpnext,حساب تسوية الأوراق المالية,,حساب تسوية الأوراق المالية,,accounts,pending,,,,,,,,,,,,Approved,
erpnext,Accounting Masters,,,,erpnext,الماجستير المحاسبة,,الماجستير المحاسبة,,accounts,pending,,,,,,,,,,,,Approved,
erpnext,Get Advances Paid,,,,erpnext,الحصول على السلف المدفوعة,,الحصول على السلف المدفوعة,,accounts,pending,,,,,,,,,,,,Approved,
erpnext,Period Closing Voucher {0} GL Entry Processing Failed,,,,erpnext,,,,,accounts,missing,,,,,,,,,,placeholder_mismatch,,Pending,
erpnext,Get Invoices,,,,erpnext,الحصول على الفواتير,,الحصول على الفواتير,,accounts,pending,,,,,,,,,,,,Approved,
erpnext,From Voucher Detail No,,,,erpnext,,من رقم تفاصيل السند,من رقم تفاصيل السند,,accounts,missing,,,,,,,,,,,,Pending,
erpnext,Creating Sales Invoices ...,,,,erpnext,,,,,accounts,missing,,,,,,,,,,,,Pending,
erpnext,Invoice Series,,,,erpnext,سلسلة الفاتورة,,سلسلة الفاتورة,,accounts,pending,,,,,,,,,,,,Approved,
erpnext,POS Invoice is already consolidated,,,,erpnext,,,,,accounts,missing,,,,,,,,,,,,Pending,
erpnext,Journal Entries {0} are un-linked,,,,erpnext,إدخالات قيد اليومية {0} غير مترابطة,,إدخالات قيد اليومية {0} غير مترابطة,,accounts,pending,,,,,,,,,,,,Approved,
erpnext,{0} {1}: Customer is required against Receivable account {2},,,,erpnext,{0} {1}: الزبون مطلوب بالمقابلة بالحساب المدين {2},,{0} {1}: الزبون مطلوب بالمقابلة بالحساب المدين {2},,accounts,pending,,,,,,,,,,,,Approved,
erpnext,Automatically Fetch Payment Terms from Order,,,,erpnext,,جلب شروط الدفع تلقائيا من الأمر,جلب شروط الدفع تلقائيا من الأمر,,accounts,missing,,,,,,,,,,,,Pending,
erpnext,Accumulated Monthly Budget for Account {0} against {1}: {2} is {3}. It will be exceeded by {4},,,,erpnext,,,,,accounts,missing,,,,,,,,,,placeholder_mismatch,,Pending,
erpnext,Please set Depreciation related Accounts in Asset Category {0} or Company {1},,,,erpnext,يرجى تحديد الحسابات المتعلقة بالاهلاك في فئة الأصول {0} أو الشركة {1},,يرجى تحديد الحسابات المتعلقة بالاهلاك في فئة الأصول {0} أو الشركة {1},,accounts,pending,,,,,,,,,,,,Approved,
erpnext,Payment Terms:,,,,erpnext,شروط الدفع:,,شروط الدفع:,,accounts,pending,,,,,,,,,,,,Approved,
erpnext,New Balance In Account Currency,,,,erpnext,,الرصيد الجديد بعملة الحساب,الرصيد الجديد بعملة الحساب,,accounts,missing,,,,,,,,,,,,Pending,
erpnext,Unreconcile Payment,,,,erpnext,,إلغاء تسوية الدفع,إلغاء تسوية الدفع,,accounts,missing,,,,,,,,,,,,Pending,
erpnext,The currency of invoice {} ({}) is different from the currency of this dunning ({}).,,,,erpnext,,,,,accounts,missing,,,,,,,,,,,,Pending,
erpnext,Deferred Accounting Settings,,,,erpnext,إعدادات المحاسبة المؤجلة,,إعدادات المحاسبة المؤجلة,,accounts,pending,,,,,,,,,,,,Approved,
erpnext,Please set Accounting Dimension {} in {},,,,erpnext,,,,,accounts,missing,,,,,,,,,,,,Pending,
erpnext,You had {} errors while creating opening invoices. Check {} for more details,,,,erpnext,كان لديك {} من الأخطاء أثناء إنشاء الفواتير الافتتاحية. تحقق من {} لمزيد من التفاصيل,,كان لديك {} من الأخطاء أثناء إنشاء الفواتير الافتتاحية. تحقق من {} لمزيد من التفاصيل,,accounts,pending,,,,,,,,,,,,Approved,
erpnext,Total Payment Amount in Payment Schedule must be equal to Grand / Rounded Total,,,,erpnext,يجب أن يكون إجمالي مبلغ الدفع في جدول الدفع مساويا للمجموع الكبير / المستدير,,يجب أن يكون إجمالي مبلغ الدفع في جدول الدفع مساويا للمجموع الكبير / المستدير,,accounts,pending,,,,,,,,,,,,Approved,
erpnext,Party Type and Party can only be set for Receivable / Payable account<br><br>{0},,,,erpnext,,,,,accounts,missing,,,,,,,,,,placeholder_mismatch;html_imbalance,,Pending,
erpnext,Account Currency,,,,erpnext,عملة الحساب,,عملة الحساب,,accounts,pending,,,,,,,,,,,,Approved,
erpnext,Invoice and Billing,,,,erpnext,,الفواتير والفوترة,الفواتير والفوترة,,accounts,missing,,,,,,,,,,,,Pending,
erpnext,Payment Reconciliation Allocation,,,,erpnext,,تخصيص تسوية الدفع,تخصيص تسوية الدفع,,accounts,missing,,,,,,,,,,,,Pending,
erpnext,Mode Of Payment,,,,erpnext,طريقة الدفع,,طريقة الدفع,,accounts,pending,,,,,,,,,,,,Approved,
erpnext,Row {0}: Advance against Supplier must be debit,,,,erpnext,الصف {0}:المورد المقابل المتقدم يجب أن يكون مدين\n<br>\nRow {0}: Advance against Supplier must be debit,,الصف {0}:المورد المقابل المتقدم يجب أن يكون مدين\n<br>\nRow {0}: Advance against Supplier must be debit,,accounts,pending,,,,,,,,,,html_imbalance,,Approved,
erpnext,Dimension-wise Accounts Balance Report,,,,erpnext,,تقرير رصيد الحسابات حسب البُعد,تقرير رصيد الحسابات حسب البُعد,,accounts,missing,,,,,,,,,,,,Pending,
erpnext,Net Change in Accounts Payable,,,,erpnext,صافي التغير في الحسابات الدائنة,,صافي التغير في الحسابات الدائنة,,accounts,pending,,,,,,,,,,,,Approved,
erpnext,Payment Document Type,,,,erpnext,نوع مستند الدفع,,نوع مستند الدفع,,accounts,pending,,,,,,,,,,,,Approved,
erpnext,Payment related to {0} is not completed,,,,erpnext,الدفع المتعلق بـ {0} لم يكتمل,,الدفع المتعلق بـ {0} لم يكتمل,,accounts,pending,,,,,,,,,,,,Approved,
frappe,Use Report Chart,,,,frappe,استخدم مخطط التقرير,,استخدم مخطط التقرير,,accounts,pending,,,,,,,,,,,,Approved,
erpnext,Discount Account,,,,erpnext,,حساب الخصم,حساب الخصم,,accounts,missing,,,,,,,,,,,,Pending,
erpnext,Repair Purchase Invoices,,,,erpnext,,فواتير شراء الإصلاح,فواتير شراء الإصلاح,,accounts,missing,,,,,,,,,,,,Pending,
erpnext,Party Type and Party is mandatory for {0} account,,,,erpnext,نوع الطرف والحزب إلزامي لحساب {0},,نوع الطرف والحزب إلزامي لحساب {0},,accounts,pending,,,,,,,,,,,,Approved,
erpnext,Accounting Details,,,,erpnext,,تفاصيل المحاسبة,تفاصيل المحاسبة,,accounts,missing,,,,,,,,,,,,Pending,
erpnext,Equity/Liability Account,,,,erpnext,حساب الأسهم / المسؤولية,,حساب الأسهم / المسؤولية,,accounts,pending,,,,,,,,,,,,Approved,
erpnext,Hold Invoice,,,,erpnext,عقد الفاتورة,,عقد الفاتورة,,accounts,pending,,,,,,,,,,,,Approved,
erpnext,Import Chart of Accounts from a csv file,,,,erpnext,,,,,accounts,missing,,,,,,,,,,,,Pending,
erpnext,Against Journal Entry {0} does not have any unmatched {1} entry,,,,erpnext,قيد اليومية المقابل {0} لا يحتوى مدخل {1} غير مطابق\n<br>\nAgainst Journal Entry {0} does not have any unmatched {1} entry,,قيد اليومية المقابل {0} لا يحتوى مدخل {1} غير مطابق\n<br>\nAgainst Journal Entry {0} does not have any unmatched {1} entry,,accounts,pending,,,,,,,,,,html_imbalance,,Approved,
erpnext,Linked Invoices,,,,erpnext,الفواتير المرتبطة,,الفواتير المرتبطة,,accounts,pending,,,,,,,,,,,,Approved,
frappe,Note: Your request for account deletion will be fulfilled within {0} hours.,,,,frappe,,,,,accounts,missing,,,,,,,,,,placeholder_mismatch,,Pending,
erpnext,POS Invoice Reference,,,,erpnext,مرجع فاتورة نقاط البيع,,مرجع فاتورة نقاط البيع,,accounts,pending,,,,,,,,,,,,Approved,
erpnext,"If the account is frozen, entries are allowed to restricted users.",,,,erpnext,إذا الحساب مجمد، يسمح بالدخول إلى المستخدمين المحددين.,,إذا الحساب مجمد، يسمح بالدخول إلى المستخدمين المحددين.,,accounts,pending,,,,,,,,,,,,Approved,
erpnext,General and Payment Ledger mismatch,,,,erpnext,,عدم تطابق دفتر الأستاذ العام ودفتر أستاذ الدفع,عدم تطابق دفتر الأستاذ العام ودفتر أستاذ الدفع,,accounts,missing,,,,,,,,,,,,Pending,
erpnext,The following Purchase Invoices are not submitted:,,,,erpnext,,,,,accounts,missing,,,,,,,,,,,,Pending,
erpnext,Please set Purchase Expense Contra Account in Company {0},,,,erpnext,,,,,accounts,missing,,,,,,,,,,placeholder_mismatch,,Pending,
erpnext,Please select a supplier for fetching payments.,,,,erpnext,,,,,accounts,missing,,,,,,,,,,,,Pending,
erpnext,This schedule was created when Asset {0} was restored due to Sales Invoice {1} cancellation.,,,,erpnext,,,,,accounts,missing,,,,,,,,,,placeholder_mismatch,,Pending,
erpnext,Accounts to Merge,,,,erpnext,,الحسابات المطلوب دمجها,الحسابات المطلوب دمجها,,accounts,missing,,,,,,,,,,,,Pending,
erpnext,Roles Allowed to Set and Edit Frozen Account Entries,,,,erpnext,,الأدوار المسموح لها بتعيين وتعديل قيود الحسابات المجمدة,الأدوار المسموح لها بتعيين وتعديل قيود الحسابات المجمدة,,accounts,missing,,,,,,,,,,,,Pending,
erpnext,{0} {1}: 'Profit and Loss' type account {2} not allowed in Opening Entry,,,,erpnext,"{0} {1}: نوع حساب ""الربح والخسارة"" {2} غير مسموح به في قيد افتتاحي",,"{0} {1}: نوع حساب ""الربح والخسارة"" {2} غير مسموح به في قيد افتتاحي",,accounts,pending,,,,,,,,,,,,Approved,
frappe,Cannot edit filters for standard charts,,,,frappe,لا يمكن تحرير عوامل التصفية للمخططات القياسية,,لا يمكن تحرير عوامل التصفية للمخططات القياسية,,accounts,pending,,,,,,,,,,,,Approved,
erpnext,"Payment Entry {0} is linked against Order {1}, check if it should be pulled as advance in this invoice.",,,,erpnext,,,,,accounts,missing,,,,,,,,,,placeholder_mismatch,,Pending,
erpnext,Payment Ordered,,,,erpnext,دفع أمر,,دفع أمر,,accounts,pending,,,,,,,,,,,,Approved,
erpnext,Default Receivable Account,,,,erpnext,حساب المدينون الافتراضي,,حساب المدينون الافتراضي,,accounts,pending,,,,,,,,,,,,Approved,
erpnext,Warehouse's Stock Value has already been booked in the following accounts:,,,,erpnext,,,,,accounts,missing,,,,,,,,,,,,Pending,
erpnext,Please set Fixed Asset Account in Asset Category {0},,,,erpnext,,,,,accounts,missing,,,,,,,,,,placeholder_mismatch,,Pending,
erpnext,Accounting Entry for Stock,,,,erpnext,القيود المحاسبية للمخزون,,القيود المحاسبية للمخزون,,accounts,pending,,,,,,,,,,,,Approved,
erpnext,Enabling the check box will fetch timesheet on select of a Project in Sales Invoice,,,,erpnext,,,,,accounts,missing,,,,,,,,,,,,Pending,
erpnext,"Payment Gateway Account not created, please create one manually.",,,,erpnext,حساب بوابة الدفع لم يتم انشاءه، يرجى إنشاء واحد يدويا.,,حساب بوابة الدفع لم يتم انشاءه، يرجى إنشاء واحد يدويا.,,accounts,pending,,,,,,,,,,,,Approved,
erpnext,Account Details,,,,erpnext,تفاصيل الحساب,,تفاصيل الحساب,,accounts,pending,,,,,,,,,,,,Approved,
erpnext,Purchase Expense Contra Account,,,,erpnext,,حساب مقابل مصروف الشراء,حساب مقابل مصروف الشراء,,accounts,missing,,,,,,,,,,,,Pending,
erpnext,Invalid Ledger Entries,,,,erpnext,,قيود دفتر الأستاذ غير صالحة,قيود دفتر الأستاذ غير صالحة,,accounts,missing,,,,,,,,,,,,Pending,
erpnext,Default Cash Account,,,,erpnext,حساب النقد الافتراضي,,حساب النقد الافتراضي,,accounts,pending,,,,,,,,,,,,Approved,
erpnext,Accounts Closing,,,,erpnext,,إغلاق الحسابات,إغلاق الحسابات,,accounts,missing,,,,,,,,,,,,Pending,
erpnext,You cannot credit and debit same account at the same time,,,,erpnext,لا يمكن إعطاء الحساب قيمة مدين وقيمة دائن في نفس الوقت,,لا يمكن إعطاء الحساب قيمة مدين وقيمة دائن في نفس الوقت,,accounts,pending,,,,,,,,,,,,Approved,
erpnext,Total Incoming Payment,,,,erpnext,,إجمالي المدفوعات الواردة,إجمالي المدفوعات الواردة,,accounts,missing,,,,,,,,,,,,Pending,
erpnext,Enabling this will allow creation of multi-currency invoices against single party account in company currency,,,,erpnext,,,,,accounts,missing,,,,,,,,,,,,Pending,
erpnext,No Outstanding Invoices found for this party,,,,erpnext,,لم يتم العثور على فواتير مستحقة لهذه الجهة,لم يتم العثور على فواتير مستحقة لهذه الجهة,,accounts,missing,,,,,,,,,,,,Pending,
erpnext,you must select Capital Work in Progress Account in accounts table,,,,erpnext,يجب عليك تحديد حساب رأس المال قيد التقدم في جدول الحسابات,,يجب عليك تحديد حساب رأس المال قيد التقدم في جدول الحسابات,,accounts,pending,,,,,,,,,,,,Approved,
erpnext,Set default {0} account for non stock items,,,,erpnext,,,,,accounts,missing,,,,,,,,,,placeholder_mismatch,,Pending,
erpnext,Payment URL,,,,erpnext,,رابط الدفع,رابط الدفع,,accounts,missing,,,,,,,,,,,,Pending,
erpnext,Row #{}: POS Invoice {} has been {},,,,erpnext,الصف رقم {}: فاتورة نقاط البيع {} كانت {},,الصف رقم {}: فاتورة نقاط البيع {} كانت {},,accounts,pending,,,,,,,,,,,,Approved,
erpnext,No Impact on Accounting Ledger,,,,erpnext,,لا تأثير على دفتر الأستاذ المحاسبي,لا تأثير على دفتر الأستاذ المحاسبي,,accounts,missing,,,,,,,,,,,,Pending,
erpnext,Duplicate POS Invoices found,,,,erpnext,,تم العثور على فواتير نقطة بيع مكررة,تم العثور على فواتير نقطة بيع مكررة,,accounts,missing,,,,,,,,,,,,Pending,
erpnext,Process Deferred Accounting,,,,erpnext,عملية المحاسبة المؤجلة,,عملية المحاسبة المؤجلة,,accounts,pending,,,,,,,,,,,,Approved,
erpnext,Account with child nodes cannot be converted to ledger,,,,erpnext,لا يمكن تحويل الحساب إلى دفتر الأستاذ لأن لديه حسابات فرعية\n<br>\nAccount with child nodes cannot be converted to ledger,,لا يمكن تحويل الحساب إلى دفتر الأستاذ لأن لديه حسابات فرعية\n<br>\nAccount with child nodes cannot be converted to ledger,,accounts,pending,,,,,,,,,,html_imbalance,,Approved,
erpnext,Splitting {0} {1} into {2} rows as per Payment Terms,,,,erpnext,,,,,accounts,missing,,,,,,,,,,placeholder_mismatch,,Pending,
erpnext,"Can not filter based on Voucher No, if grouped by Voucher",,,,erpnext,لا يمكن الفلتره علي اساس (رقم الأيصال)، إذا تم وضعه في مجموعة على اساس (ايصال),,لا يمكن الفلتره علي اساس (رقم الأيصال)، إذا تم وضعه في مجموعة على اساس (ايصال),,accounts,pending,,,,,,,,,,,,Approved,
erpnext,Row #{}: Serial No {} cannot be returned since it was not transacted in original invoice {},,,,erpnext,الصف # {}: لا يمكن إرجاع الرقم التسلسلي {} لأنه لم يتم التعامل معه في الفاتورة الأصلية {},,الصف # {}: لا يمكن إرجاع الرقم التسلسلي {} لأنه لم يتم التعامل معه في الفاتورة الأصلية {},,accounts,pending,,,,,,,,,,,,Approved,
erpnext,Debit Amount in Account Currency,,,,erpnext,المبلغ المدين بعملة الحساب,,المبلغ المدين بعملة الحساب,,accounts,pending,,,,,,,,,,,,Approved,
erpnext,Advance Payment Ledger Entry,,,,erpnext,,قيد دفتر الأستاذ للدفع المسبق,قيد دفتر الأستاذ للدفع المسبق,,accounts,missing,,,,,,,,,,,,Pending,
erpnext,"Further accounts can be made under Groups, but entries can be made against non-Groups",,,,erpnext,يمكن إنشاء المزيد من الحسابات تحت المجموعة، لكن إدخالات القيود يمكن ان تكون فقط مقابل  حسابات فردية و ليست مجموعة,,يمكن إنشاء المزيد من الحسابات تحت المجموعة، لكن إدخالات القيود يمكن ان تكون فقط مقابل  حسابات فردية و ليست مجموعة,,accounts,pending,,,,,,,,,,,,Approved,
erpnext,Write Off Account,,,,erpnext,شطب حساب,,شطب حساب,,accounts,pending,,,,,,,,,,,,Approved,
erpnext,Row #{0}: Please update deferred revenue/expense account in item row or default account in company master,,,,erpnext,,,,,accounts,missing,,,,,,,,,,placeholder_mismatch,,Pending,
erpnext,Account Detail Level,,,,erpnext,,مستوى تفاصيل الحساب,مستوى تفاصيل الحساب,,accounts,missing,,,,,,,,,,,,Pending,
erpnext,Default Advance Paid Account,,,,erpnext,,حساب الدفعات المقدمة المدفوعة الافتراضي,حساب الدفعات المقدمة المدفوعة الافتراضي,,accounts,missing,,,,,,,,,,,,Pending,
erpnext,Enable Common Party Accounting,,,,erpnext,,تمكين محاسبة الجهة المشتركة,تمكين محاسبة الجهة المشتركة,,accounts,missing,,,,,,,,,,,,Pending,
erpnext,Bank Account Subtype,,,,erpnext,النوع الفرعي للحساب المصرفي,,النوع الفرعي للحساب المصرفي,,accounts,pending,,,,,,,,,,,,Approved,
erpnext,Filter on Payment,,,,erpnext,,تصفية حسب الدفع,تصفية حسب الدفع,,accounts,missing,,,,,,,,,,,,Pending,
erpnext,{0} {1}: Cost Center {2} is a group cost center and group cost centers cannot be used in transactions,,,,erpnext,,,,,accounts,missing,,,,,,,,,,placeholder_mismatch,,Pending,
erpnext,Is Purchase Receipt Required for Purchase Invoice Creation?,,,,erpnext,هل إيصال الشراء مطلوب لإنشاء فاتورة الشراء؟,,هل إيصال الشراء مطلوب لإنشاء فاتورة الشراء؟,,accounts,pending,,,,,,,,,,,,Approved,
erpnext,Represents a Financial Year. All accounting entries and other major transactions are tracked against the Fiscal Year.,,,,erpnext,,,,,accounts,missing,,,,,,,,,,,,Pending,
erpnext,The allocated amount is greater than the outstanding amount of Payment Request {0},,,,erpnext,,,,,accounts,missing,,,,,,,,,,placeholder_mismatch,,Pending,
erpnext,Sales Invoice Payment,,,,erpnext,دفع فاتورة المبيعات,,دفع فاتورة المبيعات,,accounts,pending,,,,,,,,,,,,Approved,
erpnext,The field Equity/Liability Account cannot be blank,,,,erpnext,لا يمكن أن يكون حساب حقوق الملكية / المسؤولية فارغًا,,لا يمكن أن يكون حساب حقوق الملكية / المسؤولية فارغًا,,accounts,pending,,,,,,,,,,,,Approved,
erpnext,Budget,,,,erpnext,ميزانية,,ميزانية,,accounts,pending,,,,,,,,,,,,Approved,
erpnext,New Journal Entry will be posted for the difference amount. The Posting Date can be modified.,,,,erpnext,,,,,accounts,missing,,,,,,,,,,,,Pending,
erpnext,"Account balance already in Debit, you are not allowed to set 'Balance Must Be' as 'Credit'",,,,erpnext,رصيد الحساب رصيد مدين، لا يسمح لك بتغييره 'الرصيد يجب أن يكون دائن',,رصيد الحساب رصيد مدين، لا يسمح لك بتغييره 'الرصيد يجب أن يكون دائن',,accounts,pending,,,,,,,,,,,,Approved,
erpnext,Advances,,,,erpnext,,دفعات مقدمة,دفعات مقدمة,,accounts,missing,,,,,,,,,,,,Pending,
erpnext,Rows: {0} have 'Payment Entry' as reference_type. This should not be set manually.,,,,erpnext,,,,,accounts,missing,,,,,,,,,,placeholder_mismatch,,Pending,
erpnext,Submit Journal Entries,,,,erpnext,إرسال إدخالات دفتر اليومية,,إرسال إدخالات دفتر اليومية,,accounts,pending,,,,,,,,,,,,Approved,
erpnext,Cost Center with existing transactions can not be converted to group,,,,erpnext,"مركز التكلفة لديه حركات مالية, لا يمكن تحويه لمجموعة\n<br>\nCost Center with existing transactions can not be converted to group",,"مركز التكلفة لديه حركات مالية, لا يمكن تحويه لمجموعة\n<br>\nCost Center with existing transactions can not be converted to group",,accounts,pending,,,,,,,,,,html_imbalance,,Approved,
erpnext,If this is unchecked Journal Entries will be saved in a Draft state and will have to be submitted manually,,,,erpnext,إذا كان هذا غير محدد ، فسيتم حفظ إدخالات دفتر اليومية في حالة المسودة وسيتعين إرسالها يدويًا,,إذا كان هذا غير محدد ، فسيتم حفظ إدخالات دفتر اليومية في حالة المسودة وسيتعين إرسالها يدويًا,,accounts,pending,,,,,,,,,,,,Approved,
erpnext,View Account Coverage,,,,erpnext,,عرض تغطية الحساب,عرض تغطية الحساب,,accounts,missing,,,,,,,,,,,,Pending,
erpnext,Advance payments allocated against orders will only be fetched,,,,erpnext,,,,,accounts,missing,,,,,,,,,,,,Pending,
erpnext,Row {0}: Due Date in the Payment Terms table cannot be before Posting Date,,,,erpnext,الصف {0}: لا يمكن أن يكون تاريخ الاستحقاق في جدول شروط الدفع قبل تاريخ الترحيل,,الصف {0}: لا يمكن أن يكون تاريخ الاستحقاق في جدول شروط الدفع قبل تاريخ الترحيل,,accounts,pending,,,,,,,,,,,,Approved,
erpnext,Revise Budget,,,,erpnext,,مراجعة الميزانية,مراجعة الميزانية,,accounts,missing,,,,,,,,,,,,Pending,
erpnext,Accounts Missing from Report,,,,erpnext,,حسابات مفقودة من التقرير,حسابات مفقودة من التقرير,,accounts,missing,,,,,,,,,,,,Pending,
erpnext,Unblock Invoice,,,,erpnext,الافراج عن الفاتورة,,الافراج عن الفاتورة,,accounts,pending,,,,,,,,,,,,Approved,
frappe,On Payment Mandate Charge Processed,,,,frappe,,,,,accounts,missing,,,,,,,,,,,,Pending,
erpnext,No difference found for stock account {0},,,,erpnext,,,,,accounts,missing,,,,,,,,,,placeholder_mismatch,,Pending,
erpnext,Please ensure that the {0} account is a Balance Sheet account. You can change the parent account to a Balance Sheet account or select a different account.,,,,erpnext,,,,,accounts,missing,,,,,,,,,,placeholder_mismatch,,Pending,
erpnext,Bank account {0} already exists and could not be created again,,,,erpnext,الحساب المصرفي {0} موجود بالفعل ولا يمكن إنشاؤه مرة أخرى,,الحساب المصرفي {0} موجود بالفعل ولا يمكن إنشاؤه مرة أخرى,,accounts,pending,,,,,,,,,,,,Approved,
erpnext,Invoice Portion,,,,erpnext,جزء الفاتورة,,جزء الفاتورة,,accounts,pending,,,,,,,,,,,,Approved,
erpnext,Show Payment Details,,,,erpnext,إظهار تفاصيل الدفع,,إظهار تفاصيل الدفع,,accounts,pending,,,,,,,,,,,,Approved,
erpnext,Unlink Advance Payment on Cancellation of Order,,,,erpnext,إلغاء ربط الدفع المسبق عند إلغاء الطلب,,إلغاء ربط الدفع المسبق عند إلغاء الطلب,,accounts,pending,,,,,,,,,,,,Approved,
erpnext,Cost Center for Item rows has been updated to {0},,,,erpnext,,,,,accounts,missing,,,,,,,,,,placeholder_mismatch,,Pending,
erpnext,Gantt chart of all tasks.,,,,erpnext,مخطط جانت لجميع المهام.,,مخطط جانت لجميع المهام.,,accounts,pending,,,,,,,,,,,,Approved,
erpnext,Valid From must be after {0} as last GL Entry against the cost center {1} posted on this date,,,,erpnext,,,,,accounts,missing,,,,,,,,,,placeholder_mismatch,,Pending,
erpnext,Rows: {0} in {1} section are Invalid. Reference Name should point to a valid Payment Entry or Journal Entry.,,,,erpnext,,,,,accounts,missing,,,,,,,,,,placeholder_mismatch,,Pending,
erpnext,VAT Accounts,,,,erpnext,,حسابات ضريبة القيمة المضافة,حسابات ضريبة القيمة المضافة,,accounts,missing,,,,,,,,,,,,Pending,
erpnext,Via Landed Cost Voucher,,,,erpnext,,عبر سند التكلفة الإضافية,عبر سند التكلفة الإضافية,,accounts,missing,,,,,,,,,,,,Pending,
erpnext,Accounting entries are frozen up to this date. Only users with the specified role can create or modify entries before this date.,,,,erpnext,,,,,accounts,missing,,,,,,,,,,,,Pending,
erpnext,Main Cost Center {0} cannot be entered in the child table,,,,erpnext,,,,,accounts,missing,,,,,,,,,,placeholder_mismatch,,Pending,
erpnext,Enabling this ensures each Purchase Invoice has a unique value in Supplier Invoice No. field within a particular fiscal year,,,,erpnext,,,,,accounts,missing,,,,,,,,,,,,Pending,
erpnext,Payment Failed,,,,erpnext,عملية الدفع فشلت,,عملية الدفع فشلت,,accounts,pending,,,,,,,,,,,,Approved,
erpnext,Company is mandatory for company account,,,,erpnext,,,,,accounts,missing,,,,,,,,,,,,Pending,
erpnext,Please set an Expense Account in the Items table,,,,erpnext,,,,,accounts,missing,,,,,,,,,,,,Pending,
frappe,wants to access the following details from your account,,,,frappe,,,,,accounts,missing,,,,,,,,,,,,Pending,
erpnext,Payment Request took too long to respond. Please try requesting for payment again.,,,,erpnext,,,,,accounts,missing,,,,,,,,,,,,Pending,
erpnext,Fixed Asset Account,,,,erpnext,حساب الأصول الثابتة,,حساب الأصول الثابتة,,accounts,pending,,,,,,,,,,,,Approved,
erpnext,Please set Account for Change Amount,,,,erpnext,,يرجى تعيين حساب لمبلغ الباقي,يرجى تعيين حساب لمبلغ الباقي,,accounts,missing,,,,,,,,,,,,Pending,
erpnext,Row #{0}: Repair cost {1} exceeds available amount {2} for Purchase Invoice {3} and Account {4},,,,erpnext,,,,,accounts,missing,,,,,,,,,,placeholder_mismatch,,Pending,
frappe,Email Account {0} Disabled,,,,frappe,,,,,accounts,missing,,,,,,,,,,placeholder_mismatch,,Pending,
erpnext,Budget Variance Report,,,,erpnext,تقرير إنحرافات الموازنة,,تقرير إنحرافات الموازنة,,accounts,pending,,,,,,,,,,,,Approved,
erpnext,Change the account type to Receivable or select a different account.,,,,erpnext,قم بتغيير نوع الحساب إلى &quot;ذمم مدينة&quot; أو حدد حسابًا مختلفًا.,,قم بتغيير نوع الحساب إلى &quot;ذمم مدينة&quot; أو حدد حسابًا مختلفًا.,,accounts,pending,,,,,,,,,,,,Approved,
erpnext,Payments updated.,,,,erpnext,,تم تحديث المدفوعات.,تم تحديث المدفوعات.,,accounts,missing,,,,,,,,,,,,Pending,
erpnext,Credit Account,,,,erpnext,حساب دائن,,حساب دائن,,accounts,pending,,,,,,,,,,,,Approved,
erpnext,Gantt Chart,,,,erpnext,مخطط جانت,,مخطط جانت,,accounts,pending,,,,,,,,,,,,Approved,
erpnext,To create a Payment Request reference document is required,,,,erpnext,لإنشاء مستند مرجع طلب الدفع مطلوب,,لإنشاء مستند مرجع طلب الدفع مطلوب,,accounts,pending,,,,,,,,,,,,Approved,
erpnext,Party Bank Account,,,,erpnext,حساب بنك الحزب,,حساب بنك الحزب,,accounts,pending,,,,,,,,,,,,Approved,
erpnext,Delay in payment (Days),,,,erpnext,التأخير في الدفع (أيام),,التأخير في الدفع (أيام),,accounts,pending,,,,,,,,,,,,Approved,
erpnext,All items have already been Invoiced/Returned,,,,erpnext,تم بالفعل تحرير / إرجاع جميع العناصر,,تم بالفعل تحرير / إرجاع جميع العناصر,,accounts,pending,,,,,,,,,,,,Approved,
erpnext,You can also set default CWIP account in Company {},,,,erpnext,يمكنك أيضًا تعيين حساب CWIP الافتراضي في الشركة {},,يمكنك أيضًا تعيين حساب CWIP الافتراضي في الشركة {},,accounts,pending,,,,,,,,,,,,Approved,
erpnext,Accounts Receivable Credit Account,,,,erpnext,حسابات الائتمان حسابات القبض,,حسابات الائتمان حسابات القبض,,accounts,pending,,,,,,,,,,,,Approved,
erpnext,Accounting Dimensions Filter,,,,erpnext,,عامل تصفية أبعاد المحاسبة,عامل تصفية أبعاد المحاسبة,,accounts,missing,,,,,,,,,,,,Pending,
erpnext,Set Item Group-wise budgets on this Territory. You can also include seasonality by setting the Distribution.,,,,erpnext,تعيين مجموعة من الحكمة الإغلاق الميزانيات على هذا الإقليم. يمكنك أيضا تضمين الموسمية عن طريق تعيين التوزيع.,,تعيين مجموعة من الحكمة الإغلاق الميزانيات على هذا الإقليم. يمكنك أيضا تضمين الموسمية عن طريق تعيين التوزيع.,,accounts,pending,,,,,,,,,,,,Approved,
erpnext,Offsetting for Accounting Dimension,,,,erpnext,,,,,accounts,missing,,,,,,,,,,,,Pending,
erpnext,Default Cost Center,,,,erpnext,مركز التكلفة الافتراضي,,مركز التكلفة الافتراضي,,accounts,pending,,,,,,,,,,,,Approved,
erpnext,Bank accounts added,,,,erpnext,الحسابات البنكية المضافة,,الحسابات البنكية المضافة,,accounts,pending,,,,,,,,,,,,Approved,
erpnext,Account not Found,,,,erpnext,,,,,accounts,missing,,,,,,,,,,,,Pending,
erpnext,Payment Receipt Note,,,,erpnext,إشعار إيصال الدفع,,إشعار إيصال الدفع,,accounts,pending,,,,,,,,,,,,Approved,
erpnext,Invoice Discounting,,,,erpnext,خصم الفواتير,,خصم الفواتير,,accounts,pending,,,,,,,,,,,,Approved,
erpnext,Please select Sample Retention Warehouse in Stock Settings first,,,,erpnext,يرجى تحديد نموذج الاحتفاظ مستودع في إعدادات المخزون أولا,,يرجى تحديد نموذج الاحتفاظ مستودع في إعدادات المخزون أولا,,accounts,pending,,,,,,,,,,,,Approved,
erpnext,Account {0} does not match with Company {1} in Mode of Account: {2},,,,erpnext,الحساب {0} لا يتطابق مع الشركة {1} في طريقة الحساب: {2},,الحساب {0} لا يتطابق مع الشركة {1} في طريقة الحساب: {2},,accounts,pending,,,,,,,,,,,,Approved,
erpnext,Merge Account,,,,erpnext,دمج الحساب,,دمج الحساب,,accounts,pending,,,,,,,,,,,,Approved,
erpnext,Please make sure the file you are using has 'Parent Account' column present in the header.,,,,erpnext,,,,,accounts,missing,,,,,,,,,,,,Pending,
erpnext,Payments could not be updated.,,,,erpnext,,تعذر تحديث المدفوعات.,تعذر تحديث المدفوعات.,,accounts,missing,,,,,,,,,,,,Pending,
erpnext,New invoices will be generated as per schedule even if current invoices are unpaid or past due date,,,,erpnext,سيتم إنشاء فواتير جديدة وفقًا للجدول الزمني حتى إذا كانت الفواتير الحالية غير مدفوعة أو تجاوز تاريخ الاستحقاق,,سيتم إنشاء فواتير جديدة وفقًا للجدول الزمني حتى إذا كانت الفواتير الحالية غير مدفوعة أو تجاوز تاريخ الاستحقاق,,accounts,pending,,,,,,,,,,,,Approved,
erpnext,Payment Plan,,,,erpnext,خطة الدفع,,خطة الدفع,,accounts,pending,,,,,,,,,,,,Approved,
erpnext,Sales Invoice Item,,,,erpnext,بند فاتورة مبيعات,,بند فاتورة مبيعات,,accounts,pending,,,,,,,,,,,,Approved,
erpnext,Users can enable the checkbox If they want to adjust the incoming rate (set using purchase receipt) based on the purchase invoice rate.,,,,erpnext,,,,,accounts,missing,,,,,,,,,,,,Pending,
frappe,Create Chart,,,,frappe,إنشاء مخطط,,إنشاء مخطط,,accounts,pending,,,,,,,,,,,,Approved,
erpnext,Currency of the Closing Account must be {0},,,,erpnext,عملة الحساب الختامي يجب أن تكون {0},,عملة الحساب الختامي يجب أن تكون {0},,accounts,pending,,,,,,,,,,,,Approved,
frappe,No Permitted Charts on this Dashboard,,,,frappe,لا توجد مخططات مسموح بها في لوحة المعلومات هذه,,لا توجد مخططات مسموح بها في لوحة المعلومات هذه,,accounts,pending,,,,,,,,,,,,Approved,
erpnext,Accounting Entry for LCV in Stock Entry {0},,,,erpnext,,قيد محاسبي لسند التكلفة الإضافية في قيد المخزون {0},قيد محاسبي لسند التكلفة الإضافية في قيد المخزون {0},,accounts,missing,,,,,,,,,,,,Pending,
erpnext,Invalid Account,,,,erpnext,حساب غير صالح,,حساب غير صالح,,accounts,pending,,,,,,,,,,,,Approved,
erpnext,Return invoice of asset cancelled,,,,erpnext,,,,,accounts,missing,,,,,,,,,,,,Pending,
erpnext,Account {0} does not exists in the dashboard chart {1},,,,erpnext,الحساب {0} غير موجود في مخطط لوحة المعلومات {1},,الحساب {0} غير موجود في مخطط لوحة المعلومات {1},,accounts,pending,,,,,,,,,,,,Approved,
erpnext,Journal Entry Template,,,,erpnext,قالب إدخال دفتر اليومية,,قالب إدخال دفتر اليومية,,accounts,pending,,,,,,,,,,,,Approved,
erpnext,Transactions using Sales Invoice in POS are disabled.,,,,erpnext,,,,,accounts,missing,,,,,,,,,,,,Pending,
erpnext,Please check Multi Currency option to allow accounts with other currency,,,,erpnext,يرجى اختيار الخيار عملات متعددة للسماح بحسابات مع عملة أخرى,,يرجى اختيار الخيار عملات متعددة للسماح بحسابات مع عملة أخرى,,accounts,pending,,,,,,,,,,,,Approved,
erpnext,Sales Invoice,,,,erpnext,فاتورة مبيعات,فاتورة مبيعات,فاتورة مبيعات,,accounts,pending,,,,,,,,,,,,Approved,
erpnext,Update Cost Center Name / Number,,,,erpnext,تحديث اسم / رقم مركز التكلفة,,تحديث اسم / رقم مركز التكلفة,,accounts,pending,,,,,,,,,,,,Approved,
erpnext,Please set VAT Accounts in {0},,,,erpnext,,,,,accounts,missing,,,,,,,,,,placeholder_mismatch,,Pending,
erpnext,Please set default Exchange Gain/Loss Account in Company {},,,,erpnext,,يرجى تعيين حساب ربح/خسارة الصرف الافتراضي في الشركة {},يرجى تعيين حساب ربح/خسارة الصرف الافتراضي في الشركة {},,accounts,missing,,,,,,,,,,,,Pending,
frappe,Group By field is required to create a dashboard chart,,,,frappe,حقل تجميع حسب مطلوب لإنشاء مخطط لوحة القيادة,,حقل تجميع حسب مطلوب لإنشاء مخطط لوحة القيادة,,accounts,pending,,,,,,,,,,,,Approved,
erpnext,Please enter <b>Difference Account</b> or set default <b>Stock Adjustment Account</b> for company {0},,,,erpnext,الرجاء إدخال <b>حساب الفرق</b> أو تعيين <b>حساب تسوية المخزون</b> الافتراضي للشركة {0},,الرجاء إدخال <b>حساب الفرق</b> أو تعيين <b>حساب تسوية المخزون</b> الافتراضي للشركة {0},,accounts,pending,,,,,,,,,,,,Approved,
erpnext,Payment methods are mandatory. Please add at least one payment method.,,,,erpnext,طرق الدفع إلزامية. الرجاء إضافة طريقة دفع واحدة على الأقل.,,طرق الدفع إلزامية. الرجاء إضافة طريقة دفع واحدة على الأقل.,,accounts,pending,,,,,,,,,,,,Approved,
erpnext,Component Expense Account,,,,erpnext,,حساب مصروف المكون,حساب مصروف المكون,,accounts,missing,,,,,,,,,,,,Pending,
erpnext,Warehouse can not be deleted as stock ledger entry exists for this warehouse.,,,,erpnext,لا يمكن حذف مستودع كما دخول دفتر الأستاذ موجود لهذا المستودع.\n<br>\nWarehouse can not be deleted as stock ledger entry exists for this warehouse.,,لا يمكن حذف مستودع كما دخول دفتر الأستاذ موجود لهذا المستودع.\n<br>\nWarehouse can not be deleted as stock ledger entry exists for this warehouse.,,accounts,pending,,,,,,,,,,html_imbalance,,Approved,
erpnext,Advance amount cannot be greater than {0} {1},,,,erpnext,قيمة الدفعة المقدمة لا يمكن أن تكون أكبر من {0} {1},,قيمة الدفعة المقدمة لا يمكن أن تكون أكبر من {0} {1},,accounts,pending,,,,,,,,,,,,Approved,
erpnext,Cost Center {0} cannot be used for allocation as it is used as main cost center in other allocation record.,,,,erpnext,,,,,accounts,missing,,,,,,,,,,placeholder_mismatch,,Pending,
erpnext,Target Fieldname (Stock Ledger Entry),,,,erpnext,,اسم الحقل الهدف (قيد دفتر أستاذ المخزون),اسم الحقل الهدف (قيد دفتر أستاذ المخزون),,accounts,missing,,,,,,,,,,,,Pending,
erpnext,Row {0}: Party / Account does not match with {1} / {2} in {3} {4},,,,erpnext,الصف {0}: حزب / حساب لا يتطابق مع {1} / {2} في {3} {4},,الصف {0}: حزب / حساب لا يتطابق مع {1} / {2} في {3} {4},,accounts,pending,,,,,,,,,,,,Approved,
erpnext,To Payment Date,,,,erpnext,,إلى تاريخ الدفع,إلى تاريخ الدفع,,accounts,missing,,,,,,,,,,,,Pending,
frappe,Reset Chart,,,,frappe,إعادة تعيين المخطط,,إعادة تعيين المخطط,,accounts,pending,,,,,,,,,,,,Approved,
erpnext,Group by Voucher,,,,erpnext,المجموعة بواسطة قسيمة,,المجموعة بواسطة قسيمة,,accounts,pending,,,,,,,,,,,,Approved,
erpnext,Period Closing Voucher {0} GL Entry Cancellation Failed,,,,erpnext,,,,,accounts,missing,,,,,,,,,,placeholder_mismatch,,Pending,
erpnext,Is Period Closing Voucher Entry,,,,erpnext,,قيد سند إغلاق فترة,قيد سند إغلاق فترة,,accounts,missing,,,,,,,,,,,,Pending,
erpnext,Total Payment Request amount cannot be greater than {0} amount,,,,erpnext,لا يمكن أن يكون إجمالي مبلغ طلب الدفع أكبر من {0} المبلغ,,لا يمكن أن يكون إجمالي مبلغ طلب الدفع أكبر من {0} المبلغ,,accounts,pending,,,,,,,,,,,,Approved,
erpnext,Generate New Invoices Past Due Date,,,,erpnext,إنشاء فواتير جديدة تجاوز تاريخ الاستحقاق,,إنشاء فواتير جديدة تجاوز تاريخ الاستحقاق,,accounts,pending,,,,,,,,,,,,Approved,
erpnext,Default Expense Account,,,,erpnext,حساب النفقات الإفتراضي,,حساب النفقات الإفتراضي,,accounts,pending,,,,,,,,,,,,Approved,
erpnext,Convert to Ledger,Warehouse,,,erpnext,,تحويل إلى دفتر الأستاذ,تحويل إلى دفتر الأستاذ,,accounts,missing,,,,,,,,,,,,Pending,
erpnext,Payment Methods,,,,erpnext,طرق الدفع,,طرق الدفع,,accounts,pending,,,,,,,,,,,,Approved,
erpnext,Parent Account,,,,erpnext,حساب اب,,حساب اب,,accounts,pending,,,,,,,,,,,,Approved,
erpnext,Customer Advances,,,,erpnext,,دفعات العملاء المقدمة,دفعات العملاء المقدمة,,accounts,missing,,,,,,,,,,,,Pending,
erpnext,Chart Of Accounts Template,,,,erpnext,نمودج  دليل الحسابات,,نمودج  دليل الحسابات,,accounts,pending,,,,,,,,,,,,Approved,
erpnext,"Another Cost Center Allocation record {0} applicable from {1}, hence this allocation will be applicable upto {2}",,,,erpnext,,,,,accounts,missing,,,,,,,,,,placeholder_mismatch,,Pending,
erpnext,Advance Paid,,,,erpnext,,المدفوع مسبقا,المدفوع مسبقا,,accounts,missing,,,,,,,,,,,,Pending,
erpnext,Accounts Receivable/Payable,,,,erpnext,,الحسابات المدينة/الدائنة,الحسابات المدينة/الدائنة,,accounts,missing,,,,,,,,,,,,Pending,
erpnext,Bank Charges Account,,,,erpnext,حساب الرسوم البنكية,,حساب الرسوم البنكية,,accounts,pending,,,,,,,,,,,,Approved,
erpnext,Account Subtype,,,,erpnext,نوع الحساب الفرعي,,نوع الحساب الفرعي,,accounts,pending,,,,,,,,,,,,Approved,
erpnext,No stock ledger entries were created. Please set the quantity or valuation rate for the items properly and try again.,,,,erpnext,,,,,accounts,missing,,,,,,,,,,,,Pending,
erpnext,Discount of {} applied as per Payment Term,,,,erpnext,,,,,accounts,missing,,,,,,,,,,,,Pending,
erpnext,POS Profile {} contains Mode of Payment {}. Please remove them to disable this mode.,,,,erpnext,,,,,accounts,missing,,,,,,,,,,,,Pending,
erpnext,"Indentation level: 0 = Main heading, 1 = Sub-category, 2 = Individual accounts, etc.",,,,erpnext,,,,,accounts,missing,,,,,,,,,,,,Pending,
erpnext,Invoice Cancellation,,,,erpnext,,إلغاء الفاتورة,إلغاء الفاتورة,,accounts,missing,,,,,,,,,,,,Pending,
erpnext,{0} {1}: Cost Center is mandatory for Item {2},,,,erpnext,{0} {1}: مركز التكلفة إلزامي للبند {2},,{0} {1}: مركز التكلفة إلزامي للبند {2},,accounts,pending,,,,,,,,,,,,Approved,
erpnext,There is already a valid Lower Deduction Certificate {0} for Supplier {1} against category {2} for this time period.,,,,erpnext,,,,,accounts,missing,,,,,,,,,,placeholder_mismatch,,Pending,
erpnext,"Valuation Rate for the Item {0}, is required to do accounting entries for {1} {2}.",,,,erpnext,معدل التقييم للعنصر {0} ، مطلوب لإجراء إدخالات محاسبية لـ {1} {2}.,,معدل التقييم للعنصر {0} ، مطلوب لإجراء إدخالات محاسبية لـ {1} {2}.,,accounts,pending,,,,,,,,,,,,Approved,
frappe,My Account,,,,frappe,حسابي,,حسابي,,accounts,pending,,,,,,,,,,,,Approved,
erpnext,Account Closing Balance,,,,erpnext,,رصيد إغلاق الحساب,رصيد إغلاق الحساب,,accounts,missing,,,,,,,,,,,,Pending,
erpnext,Depreciation Expense Account,,,,erpnext,حساب نفقات الاهلاك,,حساب نفقات الاهلاك,,accounts,pending,,,,,,,,,,,,Approved,
erpnext,Are you sure you want to revise this budget? The current budget will be cancelled and a new draft will be created.,,,,erpnext,,,,,accounts,missing,,,,,,,,,,,,Pending,
erpnext,Journals,,,,erpnext,,اليوميات,اليوميات,,accounts,missing,,,,,,,,,,,,Pending,
erpnext,"{0} {1} is associated with {2}, but Party Account is {3}",,,,erpnext,{0} {1} مرتبط ب {2}، ولكن حساب الطرف هو {3},,{0} {1} مرتبط ب {2}، ولكن حساب الطرف هو {3},,accounts,pending,,,,,,,,,,,,Approved,
erpnext,Journal Entry,,,,erpnext,القيود اليومية,قيد يومية,قيد يومية,,accounts,released,Approved,Mona Khalil - Arabic Localization Lead,,Approved,Hesham Farouk - Egyptian Construction Accountant (EAS 48 / ETA),,Approved,Nadia Mostafa - Translation QA / Structural Review,,,,Released,ERPNext accounting DocTypes; EAS 48; glossary v2.0 accounts
erpnext,Number of days appointments can be booked in advance,,,,erpnext,عدد أيام يمكن حجز المواعيد مقدما,,عدد أيام يمكن حجز المواعيد مقدما,,accounts,pending,,,,,,,,,,,,Approved,
erpnext,Payment Deductions or Loss,,,,erpnext,خصومات الدفع أو الخسارة,,خصومات الدفع أو الخسارة,,accounts,pending,,,,,,,,,,,,Approved,
erpnext,Sales Invoice {0} has already been submitted,,,,erpnext,سبق أن تم ترحيل فاتورة المبيعات {0},,سبق أن تم ترحيل فاتورة المبيعات {0},,accounts,pending,,,,,,,,,,,,Approved,
erpnext,Process Payment Reconciliation Log,,,,erpnext,,سجل معالجة تسوية الدفع,سجل معالجة تسوية الدفع,,accounts,missing,,,,,,,,,,,,Pending,
erpnext,to unallocate the amount of this Return Invoice before cancelling it.,,,,erpnext,,,,,accounts,missing,,,,,,,,,,,,Pending,
erpnext,{0} {1} has already been partly paid. Please use the 'Get Outstanding Invoice' or the 'Get Outstanding Orders' button to get the latest outstanding amounts.,,,,erpnext,,,,,accounts,missing,,,,,,,,,,placeholder_mismatch,,Pending,
erpnext,Please set Account,,,,erpnext,,يرجى تعيين الحساب,يرجى تعيين الحساب,,accounts,missing,,,,,,,,,,,,Pending,
erpnext,Invalid amount in accounting entries of {} {} for Account {}: {},,,,erpnext,,,,,accounts,missing,,,,,,,,,,,,Pending,
erpnext,Row {0}: Advance against Customer must be credit,,,,erpnext,الصف {0}:  الدفعة المقدمة مقابل الزبائن يجب أن تكون دائن,,الصف {0}:  الدفعة المقدمة مقابل الزبائن يجب أن تكون دائن,,accounts,pending,,,,,,,,,,,,Approved,
erpnext,Invoice Document Type Selection Error,,,,erpnext,,,,,accounts,missing,,,,,,,,,,,,Pending,
erpnext,Row {0}: {1} account already applied for Accounting Dimension {2},,,,erpnext,,,,,accounts,missing,,,,,,,,,,placeholder_mismatch,,Pending,
frappe,Chart,,,,frappe,,,,,accounts,missing,,,,,,,,,,,,Pending,
erpnext,Default Discount Account,,,,erpnext,,حساب الخصم الافتراضي,حساب الخصم الافتراضي,,accounts,missing,,,,,,,,,,,,Pending,
erpnext,At least one mode of payment is required for POS invoice.,,,,erpnext,يلزم وضع واحد نمط واحد للدفع لفاتورة نقطة البيع.\n<br>\nAt least one mode of payment is required for POS invoice.,,يلزم وضع واحد نمط واحد للدفع لفاتورة نقطة البيع.\n<br>\nAt least one mode of payment is required for POS invoice.,,accounts,pending,,,,,,,,,,html_imbalance,,Approved,
erpnext,Get Advances Received,,,,erpnext,الحصول على السلف المتلقاة,,الحصول على السلف المتلقاة,,accounts,pending,,,,,,,,,,,,Approved,
erpnext,Opening Entry can not be created after Period Closing Voucher is created.,,,,erpnext,,,,,accounts,missing,,,,,,,,,,,,Pending,
erpnext,For All Stock Asset Accounts,,,,erpnext,,,,,accounts,missing,,,,,,,,,,,,Pending,
erpnext,Supplier Invoice No,,,,erpnext,رقم فاتورة المورد,,رقم فاتورة المورد,,accounts,pending,,,,,,,,,,,,Approved,
frappe,Advanced,,,,frappe,متقدم,متقدم,متقدم,,accounts,pending,,,,,,,,,,,1,Approved,
erpnext,Generate Invoice At,,,,erpnext,,إنشاء الفاتورة عند,إنشاء الفاتورة عند,,accounts,missing,,,,,,,,,,,,Pending,
erpnext,Accounts Missing Error,,,,erpnext,,خطأ الحسابات المفقودة,خطأ الحسابات المفقودة,,accounts,missing,,,,,,,,,,,,Pending,
erpnext,Stock Asset Account,,,,erpnext,,حساب أصل المخزون,حساب أصل المخزون,,accounts,missing,,,,,,,,,,,,Pending,
erpnext,Stock cannot be updated because the invoice contains a drop shipping item. Please disable 'Update Stock' or remove the drop shipping item.,,,,erpnext,,,,,accounts,missing,,,,,,,,,,,,Pending,
frappe,Workspace Chart,,,,frappe,,,,,accounts,missing,,,,,,,,,,,,Pending,
erpnext,Payment Request created from Sales Order or Purchase Order will be in Draft status. When disabled document will be in unsaved state.,,,,erpnext,,,,,accounts,missing,,,,,,,,,,,,Pending,
erpnext,Click on Import Invoices button once the zip file has been attached to the document. Any errors related to processing will be shown in the Error Log.,,,,erpnext,انقر على زر استيراد الفواتير بمجرد إرفاق الملف المضغوط بالوثيقة. سيتم عرض أي أخطاء متعلقة بالمعالجة في سجل الأخطاء.,,انقر على زر استيراد الفواتير بمجرد إرفاق الملف المضغوط بالوثيقة. سيتم عرض أي أخطاء متعلقة بالمعالجة في سجل الأخطاء.,,accounts,pending,,,,,,,,,,,,Approved,
erpnext,Cannot Change Inventory Account Setting,,,,erpnext,,لا يمكن تغيير إعداد حساب المخزون,لا يمكن تغيير إعداد حساب المخزون,,accounts,missing,,,,,,,,,,,,Pending,
erpnext,Default COGS Account,,,,erpnext,,حساب تكلفة البضاعة المباعة الافتراضي,حساب تكلفة البضاعة المباعة الافتراضي,,accounts,missing,,,,,,,,,,,,Pending,
erpnext,Type of Payment,,,,erpnext,نوع الدفع,,نوع الدفع,,accounts,pending,,,,,,,,,,,,Approved,
erpnext,Expense / Difference account ({0}) must be a 'Profit or Loss' account,,,,erpnext,حساب نفقات / قروق ({0}) يجب ان يكون حساب ارباح و خسائر,,حساب نفقات / قروق ({0}) يجب ان يكون حساب ارباح و خسائر,,accounts,pending,,,,,,,,,,,,Approved,
erpnext,Heads (or groups) against which Accounting Entries are made and balances are maintained.,,,,erpnext,,,,,accounts,missing,,,,,,,,,,,,Pending,
erpnext,Ledger Merge,,,,erpnext,,دمج دفتر الأستاذ,دمج دفتر الأستاذ,,accounts,missing,,,,,,,,,,,,Pending,
erpnext,Stock Ledger Entries and GL Entries are reposted for the selected Purchase Receipts,,,,erpnext,,,,,accounts,missing,,,,,,,,,,,,Pending,
erpnext,Total distributed amount {0} must be equal to Budget Amount {1},,,,erpnext,,,,,accounts,missing,,,,,,,,,,placeholder_mismatch,,Pending,
erpnext,Invoice Limit,,,,erpnext,,حد الفاتورة,حد الفاتورة,,accounts,missing,,,,,,,,,,,,Pending,
erpnext,You can not enter current voucher in 'Against Journal Entry' column,,,,erpnext,لا يمكنك إدخال القسيمة الحالية في عمود 'قيد اليومية المقابل'.\n<br>\nYou can not enter current voucher in 'Against Journal Entry' column,,لا يمكنك إدخال القسيمة الحالية في عمود 'قيد اليومية المقابل'.\n<br>\nYou can not enter current voucher in 'Against Journal Entry' column,,accounts,pending,,,,,,,,,,html_imbalance,,Approved,
erpnext,Valuation rate for the item as per Sales Invoice (Only for Internal Transfers),,,,erpnext,,,,,accounts,missing,,,,,,,,,,,,Pending,
erpnext,Stock and Account Value Comparison,,,,erpnext,الأسهم وقيمة الحساب مقارنة,,الأسهم وقيمة الحساب مقارنة,,accounts,pending,,,,,,,,,,,,Approved,
erpnext,Payment term {0} not used in {1},,,,erpnext,,,,,accounts,missing,,,,,,,,,,placeholder_mismatch,,Pending,
erpnext,Account Missing,,,,erpnext,الحساب مفقود,,الحساب مفقود,,accounts,pending,,,,,,,,,,,,Approved,
erpnext,Allow Material Transfer from Delivery Note to Sales Invoice,,,,erpnext,السماح بنقل المواد من مذكرة التسليم إلى فاتورة المبيعات,,السماح بنقل المواد من مذكرة التسليم إلى فاتورة المبيعات,,accounts,pending,,,,,,,,,,,,Approved,
erpnext,Row {0}: Cost center is required for an item {1},,,,erpnext,الصف {0}: مركز التكلفة مطلوب لعنصر {1},,الصف {0}: مركز التكلفة مطلوب لعنصر {1},,accounts,pending,,,,,,,,,,,,Approved,
erpnext,Ignore Exchange Rate Revaluation and Gain / Loss Journals,,,,erpnext,,,,,accounts,missing,,,,,,,,,,,,Pending,
erpnext,Accounting Dimension <b>{0}</b> is required for 'Profit and Loss' account {1}.,,,,erpnext,البعد المحاسبي <b>{0}</b> مطلوب لحساب &quot;الربح والخسارة&quot; {1}.,,البعد المحاسبي <b>{0}</b> مطلوب لحساب &quot;الربح والخسارة&quot; {1}.,,accounts,pending,,,,,,,,,,,,Approved,
erpnext,Allocate Payment Based On Payment Terms,,,,erpnext,تخصيص الدفع على أساس شروط الدفع,,تخصيص الدفع على أساس شروط الدفع,,accounts,pending,,,,,,,,,,,,Approved,
erpnext,Row {0}: Expense Head changed to {1} because account {2} is not linked to warehouse {3} or it is not the default inventory account,,,,erpnext,,,,,accounts,missing,,,,,,,,,,placeholder_mismatch,,Pending,
erpnext,Receivable Account,,,,erpnext,حساب مدين,,حساب مدين,,accounts,pending,,,,,,,,,,,,Approved,
erpnext,Update Account Name / Number,,,,erpnext,تحديث اسم / رقم الحساب,,تحديث اسم / رقم الحساب,,accounts,pending,,,,,,,,,,,,Approved,
erpnext,View Chart of Accounts,,,,erpnext,عرض الرسم البياني للحسابات,,عرض الرسم البياني للحسابات,,accounts,pending,,,,,,,,,,,,Approved,
erpnext,Supplier Invoice,,,,erpnext,,فاتورة المورد,فاتورة المورد,,accounts,missing,,,,,,,,,,,,Pending,
erpnext,Stock Ledger Entry,,,,erpnext,حركة سجل المخزن,,حركة سجل المخزن,,accounts,pending,,,,,,,,,,,,Approved,
frappe,Dashboard Chart,,,,frappe,مخطط لوحة القيادة,,مخطط لوحة القيادة,,accounts,pending,,,,,,,,,,,,Approved,
erpnext,Electronic Invoice Register,,,,erpnext,تسجيل الفاتورة الإلكترونية,,تسجيل الفاتورة الإلكترونية,,accounts,pending,,,,,,,,,,,,Approved,
erpnext,Row {0}: Allocated amount {1} must be less than or equal to remaining payment amount {2},,,,erpnext,,,,,accounts,missing,,,,,,,,,,placeholder_mismatch,,Pending,
erpnext,Ignore Default Payment Terms Template,,,,erpnext,,تجاهل قالب شروط الدفع الافتراضي,تجاهل قالب شروط الدفع الافتراضي,,accounts,missing,,,,,,,,,,,,Pending,
erpnext,Cannot be a fixed asset item as Stock Ledger is created.,,,,erpnext,لا يمكن أن يكون عنصر الأصول الثابتة كما يتم إنشاء دفتر الأستاذ.,,لا يمكن أن يكون عنصر الأصول الثابتة كما يتم إنشاء دفتر الأستاذ.,,accounts,pending,,,,,,,,,,,,Approved,
erpnext,Accounting Dimension Filter,,,,erpnext,,عامل تصفية بُعد المحاسبة,عامل تصفية بُعد المحاسبة,,accounts,missing,,,,,,,,,,,,Pending,
erpnext,No Unreconciled Payments found for this party,,,,erpnext,,,,,accounts,missing,,,,,,,,,,,,Pending,
erpnext,"Difference Account must be a Asset/Liability type account, since this Stock Reconciliation is an Opening Entry",,,,erpnext,"حساب الفرق يجب أن يكون حساب الأصول / حساب نوع الالتزام، حيث يعتبر تسوية المخزون بمثابة مدخل افتتاح\n<br>\nDifference Account must be a Asset/Liability type account, since this Stock Reconciliation is an Opening Entry",,"حساب الفرق يجب أن يكون حساب الأصول / حساب نوع الالتزام، حيث يعتبر تسوية المخزون بمثابة مدخل افتتاح\n<br>\nDifference Account must be a Asset/Liability type account, since this Stock Reconciliation is an Opening Entry",,accounts,pending,,,,,,,,,,html_imbalance,,Approved,
erpnext,Default Bank Account,,,,erpnext,حساب المصرف الافتراضي,,حساب المصرف الافتراضي,,accounts,pending,,,,,,,,,,,,Approved,
erpnext,Overdue Payments,,,,erpnext,,مدفوعات متأخرة,مدفوعات متأخرة,,accounts,missing,,,,,,,,,,,,Pending,
erpnext,"Row #{0}: For {1}, you can select reference document only if account gets debited",,,,erpnext,,,,,accounts,missing,,,,,,,,,,placeholder_mismatch,,Pending,
erpnext,Please set Account in Warehouse {0} or Default Inventory Account in Company {1},,,,erpnext,يرجى تعيين Account in Warehouse {0} أو Account Inventory Account in Company {1},,يرجى تعيين Account in Warehouse {0} أو Account Inventory Account in Company {1},,accounts,pending,,,,,,,,,,,,Approved,
erpnext,Against Sales Invoice,,,,erpnext,مقابل فاتورة المبيعات,,مقابل فاتورة المبيعات,,accounts,pending,,,,,,,,,,,,Approved,
erpnext,"If you are maintaining stock of this Item in your Inventory, ERPNext will make a stock ledger entry for each transaction of this item.",,,,erpnext,,,,,accounts,missing,,,,,,,,,,,,Pending,
frappe,Accounts Manager,,,,frappe,,,,,accounts,missing,,,,,,,,,,,,Pending,
erpnext,Account Type,,,,erpnext,نوع الحساب,,نوع الحساب,,accounts,pending,,,,,,,,,,,,Approved,
frappe,Configure Chart,,,,frappe,تكوين المخطط,,تكوين المخطط,,accounts,pending,,,,,,,,,,,,Approved,
erpnext,Minimum Invoice Amount,,,,erpnext,الحد الأدنى للمبلغ الفاتورة,,الحد الأدنى للمبلغ الفاتورة,,accounts,pending,,,,,,,,,,,,Approved,
erpnext,"Here, you can select a senior of this Employee. Based on this, Organization Chart will be populated.",,,,erpnext,,,,,accounts,missing,,,,,,,,,,,,Pending,
erpnext,No records found in the Invoices table,,,,erpnext,,,,,accounts,missing,,,,,,,,,,,,Pending,
erpnext,"Opening Invoice has rounding adjustment of {0}.<br><br> '{1}' account is required to post these values. Please set it in Company: {2}.<br><br> Or, '{3}' can be enabled to not post any rounding adjustment.",,,,erpnext,,,,,accounts,missing,,,,,,,,,,placeholder_mismatch;html_imbalance,,Pending,
erpnext,Sales Invoice Trends,,,,erpnext,اتجاهات فاتورة المبيعات,,اتجاهات فاتورة المبيعات,,accounts,pending,,,,,,,,,,,,Approved,
frappe,Changing any setting will reflect on all the email accounts associated with this domain.,,,,frappe,,,,,accounts,missing,,,,,,,,,,,,Pending,
erpnext,Show Ledger View,,,,erpnext,,إظهار عرض دفتر الأستاذ,إظهار عرض دفتر الأستاذ,,accounts,missing,,,,,,,,,,,,Pending,
frappe,A download link with your data will be sent to the email address associated with your account.,,,,frappe,,,,,accounts,missing,,,,,,,,,,,,Pending,
frappe,Your account has been locked and will resume after {0} seconds,,,,frappe,تم قفل حسابك وسيتم استئنافه بعد {0} ثانية,,تم قفل حسابك وسيتم استئنافه بعد {0} ثانية,,accounts,pending,,,,,,,,,,,,Approved,
erpnext,Advance Payment Status,,,,erpnext,,حالة الدفعة المقدمة,حالة الدفعة المقدمة,,accounts,missing,,,,,,,,,,,,Pending,
erpnext,"If enabled, the system will use the inventory account set in the Item Master or Item Group or Brand. Otherwise, it will use the inventory account set in the Warehouse.",,,,erpnext,,,,,accounts,missing,,,,,,,,,,,,Pending,
erpnext,"If this checkbox is checked, paid amount will be splitted and allocated as per the amounts in payment schedule against each payment term",,,,erpnext,إذا تم تحديد مربع الاختيار هذا ، فسيتم تقسيم المبلغ المدفوع وتخصيصه وفقًا للمبالغ الموجودة في جدول الدفع مقابل كل مصطلح دفع,,إذا تم تحديد مربع الاختيار هذا ، فسيتم تقسيم المبلغ المدفوع وتخصيصه وفقًا للمبالغ الموجودة في جدول الدفع مقابل كل مصطلح دفع,,accounts,pending,,,,,,,,,,,,Approved,
erpnext,Cost Center Allocation Percentages,,,,erpnext,,نسب تخصيص مركز التكلفة,نسب تخصيص مركز التكلفة,,accounts,missing,,,,,,,,,,,,Pending,
frappe,Delete Account,,,,frappe,,,,,accounts,missing,,,,,,,,,,,,Pending,
erpnext,Account for Change Amount,,,,erpnext,حساب لتغيير المبلغ,,حساب لتغيير المبلغ,,accounts,pending,,,,,,,,,,,,Approved,
erpnext,Account Value,,,,erpnext,قيمة الحساب,,قيمة الحساب,,accounts,pending,,,,,,,,,,,,Approved,
erpnext,Another Budget record '{0}' already exists against {1} '{2}' and account '{3}' with overlapping fiscal years.,,,,erpnext,,,,,accounts,missing,,,,,,,,,,placeholder_mismatch,,Pending,
erpnext,"If enabled, ledger entries will be posted for change amount in POS transactions",,,,erpnext,,,,,accounts,missing,,,,,,,,,,,,Pending,
erpnext,Sales Invoice Reference,,,,erpnext,,مرجع فاتورة المبيعات,مرجع فاتورة المبيعات,,accounts,missing,,,,,,,,,,,,Pending,
erpnext,Against Income Account,,,,erpnext,مقابل حساب الدخل,,مقابل حساب الدخل,,accounts,pending,,,,,,,,,,,,Approved,
erpnext,Bank/Cash Account,,,,erpnext,,حساب البنك/النقدية,حساب البنك/النقدية,,accounts,missing,,,,,,,,,,,,Pending,
erpnext,Partial Payment in POS Transactions are not allowed.,,,,erpnext,,الدفع الجزئي في معاملات نقطة البيع غير مسموح.,الدفع الجزئي في معاملات نقطة البيع غير مسموح.,,accounts,missing,,,,,,,,,,,,Pending,
erpnext,Cashier Closing Payments,,,,erpnext,مدفوعات إغلاق أمين الصندوق,,مدفوعات إغلاق أمين الصندوق,,accounts,pending,,,,,,,,,,,,Approved,
erpnext,Periodic Entry Difference Account,,,,erpnext,,حساب فرق القيد الدوري,حساب فرق القيد الدوري,,accounts,missing,,,,,,,,,,,,Pending,
erpnext,Incorrect number of General Ledger Entries found. You might have selected a wrong Account in the transaction.,,,,erpnext,تم العثور على عدد غير صحيح من إدخالات دفتر الأستاذ العام. ربما تكون قد حددت حسابا خاطئا في المعاملة.,,تم العثور على عدد غير صحيح من إدخالات دفتر الأستاذ العام. ربما تكون قد حددت حسابا خاطئا في المعاملة.,,accounts,pending,,,,,,,,,,,,Approved,
erpnext,Against Sales Invoice Item,,,,erpnext,مقابل بند فاتورة المبيعات,,مقابل بند فاتورة المبيعات,,accounts,pending,,,,,,,,,,,,Approved,
erpnext,Create Journal Entries,,,,erpnext,,إنشاء قيود يومية,إنشاء قيود يومية,,accounts,missing,,,,,,,,,,,,Pending,
erpnext,Select Accounting Dimension.,,,,erpnext,,حدد بُعدا محاسبيا.,حدد بُعدا محاسبيا.,,accounts,missing,,,,,,,,,,,,Pending,
erpnext,Series for Asset Depreciation Entry (Journal Entry),,,,erpnext,سلسلة دخول الأصول (دخول دفتر اليومية),,سلسلة دخول الأصول (دخول دفتر اليومية),,accounts,pending,,,,,,,,,,,,Approved,
erpnext,From Voucher No,,,,erpnext,,من رقم السند,من رقم السند,,accounts,missing,,,,,,,,,,,,Pending,
erpnext,"At row #{0}: you have selected the Difference Account {1}, which is a Cost of Goods Sold type account. Please select a different account",,,,erpnext,,,,,accounts,missing,,,,,,,,,,placeholder_mismatch,,Pending,
erpnext,Account Data,,,,erpnext,,بيانات الحساب,بيانات الحساب,,accounts,missing,,,,,,,,,,,,Pending,
erpnext,Warehouse not found against the account {0},,,,erpnext,لم يتم العثور على المستودع مقابل الحساب {0},,لم يتم العثور على المستودع مقابل الحساب {0},,accounts,pending,,,,,,,,,,,,Approved,
erpnext,Unreconcile Payment Entries,,,,erpnext,,قيود إلغاء تسوية الدفع,قيود إلغاء تسوية الدفع,,accounts,missing,,,,,,,,,,,,Pending,
erpnext,Merge Similar Account Heads,,,,erpnext,,دمج رؤوس الحسابات المتشابهة,دمج رؤوس الحسابات المتشابهة,,accounts,missing,,,,,,,,,,,,Pending,
erpnext,Maximum Payment Amount,,,,erpnext,,أقصى مبلغ دفع,أقصى مبلغ دفع,,accounts,missing,,,,,,,,,,,,Pending,
erpnext,Row {0}: Expense Head changed to {1} because expense is booked against this account in Purchase Receipt {2},,,,erpnext,,,,,accounts,missing,,,,,,,,,,placeholder_mismatch,,Pending,
erpnext,Book Deferred Entries Via Journal Entry,,,,erpnext,كتاب مؤجل إدخالات عن طريق إدخال دفتر اليومية,,كتاب مؤجل إدخالات عن طريق إدخال دفتر اليومية,,accounts,pending,,,,,,,,,,,,Approved,
erpnext,Cost of Goods Sold Account in Items Table,,,,erpnext,,,,,accounts,missing,,,,,,,,,,,,Pending,
erpnext,POS Invoice,,,,erpnext,فاتورة نقاط البيع,,فاتورة نقاط البيع,,accounts,pending,,,,,,,,,,,,Approved,
erpnext,Include Payment (POS),,,,erpnext,تشمل الدفع (POS),,تشمل الدفع (POS),,accounts,pending,,,,,,,,,,,,Approved,
erpnext,Create Inter Company Journal Entry,,,,erpnext,إنشاء Inter Journal Journal Entry,,إنشاء Inter Journal Journal Entry,,accounts,pending,,,,,,,,,,,,Approved,
erpnext,Include Payment,,,,erpnext,,تضمين الدفع,تضمين الدفع,,accounts,missing,,,,,,,,,,,,Pending,
erpnext,Please ensure {} account is a Balance Sheet account.,,,,erpnext,,,,,accounts,missing,,,,,,,,,,,,Pending,
erpnext,Account {0} does not exists,,,,erpnext,الحساب {0} غير موجود,,الحساب {0} غير موجود,,accounts,pending,,,,,,,,,,,,Approved,
erpnext,Make Purchase Invoice,,,,erpnext,إنشاء فاتورة شراء,,إنشاء فاتورة شراء,,accounts,pending,,,,,,,,,,,,Approved,
erpnext,Please set default cost of goods sold account in company {0} for booking rounding gain and loss during stock transfer,,,,erpnext,,,,,accounts,missing,,,,,,,,,,placeholder_mismatch,,Pending,
erpnext,Show Group Accounts,,,,erpnext,,إظهار الحسابات المجمعة,إظهار الحسابات المجمعة,,accounts,missing,,,,,,,,,,,,Pending,
erpnext,General Ledger,Warehouse,,,erpnext,دفتر الأستاذ العام,,دفتر الأستاذ العام,,accounts,pending,,,,,,,,,,,,Approved,
erpnext,Transaction currency must be same as Payment Gateway currency,,,,erpnext,يجب أن تكون العملة المعاملة نفس العملة بوابة الدفع,,يجب أن تكون العملة المعاملة نفس العملة بوابة الدفع,,accounts,pending,,,,,,,,,,,,Approved,
erpnext,Row #{0} (Payment Table): Amount must be positive,,,,erpnext,الصف رقم {0} (جدول الدفع): يجب أن يكون المبلغ موجبا,,الصف رقم {0} (جدول الدفع): يجب أن يكون المبلغ موجبا,,accounts,pending,,,,,,,,,,,,Approved,
erpnext,Use <strong>Python</strong> filters to get Accounts,,,,erpnext,,,,,accounts,missing,,,,,,,,,,html_imbalance,,Pending,
erpnext,Attach custom Chart of Accounts file,,,,erpnext,إرفاق ملف مخطط الحسابات المخصص,,إرفاق ملف مخطط الحسابات المخصص,,accounts,pending,,,,,,,,,,,,Approved,
frappe,"<h4>Email Reply Example</h4>

<pre>Order Overdue

Transaction {{ name }} has exceeded Due Date. Please take necessary action.

Details

- Customer: {{ customer }}
- Amount: {{ grand_total }}
</pre>

<h4>How to get fieldnames</h4>

<p>The fieldnames you can use in your email template are the fields in the document from which you are sending the email. You can find out the fields of any documents via Setup &gt; Customize Form View and selecting the document type (e.g. Sales Invoice)</p>

<h4>Templating</h4>

<p>Templates are compiled using the Jinja Templating Language. To learn more about Jinja, <a class=""strong"" href=""http://jinja.pocoo.org/docs/dev/templates/"">read this documentation.</a></p>
",,,,frappe,"<h4>مثال على الرد بالبريد الإلكتروني</h4>

<pre>طلب متأخر

تجاوزت المعاملة {{ name }} تاريخ الاستحقاق. يرجى اتخاذ الإجراء اللازم.

التفاصيل

- العميل: {{ customer }}
- المبلغ: {{ grand_total }}
</pre>

<h4>كيفية الحصول على أسماء الحقول</h4>

<p>أسماء الحقول التي يمكنك استخدامها في قالب البريد الإلكتروني هي الحقول الموجودة في المستند الذي ترسل منه البريد الإلكتروني. يمكنك معرفة حقول أي مستند من خلال الإعداد &gt; تخصيص طريقة عرض النموذج واختيار نوع المستند (مثلا: فاتورة المبيعات)</p>

<h4>القوالب</h4>

<p>يتم تجميع القوالب باستخدام لغة Jinja Templating Language. لمعرفة المزيد عن Jinja، <a class=""strong"" href=""http://jinja.pocoo.org/docs/dev/templates/"">اقرأ هذه التوثيقات</a>.</p>
",,"<h4>مثال على الرد بالبريد الإلكتروني</h4>

<pre>طلب متأخر

تجاوزت المعاملة {{ name }} تاريخ الاستحقاق. يرجى اتخاذ الإجراء اللازم.

التفاصيل

- العميل: {{ customer }}
- المبلغ: {{ grand_total }}
</pre>

<h4>كيفية الحصول على أسماء الحقول</h4>

<p>أسماء الحقول التي يمكنك استخدامها في قالب البريد الإلكتروني هي الحقول الموجودة في المستند الذي ترسل منه البريد الإلكتروني. يمكنك معرفة حقول أي مستند من خلال الإعداد &gt; تخصيص طريقة عرض النموذج واختيار نوع المستند (مثلا: فاتورة المبيعات)</p>

<h4>القوالب</h4>

<p>يتم تجميع القوالب باستخدام لغة Jinja Templating Language. لمعرفة المزيد عن Jinja، <a class=""strong"" href=""http://jinja.pocoo.org/docs/dev/templates/"">اقرأ هذه التوثيقات</a>.</p>
",,accounts,pending,,,,,,,,,,whitespace,,Approved,
erpnext,Set default inventory account for perpetual inventory,,,,erpnext,تعيين حساب المخزون الافتراضي للمخزون الدائم,,تعيين حساب المخزون الافتراضي للمخزون الدائم,,accounts,pending,,,,,,,,,,,,Approved,
erpnext,Budget Limit Exceeded,,,,erpnext,,تم تجاوز حد الميزانية,تم تجاوز حد الميزانية,,accounts,missing,,,,,,,,,,,,Pending,
construction,Total Budgeted Cost,,,,construction,إجمالي التكلفة التقديرية,إجمالي التكلفة المدرجة بالموازنة,إجمالي التكلفة المدرجة بالموازنة,,accounts,pending,,,,,,,,,,,,Approved,
erpnext,Ledgers,,,,erpnext,,دفاتر الأستاذ,دفاتر الأستاذ,,accounts,missing,,,,,,,,,,,,Pending,
erpnext,Closing Account Head,,,,erpnext,اقفال حساب المركز الرئيسي,,اقفال حساب المركز الرئيسي,,accounts,pending,,,,,,,,,,,,Approved,
erpnext,Could not detect the Company for updating Bank Accounts,,,,erpnext,,,,,accounts,missing,,,,,,,,,,,,Pending,
erpnext,Account {0} should be of type Expense,,,,erpnext,,,,,accounts,missing,,,,,,,,,,placeholder_mismatch,,Pending,
frappe,"<h3>Print Format Help</h3>
<hr>
<h4>Introduction</h4>
<p>Print Formats are rendered on the server side using the Jinja Templating Language. All forms have access to the <code>doc</code> object which contains information about the document that is being formatted. You can also access common utilities via the <code>frappe</code> module.</p>
<p>For styling, the Boostrap CSS framework is provided and you can enjoy the full range of classes.</p>
<hr>
<h4>References</h4>
<ol>
	<li><a href=""http://jinja.pocoo.org/docs/templates/"" target=""_blank"">Jinja Templating Language</a></li>
	<li><a href=""http://getbootstrap.com"" target=""_blank"">Bootstrap CSS Framework</a></li>
</ol>
<hr>
<h4>Example</h4>
<pre><code>&lt;h3&gt;{{ doc.select_print_heading or ""Invoice"" }}&lt;/h3&gt;
&lt;div class=""row""&gt;
	&lt;div class=""col-md-3 text-right""&gt;Customer Name&lt;/div&gt;
	&lt;div class=""col-md-9""&gt;{{ doc.customer_name }}&lt;/div&gt;
&lt;/div&gt;
&lt;div class=""row""&gt;
	&lt;div class=""col-md-3 text-right""&gt;Date&lt;/div&gt;
	&lt;div class=""col-md-9""&gt;{{ doc.get_formatted(""invoice_date"") }}&lt;/div&gt;
&lt;/div&gt;
&lt;table class=""table table-bordered""&gt;
	&lt;tbody&gt;
		&lt;tr&gt;
			&lt;th&gt;Sr&lt;/th&gt;
			&lt;th&gt;Item Name&lt;/th&gt;
			&lt;th&gt;Description&lt;/th&gt;
			&lt;th class=""text-right""&gt;Qty&lt;/th&gt;
			&lt;th class=""text-right""&gt;Rate&lt;/th&gt;
			&lt;th class=""text-right""&gt;Amount&lt;/th&gt;
		&lt;/tr&gt;
		{%- for row in doc.items -%}
		&lt;tr&gt;
			&lt;td style=""width: 3%;""&gt;{{ row.idx }}&lt;/td&gt;
			&lt;td style=""width: 20%;""&gt;
				{{ row.item_name }}
				{% if row.item_code != row.item_name -%}
				&lt;br&gt;Item Code: {{ row.item_code}}
				{%- endif %}
			&lt;/td&gt;
			&lt;td style=""width: 37%;""&gt;
				&lt;div style=""border: 0px;""&gt;{{ row.description }}&lt;/div&gt;&lt;/td&gt;
			&lt;td style=""width: 10%; text-align: right;""&gt;{{ row.qty }} {{ row.uom or row.stock_uom }}&lt;/td&gt;
			&lt;td style=""width: 15%; text-align: right;""&gt;{{
				row.get_formatted(""rate"", doc) }}&lt;/td&gt;
			&lt;td style=""width: 15%; text-align: right;""&gt;{{
				row.get_formatted(""amount"", doc) }}&lt;/td&gt;
		&lt;/tr&gt;
		{%- endfor -%}
	&lt;/tbody&gt;
&lt;/table&gt;</code></pre>
<hr>
<h4>Common Functions</h4>
<table class=""table table-bordered"">
	<tbody>
		<tr>
			<td style=""width: 30%;""><code>doc.get_formatted(""[fieldname]"", [parent_doc])</code></td>
			<td>Get document value formatted as Date, Currency, etc. Pass parent <code>doc</code> for currency type fields.</td>
		</tr>
		<tr>
			<td style=""width: 30%;""><code>frappe.db.get_value(""[doctype]"", ""[name]"", ""fieldname"")</code></td>
			<td>Get value from another document.</td>
		</tr>
	</tbody>
</table>
",,,,frappe,,,,,accounts,missing,,,,,,,,,,placeholder_mismatch;html_imbalance;whitespace,,Pending,
erpnext,Chart Of Accounts,,,,erpnext,,,دليل الحسابات,,accounts,missing,,,,,,,,,,,,Deprecated,
erpnext,Purchase Invoices,,,,erpnext,فواتير الشراء,,فواتير الشراء,,accounts,pending,,,,,,,,,,,,Approved,
erpnext,Payment Gateway Account,,,,erpnext,دفع حساب البوابة,,دفع حساب البوابة,,accounts,pending,,,,,,,,,,,,Approved,
erpnext,Process Period Closing Voucher,,,,erpnext,,معالجة سند إغلاق الفترة,معالجة سند إغلاق الفترة,,accounts,missing,,,,,,,,,,,,Pending,
frappe,"As per your request, your account and data on {0} associated with email {1} has been permanently deleted",,,,frappe,,,,,accounts,missing,,,,,,,,,,placeholder_mismatch,,Pending,
erpnext,Payment Gateway,,,,erpnext,بوابة الدفع,,بوابة الدفع,,accounts,pending,,,,,,,,,,,,Approved,
erpnext,Account {0} cannot be converted to Group as it is already set as {1} for {2}.,,,,erpnext,,,,,accounts,missing,,,,,,,,,,placeholder_mismatch,,Pending,
erpnext,Certificate Details,,,,erpnext,تفاصيل الشهادة,,تفاصيل الشهادة,,accounts,pending,,,,,,,,,,,,Approved,
erpnext,Individual Stock Ledger Entry cannot be cancelled.,,,,erpnext,,,,,accounts,missing,,,,,,,,,,,,Pending,
erpnext,"The system will create a Sales Invoice or a POS Invoice from the POS interface based on this setting. For high-volume transactions, it is recommended to use POS Invoice.",,,,erpnext,,,,,accounts,missing,,,,,,,,,,,,Pending,
erpnext,Asset scrapped via Journal Entry {0},,,,erpnext,ألغت الأصول عن طريق قيد اليومية {0}\n<br>\n Asset scrapped via Journal Entry {0},,ألغت الأصول عن طريق قيد اليومية {0}\n<br>\n Asset scrapped via Journal Entry {0},,accounts,pending,,,,,,,,,,html_imbalance,,Approved,
erpnext,Helps you distribute the Budget/Target across months if you have seasonality in your business.,,,,erpnext,,,,,accounts,missing,,,,,,,,,,,,Pending,
erpnext,"Account balance already in Credit, you are not allowed to set 'Balance Must Be' as 'Debit'",,,,erpnext,"رصيد الحساب بالفعل دائن ، لا يسمح لك لتعيين ' الرصيد يجب ان يكون ' ك ' مدين '\n<br>\nAccount balance already in Credit, you are not allowed to set 'Balance Must Be' as 'Debit'",,"رصيد الحساب بالفعل دائن ، لا يسمح لك لتعيين ' الرصيد يجب ان يكون ' ك ' مدين '\n<br>\nAccount balance already in Credit, you are not allowed to set 'Balance Must Be' as 'Debit'",,accounts,pending,,,,,,,,,,html_imbalance,,Approved,
erpnext,Please select Bank Account,,,,erpnext,,يرجى تحديد الحساب البنكي,يرجى تحديد الحساب البنكي,,accounts,missing,,,,,,,,,,,,Pending,
erpnext,Deferred Accounting,,,,erpnext,,المحاسبة المؤجلة,المحاسبة المؤجلة,,accounts,missing,,,,,,,,,,,,Pending,
erpnext,Row #{0} (Payment Table): Amount must be negative,,,,erpnext,الصف # {0} (جدول الدفع): يجب أن يكون المبلغ سلبيًا,,الصف # {0} (جدول الدفع): يجب أن يكون المبلغ سلبيًا,,accounts,pending,,,,,,,,,,,,Approved,
erpnext,You can add the original invoice {} manually to proceed.,,,,erpnext,,,,,accounts,missing,,,,,,,,,,,,Pending,
erpnext,Account {0} is disabled.,,,,erpnext,,,,,accounts,missing,,,,,,,,,,placeholder_mismatch,,Pending,
erpnext,Payment Terms Template Detail,,,,erpnext,شروط الدفع تفاصيل قالب,,شروط الدفع تفاصيل قالب,,accounts,pending,,,,,,,,,,,,Approved,
erpnext,Show Payment Schedule in Print,,,,erpnext,عرض جدول الدفع في الطباعة,,عرض جدول الدفع في الطباعة,,accounts,pending,,,,,,,,,,,,Approved,
erpnext,Dependant SLE Voucher Detail No,,,,erpnext,,,,,accounts,missing,,,,,,,,,,,,Pending,
erpnext,Merge with Existing Account,,,,erpnext,دمج مع حساب موجود,,دمج مع حساب موجود,,accounts,pending,,,,,,,,,,,,Approved,
erpnext,Only applies for Normal Payments,,,,erpnext,,,,,accounts,missing,,,,,,,,,,,,Pending,
erpnext,Default Operating Cost Account,,,,erpnext,,حساب تكلفة التشغيل الافتراضي,حساب تكلفة التشغيل الافتراضي,,accounts,missing,,,,,,,,,,,,Pending,
erpnext,Automatically Process Deferred Accounting Entry,,,,erpnext,معالجة الإدخال المؤجل للمحاسبة تلقائيًا,,معالجة الإدخال المؤجل للمحاسبة تلقائيًا,,accounts,pending,,,,,,,,,,,,Approved,
erpnext,Sales Invoice does not have Payments,,,,erpnext,,,,,accounts,missing,,,,,,,,,,,,Pending,
erpnext,Setting Account Type helps in selecting this Account in transactions.,,,,erpnext,تحديد نوع الحساب يساعد في تحديد هذا الحساب في المعاملات.,,تحديد نوع الحساب يساعد في تحديد هذا الحساب في المعاملات.,,accounts,pending,,,,,,,,,,,,Approved,
frappe,Accounts User,,,,frappe,,,,,accounts,missing,,,,,,,,,,,,Pending,
erpnext,Payment Request,,,,erpnext,طلب الدفع من قبل المورد,,طلب الدفع من قبل المورد,,accounts,pending,,,,,,,,,,,,Approved,
frappe,No Email Accounts Assigned,,,,frappe,,,,,accounts,missing,,,,,,,,,,,,Pending,
erpnext,Round Off Cost Center,,,,erpnext,مركز التكلفة الخاص بالتقريب,,مركز التكلفة الخاص بالتقريب,,accounts,pending,,,,,,,,,,,,Approved,
erpnext,Payment Reconciliation,,,,erpnext,دفع المصالحة,,دفع المصالحة,,accounts,pending,,,,,,,,,,,,Approved,
erpnext,Total Invoiced Amount,,,,erpnext,إجمالي مبلغ الفاتورة,,إجمالي مبلغ الفاتورة,,accounts,pending,,,,,,,,,,,,Approved,
erpnext,{0} against Sales Invoice {1},,,,erpnext,{0} مقابل فاتورة المبيعات {1},,{0} مقابل فاتورة المبيعات {1},,accounts,pending,,,,,,,,,,,,Approved,
erpnext,The parent account {0} does not exists in the uploaded template,,,,erpnext,الحساب الأصل {0} غير موجود في القالب الذي تم تحميله,,الحساب الأصل {0} غير موجود في القالب الذي تم تحميله,,accounts,pending,,,,,,,,,,,,Approved,
erpnext,Redemption Account,,,,erpnext,حساب الاسترداد,,حساب الاسترداد,,accounts,pending,,,,,,,,,,,,Approved,
erpnext,"If set, the system does not use the user's Email or the standard outgoing Email account for sending request for quotations.",,,,erpnext,,,,,accounts,missing,,,,,,,,,,,,Pending,
erpnext,Please enter parent cost center,,,,erpnext,الرجاء إدخال مركز تكلفة الأب,,الرجاء إدخال مركز تكلفة الأب,,accounts,pending,,,,,,,,,,,,Approved,
erpnext,Gain/Loss Account on Asset Disposal,,,,erpnext,حساب الربح / الخسارة الخاص بالتخلص من الأصول,,حساب الربح / الخسارة الخاص بالتخلص من الأصول,,accounts,pending,,,,,,,,,,,,Approved,
erpnext,Temporary Opening Account,,,,erpnext,حساب الافتتاح المؤقت,,حساب الافتتاح المؤقت,,accounts,pending,,,,,,,,,,,,Approved,
frappe,Invalid Credentials for Email Account: {0},,,,frappe,,,,,accounts,missing,,,,,,,,,,placeholder_mismatch,,Pending,
erpnext,Duplicate Sales Invoices found,,,,erpnext,,تم العثور على فواتير مبيعات مكررة,تم العثور على فواتير مبيعات مكررة,,accounts,missing,,,,,,,,,,,,Pending,
erpnext,Mode of Payment,,,,erpnext,طريقة الدفع,,طريقة الدفع,,accounts,pending,,,,,,,,,,,,Approved,
erpnext,"If checked, the tax amount will be considered as already included in the Paid Amount in Payment Entry",,,,erpnext,,,,,accounts,missing,,,,,,,,,,,,Pending,
erpnext,Accounts Payable,,,,erpnext,الحسابات الدائنة,,الحسابات الدائنة,,accounts,pending,,,,,,,,,,,,Approved,
erpnext,Payment Request for {0},,,,erpnext,طلب الدفع ل {0},,طلب الدفع ل {0},,accounts,pending,,,,,,,,,,,,Approved,
erpnext,Target Fixed Asset Account,,,,erpnext,,حساب الأصل الثابت الهدف,حساب الأصل الثابت الهدف,,accounts,missing,,,,,,,,,,,,Pending,
erpnext,Account Category,,,,erpnext,,فئة الحساب,فئة الحساب,,accounts,missing,,,,,,,,,,,,Pending,
erpnext,The selected change account {} doesn't belongs to Company {}.,,,,erpnext,حساب التغيير المحدد {} لا ينتمي إلى الشركة {}.,,حساب التغيير المحدد {} لا ينتمي إلى الشركة {}.,,accounts,pending,,,,,,,,,,,,Approved,
erpnext,References {0} of type {1} had no outstanding amount left before submitting the Payment Entry. Now they have a negative outstanding amount.,,,,erpnext,,,,,accounts,missing,,,,,,,,,,placeholder_mismatch,,Pending,
erpnext,Is Advance,,,,erpnext,هل مقدم,,هل مقدم,,accounts,pending,,,,,,,,,,,,Approved,
erpnext,Periodic Accounting Entry,,,,erpnext,,قيد محاسبة دوري,قيد محاسبة دوري,,accounts,missing,,,,,,,,,,,,Pending,
erpnext,Paid To Account Type,,,,erpnext,,نوع الحساب المدفوع إليه,نوع الحساب المدفوع إليه,,accounts,missing,,,,,,,,,,,,Pending,
erpnext,Cannot convert Cost Center to ledger as it has child nodes,,,,erpnext,لا يمكن تحويل مركز التكلفة إلى حساب دفتر الأستاذ لانه مرتبط بعقدة فرعية,,لا يمكن تحويل مركز التكلفة إلى حساب دفتر الأستاذ لانه مرتبط بعقدة فرعية,,accounts,pending,,,,,,,,,,,,Approved,
erpnext,Current Invoice End Date,,,,erpnext,تاريخ انتهاء الفاتورة الحالي,,تاريخ انتهاء الفاتورة الحالي,,accounts,pending,,,,,,,,,,,,Approved,
erpnext,Allow Material Transfer from Purchase Receipt to Purchase Invoice,,,,erpnext,السماح بنقل المواد من إيصال الشراء إلى فاتورة الشراء,,السماح بنقل المواد من إيصال الشراء إلى فاتورة الشراء,,accounts,pending,,,,,,,,,,,,Approved,
erpnext,Action if Annual Budget Exceeded on PO,,,,erpnext,الإجراء إذا تجاوزت الميزانية السنوية على أمر الشراء,,الإجراء إذا تجاوزت الميزانية السنوية على أمر الشراء,,accounts,pending,,,,,,,,,,,,Approved,
frappe,Automatic Linking can be activated only for one Email Account.,,,,frappe,يمكن تنشيط الربط التلقائي فقط لحساب بريد إلكتروني واحد.,,يمكن تنشيط الربط التلقائي فقط لحساب بريد إلكتروني واحد.,,accounts,pending,,,,,,,,,,,,Approved,
erpnext,Invoice ID,,,,erpnext,,معرف الفاتورة,معرف الفاتورة,,accounts,missing,,,,,,,,,,,,Pending,
erpnext,Account Balance,,,,erpnext,رصيد حسابك,,رصيد حسابك,,accounts,pending,,,,,,,,,,,,Approved,
erpnext,Categorize by Account,,,,erpnext,,تصنيف حسب الحساب,تصنيف حسب الحساب,,accounts,missing,,,,,,,,,,,,Pending,
erpnext,Voucher Type,,,,erpnext,نوع السند,,نوع السند,,accounts,pending,,,,,,,,,,,,Approved,
erpnext,New Sales Invoice,,,,erpnext,فاتورة مبيعات جديدة,,فاتورة مبيعات جديدة,,accounts,pending,,,,,,,,,,,,Approved,
erpnext,Please convert the parent account in corresponding child company to a group account.,,,,erpnext,الرجاء تحويل الحساب الرئيسي في الشركة الفرعية المقابلة إلى حساب مجموعة.,,الرجاء تحويل الحساب الرئيسي في الشركة الفرعية المقابلة إلى حساب مجموعة.,,accounts,pending,,,,,,,,,,,,Approved,
erpnext,You have unsaved changes. Do you want to save the invoice?,,,,erpnext,,,,,accounts,missing,,,,,,,,,,,,Pending,
frappe,No Permitted Charts,,,,frappe,لا توجد مخططات مسموح بها,,لا توجد مخططات مسموح بها,,accounts,pending,,,,,,,,,,,,Approved,
erpnext,Create Payment Entry,,,,erpnext,إنشاء إدخال الدفع,,إنشاء إدخال الدفع,,accounts,pending,,,,,,,,,,,,Approved,
frappe,Account,,,,frappe,,الحساب,الحساب,,accounts,missing,,,,,,,,,,,,Pending,
erpnext,"If enabled, additional ledger entries will be made for discounts in a separate Discount Account",,,,erpnext,,,,,accounts,missing,,,,,,,,,,,,Pending,
erpnext,Cost Center {} is a group cost center and group cost centers cannot be used in transactions,,,,erpnext,,,,,accounts,missing,,,,,,,,,,,,Pending,
erpnext,Allow multi-currency invoices against single party account ,,,,erpnext,,,,,accounts,missing,,,,,,,,,,whitespace,,Pending,
erpnext,{0} is not a company bank account,,,,erpnext,{0} ليس حسابًا مصرفيًا للشركة,,{0} ليس حسابًا مصرفيًا للشركة,,accounts,pending,,,,,,,,,,,,Approved,
erpnext,Maximum Invoice Amount,,,,erpnext,الحد الأقصى لمبلغ الفاتورة,,الحد الأقصى لمبلغ الفاتورة,,accounts,pending,,,,,,,,,,,,Approved,
erpnext,You can only select one mode of payment as default,,,,erpnext,يمكنك تحديد طريقة دفع واحدة فقط كطريقة افتراضية,,يمكنك تحديد طريقة دفع واحدة فقط كطريقة افتراضية,,accounts,pending,,,,,,,,,,,,Approved,
erpnext,Retention Stock Entry,,,,erpnext,الاحتفاظ الأسهم,,الاحتفاظ الأسهم,,accounts,pending,,,,,,,,,,,,Approved,
erpnext,Please add the account to root level Company - {},,,,erpnext,الرجاء إضافة الحساب إلى شركة على مستوى الجذر - {},,الرجاء إضافة الحساب إلى شركة على مستوى الجذر - {},,accounts,pending,,,,,,,,,,,,Approved,
erpnext,Advance Payments,,,,erpnext,دفعات مقدمة,,دفعات مقدمة,,accounts,pending,,,,,,,,,,,,Approved,
erpnext,"<p>To allow over-billing, please set allowance in Accounts Settings.</p>",,,,erpnext,,,,,accounts,missing,,,,,,,,,,html_imbalance,,Pending,
erpnext,Invoice Status,,,,erpnext,حالة الفاتورة,,حالة الفاتورة,,accounts,pending,,,,,,,,,,,,Approved,
erpnext,Budget Exceeded,,,,erpnext,,تم تجاوز الميزانية,تم تجاوز الميزانية,,accounts,missing,,,,,,,,,,,,Pending,
erpnext,Stock Ledger Invariant Check,,,,erpnext,,فحص ثبات دفتر أستاذ المخزون,فحص ثبات دفتر أستاذ المخزون,,accounts,missing,,,,,,,,,,,,Pending,
erpnext,New revised budget created successfully,,,,erpnext,,,,,accounts,missing,,,,,,,,,,,,Pending,
erpnext,Voucher Detail No,,,,erpnext,تفاصيل قسيمة لا,,تفاصيل قسيمة لا,,accounts,pending,,,,,,,,,,,,Approved,
erpnext,This is a root account and cannot be edited.,,,,erpnext,.هذا حساب جذري و لايمكن تعديله,,.هذا حساب جذري و لايمكن تعديله,,accounts,pending,,,,,,,,,,,,Approved,
erpnext,Bank Account Type,,,,erpnext,نوع الحساب المصرفي,,نوع الحساب المصرفي,,accounts,pending,,,,,,,,,,,,Approved,
erpnext,"Cost Center is a part of Cost Center Allocation, hence cannot be converted to a group",,,,erpnext,,,,,accounts,missing,,,,,,,,,,,,Pending,
erpnext,Stock Ledger Variance,,,,erpnext,,انحراف دفتر أستاذ المخزون,انحراف دفتر أستاذ المخزون,,accounts,missing,,,,,,,,,,,,Pending,
frappe,Set Chart,,,,frappe,مجموعة الرسم البياني,,مجموعة الرسم البياني,,accounts,pending,,,,,,,,,,,,Approved,
erpnext,payments app is not installed. Please install it from {0} or {1},,,,erpnext,,,,,accounts,missing,,,,,,,,,,placeholder_mismatch,,Pending,
erpnext,'Account' in the Accounting section of Customer {0},,,,erpnext,,,,,accounts,missing,,,,,,,,,,placeholder_mismatch,,Pending,
erpnext,Budget Amount,,,,erpnext,قيمة الميزانية,,قيمة الميزانية,,accounts,pending,,,,,,,,,,,,Approved,
erpnext,Row #{0}: {1} is required to create the Opening {2} Invoices,,,,erpnext,الصف رقم {0}: {1} مطلوب لإنشاء فواتير الافتتاح {2},,الصف رقم {0}: {1} مطلوب لإنشاء فواتير الافتتاح {2},,accounts,pending,,,,,,,,,,,,Approved,
erpnext,Payment Entry is already created,,,,erpnext,تدوين المدفوعات تم انشاؤه بالفعل,,تدوين المدفوعات تم انشاؤه بالفعل,,accounts,pending,,,,,,,,,,,,Approved,
erpnext,Payment Reconciliation Invoice,,,,erpnext,دفع فاتورة المصالحة,,دفع فاتورة المصالحة,,accounts,pending,,,,,,,,,,,,Approved,
erpnext,Check Supplier Invoice Number Uniqueness,,,,erpnext,التحقق من رقم الفتورة المرسلة من المورد مميز (ليس متكرر),,التحقق من رقم الفتورة المرسلة من المورد مميز (ليس متكرر),,accounts,pending,,,,,,,,,,,,Approved,
erpnext,Ignore Account Closing Balance,,,,erpnext,,تجاهل رصيد إغلاق الحساب,تجاهل رصيد إغلاق الحساب,,accounts,missing,,,,,,,,,,,,Pending,
erpnext,Payment Ledger Balance,,,,erpnext,,رصيد دفتر أستاذ الدفع,رصيد دفتر أستاذ الدفع,,accounts,missing,,,,,,,,,,,,Pending,
erpnext,Payment Terms from orders will be fetched into the invoices as is,,,,erpnext,,,,,accounts,missing,,,,,,,,,,,,Pending,
erpnext,No <strong>Account Data</strong> row found,,,,erpnext,,,,,accounts,missing,,,,,,,,,,html_imbalance,,Pending,
erpnext,Row #{0}: {1} of {2} should be {3}. Please update the {1} or select a different account.,,,,erpnext,,,,,accounts,missing,,,,,,,,,,placeholder_mismatch,,Pending,
erpnext,This schedule was created when Asset {0} was returned through Sales Invoice {1}.,,,,erpnext,,,,,accounts,missing,,,,,,,,,,placeholder_mismatch,,Pending,
erpnext,Account is mandatory,,,,erpnext,,,,,accounts,missing,,,,,,,,,,,,Pending,
erpnext,"<h4>Standard Terms and Conditions Example</h4>

<pre>Delivery Terms for Order number {{ name }}

-Order Date : {{ transaction_date }} 
-Expected Delivery Date : {{ delivery_date }}
</pre>

<h4>How to get fieldnames</h4>

<p>The fieldnames you can use in your email template are the fields in the document from which you are sending the email. You can find out the fields of any documents via Setup &gt; Customize Form View and selecting the document type (e.g. Sales Invoice)</p>

<h4>Templating</h4>

<p>Templates are compiled using the Jinja Templating Language. To learn more about Jinja, <a class=""strong"" href=""http://jinja.pocoo.org/docs/dev/templates/"">read this documentation.</a></p>",,,,erpnext,,,,,accounts,missing,,,,,,,,,,placeholder_mismatch;html_imbalance,,Pending,
erpnext,Account with existing transaction can not be deleted,,,,erpnext,الحساب لديه معاملات موجودة لا يمكن حذفه\n<br>\nAccount with existing transaction can not be deleted,,الحساب لديه معاملات موجودة لا يمكن حذفه\n<br>\nAccount with existing transaction can not be deleted,,accounts,pending,,,,,,,,,,html_imbalance,,Approved,
erpnext,Account {0} does not belong to company {1},,,,erpnext,,,,,accounts,missing,,,,,,,,,,placeholder_mismatch,,Pending,
erpnext,Invoice Type,,,,erpnext,نوع الفاتورة,,نوع الفاتورة,,accounts,pending,,,,,,,,,,,,Approved,
erpnext,Transaction currency: {0} cannot be different from Bank Account({1}) currency: {2},,,,erpnext,,,,,accounts,missing,,,,,,,,,,placeholder_mismatch,,Pending,
erpnext,Inter Company Invoice Reference,,,,erpnext,الشركة المشتركة للفاتورة,,الشركة المشتركة للفاتورة,,accounts,pending,,,,,,,,,,,,Approved,
erpnext,Certificate Limit,,,,erpnext,حد الشهادة,,حد الشهادة,,accounts,pending,,,,,,,,,,,,Approved,
erpnext,Cost Center Number,,,,erpnext,رقم مركز التكلفة,,رقم مركز التكلفة,,accounts,pending,,,,,,,,,,,,Approved,
erpnext,Only Include Allocated Payments,,,,erpnext,,تضمين المدفوعات المخصصة فقط,تضمين المدفوعات المخصصة فقط,,accounts,missing,,,,,,,,,,,,Pending,
erpnext,Ledger Merge Accounts,,,,erpnext,,حسابات دمج دفتر الأستاذ,حسابات دمج دفتر الأستاذ,,accounts,missing,,,,,,,,,,,,Pending,
erpnext,Account Paid From,,,,erpnext,حساب مدفوع من,,حساب مدفوع من,,accounts,pending,,,,,,,,,,,,Approved,
erpnext,{0} {1}: Account {2} does not belong to Company {3},,,,erpnext,{0} {1}: الحساب {2} لا ينتمي إلى الشركة {3},,{0} {1}: الحساب {2} لا ينتمي إلى الشركة {3},,accounts,pending,,,,,,,,,,,,Approved,
erpnext,"If enabled, the system will generate an accounting entry for materials rejected in the Purchase Receipt.",,,,erpnext,,,,,accounts,missing,,,,,,,,,,,,Pending,
erpnext,Purchase Invoice Trends,,,,erpnext,اتجهات فاتورة الشراء,,اتجهات فاتورة الشراء,,accounts,pending,,,,,,,,,,,,Approved,
erpnext,Waiting for payment...,,,,erpnext,,بانتظار الدفع...,بانتظار الدفع...,,accounts,missing,,,,,,,,,,,,Pending,
erpnext,Payment,,,,erpnext,دفع,,دفع,,accounts,pending,,,,,,,,,,,,Approved,
erpnext,"To enable Capital Work in Progress Accounting,",,,,erpnext,,,,,accounts,missing,,,,,,,,,,,,Pending,
erpnext,Please cancel payment entry manually first,,,,erpnext,,,,,accounts,missing,,,,,,,,,,,,Pending,
frappe,Chart Configuration,,,,frappe,تكوين الرسم البياني,,تكوين الرسم البياني,,accounts,pending,,,,,,,,,,,,Approved,
erpnext,Default Deferred Revenue Account,,,,erpnext,حساب الإيرادات المؤجلة الافتراضي,,حساب الإيرادات المؤجلة الافتراضي,,accounts,pending,,,,,,,,,,,,Approved,
erpnext,"The Payment Request {0} is already paid, cannot process payment twice",,,,erpnext,,,,,accounts,missing,,,,,,,,,,placeholder_mismatch,,Pending,
erpnext,In Words will be visible once you save the Sales Invoice.,,,,erpnext,وبعبارة تكون مرئية بمجرد حفظ فاتورة المبيعات.,,وبعبارة تكون مرئية بمجرد حفظ فاتورة المبيعات.,,accounts,pending,,,,,,,,,,,,Approved,
erpnext,Both {0} Account: {1} and Advance Account: {2} must be of same currency for company: {3},,,,erpnext,,,,,accounts,missing,,,,,,,,,,placeholder_mismatch,,Pending,
erpnext,{0} {1}: Accounting Entry for {2} can only be made in currency: {3},,,,erpnext,{0} {1}: قيد محاسبي ل {2} يمكن ان يتم فقط بالعملة : {3},,{0} {1}: قيد محاسبي ل {2} يمكن ان يتم فقط بالعملة : {3},,accounts,pending,,,,,,,,,,,,Approved,
erpnext,Against Supplier Invoice {0},,,,erpnext,,,,,accounts,missing,,,,,,,,,,placeholder_mismatch,,Pending,
erpnext,Payment Terms,,,,erpnext,شروط الدفع,,شروط الدفع,,accounts,pending,,,,,,,,,,,,Approved,
erpnext,Unset Matched Payment Request,,,,erpnext,,إلغاء تعيين طلب الدفع المطابق,إلغاء تعيين طلب الدفع المطابق,,accounts,missing,,,,,,,,,,,,Pending,
erpnext,Cannot convert to Group because Account Type is selected.,,,,erpnext,,,,,accounts,missing,,,,,,,,,,,,Pending,
erpnext,Invoices and Payments have been Fetched and Allocated,,,,erpnext,,,,,accounts,missing,,,,,,,,,,,,Pending,
erpnext,Accounting Entry for {0},,,,erpnext,,,,,accounts,missing,,,,,,,,,,placeholder_mismatch,,Pending,
erpnext,Update stock must be enabled for the purchase invoice {0},,,,erpnext,,,,,accounts,missing,,,,,,,,,,placeholder_mismatch,,Pending,
erpnext,"If checked, Rejected Quantity will be included while making Purchase Invoice from Purchase Receipt.",,,,erpnext,,,,,accounts,missing,,,,,,,,,,,,Pending,
erpnext,Budget Distribution Total,,,,erpnext,,إجمالي توزيع الميزانية,إجمالي توزيع الميزانية,,accounts,missing,,,,,,,,,,,,Pending,
erpnext,Bisect Accounting Statements,,,,erpnext,,تقسيم بيانات المحاسبة,تقسيم بيانات المحاسبة,,accounts,missing,,,,,,,,,,,,Pending,
erpnext,Default Payable Account,,,,erpnext,حساب الدائنون الافتراضي,,حساب الدائنون الافتراضي,,accounts,pending,,,,,,,,,,,,Approved,
erpnext,Item Tax Row {0}: Account must belong to Company - {1},,,,erpnext,,,,,accounts,missing,,,,,,,,,,placeholder_mismatch,,Pending,
erpnext,Oldest Of Invoice Or Advance,,,,erpnext,,الأقدم بين الفاتورة أو الدفعة المقدمة,الأقدم بين الفاتورة أو الدفعة المقدمة,,accounts,missing,,,,,,,,,,,,Pending,
frappe,Email Account,,,,frappe,حساب البريد الإلكتروني,,حساب البريد الإلكتروني,,accounts,pending,,,,,,,,,,,,Approved,
erpnext,Only payment entries with apply tax withholding unchecked will be considered for checking cumulative threshold breach,,,,erpnext,,,,,accounts,missing,,,,,,,,,,,,Pending,
erpnext,Minimum Payment Amount,,,,erpnext,,أدنى مبلغ دفع,أدنى مبلغ دفع,,accounts,missing,,,,,,,,,,,,Pending,
frappe,Email Account not setup. Please create a new Email Account from Settings > Email Account,,,,frappe,,,,,accounts,missing,,,,,,,,,,,,Pending,
erpnext,Chart of Accounts Importer,,,,erpnext,مخطط حسابات المستورد,,مخطط حسابات المستورد,,accounts,pending,,,,,,,,,,,,Approved,
erpnext,Action if Accumulated Monthly Budget Exceeded on MR,,,,erpnext,الإجراء في حالة تجاوز الميزانية الشهرية المتراكمة على MR,,الإجراء في حالة تجاوز الميزانية الشهرية المتراكمة على MR,,accounts,pending,,,,,,,,,,,,Approved,
erpnext,UAE VAT Account,,,,erpnext,,حساب ضريبة القيمة المضافة الإماراتية,حساب ضريبة القيمة المضافة الإماراتية,,accounts,missing,,,,,,,,,,,,Pending,
erpnext,Missing Cost Center,,,,erpnext,,مركز تكلفة مفقود,مركز تكلفة مفقود,,accounts,missing,,,,,,,,,,,,Pending,
erpnext,Quick Journal Entry,,,,erpnext,قيد دفتر يومية سريع,,قيد دفتر يومية سريع,,accounts,pending,,,,,,,,,,,,Approved,
erpnext,'Default {0} Account' in Company {1},,,,erpnext,,,,,accounts,missing,,,,,,,,,,placeholder_mismatch,,Pending,
construction,Advanced,,,,construction,متقدم,متقدم,متقدم,,accounts,pending,,,,,,,,,,,1,Approved,
erpnext,Please ensure {} account {} is a Receivable account.,,,,erpnext,,,,,accounts,missing,,,,,,,,,,,,Pending,
erpnext,Row {0}: Payment against Sales/Purchase Order should always be marked as advance,,,,erpnext,الصف {0}: الدفع لطلب الشراء/البيع يجب أن يكون دائما معلم كمتقدم\n<br>\nRow {0}: Payment against Sales/Purchase Order should always be marked as advance,,الصف {0}: الدفع لطلب الشراء/البيع يجب أن يكون دائما معلم كمتقدم\n<br>\nRow {0}: Payment against Sales/Purchase Order should always be marked as advance,,accounts,pending,,,,,,,,,,html_imbalance,,Approved,
erpnext,Please add a Temporary Opening account in Chart of Accounts,,,,erpnext,الرجاء إضافة حساب فتح مؤقت في مخطط الحسابات,,الرجاء إضافة حساب فتح مؤقت في مخطط الحسابات,,accounts,pending,,,,,,,,,,,,Approved,
erpnext,Categorize by Voucher (Consolidated),,,,erpnext,,تصنيف حسب السند (مجمع),تصنيف حسب السند (مجمع),,accounts,missing,,,,,,,,,,,,Pending,
erpnext,Issue a debit note with 0 qty against an existing Sales Invoice,,,,erpnext,,,,,accounts,missing,,,,,,,,,,,,Pending,
erpnext,Warehouses with child nodes cannot be converted to ledger,,,,erpnext,المستودعات مع العقد التابعة لا يمكن أن يتم تحويلها إلى دفتر الاستاذ,,المستودعات مع العقد التابعة لا يمكن أن يتم تحويلها إلى دفتر الاستاذ,,accounts,pending,,,,,,,,,,,,Approved,
erpnext,Opening Invoice Item,,,,erpnext,فتح الفاتورة البند,,فتح الفاتورة البند,,accounts,pending,,,,,,,,,,,,Approved,
erpnext,Plan operations X days in advance,,,,erpnext,خطط العمليات قبل X من الأيام,,خطط العمليات قبل X من الأيام,,accounts,pending,,,,,,,,,,,,Approved,
erpnext,Bank Account No,,,,erpnext,,رقم الحساب البنكي,رقم الحساب البنكي,,accounts,missing,,,,,,,,,,,,Pending,
erpnext,Row {0}: Payment Term is mandatory,,,,erpnext,,,,,accounts,missing,,,,,,,,,,placeholder_mismatch,,Pending,
erpnext,Expense account is mandatory for item {0},,,,erpnext,اجباري حساب النفقات للصنف {0},,اجباري حساب النفقات للصنف {0},,accounts,pending,,,,,,,,,,,,Approved,
erpnext,Show Net Values in Party Account,,,,erpnext,,إظهار القيم الصافية في حساب الجهة,إظهار القيم الصافية في حساب الجهة,,accounts,missing,,,,,,,,,,,,Pending,
erpnext,Action if Accumulated Monthly Budget Exceeded on PO,,,,erpnext,أجراء في حال تجاوزت الميزانية الشهرية المتراكمة طلب الشراء,,أجراء في حال تجاوزت الميزانية الشهرية المتراكمة طلب الشراء,,accounts,pending,,,,,,,,,,,,Approved,
erpnext,Is Company Account,,,,erpnext,هو حساب الشركة,,هو حساب الشركة,,accounts,pending,,,,,,,,,,,,Approved,
erpnext,Total Advance,,,,erpnext,إجمالي المقدمة,,إجمالي المقدمة,,accounts,pending,,,,,,,,,,,,Approved,
erpnext,Default Payment Discount Account,,,,erpnext,,حساب خصم الدفع الافتراضي,حساب خصم الدفع الافتراضي,,accounts,missing,,,,,,,,,,,,Pending,
frappe,"LDAP Search String must be enclosed in '()' and needs to contian the user placeholder {0}, eg sAMAccountName={0}",,,,frappe,,,,,accounts,missing,,,,,,,,,,placeholder_mismatch,,Pending,
frappe,This chart will be available to all Users if this is set,,,,frappe,سيكون هذا المخطط متاحًا لجميع المستخدمين إذا تم تعيين هذا,,سيكون هذا المخطط متاحًا لجميع المستخدمين إذا تم تعيين هذا,,accounts,pending,,,,,,,,,,,,Approved,
erpnext,Amount in party's bank account currency,,,,erpnext,,,,,accounts,missing,,,,,,,,,,,,Pending,
erpnext,No records found in the Payments table,,,,erpnext,,,,,accounts,missing,,,,,,,,,,,,Pending,
frappe,Ledger,,,,frappe,,,,,accounts,missing,,,,,,,,,,,,Pending,
erpnext,Demo Bank Account,,,,erpnext,,,,,accounts,missing,,,,,,,,,,,,Pending,
erpnext,Account {0} exists in parent company {1}.,,,,erpnext,الحساب {0} موجود في الشركة الأم {1}.,,الحساب {0} موجود في الشركة الأم {1}.,,accounts,pending,,,,,,,,,,,,Approved,
erpnext,Account Pay Only,,,,erpnext,حساب الدفع فقط,,حساب الدفع فقط,,accounts,pending,,,,,,,,,,,,Approved,
frappe,Please create chart first,,,,frappe,يرجى إنشاء الرسم البياني أولا,,يرجى إنشاء الرسم البياني أولا,,accounts,pending,,,,,,,,,,,,Approved,
erpnext,If this is checked subsequent new invoices will be created on calendar  month and quarter start dates irrespective of current invoice start date,,,,erpnext,إذا تم التحقق من ذلك ، فسيتم إنشاء فواتير جديدة لاحقة في شهر التقويم وتواريخ بدء ربع السنة بغض النظر عن تاريخ بدء الفاتورة الحالي,,إذا تم التحقق من ذلك ، فسيتم إنشاء فواتير جديدة لاحقة في شهر التقويم وتواريخ بدء ربع السنة بغض النظر عن تاريخ بدء الفاتورة الحالي,,accounts,pending,,,,,,,,,,,,Approved,
erpnext,Payment Document,,,,erpnext,وثيقة الدفع,,وثيقة الدفع,,accounts,pending,,,,,,,,,,,,Approved,
erpnext,Budget Distribution,,,,erpnext,,توزيع الميزانية,توزيع الميزانية,,accounts,missing,,,,,,,,,,,,Pending,
erpnext,{0} currency must be same as company's default currency. Please select another account.,,,,erpnext,,,,,accounts,missing,,,,,,,,,,placeholder_mismatch,,Pending,
erpnext,Default Company Bank Account,,,,erpnext,الحساب البنكي الافتراضي للشركة,,الحساب البنكي الافتراضي للشركة,,accounts,pending,,,,,,,,,,,,Approved,
erpnext,Please set account in Warehouse {0},,,,erpnext,يرجى تعيين الحساب في مستودع {0},,يرجى تعيين الحساب في مستودع {0},,accounts,pending,,,,,,,,,,,,Approved,
erpnext,POS Payment Method,,,,erpnext,طريقة الدفع في نقاط البيع,,طريقة الدفع في نقاط البيع,,accounts,pending,,,,,,,,,,,,Approved,
erpnext,You can change the parent account to a Balance Sheet account or select a different account.,,,,erpnext,يمكنك تغيير الحساب الرئيسي إلى حساب الميزانية العمومية أو تحديد حساب مختلف.,,يمكنك تغيير الحساب الرئيسي إلى حساب الميزانية العمومية أو تحديد حساب مختلف.,,accounts,pending,,,,,,,,,,,,Approved,
erpnext,Total Credit/ Debit Amount should be same as linked Journal Entry,,,,erpnext,يجب أن يكون إجمالي مبلغ الائتمان / المدين هو نفسه المرتبطة بإدخال المجلة,,يجب أن يكون إجمالي مبلغ الائتمان / المدين هو نفسه المرتبطة بإدخال المجلة,,accounts,pending,,,,,,,,,,,,Approved,
erpnext,General and Payment Ledger Comparison,,,,erpnext,,مقارنة دفتر الأستاذ العام ودفتر أستاذ الدفع,مقارنة دفتر الأستاذ العام ودفتر أستاذ الدفع,,accounts,missing,,,,,,,,,,,,Pending,
erpnext,Employee Advance,,,,erpnext,,سلفة موظف,سلفة موظف,,accounts,missing,,,,,,,,,,,,Pending,
erpnext,Payment Schedule,,,,erpnext,جدول الدفع,,جدول الدفع,,accounts,pending,,,,,,,,,,,,Approved,
erpnext,Based On Payment Terms,,,,erpnext,بناء على شروط الدفع,,بناء على شروط الدفع,,accounts,pending,,,,,,,,,,,,Approved,
erpnext,Deferred Expense Account,,,,erpnext,,حساب المصروف المؤجل,حساب المصروف المؤجل,,accounts,missing,,,,,,,,,,,,Pending,
erpnext,"For the convenience of customers, these codes can be used in print formats like Invoices and Delivery Notes",,,,erpnext,,,,,accounts,missing,,,,,,,,,,,,Pending,
erpnext,Repost Only Accounting Ledgers,,,,erpnext,,إعادة ترحيل دفاتر الأستاذ المحاسبية فقط,إعادة ترحيل دفاتر الأستاذ المحاسبية فقط,,accounts,missing,,,,,,,,,,,,Pending,
erpnext,POS Invoice is not submitted,,,,erpnext,,,,,accounts,missing,,,,,,,,,,,,Pending,
frappe,New Chart,,,,frappe,,,,,accounts,missing,,,,,,,,,,,,Pending,
erpnext,Scheduler is inactive. Cannot merge accounts.,,,,erpnext,,,,,accounts,missing,,,,,,,,,,,,Pending,
erpnext,Party Account No. (Bank Statement),,,,erpnext,,رقم حساب الجهة (كشف البنك),رقم حساب الجهة (كشف البنك),,accounts,missing,,,,,,,,,,,,Pending,
erpnext,Fetch Overdue Payments,,,,erpnext,,جلب المدفوعات المتأخرة,جلب المدفوعات المتأخرة,,accounts,missing,,,,,,,,,,,,Pending,
frappe,Have an account? Login,,,,frappe,هل لديك حساب ؟ تسجيل الدخول,,هل لديك حساب ؟ تسجيل الدخول,,accounts,pending,,,,,,,,,,,,Approved,
erpnext,Accounting Dimension <b>{0}</b> is required for 'Balance Sheet' account {1}.,,,,erpnext,البعد المحاسبي <b>{0}</b> مطلوب لحساب &quot;الميزانية العمومية&quot; {1}.,,البعد المحاسبي <b>{0}</b> مطلوب لحساب &quot;الميزانية العمومية&quot; {1}.,,accounts,pending,,,,,,,,,,,,Approved,
erpnext,Sales Invoice Timesheet,,,,erpnext,السجل الزمني لفاتورة المبيعات,,السجل الزمني لفاتورة المبيعات,,accounts,pending,,,,,,,,,,,,Approved,
erpnext,Fetch Timesheet in Sales Invoice,,,,erpnext,,جلب جدول الساعات في فاتورة المبيعات,جلب جدول الساعات في فاتورة المبيعات,,accounts,missing,,,,,,,,,,,,Pending,
erpnext,Net Change in Accounts Receivable,,,,erpnext,صافي التغير في الحسابات المدينة,,صافي التغير في الحسابات المدينة,,accounts,pending,,,,,,,,,,,,Approved,
erpnext,Payment Term Outstanding,,,,erpnext,,مستحق شرط الدفع,مستحق شرط الدفع,,accounts,missing,,,,,,,,,,,,Pending,
frappe,Dashboard Chart Source,,,,frappe,مصدر مخطط لوحة القيادة,,مصدر مخطط لوحة القيادة,,accounts,pending,,,,,,,,,,,,Approved,
erpnext,New Account Name,,,,erpnext,اسم الحساب الجديد,,اسم الحساب الجديد,,accounts,pending,,,,,,,,,,,,Approved,
erpnext,Deferred accounting failed for some invoices:,,,,erpnext,,,,,accounts,missing,,,,,,,,,,,,Pending,
erpnext,"Payment Type must be one of Receive, Pay and Internal Transfer",,,,erpnext,"نوع الدفع يجب أن يكون إما استلام , دفع أو مناقلة داخلية\n<br>\nPayment Type must be one of Receive, Pay and Internal Transfer",,"نوع الدفع يجب أن يكون إما استلام , دفع أو مناقلة داخلية\n<br>\nPayment Type must be one of Receive, Pay and Internal Transfer",,accounts,pending,,,,,,,,,,html_imbalance,,Approved,
erpnext,Offsetting Account,,,,erpnext,,حساب المقاصة,حساب المقاصة,,accounts,missing,,,,,,,,,,,,Pending,
erpnext,Chart of Accounts,,,,erpnext,الشجرة المحاسبية,دليل الحسابات,دليل الحسابات,,accounts,released,Approved,Mona Khalil - Arabic Localization Lead,,Approved,Hesham Farouk - Egyptian Construction Accountant (EAS 48 / ETA),,Approved,Nadia Mostafa - Translation QA / Structural Review,,,,Released,glossary v1.0
erpnext,Row #{0}: Service Start and End Date is required for deferred accounting,,,,erpnext,الصف # {0}: مطلوب بداية وتاريخ انتهاء الخدمة للمحاسبة المؤجلة,,الصف # {0}: مطلوب بداية وتاريخ انتهاء الخدمة للمحاسبة المؤجلة,,accounts,pending,,,,,,,,,,,,Approved,
erpnext,Capital Work In Progress Account,,,,erpnext,حساب رأس المال قيد التنفيذ,,حساب رأس المال قيد التنفيذ,,accounts,pending,,,,,,,,,,,,Approved,
erpnext,Accountant,,,,erpnext,,محاسب,محاسب,,accounts,missing,,,,,,,,,,,,Pending,
frappe,Show Values over Chart,,,,frappe,,,,,accounts,missing,,,,,,,,,,,,Pending,
erpnext,Row #{0}: Service End Date cannot be before Invoice Posting Date,,,,erpnext,الصف # {0}: لا يمكن أن يكون تاريخ انتهاء الخدمة قبل تاريخ ترحيل الفاتورة,,الصف # {0}: لا يمكن أن يكون تاريخ انتهاء الخدمة قبل تاريخ ترحيل الفاتورة,,accounts,pending,,,,,,,,,,,,Approved,
erpnext,Payment of {0} received successfully. Waiting for other requests to complete...,,,,erpnext,,,,,accounts,missing,,,,,,,,,,placeholder_mismatch,,Pending,
erpnext,Name of new Account. Note: Please don't create accounts for Customers and Suppliers,,,,erpnext,اسم الحساب الجديد. ملاحظة: الرجاء عدم إنشاء حسابات للزبائن والموردين,,اسم الحساب الجديد. ملاحظة: الرجاء عدم إنشاء حسابات للزبائن والموردين,,accounts,pending,,,,,,,,,,,,Approved,
erpnext,Please set default Expense Account in Company {0},,,,erpnext,,يرجى تعيين حساب المصروف الافتراضي في الشركة {0},يرجى تعيين حساب المصروف الافتراضي في الشركة {0},,accounts,missing,,,,,,,,,,,,Pending,
erpnext,Account {0}: Parent account {1} does not exist,,,,erpnext,الحساب {0}: الحسابه الأب {1} غير موجود,,الحساب {0}: الحسابه الأب {1} غير موجود,,accounts,pending,,,,,,,,,,,,Approved,
erpnext,POS Profile is mandatory to mark this invoice as POS Transaction.,,,,erpnext,,,,,accounts,missing,,,,,,,,,,,,Pending,
erpnext,Fixed Outgoing Email Account,,,,erpnext,,حساب البريد الصادر الثابت,حساب البريد الصادر الثابت,,accounts,missing,,,,,,,,,,,,Pending,
erpnext,Is Default Account,,,,erpnext,هو الحساب الافتراضي,,هو الحساب الافتراضي,,accounts,pending,,,,,,,,,,,,Approved,
erpnext,Import Supplier Invoice,,,,erpnext,استيراد فاتورة المورد,,استيراد فاتورة المورد,,accounts,pending,,,,,,,,,,,,Approved,
erpnext,No Unreconciled Invoices and Payments found for this party and account,,,,erpnext,,,,,accounts,missing,,,,,,,,,,,,Pending,
erpnext,Accounting Entry for Landed Cost Voucher for SCR {0},,,,erpnext,,,,,accounts,missing,,,,,,,,,,placeholder_mismatch,,Pending,
erpnext,Chart Tree,,,,erpnext,شجرة الرسم البياني,,شجرة الرسم البياني,,accounts,pending,,,,,,,,,,,,Approved,
erpnext,Account with existing transaction can not be converted to group.,,,,erpnext,لا يمكن تحويل حساب جرت عليه أي عملية إلى تصنيف مجموعة,,لا يمكن تحويل حساب جرت عليه أي عملية إلى تصنيف مجموعة,,accounts,pending,,,,,,,,,,,,Approved,
erpnext,Missing Payments App,,,,erpnext,,تطبيق المدفوعات مفقود,تطبيق المدفوعات مفقود,,accounts,missing,,,,,,,,,,,,Pending,
erpnext,Lower Deduction Certificate,,,,erpnext,شهادة الاستقطاع الأدنى,,شهادة الاستقطاع الأدنى,,accounts,pending,,,,,,,,,,,,Approved,
erpnext,Period Closing Voucher,,,,erpnext,قيد إغلاق الفترة,,قيد إغلاق الفترة,,accounts,pending,,,,,,,,,,,,Approved,
erpnext,Merge Invoices Based On,,,,erpnext,,دمج الفواتير بناء على,دمج الفواتير بناء على,,accounts,missing,,,,,,,,,,,,Pending,
erpnext,Payment References,,,,erpnext,المراجع الدفع,,المراجع الدفع,,accounts,pending,,,,,,,,,,,,Approved,
erpnext,Day(s) after invoice date,,,,erpnext,يوم (أيام) بعد تاريخ الفاتورة,,يوم (أيام) بعد تاريخ الفاتورة,,accounts,pending,,,,,,,,,,,,Approved,
erpnext,Making Journal Entries against advance accounts: {0} is not recommended. These Journals won't be available for Reconciliation.,,,,erpnext,,,,,accounts,missing,,,,,,,,,,placeholder_mismatch,,Pending,
erpnext,Asset Account,,,,erpnext,حساب الأصول,,حساب الأصول,,accounts,pending,,,,,,,,,,,,Approved,
erpnext,Bank Transaction {0} added as Journal Entry,,,,erpnext,,,,,accounts,missing,,,,,,,,,,placeholder_mismatch,,Pending,
erpnext,Accounting Period,,,,erpnext,فترة المحاسبة,,فترة المحاسبة,,accounts,pending,,,,,,,,,,,,Approved,
frappe,Chart Options,,,,frappe,خيارات الرسم البياني,,خيارات الرسم البياني,,accounts,pending,,,,,,,,,,,,Approved,
erpnext,Cost Centers,,,,erpnext,مراكز التكلفة,مراكز التكلفة,مراكز التكلفة,,accounts,pending,,,,,,,,,,,,Approved,
erpnext,Landed Cost Voucher,,,,erpnext,هبطت التكلفة قسيمة,,هبطت التكلفة قسيمة,,accounts,pending,,,,,,,,,,,,Approved,
erpnext,You selected the account group {1} as {2} Account in row {0}. Please select a single account.,,,,erpnext,,,,,accounts,missing,,,,,,,,,,placeholder_mismatch,,Pending,
frappe,On Payment Charge Processed,,,,frappe,,,,,accounts,missing,,,,,,,,,,,,Pending,
frappe,Cannot edit Standard charts,,,,frappe,,,,,accounts,missing,,,,,,,,,,,,Pending,
erpnext,Cost Center with Allocation records can not be converted to a group,,,,erpnext,,,,,accounts,missing,,,,,,,,,,,,Pending,
erpnext,Resend Payment Email,,,,erpnext,إعادة إرسال الدفعة عبر البريد الإلكتروني,,إعادة إرسال الدفعة عبر البريد الإلكتروني,,accounts,pending,,,,,,,,,,,,Approved,
erpnext,Supplier Invoice Date cannot be greater than Posting Date,,,,erpnext,تاريخ فاتورة المورد لا يمكن أن تكون أكبر من تاريخ الإنشاء<br> Supplier Invoice Date cannot be greater than Posting Date,,تاريخ فاتورة المورد لا يمكن أن تكون أكبر من تاريخ الإنشاء<br> Supplier Invoice Date cannot be greater than Posting Date,,accounts,pending,,,,,,,,,,html_imbalance,,Approved,
erpnext,"Warehouse {0} is not linked to any account, please mention the account in the warehouse record or set default inventory account in company {1}.",,,,erpnext,,,,,accounts,missing,,,,,,,,,,placeholder_mismatch,,Pending,
erpnext,Loans and Advances (Assets),,,,erpnext,القروض والسلفيات (الأصول),,القروض والسلفيات (الأصول),,accounts,pending,,,,,,,,,,,,Approved,
erpnext,The Payment Term at row {0} is possibly a duplicate.,,,,erpnext,قد يكون مصطلح الدفع في الصف {0} مكررا.,,قد يكون مصطلح الدفع في الصف {0} مكررا.,,accounts,pending,,,,,,,,,,,,Approved,
erpnext,At least one account with exchange gain or loss is required,,,,erpnext,,,,,accounts,missing,,,,,,,,,,,,Pending,
erpnext,Billing currency must be equal to either default company's currency or party account currency,,,,erpnext,يجب أن تكون عملة الفوترة مساوية لعملة الشركة الافتراضية أو عملة حساب الطرف,,يجب أن تكون عملة الفوترة مساوية لعملة الشركة الافتراضية أو عملة حساب الطرف,,accounts,pending,,,,,,,,,,,,Approved,
frappe,Password missing in Email Account,,,,frappe,,,,,accounts,missing,,,,,,,,,,,,Pending,
erpnext,Please create purchase receipt or purchase invoice for the item {0},,,,erpnext,الرجاء إنشاء إيصال شراء أو فاتورة شراء للعنصر {0},,الرجاء إنشاء إيصال شراء أو فاتورة شراء للعنصر {0},,accounts,pending,,,,,,,,,,,,Approved,
erpnext,Against Expense Account,,,,erpnext,مقابل حساب المصاريف,,مقابل حساب المصاريف,,accounts,pending,,,,,,,,,,,,Approved,
erpnext,Synchronize all accounts every hour,,,,erpnext,مزامنة جميع الحسابات كل ساعة,,مزامنة جميع الحسابات كل ساعة,,accounts,pending,,,,,,,,,,,,Approved,
erpnext,Recreate Stock Ledgers,,,,erpnext,,إعادة إنشاء دفاتر أستاذ المخزون,إعادة إنشاء دفاتر أستاذ المخزون,,accounts,missing,,,,,,,,,,,,Pending,
erpnext,Please set Fixed Asset Account in {} against {}.,,,,erpnext,,,,,accounts,missing,,,,,,,,,,,,Pending,
erpnext,Cannot cancel Asset Depreciation Schedule {0} as it has a draft journal entry {1}.,,,,erpnext,,,,,accounts,missing,,,,,,,,,,placeholder_mismatch,,Pending,
erpnext,Parent Account Missing,,,,erpnext,,الحساب الأب مفقود,الحساب الأب مفقود,,accounts,missing,,,,,,,,,,,,Pending,
erpnext,Cash or Bank Account is mandatory for making payment entry,,,,erpnext,الحساب النقدي أو البنكي مطلوب لعمل مدخل بيع <br>Cash or Bank Account is mandatory for making payment entry,,الحساب النقدي أو البنكي مطلوب لعمل مدخل بيع <br>Cash or Bank Account is mandatory for making payment entry,,accounts,pending,,,,,,,,,,html_imbalance,,Approved,
erpnext,Payment Ledger Entry,,,,erpnext,,قيد دفتر أستاذ الدفع,قيد دفتر أستاذ الدفع,,accounts,missing,,,,,,,,,,,,Pending,
erpnext,Invoice already created for all billing hours,,,,erpnext,الفاتورة التي تم إنشاؤها بالفعل لجميع ساعات الفوترة,,الفاتورة التي تم إنشاؤها بالفعل لجميع ساعات الفوترة,,accounts,pending,,,,,,,,,,,,Approved,
erpnext,Payments,,,,erpnext,المدفوعات,,المدفوعات,,accounts,pending,,,,,,,,,,,,Approved,
erpnext,Inter Company Journal Entry,,,,erpnext,الدخول المشترك بين الشركة,,الدخول المشترك بين الشركة,,accounts,pending,,,,,,,,,,,,Approved,
erpnext,Voucher,,,,erpnext,,السند,السند,,accounts,missing,Approved,Mona Khalil - Arabic Localization Lead,,Approved,Hesham Farouk - Egyptian Construction Accountant (EAS 48 / ETA),,Approved,Nadia Mostafa - Translation QA / Structural Review,,,,Released,glossary v1.0
erpnext,Total payments amount can't be greater than {},,,,erpnext,لا يمكن أن يكون إجمالي المدفوعات أكبر من {},,لا يمكن أن يكون إجمالي المدفوعات أكبر من {},,accounts,pending,,,,,,,,,,,,Approved,
erpnext,Select Difference Account,,,,erpnext,حدد حساب الفرق,,حدد حساب الفرق,,accounts,pending,,,,,,,,,,,,Approved,
erpnext,Cash/Bank Account,,,,erpnext,حساب النقد / البنك,,حساب النقد / البنك,,accounts,pending,,,,,,,,,,,,Approved,
erpnext,Can only make payment against unbilled {0},,,,erpnext,يمكن إجراء دفعة فقط مقابل فاتورة غير مدفوعة {0},,يمكن إجراء دفعة فقط مقابل فاتورة غير مدفوعة {0},,accounts,pending,,,,,,,,,,,,Approved,
erpnext,From Invoice Date,,,,erpnext,من تاريخ الفاتورة,,من تاريخ الفاتورة,,accounts,pending,,,,,,,,,,,,Approved,
erpnext,Opening Invoice Creation Tool Item,,,,erpnext,أداة إنشاء فاتورة بند افتتاحية,,أداة إنشاء فاتورة بند افتتاحية,,accounts,pending,,,,,,,,,,,,Approved,
erpnext,Error while processing deferred accounting for {0},,,,erpnext,,,,,accounts,missing,,,,,,,,,,placeholder_mismatch,,Pending,
erpnext,Account Paid To,,,,erpnext,حساب مدفوع ل,,حساب مدفوع ل,,accounts,pending,,,,,,,,,,,,Approved,
erpnext,Row #{0}: Expense account {1} is not valid for Purchase Invoice {2}. Only expense accounts from non-stock items are allowed.,,,,erpnext,,,,,accounts,missing,,,,,,,,,,placeholder_mismatch,,Pending,
erpnext,There was an error creating Bank Account while linking with Plaid.,,,,erpnext,,,,,accounts,missing,,,,,,,,,,,,Pending,
erpnext,Payment From / To,,,,erpnext,الدفع من / إلى,,الدفع من / إلى,,accounts,pending,,,,,,,,,,,,Approved,
frappe,No Email Account,,,,frappe,ليس لديك حساب البريد الإلكتروني,,ليس لديك حساب البريد الإلكتروني,,accounts,pending,,,,,,,,,,,,Approved,
erpnext,Accounting Ledger,,,,erpnext,موازنة دفتر الأستاذ,,موازنة دفتر الأستاذ,,accounts,pending,,,,,,,,,,,,Approved,
erpnext,Month(s) after the end of the invoice month,,,,erpnext,شهر (أشهر) بعد نهاية شهر الفاتورة,,شهر (أشهر) بعد نهاية شهر الفاتورة,,accounts,pending,,,,,,,,,,,,Approved,
erpnext,POS Invoices will be unconsolidated in a background process,,,,erpnext,,,,,accounts,missing,,,,,,,,,,,,Pending,
erpnext,Invoiced Amount,,,,erpnext,قيمة الفواتير,,قيمة الفواتير,,accounts,pending,,,,,,,,,,,,Approved,
erpnext,Invalid Parent Account,,,,erpnext,حساب الوالد غير صالح,,حساب الوالد غير صالح,,accounts,pending,,,,,,,,,,,,Approved,
erpnext,Accounts Receivable,,,,erpnext,الحسابات المدينة,,الحسابات المدينة,,accounts,pending,,,,,,,,,,,,Approved,
erpnext,Invoice Portion (%),,,,erpnext,,جزء الفاتورة (%),جزء الفاتورة (%),,accounts,missing,,,,,,,,,,,,Pending,
erpnext,Subscription Invoice,,,,erpnext,فاتورة الاشتراك,,فاتورة الاشتراك,,accounts,pending,,,,,,,,,,,,Approved,
erpnext,Recipient Message And Payment Details,,,,erpnext,مستلم رسالة وتفاصيل الدفع,,مستلم رسالة وتفاصيل الدفع,,accounts,pending,,,,,,,,,,,,Approved,
erpnext,Financial reports will be generated using GL Entry doctypes (should be enabled if Period Closing Voucher is not posted for all years sequentially or missing) ,,,,erpnext,,,,,accounts,missing,,,,,,,,,,whitespace,,Pending,
erpnext,Item Tax Row {0} must have account of type Tax or Income or Expense or Chargeable,,,,erpnext,ضريبة البند يجب أن يكون الصف {0} حسابا من نوع الضريبة أو الدخل أو المصاريف أو الرسوم\n<br>\nItem Tax Row {0} must have account of type Tax or Income or Expense or Chargeable,,ضريبة البند يجب أن يكون الصف {0} حسابا من نوع الضريبة أو الدخل أو المصاريف أو الرسوم\n<br>\nItem Tax Row {0} must have account of type Tax or Income or Expense or Chargeable,,accounts,pending,,,,,,,,,,html_imbalance,,Approved,
erpnext,Accounting Dimensions,,,,erpnext,أبعاد المحاسبة,,أبعاد المحاسبة,,accounts,pending,,,,,,,,,,,,Approved,
erpnext,Action if Accumulative Monthly Budget Exceeded on Cumulative Expense,,,,erpnext,,,,,accounts,missing,,,,,,,,,,,,Pending,
erpnext,Raw Material Voucher No,,,,erpnext,,رقم سند المادة الخام,رقم سند المادة الخام,,accounts,missing,,,,,,,,,,,,Pending,
erpnext,Account with child nodes cannot be set as ledger,,,,erpnext,الحساب لديه حسابات فرعية لا يمكن إضافته لدفتر الأستاذ.\n<br>\nAccount with child nodes cannot be set as ledger,,الحساب لديه حسابات فرعية لا يمكن إضافته لدفتر الأستاذ.\n<br>\nAccount with child nodes cannot be set as ledger,,accounts,pending,,,,,,,,,,html_imbalance,,Approved,
erpnext,Accounts Frozen Till Date,,,,erpnext,الحسابات المجمدة حتى تاريخ,,الحسابات المجمدة حتى تاريخ,,accounts,pending,,,,,,,,,,,,Approved,
erpnext,Advance Amount,,,,erpnext,المبلغ مقدما,,المبلغ مقدما,,accounts,pending,,,,,,,,,,,,Approved,
erpnext,Auto Reconcile Payments,,,,erpnext,,تسوية المدفوعات تلقائيا,تسوية المدفوعات تلقائيا,,accounts,missing,,,,,,,,,,,,Pending,
erpnext,Accounts,,,,erpnext,الحسابات,الحسابات,الحسابات,,accounts,pending,,,,,,,,,,,,Approved,
erpnext,Discounted Invoice,,,,erpnext,فاتورة مخفضة,,فاتورة مخفضة,,accounts,pending,,,,,,,,,,,,Approved,
erpnext,Please add the account to root level Company - {0},,,,erpnext,,,,,accounts,missing,,,,,,,,,,placeholder_mismatch,,Pending,
erpnext,Certificate No,,,,erpnext,شهادة رقم,,شهادة رقم,,accounts,pending,,,,,,,,,,,,Approved,
erpnext,{0} Budget for Account {1} against {2} {3} is {4}. It is already exceeded by {5}.,,,,erpnext,,,,,accounts,missing,,,,,,,,,,placeholder_mismatch,,Pending,
erpnext,Bank/Cash Account {0} doesn't belong to company {1},,,,erpnext,,,,,accounts,missing,,,,,,,,,,placeholder_mismatch,,Pending,
erpnext,"Please set {0} to {1}, the same account that was used in the original invoice {2}.",,,,erpnext,,,,,accounts,missing,,,,,,,,,,placeholder_mismatch,,Pending,
erpnext,Account {0} is frozen,,,,erpnext,الحساب {0} مجمد\n<br>\nAccount {0} is frozen,,الحساب {0} مجمد\n<br>\nAccount {0} is frozen,,accounts,pending,,,,,,,,,,html_imbalance,,Approved,
frappe,Email Account added multiple times,,,,frappe,تمت إضافة حساب البريد الإلكتروني عدة مرات,,تمت إضافة حساب البريد الإلكتروني عدة مرات,,accounts,pending,,,,,,,,,,,,Approved,
erpnext,Tax Withholding Account,,,,erpnext,حساب حجب الضرائب,,حساب حجب الضرائب,,accounts,pending,,,,,,,,,,,,Approved,
erpnext,Opening Invoice Creation Tool,,,,erpnext,أداة إنشاء فاتورة افتتاحية,,أداة إنشاء فاتورة افتتاحية,,accounts,pending,,,,,,,,,,,,Approved,
erpnext,Only Value available for Payment Entry,,,,erpnext,,,,,accounts,missing,,,,,,,,,,,,Pending,
erpnext,Select an invoice to load summary data,,,,erpnext,,حدد فاتورة لتحميل بيانات الملخص,حدد فاتورة لتحميل بيانات الملخص,,accounts,missing,,,,,,,,,,,,Pending,
erpnext,Row {0}: Please check 'Is Advance' against Account {1} if this is an advance entry.,,,,erpnext,"الصف {0}: يرجى اختيار ""دفعة مقدمة"" مقابل الحساب {1} إذا كان هذا الادخال دفعة مقدمة.",,"الصف {0}: يرجى اختيار ""دفعة مقدمة"" مقابل الحساب {1} إذا كان هذا الادخال دفعة مقدمة.",,accounts,pending,,,,,,,,,,,,Approved,
erpnext,"If this option is configured 'Yes', ERPNext will prevent you from creating a Purchase Invoice without creating a Purchase Receipt first. This configuration can be overridden for a particular supplier by enabling the 'Allow Purchase Invoice Creation Without Purchase Receipt' checkbox in the Supplier master.",,,,erpnext,إذا تم تكوين هذا الخيار &quot;نعم&quot; ، سيمنعك ERPNext من إنشاء فاتورة شراء دون إنشاء إيصال شراء أولاً. يمكن تجاوز هذا التكوين لمورد معين عن طريق تمكين مربع الاختيار &quot;السماح بإنشاء فاتورة الشراء بدون إيصال شراء&quot; في مدير المورد.,,إذا تم تكوين هذا الخيار &quot;نعم&quot; ، سيمنعك ERPNext من إنشاء فاتورة شراء دون إنشاء إيصال شراء أولاً. يمكن تجاوز هذا التكوين لمورد معين عن طريق تمكين مربع الاختيار &quot;السماح بإنشاء فاتورة الشراء بدون إيصال شراء&quot; في مدير المورد.,,accounts,pending,,,,,,,,,,,,Approved,
erpnext,Payment Request is already created,,,,erpnext,,,,,accounts,missing,,,,,,,,,,,,Pending,
erpnext,Create Sample Retention Stock Entry,,,,erpnext,إنشاء نموذج إدخال مخزون الاحتفاظ,,إنشاء نموذج إدخال مخزون الاحتفاظ,,accounts,pending,,,,,,,,,,,,Approved,
erpnext,Accounts Receivable Unpaid Account,,,,erpnext,حسابات القبض غير المدفوعة,,حسابات القبض غير المدفوعة,,accounts,pending,,,,,,,,,,,,Approved,
frappe,"If set, only user with these roles can access this chart. If not set, DocType or Report permissions will be used.",,,,frappe,,,,,accounts,missing,,,,,,,,,,,,Pending,
erpnext,GENERAL LEDGER,,,,erpnext,,دفتر الأستاذ العام,دفتر الأستاذ العام,,accounts,missing,,,,,,,,,,,,Pending,
erpnext,Invalid POS Invoices,,,,erpnext,فواتير نقاط البيع غير صالحة,,فواتير نقاط البيع غير صالحة,,accounts,pending,,,,,,,,,,,,Approved,
erpnext,Cost Center Name,,,,erpnext,اسم مركز تكلفة,,اسم مركز تكلفة,,accounts,pending,,,,,,,,,,,,Approved,
frappe,You can change the retention policy from {0}.,,,,frappe,,,,,accounts,missing,,,,,,,,,,placeholder_mismatch,,Pending,
erpnext,Select a Payment Method.,,,,erpnext,,تحديد طريقة دفع.,تحديد طريقة دفع.,,accounts,missing,,,,,,,,,,,,Pending,
erpnext,Please select Unrealized Profit / Loss account or add default Unrealized Profit / Loss account account for company {0},,,,erpnext,,,,,accounts,missing,,,,,,,,,,placeholder_mismatch,,Pending,
frappe,"Set the filters here. For example:
<pre class=""small text-muted""><code>
[{
	fieldname: ""company"",
	label: __(""Company""),
	fieldtype: ""Link"",
	options: ""Company"",
	default: frappe.defaults.get_user_default(""Company""),
	reqd: 1
},
{
	fieldname: ""account"",
	label: __(""Account""),
	fieldtype: ""Link"",
	options: ""Account"",
	reqd: 1
}]
</code></pre>",,,,frappe,,,,,accounts,missing,,,,,,,,,,placeholder_mismatch;html_imbalance,,Pending,
erpnext,Accounting Dimension Detail,,,,erpnext,البعد المحاسبي التفاصيل,,البعد المحاسبي التفاصيل,,accounts,pending,,,,,,,,,,,,Approved,
erpnext,POS Opening Entry cannot be cancelled as unconsolidated Invoices exists.,,,,erpnext,,,,,accounts,missing,,,,,,,,,,,,Pending,
erpnext,"To allow over billing, update ""Over Billing Allowance"" in Accounts Settings or the Item.",,,,erpnext,للسماح بزيادة الفواتير ، حدّث &quot;Over Billing Allowance&quot; في إعدادات الحسابات أو العنصر.,,للسماح بزيادة الفواتير ، حدّث &quot;Over Billing Allowance&quot; في إعدادات الحسابات أو العنصر.,,accounts,pending,,,,,,,,,,,,Approved,
erpnext,The root account {0} must be a group,,,,erpnext,يجب أن يكون حساب الجذر {0} مجموعة,,يجب أن يكون حساب الجذر {0} مجموعة,,accounts,pending,,,,,,,,,,,,Approved,
erpnext,References to Sales Invoices are Incomplete,,,,erpnext,,,,,accounts,missing,,,,,,,,,,,,Pending,
erpnext,Process Period Closing Voucher Detail,,,,erpnext,,تفاصيل معالجة سند إغلاق الفترة,تفاصيل معالجة سند إغلاق الفترة,,accounts,missing,,,,,,,,,,,,Pending,
erpnext,Payment Entry Reference,,,,erpnext,دفع الدخول المرجعي,,دفع الدخول المرجعي,,accounts,pending,,,,,,,,,,,,Approved,
erpnext,"Can not filter based on Child Account, if grouped by Account",,,,erpnext,,لا يمكن التصفية حسب حساب فرعي عند التجميع حسب الحساب,لا يمكن التصفية حسب حساب فرعي عند التجميع حسب الحساب,,accounts,missing,,,,,,,,,,,,Approved,
erpnext,Company is mandatory for generating an invoice. Please set a default company in Global Defaults.,,,,erpnext,,,,,accounts,missing,,,,,,,,,,,,Pending,
erpnext,{0} has Payment Term based allocation enabled. Select a Payment Term for Row #{1} in Payment References section,,,,erpnext,,,,,accounts,missing,,,,,,,,,,placeholder_mismatch,,Pending,
erpnext,Invoice can't be made for zero billing hour,,,,erpnext,لا يمكن إجراء الفاتورة لمدة صفر ساعة,,لا يمكن إجراء الفاتورة لمدة صفر ساعة,,accounts,pending,,,,,,,,,,,,Approved,
erpnext,Set Grand Total to Default Payment Method,,,,erpnext,,تعيين الإجمالي النهائي لطريقة الدفع الافتراضية,تعيين الإجمالي النهائي لطريقة الدفع الافتراضية,,accounts,missing,,,,,,,,,,,,Pending,
erpnext,Payment Entry has been modified after you pulled it. Please pull it again.,,,,erpnext,تم تعديل تدوين مدفوعات بعد سحبه. يرجى سحبه مرة أخرى.,,تم تعديل تدوين مدفوعات بعد سحبه. يرجى سحبه مرة أخرى.,,accounts,pending,,,,,,,,,,,,Approved,
erpnext,Party Name/Account Holder (Bank Statement),,,,erpnext,,اسم الجهة/صاحب الحساب (كشف البنك),اسم الجهة/صاحب الحساب (كشف البنك),,accounts,missing,,,,,,,,,,,,Pending,
erpnext,Payment Term Name,,,,erpnext,اسم مصطلح الدفع,,اسم مصطلح الدفع,,accounts,pending,,,,,,,,,,,,Approved,
erpnext,Row #{0}: Cannot allocate more than {1} against payment term {2},,,,erpnext,,,,,accounts,missing,,,,,,,,,,placeholder_mismatch,,Pending,
erpnext,Consider Accounting Dimensions,,,,erpnext,ضع في اعتبارك أبعاد المحاسبة,,ضع في اعتبارك أبعاد المحاسبة,,accounts,pending,,,,,,,,,,,,Approved,
erpnext,Search by invoice id or customer name,,,,erpnext,البحث عن طريق معرف الفاتورة أو اسم العميل,,البحث عن طريق معرف الفاتورة أو اسم العميل,,accounts,pending,,,,,,,,,,,,Approved,
erpnext,Not allowed to create accounting dimension for {0},,,,erpnext,غير مسموح بإنشاء بعد محاسبي لـ {0},,غير مسموح بإنشاء بعد محاسبي لـ {0},,accounts,pending,,,,,,,,,,,,Approved,
erpnext,"If blank, parent Warehouse Account or company default will be considered in transactions",,,,erpnext,إذا كان فارغًا ، فسيتم اعتبار حساب المستودع الأصلي أو حساب الشركة الافتراضي في المعاملات,,إذا كان فارغًا ، فسيتم اعتبار حساب المستودع الأصلي أو حساب الشركة الافتراضي في المعاملات,,accounts,pending,,,,,,,,,,,,Approved,
erpnext,Unlink Payment on Cancellation of Invoice,,,,erpnext,إلغاء ربط الدفع على إلغاء الفاتورة,,إلغاء ربط الدفع على إلغاء الفاتورة,,accounts,pending,,,,,,,,,,,,Approved,
erpnext,Bank Accounts,,,,erpnext,حسابات مصرفية,,حسابات مصرفية,,accounts,pending,,,,,,,,,,,,Approved,
erpnext,Payment Type,,,,erpnext,نوع الدفع,,نوع الدفع,,accounts,pending,,,,,,,,,,,,Approved,
erpnext,Account {0} added multiple times,,,,erpnext,,,,,accounts,missing,,,,,,,,,,placeholder_mismatch,,Pending,
erpnext,Export E-Invoices,,,,erpnext,تصدير الفواتير الإلكترونية,,تصدير الفواتير الإلكترونية,,accounts,pending,,,,,,,,,,,,Approved,
erpnext,Automatically post balancing accounting entry,,,,erpnext,,ترحيل قيد محاسبي موازن تلقائيا,ترحيل قيد محاسبي موازن تلقائيا,,accounts,missing,,,,,,,,,,,,Pending,
erpnext,Purchase Invoice,,,,erpnext,فاتورة شراء,فاتورة شراء,فاتورة شراء,,accounts,pending,,,,,,,,,,,,Approved,
erpnext,Revaluation Journals,,,,erpnext,,,,,accounts,missing,,,,,,,,,,,,Pending,
erpnext,Payment Status,,,,erpnext,,حالة الدفع,حالة الدفع,,accounts,missing,,,,,,,,,,,,Pending,
erpnext,Total Billed Amount (via Sales Invoice),,,,erpnext,إجمالي مبلغ الفاتورة (عبر فواتير المبيعات),,إجمالي مبلغ الفاتورة (عبر فواتير المبيعات),,accounts,pending,,,,,,,,,,,,Approved,
erpnext,Row #{}: POS Invoice {} is not against customer {},,,,erpnext,الصف رقم {}: فاتورة نقاط البيع {} ليست ضد العميل {},,الصف رقم {}: فاتورة نقاط البيع {} ليست ضد العميل {},,accounts,pending,,,,,,,,,,,,Approved,
erpnext,Please enter Write Off Account,,,,erpnext,الرجاء إدخال حساب الشطب,,الرجاء إدخال حساب الشطب,,accounts,pending,,,,,,,,,,,,Approved,
erpnext,There were issues unlinking payment entry {0}.,,,,erpnext,,,,,accounts,missing,,,,,,,,,,placeholder_mismatch,,Pending,
erpnext,Account is not set for the dashboard chart {0},,,,erpnext,لم يتم تعيين الحساب لمخطط لوحة المعلومات {0},,لم يتم تعيين الحساب لمخطط لوحة المعلومات {0},,accounts,pending,,,,,,,,,,,,Approved,
erpnext,Credit Limit and Payment Terms,,,,erpnext,حدود الائتمان وشروط الدفع,,حدود الائتمان وشروط الدفع,,accounts,pending,,,,,,,,,,,,Approved,
erpnext,Payment amount cannot be less than or equal to 0,,,,erpnext,لا يمكن أن يكون مبلغ الدفعة أقل من أو يساوي 0,,لا يمكن أن يكون مبلغ الدفعة أقل من أو يساوي 0,,accounts,pending,,,,,,,,,,,,Approved,
erpnext,Payment Requests cannot be created against: {0},,,,erpnext,,,,,accounts,missing,,,,,,,,,,placeholder_mismatch,,Pending,
erpnext,Row #{0}: Status must be {1} for Invoice Discounting {2},,,,erpnext,الصف # {0}: يجب أن تكون الحالة {1} بالنسبة لخصم الفاتورة {2},,الصف # {0}: يجب أن تكون الحالة {1} بالنسبة لخصم الفاتورة {2},,accounts,pending,,,,,,,,,,,,Approved,
erpnext,Row {0}: The {3} Account {1} does not belong to the company {2},,,,erpnext,,,,,accounts,missing,,,,,,,,,,placeholder_mismatch,,Pending,
erpnext,Voucher-wise Balance,,,,erpnext,,الرصيد حسب السند,الرصيد حسب السند,,accounts,missing,,,,,,,,,,,,Pending,
erpnext,Provisional Account,,,,erpnext,,حساب مؤقت,حساب مؤقت,,accounts,missing,,,,,,,,,,,,Pending,
erpnext,There are ledger entries against this account. Changing {0} to non-{1} in live system will cause incorrect output in 'Accounts {2}' report,,,,erpnext,,,,,accounts,missing,,,,,,,,,,placeholder_mismatch,,Pending,
erpnext,Get Invoices based on Filters,,,,erpnext,الحصول على الفواتير على أساس المرشحات,,الحصول على الفواتير على أساس المرشحات,,accounts,pending,,,,,,,,,,,,Approved,
erpnext,Invalid Cost Center,,,,erpnext,,مركز تكلفة غير صالح,مركز تكلفة غير صالح,,accounts,missing,,,,,,,,,,,,Pending,
erpnext,Expense Account,,,,erpnext,حساب النفقات,,حساب النفقات,,accounts,pending,,,,,,,,,,,,Approved,
erpnext,Consider Entire Party Ledger Amount,,,,erpnext,,احتساب كامل مبلغ دفتر أستاذ الجهة,احتساب كامل مبلغ دفتر أستاذ الجهة,,accounts,missing,,,,,,,,,,,,Pending,
erpnext,Is Sales Order Required for Sales Invoice & Delivery Note Creation?,,,,erpnext,هل طلب المبيعات مطلوب لإنشاء فاتورة المبيعات ومذكرة التسليم؟,,هل طلب المبيعات مطلوب لإنشاء فاتورة المبيعات ومذكرة التسليم؟,,accounts,pending,,,,,,,,,,,,Approved,
erpnext,Both Payable Account: {0} and Advance Account: {1} must be of same currency for company: {2},,,,erpnext,,,,,accounts,missing,,,,,,,,,,placeholder_mismatch,,Pending,
erpnext,Purchase Voucher No,,,,erpnext,,رقم سند الشراء,رقم سند الشراء,,accounts,missing,,,,,,,,,,,,Pending,
erpnext,Bank Overdraft Account,,,,erpnext,حساب السحب من البنك بدون رصيد,,حساب السحب من البنك بدون رصيد,,accounts,pending,,,,,,,,,,,,Approved,
erpnext,Main Cost Center,,,,erpnext,,مركز التكلفة الرئيسي,مركز التكلفة الرئيسي,,accounts,missing,,,,,,,,,,,,Pending,
erpnext,Missing Account,,,,erpnext,حساب مفقود,,حساب مفقود,,accounts,pending,,,,,,,,,,,,Approved,
erpnext,Default Provisional Account (Service),,,,erpnext,,الحساب المؤقت الافتراضي (خدمة),الحساب المؤقت الافتراضي (خدمة),,accounts,missing,,,,,,,,,,,,Pending,
erpnext,Invoice Paid,,,,erpnext,,الفاتورة مدفوعة,الفاتورة مدفوعة,,accounts,missing,,,,,,,,,,,,Pending,
erpnext,Number of days that the subscriber has to pay invoices generated by this subscription,,,,erpnext,عدد الأيام التي يتعين على المشترك دفع الفواتير الناتجة عن هذا الاشتراك,,عدد الأيام التي يتعين على المشترك دفع الفواتير الناتجة عن هذا الاشتراك,,accounts,pending,,,,,,,,,,,,Approved,
erpnext,Budget List,,,,erpnext,قائمة الميزانية,,قائمة الميزانية,,accounts,pending,,,,,,,,,,,,Approved,
erpnext,Against Voucher Type,,,,erpnext,مقابل إيصال  نوع,,مقابل إيصال  نوع,,accounts,pending,,,,,,,,,,,,Approved,
erpnext,User has not applied rule on the invoice {0},,,,erpnext,لم يطبق المستخدم قاعدة على الفاتورة {0},,لم يطبق المستخدم قاعدة على الفاتورة {0},,accounts,pending,,,,,,,,,,,,Approved,
erpnext,Retention Stock Entry already created or Sample Quantity not provided,,,,erpnext,الاحتفاظ الأسهم دخول بالفعل إنشاء أو عينة الكمية غير المقدمة,,الاحتفاظ الأسهم دخول بالفعل إنشاء أو عينة الكمية غير المقدمة,,accounts,pending,,,,,,,,,,,,Approved,
frappe,New Email Account,,,,frappe,حساب بريد إلكتروني جديد,,حساب بريد إلكتروني جديد,,accounts,pending,,,,,,,,,,,,Approved,
erpnext,Row {0}: Account {1} and Party Type {2} have different account types,,,,erpnext,,,,,accounts,missing,,,,,,,,,,placeholder_mismatch,,Pending,
erpnext,Account Name,,,,erpnext,اسم الحساب,,اسم الحساب,,accounts,pending,,,,,,,,,,,,Approved,
erpnext,Asset Depreciation Cost Center,,,,erpnext,مركز تكلفة إستهلاك الأصول,,مركز تكلفة إستهلاك الأصول,,accounts,pending,,,,,,,,,,,,Approved,
erpnext,Paid From Account Type,,,,erpnext,,نوع الحساب المدفوع منه,نوع الحساب المدفوع منه,,accounts,missing,,,,,,,,,,,,Pending,
erpnext,{0} is mandatory for account {1},,,,erpnext,,,,,accounts,missing,,,,,,,,,,placeholder_mismatch,,Pending,
erpnext,{0} Account: {1} ({2}) must be in either customer billing currency: {3} or Company default currency: {4},,,,erpnext,,,,,accounts,missing,,,,,,,,,,placeholder_mismatch,,Pending,
erpnext,This Account has '0' balance in either Base Currency or Account Currency,,,,erpnext,,,,,accounts,missing,,,,,,,,,,,,Pending,
erpnext,Process Statement Of Accounts CC,,,,erpnext,,نسخة كشف الحساب,نسخة كشف الحساب,,accounts,missing,,,,,,,,,,,,Pending,
erpnext,Current Invoice Start Date,,,,erpnext,تاريخ بدء الفاتورة الحالي,,تاريخ بدء الفاتورة الحالي,,accounts,pending,,,,,,,,,,,,Approved,
frappe,Charts,,,,frappe,الرسوم البيانية,,الرسوم البيانية,,accounts,pending,,,,,,,,,,,,Approved,
erpnext,Vouchers,,,,erpnext,قسائم,,قسائم,,accounts,pending,,,,,,,,,,,,Approved,
erpnext,Please enter Account for Change Amount,,,,erpnext,الرجاء إدخال الحساب لمبلغ التغيير\n<br> \nPlease enter Account for Change Amount,,الرجاء إدخال الحساب لمبلغ التغيير\n<br> \nPlease enter Account for Change Amount,,accounts,pending,,,,,,,,,,html_imbalance,,Approved,
erpnext,Parent Cost Center,,,,erpnext,مركز التكلفة الأب,,مركز التكلفة الأب,,accounts,pending,,,,,,,,,,,,Approved,
erpnext,Sales Invoice No,,,,erpnext,رقم فاتورة المبيعات,,رقم فاتورة المبيعات,,accounts,pending,,,,,,,,,,,,Approved,
erpnext,Annual Budget for Account {0} against {1}: {2} is {3}. It will be exceeded by {4},,,,erpnext,,,,,accounts,missing,,,,,,,,,,placeholder_mismatch,,Pending,
erpnext,Row #{0}: Cost Center {1} does not belong to company {2},,,,erpnext,الصف # {0}: مركز التكلفة {1} لا ينتمي لشركة {2},,الصف # {0}: مركز التكلفة {1} لا ينتمي لشركة {2},,accounts,pending,,,,,,,,,,,,Approved,
erpnext,Cost Center with existing transactions can not be converted to ledger,,,,erpnext,مركز التكلفة مع المعاملات الحالية لا يمكن تحويلها إلى حساب استاد,,مركز التكلفة مع المعاملات الحالية لا يمكن تحويلها إلى حساب استاد,,accounts,pending,,,,,,,,,,,,Approved,
erpnext,Bank Account Info,,,,erpnext,معلومات الحساب البنكي,,معلومات الحساب البنكي,,accounts,pending,,,,,,,,,,,,Approved,
erpnext,Advance Payment Date,,,,erpnext,,تاريخ الدفعة المقدمة,تاريخ الدفعة المقدمة,,accounts,missing,,,,,,,,,,,,Pending,
erpnext,Excise Invoice,,,,erpnext,المكوس الفاتورة,,المكوس الفاتورة,,accounts,pending,,,,,,,,,,,,Approved,
erpnext,Row {0}: Please set the Mode of Payment in Payment Schedule,,,,erpnext,الصف {0}: يرجى ضبط طريقة الدفع في جدول الدفع,,الصف {0}: يرجى ضبط طريقة الدفع في جدول الدفع,,accounts,pending,,,,,,,,,,,,Approved,
erpnext,To submit the invoice without purchase order please set {0} as {1} in {2},,,,erpnext,,,,,accounts,missing,,,,,,,,,,placeholder_mismatch,,Pending,
erpnext,No accounting entries for the following warehouses,,,,erpnext,لا القيود المحاسبية للمستودعات التالية,,لا القيود المحاسبية للمستودعات التالية,,accounts,pending,,,,,,,,,,,,Approved,
erpnext,You cannot create or cancel any accounting entries with in the closed Accounting Period {0},,,,erpnext,لا يمكنك إنشاء أو إلغاء أي قيود محاسبية في فترة المحاسبة المغلقة {0},,لا يمكنك إنشاء أو إلغاء أي قيود محاسبية في فترة المحاسبة المغلقة {0},,accounts,pending,,,,,,,,,,,,Approved,
erpnext,Filter by invoice status,,,,erpnext,تصفية حسب حالة الفاتورة,,تصفية حسب حالة الفاتورة,,accounts,pending,,,,,,,,,,,,Approved,
frappe,Chart Source,,,,frappe,مصدر الرسم البياني,,مصدر الرسم البياني,,accounts,pending,,,,,,,,,,,,Approved,
erpnext,There can only be 1 Account per Company in {0} {1},,,,erpnext,يمكن أن يكون هناك سوى 1 في حساب الشركة في {0} {1},,يمكن أن يكون هناك سوى 1 في حساب الشركة في {0} {1},,accounts,pending,,,,,,,,,,,,Approved,
erpnext,Purchase Expense Account,,,,erpnext,,حساب مصروف الشراء,حساب مصروف الشراء,,accounts,missing,,,,,,,,,,,,Pending,
frappe,Account Deletion Settings,,,,frappe,إعدادات حذف الحساب,,إعدادات حذف الحساب,,accounts,pending,,,,,,,,,,,,Approved,
erpnext,CWIP Account,,,,erpnext,حساب CWIP,,حساب CWIP,,accounts,pending,,,,,,,,,,,,Approved,
erpnext,Default Account,,,,erpnext,,الحساب الافتراضي,الحساب الافتراضي,,accounts,missing,,,,,,,,,,,,Pending,
erpnext,Receivable/Payable Account: {0} doesn't belong to company {1},,,,erpnext,,,,,accounts,missing,,,,,,,,,,placeholder_mismatch,,Pending,
erpnext,No outstanding invoices found,,,,erpnext,لم يتم العثور على فواتير معلقة,,لم يتم العثور على فواتير معلقة,,accounts,pending,,,,,,,,,,,,Approved,
erpnext,The amount of {0} set in this payment request is different from the calculated amount of all payment plans: {1}. Make sure this is correct before submitting the document.,,,,erpnext,يختلف مبلغ {0} المحدد في طلب الدفع هذا عن المبلغ المحسوب لجميع خطط الدفع: {1}. تأكد من صحة ذلك قبل إرسال المستند.,,يختلف مبلغ {0} المحدد في طلب الدفع هذا عن المبلغ المحسوب لجميع خطط الدفع: {1}. تأكد من صحة ذلك قبل إرسال المستند.,,accounts,pending,,,,,,,,,,,,Approved,
erpnext,Please create a new Accounting Dimension if required.,,,,erpnext,,,,,accounts,missing,,,,,,,,,,,,Pending,
erpnext,Bank account cannot be named as {0},,,,erpnext,لا يمكن تسمية الحساب المصرفي باسم {0},,لا يمكن تسمية الحساب المصرفي باسم {0},,accounts,pending,,,,,,,,,,,,Approved,
erpnext,Both Receivable Account: {0} and Advance Account: {1} must be of same currency for company: {2},,,,erpnext,,,,,accounts,missing,,,,,,,,,,placeholder_mismatch,,Pending,
erpnext,Advance Tax,,,,erpnext,,ضريبة مسبقة,ضريبة مسبقة,,accounts,missing,,,,,,,,,,,,Pending,
erpnext,Adjustment based on Purchase Invoice rate,,,,erpnext,,,,,accounts,missing,,,,,,,,,,,,Pending,
frappe,Advanced Search,,,,frappe,البحث المتقدم,,البحث المتقدم,,accounts,pending,,,,,,,,,,,,Approved,
erpnext,Account {0}: Parent account {1} can not be a ledger,,,,erpnext,الحساب {0}: الحساب الرئيسي {1} لا يمكن أن يكون حساب دفتر أستاذ,,الحساب {0}: الحساب الرئيسي {1} لا يمكن أن يكون حساب دفتر أستاذ,,accounts,pending,,,,,,,,,,,,Approved,
erpnext,"Learn about <a href=""https://docs.erpnext.com/docs/v13/user/manual/en/accounts/articles/common_party_accounting#:~:text=Common%20Party%20Accounting%20in%20ERPNext,Invoice%20against%20a%20primary%20Supplier."">Common Party</a>",,,,erpnext,,,,,accounts,missing,,,,,,,,,,html_imbalance,,Pending,
erpnext,Amount Difference with Purchase Invoice,,,,erpnext,,فرق المبلغ مع فاتورة الشراء,فرق المبلغ مع فاتورة الشراء,,accounts,missing,,,,,,,,,,,,Pending,
erpnext,Inventory Account Currency,,,,erpnext,,عملة حساب المخزون,عملة حساب المخزون,,accounts,missing,,,,,,,,,,,,Pending,
erpnext,Repost Payment Ledger Items,,,,erpnext,,عناصر إعادة نشر دفتر أستاذ الدفع,عناصر إعادة نشر دفتر أستاذ الدفع,,accounts,missing,,,,,,,,,,,,Pending,
erpnext,To Invoice Date,,,,erpnext,إلى تاريخ الفاتورة,,إلى تاريخ الفاتورة,,accounts,pending,,,,,,,,,,,,Approved,
erpnext,Default Buying Cost Center,,,,erpnext,مركز التكلفة المشتري الافتراضي,,مركز التكلفة المشتري الافتراضي,,accounts,pending,,,,,,,,,,,,Approved,
erpnext,Cannot covert to Group because Account Type is selected.,,,,erpnext,لا يمكن تحويل الحساب إلى تصنيف مجموعة لأن نوع الحساب تم اختياره.,,لا يمكن تحويل الحساب إلى تصنيف مجموعة لأن نوع الحساب تم اختياره.,,accounts,pending,,,,,,,,,,,,Approved,
erpnext,Please set {0} in Company {1} to account for Exchange Gain / Loss,,,,erpnext,,,,,accounts,missing,,,,,,,,,,placeholder_mismatch,,Pending,
erpnext,Journal Entry {0} does not have account {1} or already matched against other voucher,,,,erpnext,قيد دفتر اليومية {0} ليس لديه حساب {1} أو قد تم مطابقته مسبقا مع إيصال أخرى,,قيد دفتر اليومية {0} ليس لديه حساب {1} أو قد تم مطابقته مسبقا مع إيصال أخرى,,accounts,pending,,,,,,,,,,,,Approved,
erpnext,Default Payment Request Message,,,,erpnext,رسالة 'طلب الدفع' الافتراضيه,,رسالة 'طلب الدفع' الافتراضيه,,accounts,pending,,,,,,,,,,,,Approved,
erpnext,Sales Invoice Transactions,,,,erpnext,,معاملات فواتير المبيعات,معاملات فواتير المبيعات,,accounts,missing,,,,,,,,,,,,Pending,
erpnext,From Voucher Type,,,,erpnext,,من نوع السند,من نوع السند,,accounts,missing,,,,,,,,,,,,Pending,
erpnext,Payment Reconciliation Payment,,,,erpnext,دفع المصالحة الدفع,,دفع المصالحة الدفع,,accounts,pending,,,,,,,,,,,,Approved,
erpnext,Default account will be automatically updated in POS Invoice when this mode is selected.,,,,erpnext,سيتم تحديث الحساب الافتراضي تلقائيا في فاتورة نقاط البيع عند تحديد هذا الوضع.,,سيتم تحديث الحساب الافتراضي تلقائيا في فاتورة نقاط البيع عند تحديد هذا الوضع.,,accounts,pending,,,,,,,,,,,,Approved,
erpnext,Advance Taxes and Charges,,,,erpnext,,الضرائب والرسوم المسبقة,الضرائب والرسوم المسبقة,,accounts,missing,,,,,,,,,,,,Pending,
erpnext,{0} is a mandatory Accounting Dimension. <br>Please set a value for {0} in Accounting Dimensions section.,,,,erpnext,,,,,accounts,missing,,,,,,,,,,placeholder_mismatch;html_imbalance,,Pending,
erpnext,Book Tax Loss on Early Payment Discount,,,,erpnext,,تسجيل خسارة الضريبة على خصم الدفع المبكر,تسجيل خسارة الضريبة على خصم الدفع المبكر,,accounts,missing,,,,,,,,,,,,Pending,
frappe,You haven't added any Dashboard Charts or Number Cards yet.,,,,frappe,,,,,accounts,missing,,,,,,,,,,,,Pending,
erpnext,Qty Wise Chart,,,,erpnext,,رسم بياني حسب الكمية,رسم بياني حسب الكمية,,accounts,missing,,,,,,,,,,,,Pending,
erpnext,Account {0}: Parent account {1} does not belong to company: {2},,,,erpnext,الحساب {0}: الحساب الرئيسي {1} لا ينتمي إلى الشركة: {2},,الحساب {0}: الحساب الرئيسي {1} لا ينتمي إلى الشركة: {2},,accounts,pending,,,,,,,,,,,,Approved,
erpnext,Mode of Payment Account,,,,erpnext,طريقة حساب الدفع,,طريقة حساب الدفع,,accounts,pending,,,,,,,,,,,,Approved,
erpnext,Incorrect Payment Type,,,,erpnext,,نوع دفع غير صحيح,نوع دفع غير صحيح,,accounts,missing,,,,,,,,,,,,Pending,
erpnext,{0}: {1} is a group account.,,,,erpnext,,,,,accounts,missing,,,,,,,,,,placeholder_mismatch,,Pending,
erpnext,Journal Entry for Asset scrapping cannot be cancelled. Please restore the Asset.,,,,erpnext,,,,,accounts,missing,,,,,,,,,,,,Pending,
erpnext,Exchange Rate Revaluation Account,,,,erpnext,حساب إعادة تقييم سعر الصرف,,حساب إعادة تقييم سعر الصرف,,accounts,pending,,,,,,,,,,,,Approved,
erpnext,Accounts Payable Summary,,,,erpnext,ملخص الحسابات المستحقة للدفع,,ملخص الحسابات المستحقة للدفع,,accounts,pending,,,,,,,,,,,,Approved,
erpnext,POS Invoices,,,,erpnext,فواتير نقاط البيع,,فواتير نقاط البيع,,accounts,pending,,,,,,,,,,,,Approved,
erpnext,Item valuation rate is recalculated considering landed cost voucher amount,,,,erpnext,,,,,accounts,missing,,,,,,,,,,,,Pending,
erpnext,Action if Annual Budget Exceeded on Actual,,,,erpnext,أجراء في حال تجاوزت الميزانية السنوية الميزانية المخصصة مسبقا,,أجراء في حال تجاوزت الميزانية السنوية الميزانية المخصصة مسبقا,,accounts,pending,,,,,,,,,,,,Approved,
erpnext,Balance In Account Currency,,,,erpnext,التوازن في حساب العملة,,التوازن في حساب العملة,,accounts,pending,,,,,,,,,,,,Approved,
erpnext,Row #{0}: Account {1} does not belong to company {2},,,,erpnext,الصف # {0}: الحساب {1} لا ينتمي إلى الشركة {2},,الصف # {0}: الحساب {1} لا ينتمي إلى الشركة {2},,accounts,pending,,,,,,,,,,,,Approved,
erpnext,Disabled Account Selected,,,,erpnext,,تم تحديد حساب معطل,تم تحديد حساب معطل,,accounts,missing,,,,,,,,,,,,Pending,
erpnext,"While making Purchase Invoice from Purchase Order, use Exchange Rate on Invoice's transaction date rather than inheriting it from Purchase Order. Only applies for Purchase Invoice.",,,,erpnext,,,,,accounts,missing,,,,,,,,,,,,Pending,
erpnext,Enable Immutable Ledger,,,,erpnext,,تمكين دفتر الأستاذ غير القابل للتغيير,تمكين دفتر الأستاذ غير القابل للتغيير,,accounts,missing,,,,,,,,,,,,Pending,
erpnext,Skipping Tax Withholding Category {0} as there is no associated account set for Company {1} in it.,,,,erpnext,,,,,accounts,missing,,,,,,,,,,placeholder_mismatch,,Pending,
erpnext,Row {0}: {1} {2} cannot be same as {3} (Party Account) {4},,,,erpnext,,,,,accounts,missing,,,,,,,,,,placeholder_mismatch,,Pending,
erpnext,Allow Purchase Invoice Creation Without Purchase Order,,,,erpnext,السماح بإنشاء فاتورة الشراء بدون أمر شراء,,السماح بإنشاء فاتورة الشراء بدون أمر شراء,,accounts,pending,,,,,,,,,,,,Approved,
erpnext,Generate E-Invoice,,,,erpnext,,,,,accounts,missing,,,,,,,,,,,,Pending,
erpnext,"Row #{0}: Reference Document Type must be one of Purchase Order, Purchase Invoice or Journal Entry",,,,erpnext,"الصف {0} : نوع المستند المرجع يجب أن يكون واحدة من طلب شراء ,فاتورة شراء أو قيد يومبة\n<br>\nRow #{0}: Reference Document Type must be one of Purchase Order, Purchase Invoice or Journal Entry",,"الصف {0} : نوع المستند المرجع يجب أن يكون واحدة من طلب شراء ,فاتورة شراء أو قيد يومبة\n<br>\nRow #{0}: Reference Document Type must be one of Purchase Order, Purchase Invoice or Journal Entry",,accounts,pending,,,,,,,,,,html_imbalance,,Approved,
erpnext,Allow Sales Invoice Creation Without Sales Order,,,,erpnext,السماح بإنشاء فاتورة المبيعات بدون طلب مبيعات,,السماح بإنشاء فاتورة المبيعات بدون طلب مبيعات,,accounts,pending,,,,,,,,,,,,Approved,
erpnext,Overdue Payment,,,,erpnext,,دفع متأخر,دفع متأخر,,accounts,missing,,,,,,,,,,,,Pending,
erpnext,"Row #{0}: For {1}, you can select reference document only if account gets credited",,,,erpnext,,,,,accounts,missing,,,,,,,,,,placeholder_mismatch,,Pending,
erpnext,Sales Invoice is not submitted,,,,erpnext,,,,,accounts,missing,,,,,,,,,,,,Pending,
erpnext,Income Account,,,,erpnext,حساب الدخل,,حساب الدخل,,accounts,pending,,,,,,,,,,,,Approved,
erpnext,Account Not Found,,,,erpnext,الحساب غير موجود,,الحساب غير موجود,,accounts,pending,,,,,,,,,,,,Approved,
erpnext,Payment Term,,,,erpnext,مصطلح الدفع,,مصطلح الدفع,,accounts,pending,,,,,,,,,,,,Approved,
erpnext,Legal Entity / Subsidiary with a separate Chart of Accounts belonging to the Organization.,,,,erpnext,,,,,accounts,missing,,,,,,,,,,,,Pending,
erpnext,Budget End Date,,,,erpnext,,تاريخ نهاية الميزانية,تاريخ نهاية الميزانية,,accounts,missing,,,,,,,,,,,,Pending,
erpnext,This invoice has already been paid.,,,,erpnext,,,,,accounts,missing,,,,,,,,,,,,Pending,
erpnext,The field Asset Account cannot be blank,,,,erpnext,لا يمكن أن يكون حقل الأصول حساب فارغًا,,لا يمكن أن يكون حقل الأصول حساب فارغًا,,accounts,pending,,,,,,,,,,,,Approved,
erpnext,"Merging is only possible if following properties are same in both records. Is Group, Root Type, Company and Account Currency",,,,erpnext,,,,,accounts,missing,,,,,,,,,,,,Pending,
erpnext,Company Bank Account,,,,erpnext,حساب بنك الشركة,,حساب بنك الشركة,,accounts,pending,,,,,,,,,,,,Approved,
erpnext,Total percentage against cost centers should be 100,,,,erpnext,,,,,accounts,missing,,,,,,,,,,,,Pending,
erpnext,Create Sales Invoice,,,,erpnext,إنشاء فاتورة مبيعات,,إنشاء فاتورة مبيعات,,accounts,pending,,,,,,,,,,,,Approved,
erpnext,Customer Ledger Summary,,,,erpnext,ملخص دفتر الأستاذ,,ملخص دفتر الأستاذ,,accounts,pending,,,,,,,,,,,,Approved,
erpnext,Create Chart Of Accounts Based On,,,,erpnext,إنشاء دليل الحسابات استنادا إلى,,إنشاء دليل الحسابات استنادا إلى,,accounts,pending,,,,,,,,,,,,Approved,
erpnext,Periodic Accounting Entry is not allowed for company {0} with perpetual inventory enabled,,,,erpnext,,,,,accounts,missing,,,,,,,,,,placeholder_mismatch,,Pending,
erpnext,Please create Landed Cost Vouchers against Invoices that have 'Update Stock' enabled.,,,,erpnext,,,,,accounts,missing,,,,,,,,,,,,Pending,
erpnext,Sales Invoice mode is activated in POS. Please create Sales Invoice instead.,,,,erpnext,,,,,accounts,missing,,,,,,,,,,,,Pending,
frappe,You cannot create a dashboard chart from single DocTypes,,,,frappe,لا يمكنك إنشاء مخطط لوحة معلومات من أنواع DocTypes الفردية,,لا يمكنك إنشاء مخطط لوحة معلومات من أنواع DocTypes الفردية,,accounts,pending,,,,,,,,,,,,Approved,
erpnext,Supplier Ledger Summary,,,,erpnext,ملخص دفتر الأستاذ,,ملخص دفتر الأستاذ,,accounts,pending,,,,,,,,,,,,Approved,
erpnext,Rate Of TDS As Per Certificate,,,,erpnext,معدل إجمالي المواد الصلبة الذائبة حسب الشهادة,,معدل إجمالي المواد الصلبة الذائبة حسب الشهادة,,accounts,pending,,,,,,,,,,,,Approved,
erpnext,Purchase Invoice {0} is already submitted,,,,erpnext,فاتورة الشراء {0} تم ترحيلها من قبل,,فاتورة الشراء {0} تم ترحيلها من قبل,,accounts,pending,,,,,,,,,,,,Approved,
erpnext,A Reverse Journal Entry {0} already exists for this Journal Entry.,,,,erpnext,,,,,accounts,missing,,,,,,,,,,placeholder_mismatch,,Pending,
erpnext,"Cannot disable perpetual inventory, as there are existing Stock Ledger Entries for the company {0}. Please cancel the stock transactions first and try again.",,,,erpnext,,,,,accounts,missing,,,,,,,,,,placeholder_mismatch,,Pending,
erpnext,Landed Cost Vendor Invoice,,,,erpnext,,فاتورة مورد التكلفة الإضافية,فاتورة مورد التكلفة الإضافية,,accounts,missing,,,,,,,,,,,,Pending,
erpnext,Mandatory For Profit and Loss Account,,,,erpnext,إلزامي لحساب الربح والخسارة,,إلزامي لحساب الربح والخسارة,,accounts,pending,,,,,,,,,,,,Approved,
erpnext,Invoice Grand Total,,,,erpnext,الفاتورة الكبرى المجموع,,الفاتورة الكبرى المجموع,,accounts,pending,,,,,,,,,,,,Approved,
erpnext,Stock Ledgers won’t be reposted.,,,,erpnext,,,,,accounts,missing,,,,,,,,,,,,Pending,
erpnext,Account {0}: You can not assign itself as parent account,,,,erpnext,الحساب {0}: لا يمكنك جعله حساب رئيسي,,الحساب {0}: لا يمكنك جعله حساب رئيسي,,accounts,pending,,,,,,,,,,,,Approved,
erpnext,Payment Reconciliation Settings,,,,erpnext,,إعدادات تسوية الدفع,إعدادات تسوية الدفع,,accounts,missing,,,,,,,,,,,,Pending,
frappe,Please Authorize OAuth for Email Account {},,,,frappe,,,,,accounts,missing,,,,,,,,,,,,Pending,
erpnext,Please import accounts against parent company or enable {} in company master.,,,,erpnext,,,,,accounts,missing,,,,,,,,,,,,Pending,
erpnext,Payment Terms Status for Sales Order,,,,erpnext,,حالة شروط الدفع لأمر البيع,حالة شروط الدفع لأمر البيع,,accounts,missing,,,,,,,,,,,,Pending,
erpnext,POS Invoices can't be added when Sales Invoice is enabled,,,,erpnext,,,,,accounts,missing,,,,,,,,,,,,Pending,
erpnext,<li>Payment document required for row(s): {0}</li>,,,,erpnext,,,,,accounts,missing,,,,,,,,,,placeholder_mismatch;html_imbalance,,Pending,
erpnext,Consolidated Sales Invoice,,,,erpnext,فاتورة المبيعات الموحدة,,فاتورة المبيعات الموحدة,,accounts,pending,,,,,,,,,,,,Approved,
erpnext,Purchase Voucher Type,,,,erpnext,,نوع سند الشراء,نوع سند الشراء,,accounts,missing,,,,,,,,,,,,Pending,
erpnext,Account Currency (From),,,,erpnext,,عملة الحساب (من),عملة الحساب (من),,accounts,missing,,,,,,,,,,,,Pending,
erpnext,Raw Material Voucher Type,,,,erpnext,,نوع سند المادة الخام,نوع سند المادة الخام,,accounts,missing,,,,,,,,,,,,Pending,
erpnext,Bank Account Details,,,,erpnext,تفاصيل الحساب البنكي,,تفاصيل الحساب البنكي,,accounts,pending,,,,,,,,,,,,Approved,
erpnext,Bank Transaction Payments,,,,erpnext,مدفوعات المعاملات المصرفية,,مدفوعات المعاملات المصرفية,,accounts,pending,,,,,,,,,,,,Approved,
erpnext,Day(s) after the end of the invoice month,,,,erpnext,يوم (أيام) بعد نهاية شهر الفاتورة,,يوم (أيام) بعد نهاية شهر الفاتورة,,accounts,pending,,,,,,,,,,,,Approved,
erpnext,Stock Ledger,,,,erpnext,سجل المخزن,دفتر أستاذ المخزون,دفتر أستاذ المخزون,,accounts,pending,,,,,,,,,,,,Approved,
erpnext,Drops existing SQL Procedures and Function setup by Accounts Receivable report,,,,erpnext,,,,,accounts,missing,,,,,,,,,,,,Pending,
erpnext,Account: {0} with currency: {1} can not be selected,,,,erpnext,الحساب: {0} مع العملة: {1} لا يمكن اختياره,,الحساب: {0} مع العملة: {1} لا يمكن اختياره,,accounts,pending,,,,,,,,,,,,Approved,
erpnext,Account Number {0} already used in account {1},,,,erpnext,رقم الحساب {0} بالفعل مستخدم في الحساب {1},,رقم الحساب {0} بالفعل مستخدم في الحساب {1},,accounts,pending,,,,,,,,,,,,Approved,
erpnext,Future Payment Amount,,,,erpnext,مبلغ الدفع المستقبلي,,مبلغ الدفع المستقبلي,,accounts,pending,,,,,,,,,,,,Approved,
erpnext,Chart of Cost Centers,,,,erpnext,دليل مراكز التكلفة,,دليل مراكز التكلفة,,accounts,pending,,,,,,,,,,,,Approved,
erpnext,Create Payment Entry for Consolidated POS Invoices.,,,,erpnext,,,,,accounts,missing,,,,,,,,,,,,Pending,
erpnext,Process Statement Of Accounts Customer,,,,erpnext,بيان العملية لحسابات العملاء,,بيان العملية لحسابات العملاء,,accounts,pending,,,,,,,,,,,,Approved,
erpnext,Payment Reconciliation Job: {0} is running for this party. Can't reconcile now.,,,,erpnext,,,,,accounts,missing,,,,,,,,,,placeholder_mismatch,,Pending,
erpnext,Bank Account {} in Bank Transaction {} is not matching with Bank Account {},,,,erpnext,,,,,accounts,missing,,,,,,,,,,,,Pending,
erpnext,Payment against {0} {1} cannot be greater than Outstanding Amount {2},,,,erpnext,الدفعة مقابل {0} {1} لا يمكن أن تكون أكبر من المبلغ القائم {2},,الدفعة مقابل {0} {1} لا يمكن أن تكون أكبر من المبلغ القائم {2},,accounts,pending,,,,,,,,,,,,Approved,
erpnext,New Purchase Invoice,,,,erpnext,فاتورة شراء جديدة,,فاتورة شراء جديدة,,accounts,pending,,,,,,,,,,,,Approved,
erpnext,Party Account {0} currency ({1}) and document currency ({2}) should be same,,,,erpnext,,,,,accounts,missing,,,,,,,,,,placeholder_mismatch,,Pending,
erpnext,Temporary Accounts,,,,erpnext,حسابات مؤقتة,,حسابات مؤقتة,,accounts,pending,,,,,,,,,,,,Approved,
erpnext,Ledger Health,,,,erpnext,,صحة دفتر الأستاذ,صحة دفتر الأستاذ,,accounts,missing,,,,,,,,,,,,Pending,
erpnext,Please Specify Account,,,,erpnext,,يرجى تحديد الحساب,يرجى تحديد الحساب,,accounts,missing,,,,,,,,,,,,Pending,
erpnext,Enable Provisional Accounting For Non Stock Items,,,,erpnext,,,,,accounts,missing,,,,,,,,,,,,Pending,
erpnext,Payment Entries {0} are un-linked,,,,erpnext,تدوين مدفوعات {0} غير مترابطة,,تدوين مدفوعات {0} غير مترابطة,,accounts,pending,,,,,,,,,,,,Approved,
erpnext,This is done to handle accounting for cases when Purchase Receipt is created after Purchase Invoice,,,,erpnext,يتم إجراء ذلك للتعامل مع محاسبة الحالات التي يتم فيها إنشاء إيصال الشراء بعد فاتورة الشراء,,يتم إجراء ذلك للتعامل مع محاسبة الحالات التي يتم فيها إنشاء إيصال الشراء بعد فاتورة الشراء,,accounts,pending,,,,,,,,,,,,Approved,
erpnext,Sales Account,,,,erpnext,حساب مبيعات,,حساب مبيعات,,accounts,pending,,,,,,,,,,,,Approved,
erpnext,Make Payment via Journal Entry,,,,erpnext,قم بالدفع عن طريق قيد دفتر اليومية,,قم بالدفع عن طريق قيد دفتر اليومية,,accounts,pending,,,,,,,,,,,,Approved,
frappe,Unable to send mail because of a missing email account. Please setup default Email Account from Settings > Email Account,,,,frappe,,,,,accounts,missing,,,,,,,,,,,,Pending,
erpnext,Process Payment Reconciliation Log Allocations,,,,erpnext,,تخصيصات سجل معالجة تسوية الدفع,تخصيصات سجل معالجة تسوية الدفع,,accounts,missing,,,,,,,,,,,,Pending,
frappe,Please Authorize OAuth for Email Account {0},,,,frappe,,,,,accounts,missing,,,,,,,,,,placeholder_mismatch,,Pending,
erpnext,Share Ledger,,,,erpnext,مشاركة دفتر الأستاذ,,مشاركة دفتر الأستاذ,,accounts,pending,,,,,,,,,,,,Approved,
erpnext,Certificate Required,,,,erpnext,الشهادة مطلوبة,,الشهادة مطلوبة,,accounts,pending,,,,,,,,,,,,Approved,
erpnext,Account Category Name,,,,erpnext,,اسم فئة الحساب,اسم فئة الحساب,,accounts,missing,,,,,,,,,,,,Pending,
frappe,Authentication failed while receiving emails from Email Account: {0}.,,,,frappe,فشلت المصادقة أثناء تلقي رسائل البريد الإلكتروني من حساب البريد الإلكتروني: {0}.,,فشلت المصادقة أثناء تلقي رسائل البريد الإلكتروني من حساب البريد الإلكتروني: {0}.,,accounts,pending,,,,,,,,,,,,Approved,
erpnext,Enable Capital Work in Progress Accounting,,,,erpnext,تمكين العمل في رأس المال,,تمكين العمل في رأس المال,,accounts,pending,,,,,,,,,,,,Approved,
erpnext,Invoice Posting Date,,,,erpnext,تاريخ ترحيل الفاتورة,,تاريخ ترحيل الفاتورة,,accounts,pending,,,,,,,,,,,,Approved,
erpnext,Budget Against,,,,erpnext,الميزانية مقابل,,الميزانية مقابل,,accounts,pending,,,,,,,,,,,,Approved,
erpnext,{0}% of total invoice value will be given as discount.,,,,erpnext,,,,,accounts,missing,,,,,,,,,,placeholder_mismatch,,Pending,
erpnext,Accounting Entry for Service,,,,erpnext,القيد المحاسبي للخدمة,,القيد المحاسبي للخدمة,,accounts,pending,,,,,,,,,,,,Approved,
erpnext,Please set default Cash or Bank account in Mode of Payment {0},,,,erpnext,الرجاء تحديد الحساب البنكي أو النقدي الافتراضي في نوع الدفع\n<br>\nPlease set default Cash or Bank account in Mode of Payment {0},,الرجاء تحديد الحساب البنكي أو النقدي الافتراضي في نوع الدفع\n<br>\nPlease set default Cash or Bank account in Mode of Payment {0},,accounts,pending,,,,,,,,,,html_imbalance,,Approved,
erpnext,Closing Account {0} must be of type Liability / Equity,,,,erpnext,يجب ان يكون الحساب الختامي {0} من النوع متطلبات/الأسهم\n<br>\nClosing Account {0} must be of type Liability / Equity,,يجب ان يكون الحساب الختامي {0} من النوع متطلبات/الأسهم\n<br>\nClosing Account {0} must be of type Liability / Equity,,accounts,pending,,,,,,,,,,html_imbalance,,Approved,
erpnext,Voucher #,,,,erpnext,سند #,,سند #,,accounts,pending,,,,,,,,,,,,Approved,
erpnext,Please add the Bank Account column,,,,erpnext,,,,,accounts,missing,,,,,,,,,,,,Pending,
erpnext,Payment Order Reference,,,,erpnext,مرجع أمر الدفع,,مرجع أمر الدفع,,accounts,pending,,,,,,,,,,,,Approved,
frappe,Outgoing email account not correct,,,,frappe,البريد الالكتروني الصادر غير صحيح<br>Outgoing email account not correct,,البريد الالكتروني الصادر غير صحيح<br>Outgoing email account not correct,,accounts,pending,,,,,,,,,,html_imbalance,,Approved,
erpnext,Manual entry cannot be created! Disable automatic entry for deferred accounting in accounts settings and try again,,,,erpnext,لا يمكن إنشاء الإدخال اليدوي! قم بتعطيل الإدخال التلقائي للمحاسبة المؤجلة في إعدادات الحسابات وحاول مرة أخرى,,لا يمكن إنشاء الإدخال اليدوي! قم بتعطيل الإدخال التلقائي للمحاسبة المؤجلة في إعدادات الحسابات وحاول مرة أخرى,,accounts,pending,,,,,,,,,,,,Approved,
erpnext,Repost Accounting Ledger,,,,erpnext,,إعادة نشر دفتر الأستاذ المحاسبي,إعادة نشر دفتر الأستاذ المحاسبي,,accounts,missing,,,,,,,,,,,,Pending,
erpnext,{} {} is not affecting bank account {},,,,erpnext,,,,,accounts,missing,,,,,,,,,,,,Pending,
erpnext,General Ledger,,,,erpnext,دفتر الأستاذ العام,,دفتر الأستاذ العام,,accounts,pending,,,,,,,,,,,,Approved,
erpnext,"If enabled, this row's values will be displayed on financial charts",,,,erpnext,,,,,accounts,missing,,,,,,,,,,,,Pending,
erpnext,If this is undesirable please cancel the corresponding Payment Entry.,,,,erpnext,,,,,accounts,missing,,,,,,,,,,,,Pending,
erpnext,Tax Withheld Vouchers,,,,erpnext,,سندات الضريبة المخصومة,سندات الضريبة المخصومة,,accounts,missing,,,,,,,,,,,,Pending,
erpnext,Short Term Loan Account,,,,erpnext,حساب قرض قصير الأجل,,حساب قرض قصير الأجل,,accounts,pending,,,,,,,,,,,,Approved,
erpnext,Sales Invoice is not created using POS,,,,erpnext,,,,,accounts,missing,,,,,,,,,,,,Pending,
erpnext,Budget Detail,,,,erpnext,تفاصيل الميزانية,,تفاصيل الميزانية,,accounts,pending,,,,,,,,,,,,Approved,
frappe,Please setup default outgoing Email Account from Settings > Email Account,,,,frappe,,,,,accounts,missing,,,,,,,,,,,,Pending,
erpnext,Opening Invoices Summary,,,,erpnext,ملخص الفواتير الافتتاحية,,ملخص الفواتير الافتتاحية,,accounts,pending,,,,,,,,,,,,Approved,
erpnext,Bill for Rejected Quantity in Purchase Invoice,,,,erpnext,,فوترة الكمية المرفوضة في فاتورة الشراء,فوترة الكمية المرفوضة في فاتورة الشراء,,accounts,missing,,,,,,,,,,,,Pending,
erpnext,Is Tax Withholding Account,,,,erpnext,,حساب ضريبة خصم,حساب ضريبة خصم,,accounts,missing,,,,,,,,,,,,Pending,
erpnext,Row #{0}: Expense Account not set for the Item {1}. {2},,,,erpnext,,,,,accounts,missing,,,,,,,,,,placeholder_mismatch,,Pending,
erpnext,New Invoice,,,,erpnext,,فاتورة جديدة,فاتورة جديدة,,accounts,missing,,,,,,,,,,,,Pending,
erpnext,Journal Entry type should be set as Depreciation Entry for asset depreciation,,,,erpnext,,يجب تعيين نوع قيد اليومية كقيد إهلاك لإهلاك الأصل,يجب تعيين نوع قيد اليومية كقيد إهلاك لإهلاك الأصل,,accounts,missing,,,,,,,,,,,,Pending,
erpnext,"Loyalty Points will be calculated from the spent done (via the Sales Invoice), based on collection factor mentioned.",,,,erpnext,,,,,accounts,missing,,,,,,,,,,,,Pending,
erpnext,Reverse Journal Entry,,,,erpnext,عكس دخول المجلة,,عكس دخول المجلة,,accounts,pending,,,,,,,,,,,,Approved,
frappe,Request for Account Deletion,,,,frappe,,,,,accounts,missing,,,,,,,,,,,,Pending,
erpnext,Landed Cost Voucher Amount,,,,erpnext,التكلفة هبطت قيمة قسيمة,,التكلفة هبطت قيمة قسيمة,,accounts,pending,,,,,,,,,,,,Approved,
erpnext,Warehouses with existing transaction can not be converted to ledger.,,,,erpnext,المستودعات مع الصفقة الحالية لا يمكن أن يتم تحويلها إلى دفتر الأستاذ.,,المستودعات مع الصفقة الحالية لا يمكن أن يتم تحويلها إلى دفتر الأستاذ.,,accounts,pending,,,,,,,,,,,,Approved,
erpnext,Unrealized Profit / Loss account for intra-company transfers,,,,erpnext,,,,,accounts,missing,,,,,,,,,,,,Pending,
frappe,Dashboard Chart Link,,,,frappe,لوحة الرسم البياني رابط,,لوحة الرسم البياني رابط,,accounts,pending,,,,,,,,,,,,Approved,
erpnext,Against Journal Entry {0} is already adjusted against some other voucher,,,,erpnext,مدخل قيد اليومية {0} تم تعديله بالفعل لقسيمة أخرى\n<br>\nAgainst Journal Entry {0} is already adjusted \nagainst some other voucher,,مدخل قيد اليومية {0} تم تعديله بالفعل لقسيمة أخرى\n<br>\nAgainst Journal Entry {0} is already adjusted \nagainst some other voucher,,accounts,pending,,,,,,,,,,html_imbalance,,Approved,
erpnext,Show Balances in Chart Of Accounts,,,,erpnext,,إظهار الأرصدة في دليل الحسابات,إظهار الأرصدة في دليل الحسابات,,accounts,missing,,,,,,,,,,,,Pending,
erpnext,Upload XML Invoices,,,,erpnext,تحميل فواتير XML,,تحميل فواتير XML,,accounts,pending,,,,,,,,,,,,Approved,
erpnext,Delete Cancelled Ledger Entries,,,,erpnext,,حذف قيود دفتر الأستاذ الملغاة,حذف قيود دفتر الأستاذ الملغاة,,accounts,missing,,,,,,,,,,,,Pending,
frappe,Chart Name,,,,frappe,اسم المخطط,,اسم المخطط,,accounts,pending,,,,,,,,,,,,Approved,
erpnext,{0} {1}: Cost Center {2} does not belong to Company {3},,,,erpnext,{0} {1}: مركز التكلفة {2} لا ينتمي إلى الشركة {3},,{0} {1}: مركز التكلفة {2} لا ينتمي إلى الشركة {3},,accounts,pending,,,,,,,,,,,,Approved,
erpnext,Payment Reference,,,,erpnext,إشارة دفع,,إشارة دفع,,accounts,pending,,,,,,,,,,,,Approved,
erpnext,Vendor Invoices,,,,erpnext,,فواتير الموردين,فواتير الموردين,,accounts,missing,,,,,,,,,,,,Pending,
erpnext,Journal Entry Template Account,,,,erpnext,حساب قالب إدخال دفتر اليومية,,حساب قالب إدخال دفتر اليومية,,accounts,pending,,,,,,,,,,,,Approved,
erpnext,Cannot create accounting entries against disabled accounts: {0},,,,erpnext,,,,,accounts,missing,,,,,,,,,,placeholder_mismatch,,Pending,
erpnext,Gain/Loss accumulated in foreign currency account. Accounts with '0' balance in either Base or Account currency,,,,erpnext,,,,,accounts,missing,,,,,,,,,,,,Pending,
erpnext,Split Early Payment Discount Loss into Income and Tax Loss,,,,erpnext,,,,,accounts,missing,,,,,,,,,,,,Pending,
erpnext,Root cannot have a parent cost center,,,,erpnext,الجذر لا يمكن أن يكون له مركز تكلفة أب\n<br>\nRoot cannot have a parent cost center,,الجذر لا يمكن أن يكون له مركز تكلفة أب\n<br>\nRoot cannot have a parent cost center,,accounts,pending,,,,,,,,,,html_imbalance,,Approved,
erpnext,Categorize by Voucher,,,,erpnext,,تصنيف حسب السند,تصنيف حسب السند,,accounts,missing,,,,,,,,,,,,Pending,
erpnext,POS Invoice Item,,,,erpnext,بند فاتورة نقاط البيع,,بند فاتورة نقاط البيع,,accounts,pending,,,,,,,,,,,,Approved,
erpnext,Book Advance Payments as Liability option is chosen. Paid From account changed from {0} to {1}.,,,,erpnext,,تم اختيار تسجيل الدفعات المقدمة كالتزام. تم تغيير حساب الدفع من {0} إلى {1}.,تم اختيار تسجيل الدفعات المقدمة كالتزام. تم تغيير حساب الدفع من {0} إلى {1}.,,accounts,missing,,,,,,,,,,,,Pending,
erpnext,Tax Account,,,,erpnext,حساب الضرائب,,حساب الضرائب,,accounts,pending,,,,,,,,,,,,Approved,
erpnext,Analysis Chart,,,,erpnext,,,,,accounts,missing,,,,,,,,,,,,Pending,
erpnext,Budgets,,,,erpnext,الميزانيات,,الميزانيات,,accounts,pending,,,,,,,,,,,,Approved,
erpnext,Purchase Invoice cannot be made against an existing asset {0},,,,erpnext,لا يمكن إجراء فاتورة الشراء مقابل أصل موجود {0},,لا يمكن إجراء فاتورة الشراء مقابل أصل موجود {0},,accounts,pending,,,,,,,,,,,,Approved,
erpnext,Voucher {0} is over-allocated by {1},,,,erpnext,,,,,accounts,missing,,,,,,,,,,placeholder_mismatch,,Pending,
erpnext,All items must be linked to a Sales Order or Subcontracting Inward Order for this Sales Invoice.,,,,erpnext,,,,,accounts,missing,,,,,,,,,,,,Pending,
erpnext,UAE VAT Accounts,,,,erpnext,,حسابات ضريبة القيمة المضافة الإماراتية,حسابات ضريبة القيمة المضافة الإماراتية,,accounts,missing,,,,,,,,,,,,Pending,
erpnext,Default Deferred Expense Account,,,,erpnext,حساب النفقات المؤجلة الافتراضي,,حساب النفقات المؤجلة الافتراضي,,accounts,pending,,,,,,,,,,,,Approved,
erpnext,Link a new bank account,,,,erpnext,,ربط حساب بنكي جديد,ربط حساب بنكي جديد,,accounts,missing,,,,,,,,,,,,Pending,
frappe,The password of your account has expired.,,,,frappe,انتهت صلاحية كلمة المرور الخاصة بحسابك.,,انتهت صلاحية كلمة المرور الخاصة بحسابك.,,accounts,pending,,,,,,,,,,,,Approved,
erpnext,All Accounts,,,,erpnext,جميع الحسابات,,جميع الحسابات,,accounts,pending,,,,,,,,,,,,Approved,
erpnext,Service Expense Account,,,,erpnext,,حساب مصروف الخدمة,حساب مصروف الخدمة,,accounts,missing,,,,,,,,,,,,Pending,
erpnext,"Row #{0}: Reference Document Type must be one of Sales Order, Sales Invoice, Journal Entry or Dunning",,,,erpnext,الصف # {0}: يجب أن يكون نوع المستند المرجعي أحد أوامر المبيعات أو فاتورة المبيعات أو إدخال دفتر اليومية أو المطالبة,,الصف # {0}: يجب أن يكون نوع المستند المرجعي أحد أوامر المبيعات أو فاتورة المبيعات أو إدخال دفتر اليومية أو المطالبة,,accounts,pending,,,,,,,,,,,,Approved,
erpnext,Inter Company Journal Entry Reference,,,,erpnext,انتر دخول الشركة مجلة الدخول,,انتر دخول الشركة مجلة الدخول,,accounts,pending,,,,,,,,,,,,Approved,
erpnext,Payment Channel,,,,erpnext,قناة الدفع,,قناة الدفع,,accounts,pending,,,,,,,,,,,,Approved,
erpnext,Payment Period Based On Invoice Date,,,,erpnext,طريقة الدفع بناء على تاريخ الفاتورة,,طريقة الدفع بناء على تاريخ الفاتورة,,accounts,pending,,,,,,,,,,,,Approved,
frappe,Email Account Name,,,,frappe,البريد الإلكتروني اسم الحساب,,البريد الإلكتروني اسم الحساب,,accounts,pending,,,,,,,,,,,,Approved,
erpnext,Bank Account,,,,erpnext,حساب مصرفي,حساب بنكي,حساب بنكي,,accounts,pending,,,,,,,,,,,,Approved,
erpnext,Purchase Invoice Advance,,,,erpnext,عربون  فاتورة الشراء,,عربون  فاتورة الشراء,,accounts,pending,,,,,,,,,,,,Approved,
erpnext,Row #{0}: Allocated Amount cannot be greater than Outstanding Amount of Payment Request {1},,,,erpnext,,,,,accounts,missing,,,,,,,,,,placeholder_mismatch,,Pending,
erpnext,Supplier Invoice Date,,,,erpnext,المورد فاتورة التسجيل,,المورد فاتورة التسجيل,,accounts,pending,,,,,,,,,,,,Approved,
erpnext,Balance for Account {0} must always be {1},,,,erpnext,رصيد الحساب لـ {0} يجب ان يكون دائما {1},,رصيد الحساب لـ {0} يجب ان يكون دائما {1},,accounts,pending,,,,,,,,,,,,Approved,
erpnext,Please select Stock Asset Account,,,,erpnext,,,,,accounts,missing,,,,,,,,,,,,Pending,
frappe,"Set Default Options for all charts on this Dashboard (Ex: ""colors"": [""#d1d8dd"", ""#ff5858""])",,,,frappe,تعيين الخيارات الافتراضية لجميع الرسوم البيانية في لوحة المعلومات هذه (على سبيل المثال: &quot;الألوان&quot;: [&quot;# d1d8dd&quot;، &quot;# ff5858&quot;]),,تعيين الخيارات الافتراضية لجميع الرسوم البيانية في لوحة المعلومات هذه (على سبيل المثال: &quot;الألوان&quot;: [&quot;# d1d8dd&quot;، &quot;# ff5858&quot;]),,accounts,pending,,,,,,,,,,,,Approved,
erpnext,Invoice Number,,,,erpnext,رقم الفاتورة,,رقم الفاتورة,,accounts,pending,,,,,,,,,,,,Approved,
erpnext,"If <b>Enabled</b> - Reconciliation happens on the <b>Advance Payment posting date</b><br>
If <b>Disabled</b> - Reconciliation happens on oldest of 2 Dates: <b>Invoice Date</b> or the <b>Advance Payment posting date</b><br>
",,,,erpnext,,,,,accounts,missing,,,,,,,,,,html_imbalance;whitespace,,Pending,
erpnext,Voucher Subtype,,,,erpnext,,النوع الفرعي للسند,النوع الفرعي للسند,,accounts,missing,,,,,,,,,,,,Pending,
erpnext,Row {0}: Purchase Invoice {1} has no stock impact.,,,,erpnext,,,,,accounts,missing,,,,,,,,,,placeholder_mismatch,,Pending,
erpnext,End date of current invoice's period,,,,erpnext,تاريخ نهاية فترة الفاتورة الحالية,,تاريخ نهاية فترة الفاتورة الحالية,,accounts,pending,,,,,,,,,,,,Approved,
erpnext,You cannot create a {0} within the closed Accounting Period {1},,,,erpnext,,,,,accounts,missing,,,,,,,,,,placeholder_mismatch,,Pending,
erpnext,Advance Payment,,,,erpnext,,دفعة مقدمة,دفعة مقدمة,,accounts,missing,Approved,Mona Khalil - Arabic Localization Lead,,Approved,Hesham Farouk - Egyptian Construction Accountant (EAS 48 / ETA),,Approved,Nadia Mostafa - Translation QA / Structural Review,,,,Released,glossary v1.0
erpnext,Default Advance Received Account,,,,erpnext,,حساب الدفعات المقدمة المستلمة الافتراضي,حساب الدفعات المقدمة المستلمة الافتراضي,,accounts,missing,,,,,,,,,,,,Pending,
erpnext,Asset Depreciation Ledger,,,,erpnext,دفتر حسابات استهلاك الأصول,,دفتر حسابات استهلاك الأصول,,accounts,pending,,,,,,,,,,,,Approved,
erpnext,Select the Bank Account to reconcile.,,,,erpnext,حدد الحساب البنكي للتوفيق.,,حدد الحساب البنكي للتوفيق.,,accounts,pending,,,,,,,,,,,,Approved,
erpnext,Against Voucher No,,,,erpnext,,مقابل رقم السند,مقابل رقم السند,,accounts,missing,,,,,,,,,,,,Pending,
erpnext,Reference Date for Early Payment Discount,,,,erpnext,,تاريخ المرجع لخصم الدفع المبكر,تاريخ المرجع لخصم الدفع المبكر,,accounts,missing,,,,,,,,,,,,Pending,
frappe,"Certain documents, like an Invoice, should not be changed once final. The final state for such documents is called Submitted. You can restrict which roles can Submit.",,,,frappe,,,,,accounts,missing,,,,,,,,,,,,Pending,
erpnext,Default Advance Account,,,,erpnext,,حساب الدفعة المقدمة الافتراضي,حساب الدفعة المقدمة الافتراضي,,accounts,missing,,,,,,,,,,,,Pending,
erpnext,Bank Statement balance as per General Ledger,,,,erpnext,كشف رصيد الحساب المصرفي وفقا لدفتر الأستاذ العام,,كشف رصيد الحساب المصرفي وفقا لدفتر الأستاذ العام,,accounts,pending,,,,,,,,,,,,Approved,
frappe,Let's set up your account,,,,frappe,,,,,accounts,missing,,,,,,,,,,,,Pending,
erpnext,No Account matched these filters: {},,,,erpnext,لا يوجد حساب مطابق لهذه الفلاتر: {},,لا يوجد حساب مطابق لهذه الفلاتر: {},,accounts,pending,,,,,,,,,,,,Approved,
erpnext,{0} {1} has accounting entries in currency {2} for company {3}. Please select a receivable or payable account with currency {2}.,,,,erpnext,{0} يحتوي {1} على إدخالات محاسبية بالعملة {2} للشركة {3}. الرجاء تحديد حساب مستحق أو دائن بالعملة {2}.,,{0} يحتوي {1} على إدخالات محاسبية بالعملة {2} للشركة {3}. الرجاء تحديد حساب مستحق أو دائن بالعملة {2}.,,accounts,pending,,,,,,,,,,,,Approved,
erpnext,"<pre><h5>Message Example</h5>

&lt;p&gt; Thank You for being a part of {{ doc.company }}! We hope you are enjoying the service.&lt;/p&gt;

&lt;p&gt; Please find enclosed the E Bill statement. The outstanding amount is {{ doc.grand_total }}.&lt;/p&gt;

&lt;p&gt; We don't want you to be spending time running around in order to pay for your Bill.<br>After all, life is beautiful and the time you have in hand should be spent to enjoy it!<br>So here are our little ways to help you get more time for life! &lt;/p&gt;

&lt;a href=""{{ payment_url }}""&gt; click here to pay &lt;/a&gt;

</pre>
",,,,erpnext,,,,,accounts,missing,,,,,,,,,,placeholder_mismatch;html_imbalance;whitespace,,Pending,
erpnext,Incorrect Invoice,,,,erpnext,,فاتورة غير صحيحة,فاتورة غير صحيحة,,accounts,missing,,,,,,,,,,,,Pending,
erpnext,{0} {1}: Account {2} is a Group Account and group accounts cannot be used in transactions,,,,erpnext,,,,,accounts,missing,,,,,,,,,,placeholder_mismatch,,Pending,
erpnext,Payment Request Outstanding,,,,erpnext,,مستحق طلب الدفع,مستحق طلب الدفع,,accounts,missing,,,,,,,,,,,,Pending,
frappe,Please setup default outgoing Email Account from Tools > Email Account,,,,frappe,,,,,accounts,missing,,,,,,,,,,,,Pending,
erpnext,Budget Amount can not be {0}.,,,,erpnext,,لا يمكن أن يكون مبلغ الميزانية {0}.,لا يمكن أن يكون مبلغ الميزانية {0}.,,accounts,missing,,,,,,,,,,,,Pending,
erpnext,POS Invoice should have the field {0} checked.,,,,erpnext,,,,,accounts,missing,,,,,,,,,,placeholder_mismatch,,Pending,
erpnext,Row {0}: Please set the correct code on Mode of Payment {1},,,,erpnext,الصف {0}: يرجى ضبط الكود الصحيح على طريقة الدفع {1},,الصف {0}: يرجى ضبط الكود الصحيح على طريقة الدفع {1},,accounts,pending,,,,,,,,,,,,Approved,
erpnext,Opening Purchase Invoices have been created.,,,,erpnext,,,,,accounts,missing,,,,,,,,,,,,Pending,
erpnext,Allow Sales Invoice Creation Without Delivery Note,,,,erpnext,السماح بإنشاء فاتورة المبيعات بدون إشعار التسليم,,السماح بإنشاء فاتورة المبيعات بدون إشعار التسليم,,accounts,pending,,,,,,,,,,,,Approved,
frappe,Require Trusted Certificate,,,,frappe,طلب شهادة موثوق بها,,طلب شهادة موثوق بها,,accounts,pending,,,,,,,,,,,,Approved,
erpnext,Please select a customer for fetching payments.,,,,erpnext,,,,,accounts,missing,,,,,,,,,,,,Pending,
erpnext,Exchange Gain / Loss Account,,,,erpnext,حساب الربح / الخسارة الناتتج عن الصرف,,حساب الربح / الخسارة الناتتج عن الصرف,,accounts,pending,,,,,,,,,,,,Approved,
erpnext,Credit Amount in Account Currency,,,,erpnext,المبلغ الدائن بعملة الحساب,,المبلغ الدائن بعملة الحساب,,accounts,pending,,,,,,,,,,,,Approved,
erpnext,PSOA Cost Center,,,,erpnext,مركز تكلفة PSOA,,مركز تكلفة PSOA,,accounts,pending,,,,,,,,,,,,Approved,
erpnext,Budget cannot be assigned against Group Account {0},,,,erpnext,لايمكن أسناد الميزانية للمجموعة Account {0},,لايمكن أسناد الميزانية للمجموعة Account {0},,accounts,pending,,,,,,,,,,,,Approved,
erpnext,Accounting Entries,,,,erpnext,القيود المحاسبة,,القيود المحاسبة,,accounts,pending,,,,,,,,,,,,Approved,
erpnext,"At row #{0}: the Difference Account must not be a Stock type account, please change the Account Type for the account {1} or select a different account",,,,erpnext,,,,,accounts,missing,,,,,,,,,,placeholder_mismatch,,Pending,
erpnext,Handle Employee Advances,,,,erpnext,,معالجة سلف الموظفين,معالجة سلف الموظفين,,accounts,missing,,,,,,,,,,,,Pending,
erpnext,Depreciation Expense Account should be an Income or Expense Account.,,,,erpnext,,,,,accounts,missing,,,,,,,,,,,,Pending,
erpnext,Ignore Voucher Type filter and Select Vouchers Manually,,,,erpnext,,,,,accounts,missing,,,,,,,,,,,,Pending,
erpnext,Payment Account,,,,erpnext,,حساب الدفع,حساب الدفع,,accounts,missing,,,,,,,,,,,,Pending,
erpnext,Vendor Invoice,,,,erpnext,,فاتورة المورد,فاتورة المورد,,accounts,missing,,,,,,,,,,,,Pending,
erpnext,Unrealized Exchange Gain/Loss Account,,,,erpnext,غير مجرب تبادل الربح / الخسارة حساب,,غير مجرب تبادل الربح / الخسارة حساب,,accounts,pending,,,,,,,,,,,,Approved,
erpnext,Default Accounts,,,,erpnext,الحسابات الافتراضية,,الحسابات الافتراضية,,accounts,pending,,,,,,,,,,,,Approved,
erpnext,Row #{0}: Journal Entry {1} does not have account {2} or already matched against another voucher,,,,erpnext,الصف {1} : قيد اليومية {1} لا يحتوى على الحساب {2} أو بالفعل يوجد في قسيمة مقابلة أخرى\n<br>\nRow #{0}: Journal Entry {1} does not have account {2} or already matched against another voucher,,الصف {1} : قيد اليومية {1} لا يحتوى على الحساب {2} أو بالفعل يوجد في قسيمة مقابلة أخرى\n<br>\nRow #{0}: Journal Entry {1} does not have account {2} or already matched against another voucher,,accounts,pending,,,,,,,,,,html_imbalance,,Approved,
erpnext,Invalid value {0} for {1} against account {2},,,,erpnext,,,,,accounts,missing,,,,,,,,,,placeholder_mismatch,,Pending,
erpnext,Payment Entry,,,,erpnext,تدوينات المدفوعات,سند قبض / سند صرف,سند قبض / سند صرف,,accounts,released,Approved,Mona Khalil - Arabic Localization Lead,,Approved,Hesham Farouk - Egyptian Construction Accountant (EAS 48 / ETA),,Approved,Nadia Mostafa - Translation QA / Structural Review,,,,Released,ERPNext accounting DocTypes; EAS 48; glossary v2.0 accounts
erpnext,Do you still want to enable immutable ledger?,,,,erpnext,,,,,accounts,missing,,,,,,,,,,,,Pending,
erpnext,Charts Based On,,,,erpnext,الرسوم البيانية على أساس,,الرسوم البيانية على أساس,,accounts,pending,,,,,,,,,,,,Approved,
frappe,Check this if you don't want users to sign up for an account on your site. Users won't get desk access unless you explicitly provide it.,,,,frappe,تحقق من هذا إذا كنت لا تريد أن يقوم المستخدمون بالتسجيل للحصول على حساب على موقعك. لن يتمكن المستخدمون من الوصول إلى المكتب ما لم تقدمه صراحةً.,,تحقق من هذا إذا كنت لا تريد أن يقوم المستخدمون بالتسجيل للحصول على حساب على موقعك. لن يتمكن المستخدمون من الوصول إلى المكتب ما لم تقدمه صراحةً.,,accounts,pending,,,,,,,,,,,,Approved,
frappe,On Payment Paid,,,,frappe,,,,,accounts,missing,,,,,,,,,,,,Pending,
erpnext,Ledger Health Monitor Company,,,,erpnext,,شركة مراقب صحة دفتر الأستاذ,شركة مراقب صحة دفتر الأستاذ,,accounts,missing,,,,,,,,,,,,Pending,
erpnext,Payment Amount,,,,erpnext,دفع مبلغ,,دفع مبلغ,,accounts,pending,,,,,,,,,,,,Approved,
erpnext,Advance amount,,,,erpnext,المبلغ مقدما,,المبلغ مقدما,,accounts,pending,,,,,,,,,,,,Approved,
erpnext,Account {0} does not belong to company: {1},,,,erpnext,الحساب {0} لا يتنمى للشركة {1}\n<br>\nAccount {0} does not belong to company: {1},,الحساب {0} لا يتنمى للشركة {1}\n<br>\nAccount {0} does not belong to company: {1},,accounts,pending,,,,,,,,,,html_imbalance,,Approved,
erpnext,Total Contribution Amount Against Invoices: {0},,,,erpnext,,,,,accounts,missing,,,,,,,,,,placeholder_mismatch,,Pending,
erpnext,View Exchange Gain/Loss Journals,,,,erpnext,,عرض قيود أرباح/خسائر الصرف,عرض قيود أرباح/خسائر الصرف,,accounts,missing,,,,,,,,,,,,Pending,
erpnext,Is Account Payable,,,,erpnext,هل هو حساب دائن,,هل هو حساب دائن,,accounts,pending,,,,,,,,,,,,Approved,
frappe,Advanced Control,,,,frappe,تحكم متقدم,,تحكم متقدم,,accounts,pending,,,,,,,,,,,,Approved,
frappe,Recipient Account Field,,,,frappe,,,,,accounts,missing,,,,,,,,,,,,Pending,
erpnext,New Cost Center Name,,,,erpnext,اسم مركز تكلفة جديد,,اسم مركز تكلفة جديد,,accounts,pending,,,,,,,,,,,,Approved,
erpnext,"For Return Invoices with Stock effect, '0' qty Items are not allowed. Following rows are affected: {0}",,,,erpnext,,,,,accounts,missing,,,,,,,,,,placeholder_mismatch,,Pending,
erpnext,Further cost centers can be made under Groups but entries can be made against non-Groups,,,,erpnext,,,,,accounts,missing,,,,,,,,,,,,Pending,
erpnext,Accounting Entry for {0}: {1} can only be made in currency: {2},,,,erpnext,المدخل المحاسبي ل {0}: {1} يمكن أن يكون فقط بالعملة {1}.\n<br>\nAccounting Entry for {0}: {1} can only be made in currency: {2},,المدخل المحاسبي ل {0}: {1} يمكن أن يكون فقط بالعملة {1}.\n<br>\nAccounting Entry for {0}: {1} can only be made in currency: {2},,accounts,pending,,,,,,,,,,html_imbalance,,Approved,
erpnext,{0} account is not of type {1},,,,erpnext,,,,,accounts,missing,,,,,,,,,,placeholder_mismatch,,Pending,
erpnext,Total Payments,,,,erpnext,مجموع المدفوعات,,مجموع المدفوعات,,accounts,pending,,,,,,,,,,,,Approved,
erpnext,Journal Entry Type,,,,erpnext,نوع إدخال دفتر اليومية,,نوع إدخال دفتر اليومية,,accounts,pending,,,,,,,,,,,,Approved,
erpnext,Please set the cost center field in {0} or setup a default Cost Center for the Company.,,,,erpnext,,,,,accounts,missing,,,,,,,,,,placeholder_mismatch,,Pending,
erpnext,Journal Entry Account,,,,erpnext,حساب إدخال القيود اليومية,,حساب إدخال القيود اليومية,,accounts,pending,,,,,,,,,,,,Approved,
erpnext,Update Account Number / Name,,,,erpnext,تحديث رقم الحساب / الاسم,,تحديث رقم الحساب / الاسم,,accounts,pending,,,,,,,,,,,,Approved,
erpnext,Get Payments from,,,,erpnext,احصل على المدفوعات من,,احصل على المدفوعات من,,accounts,pending,,,,,,,,,,,,Approved,
erpnext,Invalid Sales Invoices,,,,erpnext,,,,,accounts,missing,,,,,,,,,,,,Pending,
erpnext,Accounting Dimension,,,,erpnext,البعد المحاسبي,,البعد المحاسبي,,accounts,pending,,,,,,,,,,,,Approved,
erpnext,Enabling this option will allow you to record - <br><br> 1. Advances Received in a <b>Liability Account</b> instead of the <b>Asset Account</b><br><br>2. Advances Paid in an <b>Asset Account</b> instead of the <b> Liability Account</b>,,,,erpnext,,,,,accounts,missing,,,,,,,,,,html_imbalance,,Pending,
erpnext,Is Delivery Note Required for Sales Invoice Creation?,,,,erpnext,هل مطلوب مذكرة التسليم لإنشاء فاتورة المبيعات؟,,هل مطلوب مذكرة التسليم لإنشاء فاتورة المبيعات؟,,accounts,pending,,,,,,,,,,,,Approved,
erpnext,Party Account Currency,,,,erpnext,عملة حساب الطرف,,عملة حساب الطرف,,accounts,pending,,,,,,,,,,,,Approved,
erpnext,Payment Terms Template,,,,erpnext,نموذج شروط الدفع,,نموذج شروط الدفع,,accounts,pending,,,,,,,,,,,,Approved,
erpnext,Please setup and enable a group account with the Account Type - {0} for the company {1},,,,erpnext,,,,,accounts,missing,,,,,,,,,,placeholder_mismatch,,Pending,
erpnext,Invoice,,,,erpnext,فاتورة,,فاتورة,,accounts,pending,,,,,,,,,,,,Approved,
frappe,Time series based on is required to create a dashboard chart,,,,frappe,مطلوب سلسلة زمنية بناءً على إنشاء مخطط لوحة معلومات,,مطلوب سلسلة زمنية بناءً على إنشاء مخطط لوحة معلومات,,accounts,pending,,,,,,,,,,,,Approved,
erpnext,View General Ledger,,,,erpnext,,عرض دفتر الأستاذ العام,عرض دفتر الأستاذ العام,,accounts,missing,,,,,,,,,,,,Pending,
frappe,Please Set Chart,,,,frappe,يرجى وضع الرسم البياني,,يرجى وضع الرسم البياني,,accounts,pending,,,,,,,,,,,,Approved,
erpnext,POS invoice {0} created successfully,,,,erpnext,,,,,accounts,missing,,,,,,,,,,placeholder_mismatch,,Pending,
erpnext,Please set Unrealized Exchange Gain/Loss Account in Company {0},,,,erpnext,يرجى تعيين حساب أرباح / خسائر غير محققة في الشركة {0},,يرجى تعيين حساب أرباح / خسائر غير محققة في الشركة {0},,accounts,pending,,,,,,,,,,,,Approved,
erpnext,Total Vendor Invoices Cost (Company Currency),,,,erpnext,,إجمالي تكلفة فواتير الموردين (عملة الشركة),إجمالي تكلفة فواتير الموردين (عملة الشركة),,accounts,missing,,,,,,,,,,,,Pending,
erpnext,Supplier Invoice No exists in Purchase Invoice {0},,,,erpnext,المورد فاتورة لا يوجد في شراء الفاتورة {0},,المورد فاتورة لا يوجد في شراء الفاتورة {0},,accounts,pending,,,,,,,,,,,,Approved,
erpnext,Please enter Root Type for account- {0},,,,erpnext,,,,,accounts,missing,,,,,,,,,,placeholder_mismatch,,Pending,
erpnext,Opening Invoice Creation In Progress,,,,erpnext,جاري إنشاء الفاتورة الافتتاحية,,جاري إنشاء الفاتورة الافتتاحية,,accounts,pending,,,,,,,,,,,,Approved,
erpnext,Action if Annual Budget Exceeded on MR,,,,erpnext,الإجراء إذا تجاوزت الميزانية السنوية على الدخل الشهري,,الإجراء إذا تجاوزت الميزانية السنوية على الدخل الشهري,,accounts,pending,,,,,,,,,,,,Approved,
erpnext,Redemption Cost Center,,,,erpnext,مركز تكلفة الاسترداد,,مركز تكلفة الاسترداد,,accounts,pending,,,,,,,,,,,,Approved,
frappe,Aggregate Function field is required to create a dashboard chart,,,,frappe,حقل تجميع الوظائف مطلوب لإنشاء مخطط لوحة القيادة,,حقل تجميع الوظائف مطلوب لإنشاء مخطط لوحة القيادة,,accounts,pending,,,,,,,,,,,,Approved,
erpnext,Default Income Account,,,,erpnext,حساب الدخل الافتراضي,,حساب الدخل الافتراضي,,accounts,pending,,,,,,,,,,,,Approved,
erpnext,"Please set Vat Accounts for Company: ""{0}"" in UAE VAT Settings",,,,erpnext,,,,,accounts,missing,,,,,,,,,,placeholder_mismatch,,Pending,
erpnext,Return Against Purchase Invoice,,,,erpnext,العودة ضد شراء فاتورة,,العودة ضد شراء فاتورة,,accounts,pending,,,,,,,,,,,,Approved,
erpnext,Enable Item-wise Inventory Account,,,,erpnext,,تمكين حساب المخزون حسب الصنف,تمكين حساب المخزون حسب الصنف,,accounts,missing,,,,,,,,,,,,Pending,
erpnext,Include in Charts,,,,erpnext,,تضمين في الرسوم البيانية,تضمين في الرسوم البيانية,,accounts,missing,,,,,,,,,,,,Pending,
frappe,Enabling auto reply on an incoming email account will send automated replies to all the synchronized emails. Do you wish to continue?,,,,frappe,,,,,accounts,missing,,,,,,,,,,,,Pending,
erpnext,Certificate,,,,erpnext,شهادة,,شهادة,,accounts,pending,,,,,,,,,,,,Approved,
erpnext,Account with existing transaction cannot be converted to ledger,,,,erpnext,لا يمكن تحويل الحساب مع الحركة الموجودة إلى دفتر الأستاذ\n<br>\nAccount with existing transaction cannot be converted to ledger,,لا يمكن تحويل الحساب مع الحركة الموجودة إلى دفتر الأستاذ\n<br>\nAccount with existing transaction cannot be converted to ledger,,accounts,pending,,,,,,,,,,html_imbalance,,Approved,
erpnext,Future Payment Ref,,,,erpnext,الدفع في المستقبل المرجع,,الدفع في المستقبل المرجع,,accounts,pending,,,,,,,,,,,,Approved,
erpnext,Round Off Account,,,,erpnext,جولة قبالة حساب,,جولة قبالة حساب,,accounts,pending,,,,,,,,,,,,Approved,
erpnext,Is Purchase Order Required for Purchase Invoice & Receipt Creation?,,,,erpnext,هل طلب الشراء مطلوب لإنشاء فاتورة الشراء والإيصال؟,,هل طلب الشراء مطلوب لإنشاء فاتورة الشراء والإيصال؟,,accounts,pending,,,,,,,,,,,,Approved,
erpnext,"Please set default inventory account for item {0}, or their item group or brand.",,,,erpnext,,,,,accounts,missing,,,,,,,,,,placeholder_mismatch,,Pending,
erpnext,Import Invoices,,,,erpnext,استيراد الفواتير,,استيراد الفواتير,,accounts,pending,,,,,,,,,,,,Approved,
frappe,Path to Server Certificate,,,,frappe,المسار إلى شهادة الخادم,,المسار إلى شهادة الخادم,,accounts,pending,,,,,,,,,,,,Approved,
erpnext,Sales Invoice is already consolidated,,,,erpnext,,,,,accounts,missing,,,,,,,,,,,,Pending,
erpnext,Account Head,,,,erpnext,,رأس الحساب,رأس الحساب,,accounts,missing,,,,,,,,,,,,Pending,
erpnext,Creating Journal Entries...,,,,erpnext,,جار إنشاء قيود اليومية...,جار إنشاء قيود اليومية...,,accounts,missing,,,,,,,,,,,,Pending,
erpnext,Mode of Payments,,,,erpnext,طريقة الدفع,,طريقة الدفع,,accounts,pending,,,,,,,,,,,,Approved,
erpnext,"The account head under Liability or Equity, in which Profit/Loss will be booked",,,,erpnext,رئيس الحساب تحت المسؤولية أو الأسهم، والتي سيتم حجز الربح / الخسارة,,رئيس الحساب تحت المسؤولية أو الأسهم، والتي سيتم حجز الربح / الخسارة,,accounts,pending,,,,,,,,,,,,Approved,
erpnext,Discrepancy between General and Payment Ledger,,,,erpnext,,,,,accounts,missing,,,,,,,,,,,,Pending,
erpnext,Payment Method,,,,erpnext,طريقة الدفع او السداد,,طريقة الدفع او السداد,,accounts,pending,,,,,,,,,,,,Approved,
erpnext,Process Payment Reconciliation,,,,erpnext,,معالجة تسوية الدفع,معالجة تسوية الدفع,,accounts,missing,,,,,,,,,,,,Pending,
erpnext,Payment Amount (Company Currency),,,,erpnext,,مبلغ الدفع (عملة الشركة),مبلغ الدفع (عملة الشركة),,accounts,missing,,,,,,,,,,,,Pending,
erpnext,Allow Partial Payment,,,,erpnext,,السماح بالدفع الجزئي,السماح بالدفع الجزئي,,accounts,missing,,,,,,,,,,,,Pending,
erpnext,Serial No Ledger,,,,erpnext,,دفتر أستاذ الرقم التسلسلي,دفتر أستاذ الرقم التسلسلي,,accounts,missing,,,,,,,,,,,,Pending,
erpnext,{0} Budget for Account {1} against {2} {3} is {4}. It will be exceeded by {5}.,,,,erpnext,,,,,accounts,missing,,,,,,,,,,placeholder_mismatch,,Pending,
erpnext,"Budget cannot be assigned against {0}, as it's not an Income or Expense account",,,,erpnext,لا يمكن تعيين الميزانية مقابل {0}، حيث إنها ليست حسابا للدخل أو للمصروفات,,لا يمكن تعيين الميزانية مقابل {0}، حيث إنها ليست حسابا للدخل أو للمصروفات,,accounts,pending,,,,,,,,,,,,Approved,
erpnext,Total Outgoing Payment,,,,erpnext,,إجمالي المدفوعات الصادرة,إجمالي المدفوعات الصادرة,,accounts,missing,,,,,,,,,,,,Pending,
erpnext,Bank / Cash Account,,,,erpnext,البنك حساب / النقدية,,البنك حساب / النقدية,,accounts,pending,,,,,,,,,,,,Approved,
erpnext,Create Journal Entry,,,,erpnext,إنشاء إدخال دفتر اليومية,,إنشاء إدخال دفتر اليومية,,accounts,pending,,,,,,,,,,,,Approved,
erpnext,Account is mandatory to get payment entries,,,,erpnext,الحساب إلزامي للحصول على إدخالات الدفع,,الحساب إلزامي للحصول على إدخالات الدفع,,accounts,pending,,,,,,,,,,,,Approved,
erpnext,'{0}' account is already used by {1}. Use another account.,,,,erpnext,,,,,accounts,missing,,,,,,,,,,placeholder_mismatch,,Pending,
erpnext,Payable Account,,,,erpnext,حساب الدائنين,,حساب الدائنين,,accounts,pending,,,,,,,,,,,,Approved,
erpnext,You cannot create/amend any accounting entries till this date.,,,,erpnext,,,,,accounts,missing,,,,,,,,,,,,Pending,
erpnext,Please cancel and amend the Payment Entry,,,,erpnext,,,,,accounts,missing,,,,,,,,,,,,Pending,
erpnext,Action if Accumulated Monthly Budget Exceeded on Actual,,,,erpnext,أجراء في حال تجاوزت الميزانية الشهرية المتراكمة للميزانية الفعلية,,أجراء في حال تجاوزت الميزانية الشهرية المتراكمة للميزانية الفعلية,,accounts,pending,,,,,,,,,,,,Approved,
erpnext,Account Currency (To),,,,erpnext,,عملة الحساب (إلى),عملة الحساب (إلى),,accounts,missing,,,,,,,,,,,,Pending,
erpnext,Loan Start Date and Loan Period are mandatory to save the Invoice Discounting,,,,erpnext,تاريخ بدء القرض وفترة القرض إلزامية لحفظ خصم الفاتورة,,تاريخ بدء القرض وفترة القرض إلزامية لحفظ خصم الفاتورة,,accounts,pending,,,,,,,,,,,,Approved,
erpnext,Account {0} is added in the child company {1},,,,erpnext,تتم إضافة الحساب {0} في الشركة التابعة {1},,تتم إضافة الحساب {0} في الشركة التابعة {1},,accounts,pending,,,,,,,,,,,,Approved,
erpnext,Rows with Same Account heads will be merged on Ledger,,,,erpnext,,,,,accounts,missing,,,,,,,,,,,,Pending,
erpnext,Use Legacy Budget Controller,,,,erpnext,,استخدام متحكم الميزانية القديم,استخدام متحكم الميزانية القديم,,accounts,missing,,,,,,,,,,,,Pending,
erpnext,Advanced Filtering,,,,erpnext,,تصفية متقدمة,تصفية متقدمة,,accounts,missing,,,,,,,,,,,,Pending,
frappe,Don't have an account?,,,,frappe,,,,,accounts,missing,,,,,,,,,,,,Pending,
erpnext,This is considered dangerous from accounting point of view.,,,,erpnext,,,,,accounts,missing,,,,,,,,,,,,Pending,
erpnext,Employee Advances,,,,erpnext,سلف الموظفين,,سلف الموظفين,,accounts,pending,,,,,,,,,,,,Approved,
erpnext,Mention if non-standard receivable account applicable,,,,erpnext,أذكر إذا كان حساب المدينين المطبق ليس حساب المدينين الافتراضي,,أذكر إذا كان حساب المدينين المطبق ليس حساب المدينين الافتراضي,,accounts,pending,,,,,,,,,,,,Approved,
erpnext,Please set the Default Cost Center in {0} company.,,,,erpnext,يرجى تعيين مركز التكلفة الافتراضي في الشركة {0}.,,يرجى تعيين مركز التكلفة الافتراضي في الشركة {0}.,,accounts,pending,,,,,,,,,,,,Approved,
frappe,"<div class=""ql-editor read-mode""><p>Send a request to delete your account and personally identifiable information (PII) that is stored on our system. You will receive an email to verify your request. Once the request is verified we will take care of deleting your PII. If you just want to check what PII we have stored, you can <a href=""/request-data"" rel=""noopener noreferrer"">request your data</a>.</p></div>",,,,frappe,,,,,accounts,missing,,,,,,,,,,html_imbalance,,Pending,
erpnext,"Difference Account must be a Asset/Liability type account (Temporary Opening), since this Stock Entry is an Opening Entry",,,,erpnext,,,,,accounts,missing,,,,,,,,,,,,Pending,
erpnext,Account {0} doesn't belong to Company {1},,,,erpnext,,,,,accounts,missing,,,,,,,,,,placeholder_mismatch,,Pending,
erpnext,Stock/Accounts can not be frozen as processing of backdated entries is going on. Please try again later.,,,,erpnext,,,,,accounts,missing,,,,,,,,,,,,Pending,
erpnext,Provisional Expense Account,,,,erpnext,,حساب مصروف مؤقت,حساب مصروف مؤقت,,accounts,missing,,,,,,,,,,,,Pending,
erpnext,Payment Ledger,,,,erpnext,,دفتر أستاذ الدفع,دفتر أستاذ الدفع,,accounts,missing,,,,,,,,,,,,Pending,
erpnext,Debit Account,,,,erpnext,حساب مدين,,حساب مدين,,accounts,pending,,,,,,,,,,,,Approved,
erpnext,Please select Existing Company for creating Chart of Accounts,,,,erpnext,الرجاء اختيار الشركة الحالية لإنشاء دليل الحسابات,,الرجاء اختيار الشركة الحالية لإنشاء دليل الحسابات,,accounts,pending,,,,,,,,,,,,Approved,
erpnext,"Only values between [0,1) are allowed. Like {0.00, 0.04, 0.09, ...}
Ex: If allowance is set at 0.07, accounts that have balance of 0.07 in either of the currencies will be considered as zero balance account",,,,erpnext,,,,,accounts,missing,,,,,,,,,,placeholder_mismatch,,Pending,
erpnext,Selected Vouchers,,,,erpnext,,السندات المحددة,السندات المحددة,,accounts,missing,,,,,,,,,,,,Pending,
erpnext,Account {0} does not exist,,,,erpnext,حساب {0} غير موجود,,حساب {0} غير موجود,,accounts,pending,,,,,,,,,,,,Approved,
erpnext,Please select Periodic Accounting Entry Difference Account,,,,erpnext,,,,,accounts,missing,,,,,,,,,,,,Pending,
erpnext,payments app is not installed. Please install it from {} or {},,,,erpnext,,,,,accounts,missing,,,,,,,,,,,,Pending,
frappe,Custom Field {0} is created by the Administrator and can only be deleted through the Administrator account.,,,,frappe,يتم إنشاء الحقل المخصص {0} بواسطة المسؤول ولا يمكن حذفه إلا من خلال حساب المسؤول.,,يتم إنشاء الحقل المخصص {0} بواسطة المسؤول ولا يمكن حذفه إلا من خلال حساب المسؤول.,,accounts,pending,,,,,,,,,,,,Approved,
erpnext,Create Ledger Entries for Change Amount,,,,erpnext,,إنشاء قيود دفتر الأستاذ لمبلغ الباقي,إنشاء قيود دفتر الأستاذ لمبلغ الباقي,,accounts,missing,,,,,,,,,,,,Pending,
erpnext,Payment Received,,,,erpnext,تم استلام الدفعة,,تم استلام الدفعة,,accounts,pending,,,,,,,,,,,,Approved,
erpnext,Not authorized to edit frozen Account {0},,,,erpnext,غير مصرح له بتحرير الحساب المجمد {0}\n<br>\nNot authorized to edit frozen Account {0},,غير مصرح له بتحرير الحساب المجمد {0}\n<br>\nNot authorized to edit frozen Account {0},,accounts,pending,,,,,,,,,,html_imbalance,,Approved,
erpnext,Only 'Payment Entries' made against this advance account are supported.,,,,erpnext,,,,,accounts,missing,,,,,,,,,,,,Pending,
erpnext,Please set default Cash or Bank account in Mode of Payment {},,,,erpnext,الرجاء تعيين حساب نقدي أو مصرفي افتراضي في طريقة الدفع {},,الرجاء تعيين حساب نقدي أو مصرفي افتراضي في طريقة الدفع {},,accounts,pending,,,,,,,,,,,,Approved,
erpnext,{0} {1}: Account {2} is inactive,,,,erpnext,{0} {1}: الحساب {2} غير فعال \n<br>\n{0} {1}: Account {2} is inactive,,{0} {1}: الحساب {2} غير فعال \n<br>\n{0} {1}: Account {2} is inactive,,accounts,pending,,,,,,,,,,html_imbalance,,Approved,
erpnext,Show Future Payments,,,,erpnext,إظهار المدفوعات المستقبلية,,إظهار المدفوعات المستقبلية,,accounts,pending,,,,,,,,,,,,Approved,
erpnext,Row {0}: Allocated amount {1} must be less than or equal to invoice outstanding amount {2},,,,erpnext,,,,,accounts,missing,,,,,,,,,,placeholder_mismatch,,Pending,
erpnext,Payment Due Date,,,,erpnext,تاريخ استحقاق السداد,,تاريخ استحقاق السداد,,accounts,pending,,,,,,,,,,,,Approved,
erpnext,{0} Account not found against Customer {1}.,,,,erpnext,,,,,accounts,missing,,,,,,,,,,placeholder_mismatch,,Pending,
erpnext,Please set a Cost Center for the Asset or set an Asset Depreciation Cost Center for the Company {},,,,erpnext,,,,,accounts,missing,,,,,,,,,,,,Pending,
erpnext,Block Invoice,,,,erpnext,حظر الفاتورة,,حظر الفاتورة,,accounts,pending,,,,,,,,,,,,Approved,
erpnext,Budget Start Date,,,,erpnext,,تاريخ بداية الميزانية,تاريخ بداية الميزانية,,accounts,missing,,,,,,,,,,,,Pending,
erpnext,Creating Accounts...,,,,erpnext,إنشاء حسابات ...,,إنشاء حسابات ...,,accounts,pending,,,,,,,,,,,,Approved,
frappe,On Payment Failed,,,,frappe,,,,,accounts,missing,,,,,,,,,,,,Pending,
erpnext,{0} cannot be used as a Main Cost Center because it has been used as child in Cost Center Allocation {1},,,,erpnext,,,,,accounts,missing,,,,,,,,,,placeholder_mismatch,,Pending,
erpnext,Invalid Purchase Invoice,,,,erpnext,,,,,accounts,missing,,,,,,,,,,,,Pending,
erpnext,Enable Discount Accounting for Selling,,,,erpnext,,تمكين محاسبة الخصم للبيع,تمكين محاسبة الخصم للبيع,,accounts,missing,,,,,,,,,,,,Pending,
erpnext,Asset Repair Purchase Invoice,,,,erpnext,,فاتورة شراء إصلاح الأصل,فاتورة شراء إصلاح الأصل,,accounts,missing,,,,,,,,,,,,Pending,
erpnext,To cancel this Sales Invoice you need to cancel the POS Closing Entry {}.,,,,erpnext,,,,,accounts,missing,,,,,,,,,,,,Pending,
erpnext,Default Selling Cost Center,,,,erpnext,مركز تكلفة المبيعات الافتراضي,,مركز تكلفة المبيعات الافتراضي,,accounts,pending,,,,,,,,,,,,Approved,
erpnext,"Since {0} are Serial No/Batch No items, you cannot enable 'Recreate Stock Ledgers' in Repost Item Valuation.",,,,erpnext,,,,,accounts,missing,,,,,,,,,,placeholder_mismatch,,Pending,
erpnext,{0} payment entries can not be filtered by {1},,,,erpnext,{0} لا يمكن فلترة المدفوعات المدخلة  {1},,{0} لا يمكن فلترة المدفوعات المدخلة  {1},,accounts,pending,,,,,,,,,,,,Approved,
frappe,Confirm Deletion of Account,,,,frappe,,,,,accounts,missing,,,,,,,,,,,,Pending,
erpnext,The payment gateway account in plan {0} is different from the payment gateway account in this payment request,,,,erpnext,يختلف حساب بوابة الدفع في الخطة {0} عن حساب بوابة الدفع في طلب الدفع هذا,,يختلف حساب بوابة الدفع في الخطة {0} عن حساب بوابة الدفع في طلب الدفع هذا,,accounts,pending,,,,,,,,,,,,Approved,
erpnext,Select an account to print in account currency,,,,erpnext,حدد حسابا للطباعة بعملة الحساب,,حدد حسابا للطباعة بعملة الحساب,,accounts,pending,,,,,,,,,,,,Approved,
erpnext,"<br>
<h4>Note</h4>
<ul>
<li>
You can use <a href=""https://jinja.palletsprojects.com/en/2.11.x/"" target=""_blank"">Jinja tags</a> in <b>Subject</b> and <b>Body</b> fields for dynamic values.
</li><li>
    All fields in this doctype are available under the <b>doc</b> object and all fields for the customer to whom the mail will go to is available under the  <b>customer</b> object.
</li></ul>
<h4> Examples</h4>
<!-- {% raw %} -->
<ul>
    <li><b>Subject</b>:<br><br><pre><code>Statement Of Accounts for {{ customer.customer_name }}</code></pre><br></li>
    <li><b>Body</b>: <br><br>
<pre><code>Hello {{ customer.customer_name }},<br>PFA your Statement Of Accounts from {{ doc.from_date }} to {{ doc.to_date }}.</code> </pre></li>
</ul>
<!-- {% endraw %} -->",,,,erpnext,,,,,accounts,missing,,,,,,,,,,placeholder_mismatch;html_imbalance,,Pending,
erpnext,Row {0}: The entire expense amount for account {1} in {2} has already been allocated.,,,,erpnext,,,,,accounts,missing,,,,,,,,,,placeholder_mismatch,,Pending,
erpnext,Payment Order Status,,,,erpnext,حالة طلب الدفع,,حالة طلب الدفع,,accounts,pending,,,,,,,,,,,,Approved,
erpnext,No outstanding invoices require exchange rate revaluation,,,,erpnext,لا تتطلب الفواتير المستحقة إعادة تقييم سعر الصرف,,لا تتطلب الفواتير المستحقة إعادة تقييم سعر الصرف,,accounts,pending,,,,,,,,,,,,Approved,
erpnext,{0} {1}: Supplier is required against Payable account {2},,,,erpnext,{0} {1}: المورد مطلوب لحساب الدفع {2}\n<br> \n{0} {1}: Supplier is required against Payable account {2},,{0} {1}: المورد مطلوب لحساب الدفع {2}\n<br> \n{0} {1}: Supplier is required against Payable account {2},,accounts,pending,,,,,,,,,,html_imbalance,,Approved,
erpnext,Periodic Accounting,,,,erpnext,,محاسبة دورية,محاسبة دورية,,accounts,missing,,,,,,,,,,,,Pending,
erpnext,Process Statement Of Accounts,,,,erpnext,بيان العملية للحسابات,,بيان العملية للحسابات,,accounts,pending,,,,,,,,,,,,Approved,
erpnext,Opening Sales Invoices have been created.,,,,erpnext,,,,,accounts,missing,,,,,,,,,,,,Pending,
erpnext,Note: Payment Entry will not be created since 'Cash or Bank Account' was not specified,,,,erpnext,"ملاحظة : لن يتم إنشاء تدوين المدفوعات نظرا لأن "" حساب النقد او المصرف"" لم يتم تحديده",,"ملاحظة : لن يتم إنشاء تدوين المدفوعات نظرا لأن "" حساب النقد او المصرف"" لم يتم تحديده",,accounts,pending,,,,,,,,,,,,Approved,
erpnext,Select Vouchers to Match,,,,erpnext,,تحديد السندات للمطابقة,تحديد السندات للمطابقة,,accounts,missing,,,,,,,,,,,,Pending,
erpnext,Accumulated Monthly Budget for Account {0} against {1} {2} is {3}. It will be collectively ({4}) exceeded by {5},,,,erpnext,,,,,accounts,missing,,,,,,,,,,placeholder_mismatch,,Pending,
erpnext,Party Account,,,,erpnext,حساب طرف,,حساب طرف,,accounts,pending,,,,,,,,,,,,Approved,
erpnext,Invoice Type Created via POS Screen,,,,erpnext,,نوع الفاتورة المنشأة عبر شاشة نقطة البيع,نوع الفاتورة المنشأة عبر شاشة نقطة البيع,,accounts,missing,,,,,,,,,,,,Pending,
erpnext,There was an error updating Bank Account {} while linking with Plaid.,,,,erpnext,,,,,accounts,missing,,,,,,,,,,,,Pending,
erpnext,Annual Budget for Account {0} against {1} {2} is {3}. It will be collectively ({4}) exceeded by {5},,,,erpnext,,,,,accounts,missing,,,,,,,,,,placeholder_mismatch,,Pending,
erpnext,Allocate Payment Amount,,,,erpnext,تخصيص مبلغ الدفع,,تخصيص مبلغ الدفع,,accounts,pending,,,,,,,,,,,,Approved,
erpnext,"Cannot enable Item-wise Inventory Account, as there are existing Stock Ledger Entries for the company {0} with Warehouse-wise Inventory Account. Please cancel the stock transactions first and try again.",,,,erpnext,,,,,accounts,missing,,,,,,,,,,placeholder_mismatch,,Pending,
erpnext,Another Payment Request is already processed,,,,erpnext,,,,,accounts,missing,,,,,,,,,,,,Pending,
erpnext,"<h4>Body Text and Closing Text Example</h4>

<div>We have noticed that you have not yet paid invoice {{sales_invoice}} for {{frappe.db.get_value(""Currency"", currency, ""symbol"")}} {{outstanding_amount}}. This is a friendly reminder that the invoice was due on {{due_date}}. Please pay the amount due immediately to avoid any further dunning cost.</div>

<h4>How to get fieldnames</h4>

<p>The fieldnames you can use in your template are the fields in the document. You can find out the fields of any documents via Setup &gt; Customize Form View and selecting the document type (e.g. Sales Invoice)</p>

<h4>Templating</h4>

<p>Templates are compiled using the Jinja Templating Language. To learn more about Jinja, <a class=""strong"" href=""http://jinja.pocoo.org/docs/dev/templates/"">read this documentation.</a></p>",,,,erpnext,,,,,accounts,missing,,,,,,,,,,placeholder_mismatch;html_imbalance,,Pending,
erpnext,Unrealized Profit / Loss Account,,,,erpnext,,حساب ربح/خسارة غير محققة,حساب ربح/خسارة غير محققة,,accounts,missing,,,,,,,,,,,,Pending,
erpnext,To submit the invoice without purchase receipt please set {0} as {1} in {2},,,,erpnext,,,,,accounts,missing,,,,,,,,,,placeholder_mismatch,,Pending,
erpnext,Row {0}: Cost Center {1} does not belong to Company {2},,,,erpnext,,,,,accounts,missing,,,,,,,,,,placeholder_mismatch,,Pending,
erpnext,Payment Gateway Details,,,,erpnext,تفاصيل الدفع بوابة,,تفاصيل الدفع بوابة,,accounts,pending,,,,,,,,,,,,Approved,
frappe,No email account associated with the User. Please add an account under User > Email Inbox.,,,,frappe,لا يوجد حساب بريد إلكتروني مرتبط بالمستخدم. الرجاء إضافة حساب ضمن المستخدم&gt; البريد الوارد للبريد الإلكتروني.,,لا يوجد حساب بريد إلكتروني مرتبط بالمستخدم. الرجاء إضافة حساب ضمن المستخدم&gt; البريد الوارد للبريد الإلكتروني.,,accounts,pending,,,,,,,,,,,,Approved,
erpnext,"Number of new Account, it will be included in the account name as a prefix",,,,erpnext,عدد الحساب الجديد، سيتم تضمينه في اسم الحساب كبادئة,,عدد الحساب الجديد، سيتم تضمينه في اسم الحساب كبادئة,,accounts,pending,,,,,,,,,,,,Approved,
erpnext,Chart Preview,,,,erpnext,معاينة الرسم البياني,,معاينة الرسم البياني,,accounts,pending,,,,,,,,,,,,Approved,
erpnext,Submit ERR Journals?,,,,erpnext,,ترحيل قيود إعادة تقييم سعر الصرف؟,ترحيل قيود إعادة تقييم سعر الصرف؟,,accounts,missing,,,,,,,,,,,,Pending,
erpnext,Start date of current invoice's period,,,,erpnext,تاريخ بدء فترة الفاتورة الحالية,,تاريخ بدء فترة الفاتورة الحالية,,accounts,pending,,,,,,,,,,,,Approved,
erpnext,Payment Entries,,,,erpnext,ادخال دفعات,,ادخال دفعات,,accounts,pending,,,,,,,,,,,,Approved,
erpnext,Stock Ledger ID,,,,erpnext,معرف دفتر الأستاذ,,معرف دفتر الأستاذ,,accounts,pending,,,,,,,,,,,,Approved,
erpnext,STATEMENT OF ACCOUNTS,,,,erpnext,,كشف الحساب,كشف الحساب,,accounts,missing,,,,,,,,,,,,Pending,
erpnext,Repost Accounting Ledger Settings,,,,erpnext,,إعدادات إعادة نشر دفتر الأستاذ المحاسبي,إعدادات إعادة نشر دفتر الأستاذ المحاسبي,,accounts,missing,,,,,,,,,,,,Pending,
erpnext,"Spending for Account {0} ({1}) between {2} and {3} has already exceeded the new allocated budget. Spent: {4}, Budget: {5}",,,,erpnext,,,,,accounts,missing,,,,,,,,,,placeholder_mismatch,,Pending,
erpnext,Get Payment Entries,,,,erpnext,الحصول على مدخلات الدفع,,الحصول على مدخلات الدفع,,accounts,pending,,,,,,,,,,,,Approved,
erpnext,Default Cost of Goods Sold Account,,,,erpnext,الحساب الافتراضي لتكلفة البضائع المباعة,,الحساب الافتراضي لتكلفة البضائع المباعة,,accounts,pending,,,,,,,,,,,,Approved,
erpnext,Accounts Receivable Summary,,,,erpnext,ملخص الحسابات المدينة,,ملخص الحسابات المدينة,,accounts,pending,,,,,,,,,,,,Approved,
erpnext,POS Invoice Merge Log,,,,erpnext,سجل دمج فاتورة نقاط البيع,,سجل دمج فاتورة نقاط البيع,,accounts,pending,,,,,,,,,,,,Approved,
frappe,Chart Type,,,,frappe,نوع الرسم البياني,,نوع الرسم البياني,,accounts,pending,,,,,,,,,,,,Approved,
erpnext,Number of days after invoice date has elapsed before canceling subscription or marking subscription as unpaid,,,,erpnext,عدد الأيام التي انقضت بعد تاريخ الفاتورة قبل إلغاء الاشتراك أو وضع علامة على الاشتراك كمبلغ غير مدفوع,,عدد الأيام التي انقضت بعد تاريخ الفاتورة قبل إلغاء الاشتراك أو وضع علامة على الاشتراك كمبلغ غير مدفوع,,accounts,pending,,,,,,,,,,,,Approved,
erpnext,Payment of {0} received successfully.,,,,erpnext,,,,,accounts,missing,,,,,,,,,,placeholder_mismatch,,Pending,
erpnext,Company Account,,,,erpnext,حساب الشركة,,حساب الشركة,,accounts,pending,,,,,,,,,,,,Approved,
erpnext,Voucher No is mandatory,,,,erpnext,,رقم السند إلزامي,رقم السند إلزامي,,accounts,missing,,,,,,,,,,,,Pending,
erpnext,Difference Account,,,,erpnext,حساب الفرق,,حساب الفرق,,accounts,pending,,,,,,,,,,,,Approved,
erpnext,Make Sales Invoice,,,,erpnext,انشاء فاتورة المبيعات,,انشاء فاتورة المبيعات,,accounts,pending,,,,,,,,,,,,Approved,
erpnext,Accounting Period overlaps with {0},,,,erpnext,فترة المحاسبة تتداخل مع {0},,فترة المحاسبة تتداخل مع {0},,accounts,pending,,,,,,,,,,,,Approved,
erpnext,Deferred Revenue Account,,,,erpnext,حساب الإيرادات المؤجلة,,حساب الإيرادات المؤجلة,,accounts,pending,,,,,,,,,,,,Approved,
erpnext,Against Account,,,,erpnext,مقابل الحساب,,مقابل الحساب,,accounts,pending,,,,,,,,,,,,Approved,
erpnext,Bank Transaction {0} added as Payment Entry,,,,erpnext,,,,,accounts,missing,,,,,,,,,,placeholder_mismatch,,Pending,
erpnext,Sales Invoice {0} must be deleted before cancelling this Sales Order,,,,erpnext,,,,,accounts,missing,,,,,,,,,,placeholder_mismatch,,Pending,
frappe,Please check the filter values set for Dashboard Chart: {},,,,frappe,يرجى التحقق من قيم المرشح المحددة لمخطط لوحة المعلومات: {},,يرجى التحقق من قيم المرشح المحددة لمخطط لوحة المعلومات: {},,accounts,pending,,,,,,,,,,,,Approved,
erpnext,Advance Account,,,,erpnext,,حساب الدفعة المقدمة,حساب الدفعة المقدمة,,accounts,missing,,,,,,,,,,,,Pending,
erpnext,Cannot create return for consolidated invoice {0}.,,,,erpnext,,,,,accounts,missing,,,,,,,,,,placeholder_mismatch,,Pending,
erpnext,Sales Invoice isn't created by user {},,,,erpnext,,,,,accounts,missing,,,,,,,,,,,,Pending,
erpnext,Mandatory Accounting Dimension,,,,erpnext,,بُعد محاسبي إلزامي,بُعد محاسبي إلزامي,,accounts,missing,,,,,,,,,,,,Pending,
erpnext,Deferred Accounting Defaults,,,,erpnext,,إعدادات المحاسبة المؤجلة الافتراضية,إعدادات المحاسبة المؤجلة الافتراضية,,accounts,missing,,,,,,,,,,,,Pending,
erpnext,Default Payment Terms Template,,,,erpnext,نموذج شروط الدفع الافتراضية,,نموذج شروط الدفع الافتراضية,,accounts,pending,,,,,,,,,,,,Approved,
erpnext,Cost Center is required in row {0} in Taxes table for type {1},,,,erpnext,مركز التكلفة مطلوب في الصف {0} في جدول الضرائب للنوع {1}\n<br>\nCost Center is required in row {0} in Taxes table for type {1},,مركز التكلفة مطلوب في الصف {0} في جدول الضرائب للنوع {1}\n<br>\nCost Center is required in row {0} in Taxes table for type {1},,accounts,pending,,,,,,,,,,html_imbalance,,Approved,
erpnext,Shipping Account,,,,erpnext,حساب الشحن,,حساب الشحن,,accounts,pending,,,,,,,,,,,,Approved,
erpnext,Get Outstanding Invoices,,,,erpnext,الحصول على فواتير معلقة,,الحصول على فواتير معلقة,,accounts,pending,,,,,,,,,,,,Approved,
erpnext,Accounting,,,,erpnext,المحاسبة,المحاسبة,المحاسبة,,accounts,pending,,,,,,,,,,,,Approved,
frappe,Emails are already being pulled from this account.,,,,frappe,,,,,accounts,missing,,,,,,,,,,,,Pending,
erpnext,The original invoice should be consolidated before or along with the return invoice.,,,,erpnext,,,,,accounts,missing,,,,,,,,,,,,Pending,
erpnext,Switch Between Payment Modes,,,,erpnext,التبديل بين طرق الدفع,,التبديل بين طرق الدفع,,accounts,pending,,,,,,,,,,,,Approved,
erpnext,{0} {1}: Cost Center is required for 'Profit and Loss' account {2}.,,,,erpnext,,,,,accounts,missing,,,,,,,,,,placeholder_mismatch,,Pending,
erpnext,Account: {0} can only be updated via Stock Transactions,,,,erpnext,الحساب: {0} لا يمكن تحديثه إلا من خلال معاملات المخزون,,الحساب: {0} لا يمكن تحديثه إلا من خلال معاملات المخزون,,accounts,pending,,,,,,,,,,,,Approved,
erpnext,Please enter Expense Account,,,,erpnext,الرجاء إدخال حساب النفقات\n<br>\nPlease enter Expense Account,,الرجاء إدخال حساب النفقات\n<br>\nPlease enter Expense Account,,accounts,pending,,,,,,,,,,html_imbalance,,Approved,
erpnext,Voucher Name,,,,erpnext,,اسم السند,اسم السند,,accounts,missing,,,,,,,,,,,,Pending,
erpnext,Payment Order,,,,erpnext,أمر دفع,,أمر دفع,,accounts,pending,,,,,,,,,,,,Approved,
erpnext,Please add Root Account for - {0},,,,erpnext,,,,,accounts,missing,,,,,,,,,,placeholder_mismatch,,Pending,
erpnext,Accounting Dimensions ,,,,erpnext,الأبعاد المحاسبية,,الأبعاد المحاسبية,,accounts,pending,,,,,,,,,,whitespace,,Approved,
erpnext,Voucher Detail Reference,,,,erpnext,,مرجع تفاصيل السند,مرجع تفاصيل السند,,accounts,missing,,,,,,,,,,,,Pending,
erpnext,"Standard Terms and Conditions that can be added to Sales and Purchases. Examples: Validity of the offer, Payment Terms, Safety and Usage, etc.",,,,erpnext,,,,,accounts,missing,,,,,,,,,,,,Pending,
erpnext,Write Off Cost Center,,,,erpnext,شطب مركز التكلفة,,شطب مركز التكلفة,,accounts,pending,,,,,,,,,,,,Approved,
erpnext,Account: <b>{0}</b> is capital Work in progress and can not be updated by Journal Entry,,,,erpnext,الحساب: <b>{0}</b> عبارة &quot;Capital work&quot; قيد التقدم ولا يمكن تحديثها بواسطة &quot;إدخال دفتر اليومية&quot;,,الحساب: <b>{0}</b> عبارة &quot;Capital work&quot; قيد التقدم ولا يمكن تحديثها بواسطة &quot;إدخال دفتر اليومية&quot;,,accounts,pending,,,,,,,,,,,,Approved,
frappe,{0} Chart,,,,frappe,{0} الرسم البياني,,{0} الرسم البياني,,accounts,pending,,,,,,,,,,,,Approved,
erpnext,Caution: This might alter frozen accounts.,,,,erpnext,,تنبيه: قد يغير هذا الحسابات المجمدة.,تنبيه: قد يغير هذا الحسابات المجمدة.,,accounts,missing,,,,,,,,,,,,Pending,
erpnext,Allocate Payment Request,,,,erpnext,,تخصيص طلب الدفع,تخصيص طلب الدفع,,accounts,missing,,,,,,,,,,,,Pending,
erpnext,Please set 'Gain/Loss Account on Asset Disposal' in Company {0},,,,erpnext,"يرجى تحديد ""احساب لربح / الخسارة عند التخلص من الأصول"" للشركة {0}",,"يرجى تحديد ""احساب لربح / الخسارة عند التخلص من الأصول"" للشركة {0}",,accounts,pending,,,,,,,,,,,,Approved,
frappe,Advanced Settings,,,,frappe,إعدادات متقدمة,,إعدادات متقدمة,,accounts,pending,,,,,,,,,,,,Approved,
erpnext,Booking stock value across multiple accounts will make it harder to track stock and account value.,,,,erpnext,,,,,accounts,missing,,,,,,,,,,,,Pending,
frappe,Create a {0} Account,,,,frappe,,,,,accounts,missing,,,,,,,,,,placeholder_mismatch,,Pending,
erpnext,From Payment Date,,,,erpnext,,من تاريخ الدفع,من تاريخ الدفع,,accounts,missing,,,,,,,,,,,,Pending,
erpnext,South Africa VAT Account,,,,erpnext,,حساب ضريبة القيمة المضافة لجنوب أفريقيا,حساب ضريبة القيمة المضافة لجنوب أفريقيا,,accounts,missing,,,,,,,,,,,,Pending,
erpnext,Difference Account in Items Table,,,,erpnext,,حساب الفرق في جدول الأصناف,حساب الفرق في جدول الأصناف,,accounts,missing,,,,,,,,,,,,Pending,
erpnext,Budget Account,,,,erpnext,حساب الميزانية,,حساب الميزانية,,accounts,pending,,,,,,,,,,,,Approved,
erpnext,Journal Entry for Scrap,,,,erpnext,قيد دفتر يومية للتخريد,,قيد دفتر يومية للتخريد,,accounts,pending,,,,,,,,,,,,Approved,
erpnext,"Once set, this invoice will be on hold till the set date",,,,erpnext,بمجرد تعيينها ، ستكون هذه الفاتورة قيد الانتظار حتى التاريخ المحدد,,بمجرد تعيينها ، ستكون هذه الفاتورة قيد الانتظار حتى التاريخ المحدد,,accounts,pending,,,,,,,,,,,,Approved,
erpnext,Please enter Cost Center,,,,erpnext,يرجى إدخال مركز التكلفة\n<br>\nPlease enter Cost Center,,يرجى إدخال مركز التكلفة\n<br>\nPlease enter Cost Center,,accounts,pending,,,,,,,,,,html_imbalance,,Approved,
erpnext,Cost Center Allocation,,,,erpnext,,تخصيص مركز التكلفة,تخصيص مركز التكلفة,,accounts,missing,,,,,,,,,,,,Pending,
erpnext,View Ledger,,,,erpnext,عرض القيود,,عرض القيود,,accounts,pending,,,,,,,,,,,,Approved,
frappe,Example: #Tree/Account,,,,frappe,مثال: # شجرة / حساب,,مثال: # شجرة / حساب,,accounts,pending,,,,,,,,,,,,Approved,
erpnext,"If enabled, the item rate won't adjust to the valuation rate during internal transfers, but accounting will still use the valuation rate.",,,,erpnext,,,,,accounts,missing,,,,,,,,,,,,Pending,
erpnext,Sales Payment Summary,,,,erpnext,ملخص دفع المبيعات,,ملخص دفع المبيعات,,accounts,pending,,,,,,,,,,,,Approved,
erpnext,Accumulated Depreciation Account,,,,erpnext,حساب الاستهلاك المتراكم,,حساب الاستهلاك المتراكم,,accounts,pending,,,,,,,,,,,,Approved,
erpnext,Account Manager,,,,erpnext,إدارة حساب المستخدم,,إدارة حساب المستخدم,,accounts,pending,,,,,,,,,,,,Approved,
erpnext,Payment request failed,,,,erpnext,,فشل طلب الدفع,فشل طلب الدفع,,accounts,missing,,,,,,,,,,,,Pending,
erpnext,Receivable / Payable Account,,,,erpnext,القبض / حساب الدائنة,,القبض / حساب الدائنة,,accounts,pending,,,,,,,,,,,,Approved,
erpnext,Save Changes and Load New Invoice,,,,erpnext,,حفظ التغييرات وتحميل فاتورة جديدة,حفظ التغييرات وتحميل فاتورة جديدة,,accounts,missing,,,,,,,,,,,,Pending,
erpnext,Loading Invoices! Please Wait...,,,,erpnext,,جار تحميل الفواتير! يرجى الانتظار...,جار تحميل الفواتير! يرجى الانتظار...,,accounts,missing,,,,,,,,,,,,Pending,
erpnext,Advance Voucher No,,,,erpnext,,رقم سند الدفعة المقدمة,رقم سند الدفعة المقدمة,,accounts,missing,,,,,,,,,,,,Pending,
erpnext,Modes of Payment,,,,erpnext,طرق الدفع,,طرق الدفع,,accounts,pending,,,,,,,,,,,,Approved,
erpnext,Creating Purchase Invoices ...,,,,erpnext,,,,,accounts,missing,,,,,,,,,,,,Pending,
erpnext,Cannot Resubmit Ledger entries for vouchers in Closed fiscal year.,,,,erpnext,,,,,accounts,missing,,,,,,,,,,,,Pending,
erpnext,"Number of new Cost Center, it will be included in the cost center name as a prefix",,,,erpnext,عدد مركز التكلفة الجديد ، سيتم إدراجه في اسم مركز التكلفة كبادئة,,عدد مركز التكلفة الجديد ، سيتم إدراجه في اسم مركز التكلفة كبادئة,,accounts,pending,,,,,,,,,,,,Approved,
erpnext,Mention if non-standard payable account,,,,erpnext,أذكر إذا كان الحساب غير القياسي مستحق الدفع,,أذكر إذا كان الحساب غير القياسي مستحق الدفع,,accounts,pending,,,,,,,,,,,,Approved,
erpnext,Auto Reconciliation of Payments has been disabled. Enable it through {0},,,,erpnext,,,,,accounts,missing,,,,,,,,,,placeholder_mismatch,,Pending,
frappe,Show account deletion link in My Account page,,,,frappe,,,,,accounts,missing,,,,,,,,,,,,Pending,
erpnext,Account: {0} is not permitted under Payment Entry,,,,erpnext,الحساب: {0} غير مسموح به بموجب إدخال الدفع,,الحساب: {0} غير مسموح به بموجب إدخال الدفع,,accounts,pending,,,,,,,,,,,,Approved,
erpnext,Row {0}: Party Type and Party is required for Receivable / Payable account {1},,,,erpnext,الصف {0}: نوع الطرف المعني والطرف المعني مطلوب للحسابات المدينة / الدائنة {0},,الصف {0}: نوع الطرف المعني والطرف المعني مطلوب للحسابات المدينة / الدائنة {0},,accounts,pending,,,,,,,,,,placeholder_mismatch,,Approved,
erpnext,Transactions against the Company already exist! Chart of Accounts can only be imported for a Company with no transactions.,,,,erpnext,,,,,accounts,missing,,,,,,,,,,,,Pending,
erpnext,Applicable On Account,,,,erpnext,,المطبق على الحساب,المطبق على الحساب,,accounts,missing,,,,,,,,,,,,Pending,
erpnext,Default Provisional Account,,,,erpnext,,الحساب المؤقت الافتراضي,الحساب المؤقت الافتراضي,,accounts,missing,,,,,,,,,,,,Pending,
erpnext,Use Company default Cost Center for Round off,,,,erpnext,,استخدام مركز التكلفة الافتراضي للشركة للتقريب,استخدام مركز التكلفة الافتراضي للشركة للتقريب,,accounts,missing,,,,,,,,,,,,Pending,
frappe,Automatically delete account within (hours),,,,frappe,,,,,accounts,missing,,,,,,,,,,,,Pending,
frappe,Add a {0} Chart,,,,frappe,أضف مخطط {0},,أضف مخطط {0},,accounts,pending,,,,,,,,,,,,Approved,
erpnext,You cannot submit the order without payment.,,,,erpnext,لا يمكنك تقديم الطلب بدون دفع.,,لا يمكنك تقديم الطلب بدون دفع.,,accounts,pending,,,,,,,,,,,,Approved,
erpnext,Cost Center,,,,erpnext,مركز التكلفة,مركز التكلفة,مركز التكلفة,,accounts,released,Approved,Mona Khalil - Arabic Localization Lead,,Approved,Hesham Farouk - Egyptian Construction Accountant (EAS 48 / ETA),,Approved,Nadia Mostafa - Translation QA / Structural Review,,,,Released,glossary v1.0
erpnext,Against Voucher,,,,erpnext,مقابل إيصال,,مقابل إيصال,,accounts,pending,,,,,,,,,,,,Approved,
erpnext,All these items have already been Invoiced/Returned,,,,erpnext,تم بالفعل إصدار فاتورة / إرجاع جميع هذه العناصر,,تم بالفعل إصدار فاتورة / إرجاع جميع هذه العناصر,,accounts,pending,,,,,,,,,,,,Approved,
erpnext,Please set 'Asset Depreciation Cost Center' in Company {0},,,,erpnext,"يرجى تحديد ""مركز تكلفة اهلاك الأصول"" للشركة {0}",,"يرجى تحديد ""مركز تكلفة اهلاك الأصول"" للشركة {0}",,accounts,pending,,,,,,,,,,,,Approved,
erpnext,Party Type and Party is required for Receivable / Payable account {0},,,,erpnext,,,,,accounts,missing,,,,,,,,,,placeholder_mismatch,,Pending,
erpnext,Row #{}: You cannot add positive quantities in a return invoice. Please remove item {} to complete the return.,,,,erpnext,,,,,accounts,missing,,,,,,,,,,,,Pending,
erpnext,POS Invoices will be consolidated in a background process,,,,erpnext,,,,,accounts,missing,,,,,,,,,,,,Pending,
erpnext,"<pre><h5>Message Example</h5>

&lt;p&gt;Dear {{ doc.contact_person }},&lt;/p&gt;

&lt;p&gt;Requesting payment for {{ doc.doctype }}, {{ doc.name }} for {{ doc.grand_total }}.&lt;/p&gt;

&lt;a href=""{{ payment_url }}""&gt; click here to pay &lt;/a&gt;

</pre>
",,,,erpnext,,,,,accounts,missing,,,,,,,,,,placeholder_mismatch;html_imbalance;whitespace,,Pending,
frappe,Parent document type is required to create a dashboard chart,,,,frappe,,,,,accounts,missing,,,,,,,,,,,,Pending,
erpnext,At least one invoice has to be selected.,,,,erpnext,,يجب تحديد فاتورة واحدة على الأقل.,يجب تحديد فاتورة واحدة على الأقل.,,accounts,missing,,,,,,,,,,,,Pending,
erpnext,Setting the account as a Company Account is necessary for Bank Reconciliation,,,,erpnext,,,,,accounts,missing,,,,,,,,,,,,Pending,
erpnext,Journal entries have been created,,,,erpnext,,تم إنشاء قيود اليومية,تم إنشاء قيود اليومية,,accounts,missing,,,,,,,,,,,,Pending,
erpnext,Please add Mode of payments and opening balance details.,,,,erpnext,الرجاء إضافة طريقة الدفع وتفاصيل الرصيد الافتتاحي.,,الرجاء إضافة طريقة الدفع وتفاصيل الرصيد الافتتاحي.,,accounts,pending,,,,,,,,,,,,Approved,
erpnext,Payment Entry already exists,,,,erpnext,تدوين المدفوعات موجود بالفعل,,تدوين المدفوعات موجود بالفعل,,accounts,pending,,,,,,,,,,,,Approved,
erpnext,Voucher Qty,,,,erpnext,,كمية السند,كمية السند,,accounts,missing,,,,,,,,,,,,Pending,
erpnext,Please select a default mode of payment,,,,erpnext,الرجاء تحديد طريقة الدفع الافتراضية,,الرجاء تحديد طريقة الدفع الافتراضية,,accounts,pending,,,,,,,,,,,,Approved,
erpnext,Accounts Settings,,,,erpnext,إعدادات الحسابات,,إعدادات الحسابات,,accounts,pending,,,,,,,,,,,,Approved,
frappe,Toggle Chart,,,,frappe,تبديل الرسم البياني,,تبديل الرسم البياني,,accounts,pending,,,,,,,,,,,,Approved,
erpnext,Combined invoice portion must equal 100%,,,,erpnext,,,,,accounts,missing,,,,,,,,,,,,Pending,
erpnext,Expense Account Missing,,,,erpnext,حساب المصاريف مفقود,,حساب المصاريف مفقود,,accounts,pending,,,,,,,,,,,,Approved,
erpnext,Purchase Invoice Item,,,,erpnext,اصناف فاتورة المشتريات,,اصناف فاتورة المشتريات,,accounts,pending,,,,,,,,,,,,Approved,
erpnext,Row #{}: The original Invoice {} of return invoice {} is not consolidated.,,,,erpnext,,,,,accounts,missing,,,,,,,,,,,,Pending,
erpnext,Invoice Date,,,,erpnext,تاريخ الفاتورة,,تاريخ الفاتورة,,accounts,pending,,,,,,,,,,,,Approved,
erpnext,Row #{0}: Allocated amount:{1} is greater than outstanding amount:{2} for Payment Term {3},,,,erpnext,,,,,accounts,missing,,,,,,,,,,placeholder_mismatch,,Pending,
erpnext,Account {0} is invalid. Account Currency must be {1},,,,erpnext,الحساب {0} غير صحيح. يجب أن تكون عملة الحساب {1},,الحساب {0} غير صحيح. يجب أن تكون عملة الحساب {1},,accounts,pending,,,,,,,,,,,,Approved,
erpnext,Allow Purchase Invoice Creation Without Purchase Receipt,,,,erpnext,السماح بإنشاء فاتورة الشراء بدون إيصال الشراء,,السماح بإنشاء فاتورة الشراء بدون إيصال الشراء,,accounts,pending,,,,,,,,,,,,Approved,
erpnext,Advance Voucher Type,,,,erpnext,,نوع سند الدفعة المقدمة,نوع سند الدفعة المقدمة,,accounts,missing,,,,,,,,,,,,Pending,
erpnext,Mention if non-standard Receivable account,,,,erpnext,,,,,accounts,missing,,,,,,,,,,,,Pending,
erpnext,Cannot {0} from {1} without any negative outstanding invoice,,,,erpnext,,,,,accounts,missing,,,,,,,,,,placeholder_mismatch,,Pending,
erpnext,Cost Center Allocation Percentage,,,,erpnext,,نسبة تخصيص مركز التكلفة,نسبة تخصيص مركز التكلفة,,accounts,missing,,,,,,,,,,,,Pending,
erpnext,Accounts Included in Report,,,,erpnext,,الحسابات المضمنة في التقرير,الحسابات المضمنة في التقرير,,accounts,missing,,,,,,,,,,,,Pending,
erpnext,Ledger Health Monitor,,,,erpnext,,مراقب صحة دفتر الأستاذ,مراقب صحة دفتر الأستاذ,,accounts,missing,,,,,,,,,,,,Pending,
erpnext,Payment Request Type,,,,erpnext,نوع طلب الدفع,,نوع طلب الدفع,,accounts,pending,,,,,,,,,,,,Approved,
erpnext,Reference number of the invoice from the previous system,,,,erpnext,,,,,accounts,missing,,,,,,,,,,,,Pending,
erpnext,Submit Generated Invoices,,,,erpnext,,ترحيل الفواتير المنشأة,ترحيل الفواتير المنشأة,,accounts,missing,,,,,,,,,,,,Pending,
erpnext,Total Budget,,,,erpnext,الميزانية الإجمالية,,الميزانية الإجمالية,,accounts,pending,,,,,,,,,,,,Approved,
erpnext,Payment Limit,,,,erpnext,,حد الدفع,حد الدفع,,accounts,missing,,,,,,,,,,,,Pending,
erpnext,"If this option is configured 'Yes', ERPNext will prevent you from creating a Purchase Invoice or Receipt without creating a Purchase Order first. This configuration can be overridden for a particular supplier by enabling the 'Allow Purchase Invoice Creation Without Purchase Order' checkbox in the Supplier master.",,,,erpnext,إذا تم تكوين هذا الخيار &quot;نعم&quot; ، سيمنعك ERPNext من إنشاء فاتورة شراء أو إيصال دون إنشاء أمر شراء أولاً. يمكن تجاوز هذا التكوين لمورد معين عن طريق تمكين مربع الاختيار &quot;السماح بإنشاء فاتورة الشراء بدون أمر شراء&quot; في مدير المورد.,,إذا تم تكوين هذا الخيار &quot;نعم&quot; ، سيمنعك ERPNext من إنشاء فاتورة شراء أو إيصال دون إنشاء أمر شراء أولاً. يمكن تجاوز هذا التكوين لمورد معين عن طريق تمكين مربع الاختيار &quot;السماح بإنشاء فاتورة الشراء بدون أمر شراء&quot; في مدير المورد.,,accounts,pending,,,,,,,,,,,,Approved,
erpnext,Account Opening Balance,,,,erpnext,,رصيد افتتاح الحساب,رصيد افتتاح الحساب,,accounts,missing,,,,,,,,,,,,Pending,
erpnext,"While creating account for Child Company {0}, parent account {1} not found. Please create the parent account in corresponding COA",,,,erpnext,أثناء إنشاء حساب Child Company {0} ، لم يتم العثور على الحساب الرئيسي {1}. الرجاء إنشاء الحساب الرئيسي في شهادة توثيق البرامج المقابلة,,أثناء إنشاء حساب Child Company {0} ، لم يتم العثور على الحساب الرئيسي {1}. الرجاء إنشاء الحساب الرئيسي في شهادة توثيق البرامج المقابلة,,accounts,pending,,,,,,,,,,,,Approved,
erpnext,Asset Category Account,,,,erpnext,حساب فئة الأصول,,حساب فئة الأصول,,accounts,pending,,,,,,,,,,,,Approved,
erpnext,Default Inventory Account,,,,erpnext,حساب المخزون الافتراضي,,حساب المخزون الافتراضي,,accounts,pending,,,,,,,,,,,,Approved,
erpnext,Must be a publicly accessible Google Sheets URL and adding Bank Account column is necessary for importing via Google Sheets,,,,erpnext,,,,,accounts,missing,,,,,,,,,,,,Pending,
frappe,Validate SSL Certificate,,,,frappe,,,,,accounts,missing,,,,,,,,,,,,Pending,
erpnext,Invoices,,,,erpnext,الفواتير,,الفواتير,,accounts,pending,,,,,,,,,,,,Approved,
frappe,Your account has been deleted,,,,frappe,,,,,accounts,missing,,,,,,,,,,,,Pending,
erpnext,Cost Center {} doesn't belong to Company {},,,,erpnext,,,,,accounts,missing,,,,,,,,,,,,Pending,
erpnext,Cost Center and Budgeting,,,,erpnext,مركز التكلفة والميزانية,,مركز التكلفة والميزانية,,accounts,pending,,,,,,,,,,,,Approved,
erpnext,Use Company Default Round Off Cost Center,,,,erpnext,,استخدام مركز تكلفة التقريب الافتراضي للشركة,استخدام مركز تكلفة التقريب الافتراضي للشركة,,accounts,missing,,,,,,,,,,,,Pending,
erpnext,Has Certificate ,,,,erpnext,لديه شهادة,,لديه شهادة,,accounts,pending,,,,,,,,,,whitespace,,Approved,
erpnext,POS Invoice isn't created by user {},,,,erpnext,لم ينشئ المستخدم فاتورة نقاط البيع {},,لم ينشئ المستخدم فاتورة نقاط البيع {},,accounts,pending,,,,,,,,,,,,Approved,
erpnext,"Can not filter based on Payment Method, if grouped by Payment Method",,,,erpnext,لا يمكن التصفية بناءً على طريقة الدفع ، إذا تم تجميعها حسب طريقة الدفع,,لا يمكن التصفية بناءً على طريقة الدفع ، إذا تم تجميعها حسب طريقة الدفع,,accounts,pending,,,,,,,,,,,,Approved,
erpnext,Use Legacy Controller For Period Closing Voucher,,,,erpnext,,,,,accounts,missing,,,,,,,,,,,,Pending,
erpnext,Please check Process Deferred Accounting {0} and submit manually after resolving errors.,,,,erpnext,,,,,accounts,missing,,,,,,,,,,placeholder_mismatch,,Pending,
erpnext,Action if Anual Budget Exceeded on Cumulative Expense,,,,erpnext,,,,,accounts,missing,,,,,,,,,,,,Pending,
erpnext,{0} account is not of company {1},,,,erpnext,,,,,accounts,missing,,,,,,,,,,placeholder_mismatch,,Pending,
erpnext,Payment Entry Deduction,,,,erpnext,دفع الاشتراك خصم,,دفع الاشتراك خصم,,accounts,pending,,,,,,,,,,,,Approved,
erpnext,Advance Account: {0} must be in either customer billing currency: {1} or Company default currency: {2},,,,erpnext,,,,,accounts,missing,,,,,,,,,,placeholder_mismatch,,Pending,
frappe,Email Account Disabled.,,,,frappe,,,,,accounts,missing,,,,,,,,,,,,Pending,
erpnext,Serial No: {0} has already been transacted into another POS Invoice.,,,,erpnext,الرقم التسلسلي: تم بالفعل معاملة {0} في فاتورة نقطة بيع أخرى.,,الرقم التسلسلي: تم بالفعل معاملة {0} في فاتورة نقطة بيع أخرى.,,accounts,pending,,,,,,,,,,,,Approved,
erpnext,Account Number,,,,erpnext,رقم الحساب,,رقم الحساب,,accounts,pending,,,,,,,,,,,,Approved,
erpnext,Allocate Advances Automatically (FIFO),,,,erpnext,تخصيص السلف تلقائيا (الداخل أولا الخارج أولا),,تخصيص السلف تلقائيا (الداخل أولا الخارج أولا),,accounts,pending,,,,,,,,,,,,Approved,
erpnext,{0} is not a group node. Please select a group node as parent cost center,,,,erpnext,{0} ليست عقدة مجموعة. يرجى تحديد عقدة المجموعة كمركز تكلفة الأصل,,{0} ليست عقدة مجموعة. يرجى تحديد عقدة المجموعة كمركز تكلفة الأصل,,accounts,pending,,,,,,,,,,,,Approved,
erpnext,"Number of intervals for the interval field e.g if Interval is 'Days' and Billing Interval Count is 3, invoices will be generated every 3 days",,,,erpnext,عدد الفواصل الزمنية للحقل الفاصل على سبيل المثال ، إذا كانت الفاصل الزمني هو &quot;أيام&quot; وعدد الفوترة للفوترة هو 3 ، فسيتم إنشاء الفواتير كل 3 أيام,,عدد الفواصل الزمنية للحقل الفاصل على سبيل المثال ، إذا كانت الفاصل الزمني هو &quot;أيام&quot; وعدد الفوترة للفوترة هو 3 ، فسيتم إنشاء الفواتير كل 3 أيام,,accounts,pending,,,,,,,,,,,,Approved,
erpnext,Advance paid against {0} {1} cannot be greater than Grand Total {2},,,,erpnext,,,,,accounts,missing,,,,,,,,,,placeholder_mismatch,,Pending,
erpnext,Sample Retention Warehouse,,,,erpnext,مستودع الاحتفاظ بالعينات,,مستودع الاحتفاظ بالعينات,,accounts,pending,,,,,,,,,,,,Approved,
erpnext,View Ledgers,,,,erpnext,,عرض دفاتر الأستاذ,عرض دفاتر الأستاذ,,accounts,missing,,,,,,,,,,,,Pending,
erpnext,Payment Unlink Error,,,,erpnext,,خطأ إلغاء ربط الدفع,خطأ إلغاء ربط الدفع,,accounts,missing,,,,,,,,,,,,Pending,
erpnext,No {0} Accounts found for this company.,,,,erpnext,,,,,accounts,missing,,,,,,,,,,placeholder_mismatch,,Pending,
erpnext,Debtor/Creditor Advance,,,,erpnext,,,,,accounts,missing,,,,,,,,,,,,Pending,
erpnext,Unrealized Profit/Loss account for intra-company transfers,,,,erpnext,,,,,accounts,missing,,,,,,,,,,,,Pending,
erpnext,Set Landed Cost Based on Purchase Invoice Rate,,,,erpnext,,تعيين التكلفة الإضافية بناء على سعر فاتورة الشراء,تعيين التكلفة الإضافية بناء على سعر فاتورة الشراء,,accounts,missing,,,,,,,,,,,,Pending,
erpnext,Discard Changes and Load New Invoice,,,,erpnext,,تجاهل التغييرات وتحميل فاتورة جديدة,تجاهل التغييرات وتحميل فاتورة جديدة,,accounts,missing,,,,,,,,,,,,Pending,
frappe,Edit Chart,,,,frappe,,,,,accounts,missing,,,,,,,,,,,,Pending,
erpnext,{0} account not found while submitting purchase receipt,,,,erpnext,,,,,accounts,missing,,,,,,,,,,placeholder_mismatch,,Pending,
erpnext,Book Advance Payments in Separate Party Account,,,,erpnext,,تسجيل الدفعات المقدمة في حساب جهة منفصل,تسجيل الدفعات المقدمة في حساب جهة منفصل,,accounts,missing,,,,,,,,,,,,Pending,
erpnext,Voucher No,,,,erpnext,رقم السند,,رقم السند,,accounts,pending,,,,,,,,,,,,Approved,
erpnext,Multiple Warehouse Accounts,,,,erpnext,,حسابات مستودعات متعددة,حسابات مستودعات متعددة,,accounts,missing,,,,,,,,,,,,Pending,
erpnext,Workstation Operating Component Account,,,,erpnext,,حساب مكون تشغيل محطة العمل,حساب مكون تشغيل محطة العمل,,accounts,missing,,,,,,,,,,,,Pending,
erpnext,Delete Accounting and Stock Ledger Entries on deletion of Transaction,,,,erpnext,,حذف قيود المحاسبة والمخزون عند حذف المعاملة,حذف قيود المحاسبة والمخزون عند حذف المعاملة,,accounts,missing,,,,,,,,,,,,Pending,
erpnext,Please select correct account,,,,erpnext,يرجى اختيارالحساب الصحيح,,يرجى اختيارالحساب الصحيح,,accounts,pending,,,,,,,,,,,,Approved,
frappe,On Payment Mandate Acquisition Processed,,,,frappe,,,,,accounts,missing,,,,,,,,,,,,Pending,
frappe,Incoming email account not correct,,,,frappe,حساب البريد الإلكتروني الوارد غير صحيح,,حساب البريد الإلكتروني الوارد غير صحيح,,accounts,pending,,,,,,,,,,,,Approved,
erpnext,Include Returned Invoices (Stand-alone),,,,erpnext,,,,,accounts,missing,,,,,,,,,,,,Pending,
erpnext,Allow Account Creation Against Child Company,,,,erpnext,السماح بإنشاء حساب ضد شركة تابعة,,السماح بإنشاء حساب ضد شركة تابعة,,accounts,pending,,,,,,,,,,,,Approved,
erpnext,This schedule was created when Asset {0} was {1} through Sales Invoice {2}.,,,,erpnext,,,,,accounts,missing,,,,,,,,,,placeholder_mismatch,,Pending,
erpnext,Accounts table cannot be blank.,,,,erpnext,جدول الحسابات لا يمكن أن يكون فارغا.,,جدول الحسابات لا يمكن أن يكون فارغا.,,accounts,pending,,,,,,,,,,,,Approved,
erpnext,Filter on Invoice,,,,erpnext,,تصفية حسب الفاتورة,تصفية حسب الفاتورة,,accounts,missing,,,,,,,,,,,,Pending,
