app,msgid,context,locations,comments,ct_app,po_translation,runtime_translation,effective_translation,proposed_translation,domain,priority,a1_status,a1_reviewer,a1_notes,a2_status,a2_reviewer,a2_notes,a3_status,a3_reviewer,a3_notes,qa_flags,cross_app_conflict,release_status,references
erpnext,Item {} does not exist.,,,,erpnext,,,,,inventory,missing,,,,,,,,,,,,Pending,
erpnext,Stock Closing,,,,erpnext,,إغلاق المخزون,إغلاق المخزون,,inventory,missing,,,,,,,,,,,,Pending,
erpnext,Materials are already received against the {0} {1},,,,erpnext,,,,,inventory,missing,,,,,,,,,,placeholder_mismatch,,Pending,
erpnext,The value of {0} differs between Items {1} and {2},,,,erpnext,تختلف قيمة {0} بين العناصر {1} و {2},,تختلف قيمة {0} بين العناصر {1} و {2},,inventory,pending,,,,,,,,,,,,Approved,
erpnext,Sets 'Target Warehouse' in each row of the items table.,,,,erpnext,يعيّن &quot;المستودع المستهدف&quot; في كل صف من جدول العناصر.,,يعيّن &quot;المستودع المستهدف&quot; في كل صف من جدول العناصر.,,inventory,pending,,,,,,,,,,,,Approved,
erpnext,Target Item Code,,,,erpnext,,كود الصنف الهدف,كود الصنف الهدف,,inventory,missing,,,,,,,,,,,,Pending,
erpnext,Item valuation reposting in progress. Report might show incorrect item valuation.,,,,erpnext,,,,,inventory,missing,,,,,,,,,,,,Pending,
erpnext,Warehouse Wise Stock Balance,,,,erpnext,,رصيد المخزون حسب المستودع,رصيد المخزون حسب المستودع,,inventory,missing,,,,,,,,,,,,Pending,
erpnext,"If you {0} {1} worth item {2}, the scheme {3} will be applied on the item.",,,,erpnext,إذا كنت {0} {1} تستحق العنصر {2} ، فسيتم تطبيق النظام {3} على العنصر.,,إذا كنت {0} {1} تستحق العنصر {2} ، فسيتم تطبيق النظام {3} على العنصر.,,inventory,pending,,,,,,,,,,,,Approved,
erpnext,Allow Item to be Added Multiple Times in a Transaction,,,,erpnext,,,,,inventory,missing,,,,,,,,,,,,Pending,
erpnext,Total Items,,,,erpnext,,إجمالي الأصناف,إجمالي الأصناف,,inventory,missing,,,,,,,,,,,,Pending,
erpnext,Item 5,,,,erpnext,صنف رقم 5,,صنف رقم 5,,inventory,pending,,,,,,,,,,,,Approved,
erpnext,# Req'd Items,,,,erpnext,,,,,inventory,missing,,,,,,,,,,,,Pending,
erpnext,Allow material consumptions without immediately manufacturing finished goods against a Work Order,,,,erpnext,,,,,inventory,missing,,,,,,,,,,,,Pending,
erpnext,Set Operating Cost / Scrap Items From Sub-assemblies,,,,erpnext,,,,,inventory,missing,,,,,,,,,,,,Pending,
frappe,Custom Menu Items,,,,frappe,قائمة مخصصة عناصر,,قائمة مخصصة عناصر,,inventory,pending,,,,,,,,,,,,Approved,
erpnext,Update Billed Amount in Purchase Receipt,,,,erpnext,,تحديث المبلغ المفوتر في إيصال الشراء,تحديث المبلغ المفوتر في إيصال الشراء,,inventory,missing,,,,,,,,,,,,Pending,
erpnext,Landed Cost Item,,,,erpnext,هبوط تكلفة صنف,,هبوط تكلفة صنف,,inventory,pending,,,,,,,,,,,,Approved,
erpnext,Material Transfer (In Transit),,,,erpnext,,نقل مواد (قيد العبور),نقل مواد (قيد العبور),,inventory,missing,,,,,,,,,,,,Pending,
erpnext,"If the BOM results in Scrap material, the Scrap Warehouse needs to be selected.",,,,erpnext,,,,,inventory,missing,,,,,,,,,,,,Pending,
erpnext,Please enter Item Code to get batch no,,,,erpnext,الرجاء إدخال كود البند للحصول على رقم الدفعة,,الرجاء إدخال كود البند للحصول على رقم الدفعة,,inventory,pending,,,,,,,,,,,,Approved,
erpnext,Capacity (Stock UOM),,,,erpnext,,السعة (بوحدة قياس المخزون),السعة (بوحدة قياس المخزون),,inventory,missing,,,,,,,,,,,,Pending,
erpnext,Item Code cannot be changed for Serial No.,,,,erpnext,لا يمكن تغيير رمز السلعة للرقم التسلسلي,,لا يمكن تغيير رمز السلعة للرقم التسلسلي,,inventory,pending,,,,,,,,,,,,Approved,
erpnext,Scrap Item Code,,,,erpnext,,كود صنف الهالك,كود صنف الهالك,,inventory,missing,,,,,,,,,,,,Pending,
erpnext,This is a location where raw materials are available.,,,,erpnext,هذا هو المكان الذي تتوفر فيه المواد الخام.,,هذا هو المكان الذي تتوفر فيه المواد الخام.,,inventory,pending,,,,,,,,,,,,Approved,
erpnext,Update Items,,,,erpnext,تحديث العناصر,,تحديث العناصر,,inventory,pending,,,,,,,,,,,,Approved,
erpnext,Time at which materials were received,,,,erpnext,الوقت الذي وردت المواد,,الوقت الذي وردت المواد,,inventory,pending,,,,,,,,,,,,Approved,
erpnext,Insufficient Stock,,,,erpnext,المالية غير كافية,,المالية غير كافية,,inventory,pending,,,,,,,,,,,,Approved,
frappe,Child Item,,,,frappe,,عنصر فرعي,عنصر فرعي,,inventory,missing,Approved,A1,,Approved,A2,,Approved,A3,,,,Released,glossary v1.0
erpnext,Stock Analytics,,,,erpnext,تحليلات المخازن,,تحليلات المخازن,,inventory,pending,,,,,,,,,,,,Approved,
erpnext,Warehouse Details,,,,erpnext,,تفاصيل المستودع,تفاصيل المستودع,,inventory,missing,,,,,,,,,,,,Pending,
erpnext,Packed Items cannot be transferred internally,,,,erpnext,,لا يمكن نقل الأصناف المعبأة داخليا,لا يمكن نقل الأصناف المعبأة داخليا,,inventory,missing,,,,,,,,,,,,Pending,
erpnext,Get Material Request,,,,erpnext,الحصول على المواد طلب,,الحصول على المواد طلب,,inventory,pending,,,,,,,,,,,,Approved,
erpnext,Row {0}: Item rate has been updated as per valuation rate since its an internal stock transfer,,,,erpnext,,,,,inventory,missing,,,,,,,,,,placeholder_mismatch,,Pending,
erpnext,"Please select at least one filter: Item Code, Batch, or Serial No.",,,,erpnext,,,,,inventory,missing,,,,,,,,,,,,Pending,
erpnext,Over Receipt/Delivery of {0} {1} ignored for item {2} because you have {3} role.,,,,erpnext,,,,,inventory,missing,,,,,,,,,,placeholder_mismatch,,Pending,
erpnext,No Item with Barcode {0},,,,erpnext,أي عنصر مع الباركود {0},,أي عنصر مع الباركود {0},,inventory,pending,,,,,,,,,,,,Approved,
erpnext,"Row #{0}: Selling rate for item {1} is lower than its {2}.
					Selling {3} should be atleast {4}.<br><br>Alternatively,
					you can disable selling price validation in {5} to bypass
					this validation.",,,,erpnext,,,,,inventory,missing,,,,,,,,,,placeholder_mismatch;html_imbalance,,Pending,
erpnext,Batch {0} of Item {1} has expired.,,,,erpnext,الدفعة {0} للعنصر {1} انتهت صلاحيتها\n<br>\nBatch {0} of Item {1} has expired.,,الدفعة {0} للعنصر {1} انتهت صلاحيتها\n<br>\nBatch {0} of Item {1} has expired.,,inventory,pending,,,,,,,,,,html_imbalance,,Approved,
erpnext,Item 1,,,,erpnext,صنف رقم 1,,صنف رقم 1,,inventory,pending,,,,,,,,,,,,Approved,
erpnext,Row #{0}: Item {1} has zero rate but 'Allow Zero Valuation Rate' is not enabled.,,,,erpnext,,,,,inventory,missing,,,,,,,,,,placeholder_mismatch,,Pending,
erpnext,Row {0}: From Warehouse is mandatory for internal transfers,,,,erpnext,,,,,inventory,missing,,,,,,,,,,placeholder_mismatch,,Pending,
erpnext,Purchase Value,,,,erpnext,,قيمة الشراء,قيمة الشراء,,inventory,missing,,,,,,,,,,,,Pending,
erpnext,No Item with Serial No {0},,,,erpnext,أي عنصر مع المسلسل لا {0},,أي عنصر مع المسلسل لا {0},,inventory,pending,,,,,,,,,,,,Approved,
erpnext,<p>Cannot overbill for the following Items:</p>,,,,erpnext,,,,,inventory,missing,,,,,,,,,,html_imbalance,,Pending,
erpnext,Purchase Price List,,,,erpnext,قائمة أسعار الشراء,,قائمة أسعار الشراء,,inventory,pending,,,,,,,,,,,,Approved,
erpnext,Serial No {0} does not belong to Item {1},,,,erpnext,الرقم المتسلسل {0} لا ينتمي إلى البند {1}\n<br>\nSerial No {0} does not belong to Item {1},,الرقم المتسلسل {0} لا ينتمي إلى البند {1}\n<br>\nSerial No {0} does not belong to Item {1},,inventory,pending,,,,,,,,,,html_imbalance,,Approved,
erpnext,An error has been appeared while reposting item valuation via {0},,,,erpnext,,,,,inventory,missing,,,,,,,,,,placeholder_mismatch,,Pending,
erpnext,Material Request used to make this Stock Entry,,,,erpnext,طلب المواد المستخدمة لانشاء الحركة المخزنية,,طلب المواد المستخدمة لانشاء الحركة المخزنية,,inventory,pending,,,,,,,,,,,,Approved,
erpnext,Purchase Order Amount(Company Currency),,,,erpnext,مبلغ أمر الشراء (عملة الشركة),,مبلغ أمر الشراء (عملة الشركة),,inventory,pending,,,,,,,,,,,,Approved,
erpnext,Purchase Orders to Receive,,,,erpnext,أوامر الشراء لتلقي,,أوامر الشراء لتلقي,,inventory,pending,,,,,,,,,,,,Approved,
erpnext,Change in Stock Value,,,,erpnext,,التغير في قيمة المخزون,التغير في قيمة المخزون,,inventory,missing,,,,,,,,,,,,Pending,
erpnext,"Stock Reservation Entry created against a Pick List cannot be updated. If you need to make changes, we recommend canceling the existing entry and creating a new one.",,,,erpnext,,,,,inventory,missing,,,,,,,,,,,,Pending,
erpnext,Hide Unavailable Items,,,,erpnext,إخفاء العناصر غير المتوفرة,,إخفاء العناصر غير المتوفرة,,inventory,pending,,,,,,,,,,,,Approved,
erpnext,Inter Company Purchase Order,,,,erpnext,,أمر شراء بين الشركات,أمر شراء بين الشركات,,inventory,missing,,,,,,,,,,,,Pending,
erpnext,Purchase Order Items not received on time,,,,erpnext,لم يتم استلام طلبات الشراء في الوقت المحدد,,لم يتم استلام طلبات الشراء في الوقت المحدد,,inventory,pending,,,,,,,,,,,,Approved,
erpnext,Creating Purchase Order ...,,,,erpnext,إنشاء أمر شراء ...,,إنشاء أمر شراء ...,,inventory,pending,,,,,,,,,,,,Approved,
erpnext,"Select a Supplier from the Default Suppliers of the items below. On selection, a Purchase Order will be made against items belonging to the selected Supplier only.",,,,erpnext,حدد موردًا من الموردين الافتراضيين للعناصر أدناه. عند التحديد ، سيتم إجراء طلب الشراء مقابل العناصر التي تنتمي إلى المورد المحدد فقط.,,حدد موردًا من الموردين الافتراضيين للعناصر أدناه. عند التحديد ، سيتم إجراء طلب الشراء مقابل العناصر التي تنتمي إلى المورد المحدد فقط.,,inventory,pending,,,,,,,,,,,,Approved,
erpnext,Incorrect Check in (group) Warehouse for Reorder,,,,erpnext,,,,,inventory,missing,,,,,,,,,,,,Pending,
erpnext,Stock Reservation Entries Cancelled,,,,erpnext,,تم إلغاء قيود حجز المخزون,تم إلغاء قيود حجز المخزون,,inventory,missing,,,,,,,,,,,,Pending,
erpnext,Select variant item code for the template item {0},,,,erpnext,حدد رمز عنصر متغير لعنصر النموذج {0},,حدد رمز عنصر متغير لعنصر النموذج {0},,inventory,pending,,,,,,,,,,,,Approved,
frappe,Website Slideshow Item,,,,frappe,موقع السلعة عرض شرائح,,موقع السلعة عرض شرائح,,inventory,pending,,,,,,,,,,,,Approved,
erpnext,"Total {0} for all items is zero, may be you should change 'Distribute Charges Based On'",,,,erpnext,"إجمالي {0} لجميع العناصر هو صفر، قد يكون عليك تغيير 'توزيع الرسوم على أساس'\n<br>\nTotal {0} for all items is zero, may be you should change 'Distribute Charges Based On'",,"إجمالي {0} لجميع العناصر هو صفر، قد يكون عليك تغيير 'توزيع الرسوم على أساس'\n<br>\nTotal {0} for all items is zero, may be you should change 'Distribute Charges Based On'",,inventory,pending,,,,,,,,,,html_imbalance,,Approved,
erpnext,Item has variants.,,,,erpnext,البند لديه متغيرات.,,البند لديه متغيرات.,,inventory,pending,,,,,,,,,,,,Approved,
erpnext,% of materials billed against this Sales Order,,,,erpnext,,,,,inventory,missing,,,,,,,,,,,,Pending,
erpnext,Row #{0}: Item {1} does not exist,,,,erpnext,,,,,inventory,missing,,,,,,,,,,placeholder_mismatch,,Pending,
erpnext,Warning on Negative Stock,,,,erpnext,,تحذير عند المخزون السالب,تحذير عند المخزون السالب,,inventory,missing,,,,,,,,,,,,Pending,
erpnext,Row #{0}: Expected Delivery Date cannot be before Purchase Order Date,,,,erpnext,الصف # {0}: تاريخ التسليم المتوقع لا يمكن أن يكون قبل تاريخ أمر الشراء,,الصف # {0}: تاريخ التسليم المتوقع لا يمكن أن يكون قبل تاريخ أمر الشراء,,inventory,pending,,,,,,,,,,,,Approved,
erpnext,No material request created,,,,erpnext,لم يتم إنشاء طلب مادي,,لم يتم إنشاء طلب مادي,,inventory,pending,,,,,,,,,,,,Approved,
erpnext,Select Alternative Items for Sales Order,,,,erpnext,,تحديد أصناف بديلة لأمر البيع,تحديد أصناف بديلة لأمر البيع,,inventory,missing,,,,,,,,,,,,Pending,
erpnext,Add Safety Stock,,,,erpnext,,إضافة مخزون أمان,إضافة مخزون أمان,,inventory,missing,,,,,,,,,,,,Pending,
erpnext,{0} items lost during process.,,,,erpnext,,,,,inventory,missing,,,,,,,,,,placeholder_mismatch,,Pending,
erpnext,Generate Stock Closing Entry,,,,erpnext,,إنشاء قيد إغلاق المخزون,إنشاء قيد إغلاق المخزون,,inventory,missing,,,,,,,,,,,,Pending,
erpnext,Show Item Name,,,,erpnext,,إظهار اسم الصنف,إظهار اسم الصنف,,inventory,missing,,,,,,,,,,,,Pending,
erpnext,Batch {0} and Warehouse,,,,erpnext,,,,,inventory,missing,,,,,,,,,,placeholder_mismatch,,Pending,
erpnext,Item {0} is disabled,,,,erpnext,تم تعطيل البند {0},,تم تعطيل البند {0},,inventory,pending,,,,,,,,,,,,Approved,
erpnext,Is Rejected Warehouse,,,,erpnext,,مستودع مرفوضات,مستودع مرفوضات,,inventory,missing,,,,,,,,,,,,Pending,
erpnext,Purchase Taxes and Charges,,,,erpnext,الضرائب والرسوم الشراء,,الضرائب والرسوم الشراء,,inventory,pending,,,,,,,,,,,,Approved,
erpnext,Production Plan Item,,,,erpnext,خطة إنتاج السلعة,,خطة إنتاج السلعة,,inventory,pending,,,,,,,,,,,,Approved,
erpnext,Item Tax,,,,erpnext,ضريبة الصنف,,ضريبة الصنف,,inventory,pending,,,,,,,,,,,,Approved,
erpnext,Get Item Locations,,,,erpnext,الحصول على مواقع البند,,الحصول على مواقع البند,,inventory,pending,,,,,,,,,,,,Approved,
erpnext,Purchase Defaults,,,,erpnext,المشتريات الافتراضية,,المشتريات الافتراضية,,inventory,pending,,,,,,,,,,,,Approved,
erpnext,Free Item,,,,erpnext,بند مجاني,,بند مجاني,,inventory,pending,,,,,,,,,,,,Approved,
erpnext,Warehouse {0} does not belong to Company {1}.,,,,erpnext,,,,,inventory,missing,,,,,,,,,,placeholder_mismatch,,Pending,
erpnext,Stock Capacity,,,,erpnext,,سعة المخزون,سعة المخزون,,inventory,missing,,,,,,,,,,,,Pending,
erpnext,Please set filter based on Item or Warehouse,,,,erpnext,يرجى ضبط الفلتر على أساس البند أو المخزن,,يرجى ضبط الفلتر على أساس البند أو المخزن,,inventory,pending,,,,,,,,,,,,Approved,
erpnext,"As there are sufficient raw materials, Material Request is not required for Warehouse {0}.",,,,erpnext,نظرًا لوجود مواد خام كافية ، فإن طلب المواد ليس مطلوبًا للمستودع {0}.,,نظرًا لوجود مواد خام كافية ، فإن طلب المواد ليس مطلوبًا للمستودع {0}.,,inventory,pending,,,,,,,,,,,,Approved,
erpnext,Stock Reserved Qty,,,,erpnext,,كمية المخزون المحجوزة,كمية المخزون المحجوزة,,inventory,missing,,,,,,,,,,,,Pending,
erpnext,Aggregate a group of Items into another Item. This is useful if you are maintaining the stock of the packed items and not the bundled item,,,,erpnext,,,,,inventory,missing,,,,,,,,,,,,Pending,
erpnext,Material Request {0} is cancelled or stopped,,,,erpnext,طلب المواد {0} تم إلغاؤه أو إيقافه,,طلب المواد {0} تم إلغاؤه أو إيقافه,,inventory,pending,,,,,,,,,,,,Approved,
erpnext,Purchase Receipt Required,,,,erpnext,إيصال استلام المشتريات مطلوب,,إيصال استلام المشتريات مطلوب,,inventory,pending,,,,,,,,,,,,Approved,
erpnext,Items and Pricing,,,,erpnext,السلع والتسعيرات,,السلع والتسعيرات,,inventory,pending,,,,,,,,,,,,Approved,
erpnext,Assembly Items,,,,erpnext,,أصناف التجميع,أصناف التجميع,,inventory,missing,,,,,,,,,,,,Pending,
erpnext,Add Stock,,,,erpnext,,إضافة مخزون,إضافة مخزون,,inventory,missing,,,,,,,,,,,,Pending,
erpnext,Material Consumption,,,,erpnext,اهلاك المواد,,اهلاك المواد,,inventory,pending,,,,,,,,,,,,Approved,
erpnext,Invalid Barcode. There is no Item attached to this barcode.,,,,erpnext,الباركود غير صالح. لا يوجد عنصر مرفق بهذا الرمز الشريطي.,,الباركود غير صالح. لا يوجد عنصر مرفق بهذا الرمز الشريطي.,,inventory,pending,,,,,,,,,,,,Approved,
erpnext,Row #{0}: Cannot set Rate if the billed amount is greater than the amount for Item {1}.,,,,erpnext,,,,,inventory,missing,,,,,,,,,,placeholder_mismatch,,Pending,
erpnext,# In Stock,,,,erpnext,,,,,inventory,missing,,,,,,,,,,,,Pending,
erpnext,"Standard tax template that can be applied to all Purchase Transactions. This template can contain a list of tax heads and also other expense heads like ""Shipping"", ""Insurance"", ""Handling"", etc.",,,,erpnext,,,,,inventory,missing,,,,,,,,,,,,Pending,
erpnext,No items in cart,,,,erpnext,,لا توجد أصناف في السلة,لا توجد أصناف في السلة,,inventory,missing,,,,,,,,,,,,Pending,
erpnext,Item Customer Detail,,,,erpnext,تفاصيل العميل لهذا البند,,تفاصيل العميل لهذا البند,,inventory,pending,,,,,,,,,,,,Approved,
erpnext,Customer's Purchase Order Date,,,,erpnext,تاريخ امر الشراء العميل,,تاريخ امر الشراء العميل,,inventory,pending,,,,,,,,,,,,Approved,
erpnext,You have to enable auto re-order in Stock Settings to maintain re-order levels.,,,,erpnext,يجب عليك تمكين الطلب التلقائي في إعدادات الأسهم للحفاظ على مستويات إعادة الطلب.,,يجب عليك تمكين الطلب التلقائي في إعدادات الأسهم للحفاظ على مستويات إعادة الطلب.,,inventory,pending,,,,,,,,,,,,Approved,
erpnext,Select Target Warehouse,,,,erpnext,حدد مستودع الهدف,,حدد مستودع الهدف,,inventory,pending,,,,,,,,,,,,Approved,
erpnext,Focus on Item Group filter,,,,erpnext,التركيز على عامل تصفية مجموعة العناصر,,التركيز على عامل تصفية مجموعة العناصر,,inventory,pending,,,,,,,,,,,,Approved,
erpnext,Inspection Required before Purchase,,,,erpnext,التفتيش المطلوبة قبل الشراء,,التفتيش المطلوبة قبل الشراء,,inventory,pending,,,,,,,,,,,,Approved,
erpnext,Serial & Batch Item,,,,erpnext,,صنف تسلسلي ودفعة,صنف تسلسلي ودفعة,,inventory,missing,,,,,,,,,,,,Pending,
frappe,Warehouse,,,,frappe,,المستودع,المستودع,,inventory,missing,,,,,,,,,,,,Pending,
erpnext,Material Request {0} submitted.,,,,erpnext,تم تقديم طلب المواد {0}.,,تم تقديم طلب المواد {0}.,,inventory,pending,,,,,,,,,,,,Approved,
erpnext,For service item,,,,erpnext,,,,,inventory,missing,,,,,,,,,,,,Pending,
erpnext,Stock Levels,,,,erpnext,مستوى المخزون,,مستوى المخزون,,inventory,pending,,,,,,,,,,,,Approved,
erpnext,Purchase Receipt doesn't have any Item for which Retain Sample is enabled.,,,,erpnext,لا يحتوي إيصال الشراء على أي عنصر تم تمكين الاحتفاظ عينة به.,,لا يحتوي إيصال الشراء على أي عنصر تم تمكين الاحتفاظ عينة به.,,inventory,pending,,,,,,,,,,,,Approved,
erpnext,Production Item,,,,erpnext,بند انتاج,,بند انتاج,,inventory,pending,,,,,,,,,,,,Approved,
erpnext,Item Tax Amount Included in Value,,,,erpnext,البند ضريبة المبلغ المدرجة في القيمة,,البند ضريبة المبلغ المدرجة في القيمة,,inventory,pending,,,,,,,,,,,,Approved,
erpnext,FG / Semi FG Item,,,,erpnext,,صنف نهائي/نصف نهائي,صنف نهائي/نصف نهائي,,inventory,missing,,,,,,,,,,,,Pending,
erpnext,Phantom Item,,,,erpnext,,صنف وهمي,صنف وهمي,,inventory,missing,,,,,,,,,,,,Pending,
erpnext,Purchase orders help you plan and follow up on your purchases,,,,erpnext,طلبات الشراء تساعدك على تخطيط ومتابعة عمليات الشراء الخاصة بك,,طلبات الشراء تساعدك على تخطيط ومتابعة عمليات الشراء الخاصة بك,,inventory,pending,,,,,,,,,,,,Approved,
erpnext,Received Items To Be Billed,,,,erpnext,العناصر الواردة إلى أن توصف,,العناصر الواردة إلى أن توصف,,inventory,pending,,,,,,,,,,,,Approved,
erpnext,Raw Materials cannot be blank.,,,,erpnext,لا يمكن ترك المواد الخام فارغة.,,لا يمكن ترك المواد الخام فارغة.,,inventory,pending,,,,,,,,,,,,Approved,
erpnext,Please do not create more than 500 items at a time,,,,erpnext,يرجى عدم إنشاء أكثر من 500 عنصر في وقت واحد,,يرجى عدم إنشاء أكثر من 500 عنصر في وقت واحد,,inventory,pending,,,,,,,,,,,,Approved,
erpnext,Row #{idx}: Item rate has been updated as per valuation rate since its an internal stock transfer.,,,,erpnext,,,,,inventory,missing,,,,,,,,,,placeholder_mismatch,,Pending,
erpnext,Purchase Orders to Bill,,,,erpnext,أوامر الشراء إلى الفاتورة,,أوامر الشراء إلى الفاتورة,,inventory,pending,,,,,,,,,,,,Approved,
erpnext,Item-wise Price List Rate,,,,erpnext,معدل قائمة الأسعار وفقاً للصنف,,معدل قائمة الأسعار وفقاً للصنف,,inventory,pending,,,,,,,,,,,,Approved,
erpnext,Item Out of Stock,,,,erpnext,,الصنف غير متوفر في المخزون,الصنف غير متوفر في المخزون,,inventory,missing,,,,,,,,,,,,Pending,
erpnext,Convert to Item Based Reposting,,,,erpnext,,التحويل إلى إعادة ترحيل حسب الصنف,التحويل إلى إعادة ترحيل حسب الصنف,,inventory,missing,,,,,,,,,,,,Pending,
erpnext,This is a Template BOM and will be used to make the work order for {0} of the item {1},,,,erpnext,,,,,inventory,missing,,,,,,,,,,placeholder_mismatch,,Pending,
erpnext,{0} is not a valid Value for Attribute {1} of Item {2}.,,,,erpnext,{0} ليست قيمة صالحة للسمة {1} للعنصر {2}.,,{0} ليست قيمة صالحة للسمة {1} للعنصر {2}.,,inventory,pending,,,,,,,,,,,,Approved,
erpnext,Please select items to reserve.,,,,erpnext,,يرجى تحديد الأصناف المطلوب حجزها.,يرجى تحديد الأصناف المطلوب حجزها.,,inventory,missing,,,,,,,,,,,,Pending,
erpnext,Row {0}: Delivery Warehouse ({1}) and Customer Warehouse ({2}) can not be same,,,,erpnext,الصف {0}: لا يمكن أن يكون مستودع التسليم ({1}) ومستودع العميل ({2}) متماثلين,,الصف {0}: لا يمكن أن يكون مستودع التسليم ({1}) ومستودع العميل ({2}) متماثلين,,inventory,pending,,,,,,,,,,,,Approved,
erpnext,Row {0}: {2} Item {1} does not exist in {2} {3},,,,erpnext,,,,,inventory,missing,,,,,,,,,,placeholder_mismatch,,Pending,
erpnext,Row #{0}: Please select the BOM No in Assembly Items,,,,erpnext,,,,,inventory,missing,,,,,,,,,,placeholder_mismatch,,Pending,
erpnext,BOM {0} not found for the item {1},,,,erpnext,,,,,inventory,missing,,,,,,,,,,placeholder_mismatch,,Pending,
erpnext,Configure the default Price List when creating a new Purchase transaction. Item prices will be fetched from this Price List.,,,,erpnext,تكوين قائمة الأسعار الافتراضية عند إنشاء معاملة شراء جديدة. سيتم جلب أسعار العناصر من قائمة الأسعار هذه.,,تكوين قائمة الأسعار الافتراضية عند إنشاء معاملة شراء جديدة. سيتم جلب أسعار العناصر من قائمة الأسعار هذه.,,inventory,pending,,,,,,,,,,,,Approved,
erpnext,"Select BOM, Qty and For Warehouse",,,,erpnext,اختر قائمة المواد، الكمية، وإلى المخزن,,اختر قائمة المواد، الكمية، وإلى المخزن,,inventory,pending,,,,,,,,,,,,Approved,
erpnext,Select template item,,,,erpnext,حدد عنصر القالب,,حدد عنصر القالب,,inventory,pending,,,,,,,,,,,,Approved,
erpnext,Set Source Warehouse,,,,erpnext,تعيين المخزن المصدر,,تعيين المخزن المصدر,,inventory,pending,,,,,,,,,,,,Approved,
erpnext,"Please Restock Items and Update the Pick List to continue. To discontinue, cancel the Pick List.",,,,erpnext,يرجى إعادة تخزين العناصر وتحديث قائمة الاختيار للمتابعة. للتوقف ، قم بإلغاء قائمة الاختيار.,,يرجى إعادة تخزين العناصر وتحديث قائمة الاختيار للمتابعة. للتوقف ، قم بإلغاء قائمة الاختيار.,,inventory,pending,,,,,,,,,,,,Approved,
erpnext,From Warehouse,,,,erpnext,من المخزن,,من المخزن,,inventory,pending,,,,,,,,,,,,Approved,
erpnext,Item {0} entered multiple times.,,,,erpnext,,,,,inventory,missing,,,,,,,,,,placeholder_mismatch,,Pending,
erpnext,Row #{0}: Stock not available to reserve for Item {1} against Batch {2} in Warehouse {3}.,,,,erpnext,,,,,inventory,missing,,,,,,,,,,placeholder_mismatch,,Pending,
erpnext,Service Item {0} must be a non-stock item.,,,,erpnext,,,,,inventory,missing,,,,,,,,,,placeholder_mismatch,,Pending,
erpnext,Please fill the Material Requests table,,,,erpnext,يرجى ملء جدول طلبات المواد,,يرجى ملء جدول طلبات المواد,,inventory,pending,,,,,,,,,,,,Approved,
erpnext,Row {0}: Target Warehouse is mandatory for internal transfers,,,,erpnext,,,,,inventory,missing,,,,,,,,,,placeholder_mismatch,,Pending,
erpnext,Raw Material Cost Per Qty,,,,erpnext,,تكلفة المادة الخام لكل كمية,تكلفة المادة الخام لكل كمية,,inventory,missing,,,,,,,,,,,,Pending,
erpnext,"If ticked, multiple materials can be used for a single Work Order. This is useful if one or more time consuming products are being manufactured.",,,,erpnext,إذا تم تحديده ، يمكن استخدام مواد متعددة لطلب عمل واحد. يكون هذا مفيدًا إذا تم تصنيع منتج أو أكثر من المنتجات التي تستغرق وقتًا طويلاً.,,إذا تم تحديده ، يمكن استخدام مواد متعددة لطلب عمل واحد. يكون هذا مفيدًا إذا تم تصنيع منتج أو أكثر من المنتجات التي تستغرق وقتًا طويلاً.,,inventory,pending,,,,,,,,,,,,Approved,
erpnext,Item Code required at Row No {0},,,,erpnext,رمز العنصر المطلوب في الصف رقم {0}\n<br>\nItem Code required at Row No {0},,رمز العنصر المطلوب في الصف رقم {0}\n<br>\nItem Code required at Row No {0},,inventory,pending,,,,,,,,,,html_imbalance,,Approved,
erpnext,Warehouse required for stock Item {0},,,,erpnext,مستودع الأسهم المطلوبة لل تفاصيل {0},,مستودع الأسهم المطلوبة لل تفاصيل {0},,inventory,pending,,,,,,,,,,,,Approved,
erpnext,BOM No. for a Finished Good Item,,,,erpnext,رقم فاتورة الموارد لغرض جيد,,رقم فاتورة الموارد لغرض جيد,,inventory,pending,,,,,,,,,,,,Approved,
erpnext,"Row #{0}: Since 'Track Semi Finished Goods' is enabled, the BOM {1} cannot be used for Sub Assembly Items",,,,erpnext,,,,,inventory,missing,,,,,,,,,,placeholder_mismatch,,Pending,
erpnext,For Item {0} cannot be received more than {1} qty against the {2} {3},,,,erpnext,,,,,inventory,missing,,,,,,,,,,placeholder_mismatch,,Pending,
erpnext,Stock Entry {0} has created,,,,erpnext,,,,,inventory,missing,,,,,,,,,,placeholder_mismatch,,Pending,
erpnext,Negative Stock Error,,,,erpnext,,خطأ مخزون سالب,خطأ مخزون سالب,,inventory,missing,,,,,,,,,,,,Pending,
erpnext,Backflush Raw Materials Based On,,,,erpnext,Backflush المواد الخام مبني على,,Backflush المواد الخام مبني على,,inventory,pending,,,,,,,,,,,,Approved,
erpnext,Select Items up to Delivery Date,,,,erpnext,,تحديد الأصناف حتى تاريخ التسليم,تحديد الأصناف حتى تاريخ التسليم,,inventory,missing,,,,,,,,,,,,Pending,
erpnext,Item {0} ignored since it is not a stock item,,,,erpnext,تم تجاهل الصنف {0} لأنه ليس بند مخزون,,تم تجاهل الصنف {0} لأنه ليس بند مخزون,,inventory,pending,,,,,,,,,,,,Approved,
erpnext,Sets 'Source Warehouse' in each row of the items table.,,,,erpnext,يعيّن &quot;مستودع المصدر&quot; في كل صف من جدول العناصر.,,يعيّن &quot;مستودع المصدر&quot; في كل صف من جدول العناصر.,,inventory,pending,,,,,,,,,,,,Approved,
erpnext,"<p>Price List Rate has not been set as editable in Selling Settings. In this scenario, setting <strong>Update Price List Based On</strong> to <strong>Price List Rate</strong> will prevent auto-updation of Item Price.</p>Are you sure you want to continue?",,,,erpnext,,,,,inventory,missing,,,,,,,,,,html_imbalance,,Pending,
erpnext,PO Supplied Item,,,,erpnext,PO الموردة البند,,PO الموردة البند,,inventory,pending,,,,,,,,,,,,Approved,
erpnext,Please set actual demand or sales forecast to generate Material Requirements Planning Report.,,,,erpnext,,,,,inventory,missing,,,,,,,,,,,,Pending,
erpnext,Blanket Order Item,,,,erpnext,صنف أمر بطانية,,صنف أمر بطانية,,inventory,pending,,,,,,,,,,,,Approved,
erpnext,Item Weight Details,,,,erpnext,تفاصيل وزن الصنف,,تفاصيل وزن الصنف,,inventory,pending,,,,,,,,,,,,Approved,
erpnext,Items Filter,,,,erpnext,تصفية الاصناف,,تصفية الاصناف,,inventory,pending,,,,,,,,,,,,Approved,
erpnext,Sales Order required for Item {0},,,,erpnext,طلب البيع مطلوب للبند {0}\n<br>\nSales Order required for Item {0},,طلب البيع مطلوب للبند {0}\n<br>\nSales Order required for Item {0},,inventory,pending,,,,,,,,,,html_imbalance,,Approved,
erpnext,<b>Row #{0}:</b> Bundle {1} in warehouse {2} has insufficient packed items:<br><div style='margin-top: 15px;'><ul style='line-height: 0.8;'>{3}</ul></div>,,,,erpnext,,,,,inventory,missing,,,,,,,,,,placeholder_mismatch;html_imbalance,,Pending,
erpnext,Consumed Items Cost,,,,erpnext,,تكلفة الأصناف المستهلكة,تكلفة الأصناف المستهلكة,,inventory,missing,,,,,,,,,,,,Pending,
frappe,Open list item,Description of a list view shortcut,,,frappe,فتح عنصر القائمة,,فتح عنصر القائمة,,inventory,pending,,,,,,,,,,,,Approved,
erpnext,Item is mandatory in Raw Materials table.,,,,erpnext,,,,,inventory,missing,,,,,,,,,,,,Pending,
erpnext,"Select whether to get items from a Sales Order or a Material Request. For now select <b>Sales Order</b>.
 A Production Plan can also be created manually where you can select the Items to manufacture.",,,,erpnext,,,,,inventory,missing,,,,,,,,,,html_imbalance,,Pending,
erpnext,Please supply the specified items at the best possible rates,,,,erpnext,يرجى تزويدنا بالبنود المحددة بأفضل الأسعار الممكنة,,يرجى تزويدنا بالبنود المحددة بأفضل الأسعار الممكنة,,inventory,pending,,,,,,,,,,,,Approved,
erpnext,"Cannot delete Serial No {0}, as it is used in stock transactions",,,,erpnext,لا يمكن حذف الرقم التسلسلي {0}، لانه يتم استخدامها في قيود المخزون,,لا يمكن حذف الرقم التسلسلي {0}، لانه يتم استخدامها في قيود المخزون,,inventory,pending,,,,,,,,,,,,Approved,
erpnext,Group Warehouses cannot be used in transactions. Please change the value of {0},,,,erpnext,لا يمكن استخدام مستودعات المجموعة في المعاملات. يرجى تغيير قيمة {0},,لا يمكن استخدام مستودعات المجموعة في المعاملات. يرجى تغيير قيمة {0},,inventory,pending,,,,,,,,,,,,Approved,
erpnext,"If you {0} {1} quantities of the item {2}, the scheme {3} will be applied on the item.",,,,erpnext,إذا قمت {0} {1} بكميات العنصر {2} ، فسيتم تطبيق المخطط {3} على العنصر.,,إذا قمت {0} {1} بكميات العنصر {2} ، فسيتم تطبيق المخطط {3} على العنصر.,,inventory,pending,,,,,,,,,,,,Approved,
erpnext,Accepted Qty in Stock UOM,,,,erpnext,,,,,inventory,missing,,,,,,,,,,,,Pending,
erpnext,Row #{idx}: {field_label} can not be negative for item {item_code}.,,,,erpnext,,,,,inventory,missing,,,,,,,,,,placeholder_mismatch,,Pending,
erpnext,Item rate has been updated to zero as Allow Zero Valuation Rate is checked for item {0},,,,erpnext,,,,,inventory,missing,,,,,,,,,,placeholder_mismatch,,Pending,
erpnext,Purchase Order Analysis,,,,erpnext,تحليل أوامر الشراء,,تحليل أوامر الشراء,,inventory,pending,,,,,,,,,,,,Approved,
erpnext,Please select a Warehouse,,,,erpnext,,يرجى تحديد مستودع,يرجى تحديد مستودع,,inventory,missing,,,,,,,,,,,,Pending,
erpnext,Please select BOM in BOM field for Item {item_code}.,,,,erpnext,يرجى تحديد قائمة المواد في الحقل (قائمة المواد) للبند {item_code}.,,يرجى تحديد قائمة المواد في الحقل (قائمة المواد) للبند {item_code}.,,inventory,pending,,,,,,,,,,,,Approved,
erpnext,Material Receipt,,,,erpnext,أستلام مواد,,أستلام مواد,,inventory,pending,,,,,,,,,,,,Approved,
erpnext,Enable it if users want to consider rejected materials to dispatch.,,,,erpnext,,,,,inventory,missing,,,,,,,,,,,,Pending,
erpnext,Excess Materials Consumed,,,,erpnext,,مواد زائدة مستهلكة,مواد زائدة مستهلكة,,inventory,missing,,,,,,,,,,,,Pending,
erpnext,"Stock Closing Entry {0} has been queued for processing, system will take sometime to complete it.",,,,erpnext,,,,,inventory,missing,,,,,,,,,,placeholder_mismatch,,Pending,
erpnext,Sales Forecast Item,,,,erpnext,,عنصر توقع المبيعات,عنصر توقع المبيعات,,inventory,missing,,,,,,,,,,,,Pending,
erpnext,Safety Stock,,,,erpnext,مخزونات السلامة,,مخزونات السلامة,,inventory,pending,,,,,,,,,,,,Approved,
erpnext,New Purchase Orders,,,,erpnext,أوامر شراء جديدة,,أوامر شراء جديدة,,inventory,pending,,,,,,,,,,,,Approved,
erpnext,Stock Reservation Entry,,,,erpnext,,قيد حجز المخزون,قيد حجز المخزون,,inventory,missing,,,,,,,,,,,,Pending,
erpnext,"On submission of the stock transaction, system will auto create the Serial and Batch Bundle based on the Serial No / Batch fields.",,,,erpnext,,,,,inventory,missing,,,,,,,,,,,,Pending,
erpnext,Sets 'Rejected Warehouse' in each row of the Items table.,,,,erpnext,,,,,inventory,missing,,,,,,,,,,,,Pending,
erpnext,Please enter Item first,,,,erpnext,الرجاء إدخال البند أولا,,الرجاء إدخال البند أولا,,inventory,pending,,,,,,,,,,,,Approved,
erpnext,Items for Raw Material Request,,,,erpnext,عناصر لطلب المواد الخام,,عناصر لطلب المواد الخام,,inventory,pending,,,,,,,,,,,,Approved,
erpnext,Link to Material Request,,,,erpnext,رابط لطلب المواد,,رابط لطلب المواد,,inventory,pending,,,,,,,,,,,,Approved,
erpnext,Material Request Detail,,,,erpnext,المواد طلب التفاصيل,,المواد طلب التفاصيل,,inventory,pending,,,,,,,,,,,,Approved,
erpnext,No items to be received are overdue,,,,erpnext,لا توجد عناصر يتم استلامها متأخرة,,لا توجد عناصر يتم استلامها متأخرة,,inventory,pending,,,,,,,,,,,,Approved,
erpnext,Warning: Material Requested Qty is less than Minimum Order Qty,,,,erpnext,تحذير : كمية المواد المطلوبة  هي أقل من الحد الأدنى للطلب الكمية,,تحذير : كمية المواد المطلوبة  هي أقل من الحد الأدنى للطلب الكمية,,inventory,pending,,,,,,,,,,,,Approved,
erpnext,Is Scrap Item,,,,erpnext,,صنف هالك,صنف هالك,,inventory,missing,,,,,,,,,,,,Pending,
erpnext,Items to Manufacture are required to pull the Raw Materials associated with it.,,,,erpnext,العناصر المطلوب تصنيعها لسحب المواد الخام المرتبطة بها.,,العناصر المطلوب تصنيعها لسحب المواد الخام المرتبطة بها.,,inventory,pending,,,,,,,,,,,,Approved,
erpnext,Row {0}: user has not applied the rule {1} on the item {2},,,,erpnext,الصف {0}: لم يطبق المستخدم القاعدة {1} على العنصر {2},,الصف {0}: لم يطبق المستخدم القاعدة {1} على العنصر {2},,inventory,pending,,,,,,,,,,,,Approved,
erpnext,Show Dimension Wise Stock,,,,erpnext,,إظهار المخزون حسب البُعد,إظهار المخزون حسب البُعد,,inventory,missing,,,,,,,,,,,,Pending,
erpnext,"To include sub-assembly costs and scrap items in Finished Goods on a work order without using a job card, when the 'Use Multi-Level BOM' option is enabled.",,,,erpnext,,,,,inventory,missing,,,,,,,,,,,,Pending,
erpnext,Invalid Source and Target Warehouse,,,,erpnext,,,,,inventory,missing,,,,,,,,,,,,Pending,
erpnext,Purchases,,,,erpnext,,المشتريات,المشتريات,,inventory,missing,,,,,,,,,,,,Pending,
erpnext,Row #{0}: Please select the Finished Good Item against which this Customer Provided Item will be used.,,,,erpnext,,,,,inventory,missing,,,,,,,,,,placeholder_mismatch,,Pending,
erpnext,Row #{0}: Stock is reserved for item {1} in warehouse {2}.,,,,erpnext,,,,,inventory,missing,,,,,,,,,,placeholder_mismatch,,Pending,
erpnext,Item name,,,,erpnext,اسم السلعة,,اسم السلعة,,inventory,pending,,,,,,,,,,,,Approved,
erpnext,Please select BOM for Item in Row {0},,,,erpnext,الرجاء تحديد قائمة المواد للبند في الصف {0},,الرجاء تحديد قائمة المواد للبند في الصف {0},,inventory,pending,,,,,,,,,,,,Approved,
erpnext,Extra Material Transfer,,,,erpnext,,نقل مواد إضافي,نقل مواد إضافي,,inventory,missing,,,,,,,,,,,,Pending,
erpnext,To include non-stock items in the material request planning. i.e. Items for which 'Maintain Stock' checkbox is unticked.,,,,erpnext,,,,,inventory,missing,,,,,,,,,,,,Pending,
erpnext,Accepted Warehouse,,,,erpnext,مستودع مقبول,,مستودع مقبول,,inventory,pending,,,,,,,,,,,,Approved,
erpnext,Stock Planning,,,,erpnext,,تخطيط المخزون,تخطيط المخزون,,inventory,missing,,,,,,,,,,,,Pending,
erpnext,Item Price added for {0} in Price List {1},,,,erpnext,تم اضافتة سعر الصنف لـ {0} في قائمة الأسعار {1},,تم اضافتة سعر الصنف لـ {0} في قائمة الأسعار {1},,inventory,pending,,,,,,,,,,,,Approved,
erpnext,Stock and Manufacturing,,,,erpnext,,المخزون والتصنيع,المخزون والتصنيع,,inventory,missing,,,,,,,,,,,,Pending,
frappe,Sidebar Items,,,,frappe,عناصر الشريط الجانبي,,عناصر الشريط الجانبي,,inventory,pending,,,,,,,,,,,,Approved,
erpnext,Stock Closing Balance,,,,erpnext,,رصيد إغلاق المخزون,رصيد إغلاق المخزون,,inventory,missing,,,,,,,,,,,,Pending,
erpnext,All Item Groups,,,,erpnext,كل مجموعات الأصناف,,كل مجموعات الأصناف,,inventory,pending,,,,,,,,,,,,Approved,
erpnext,Validate Negative Stock,,,,erpnext,,التحقق من المخزون السالب,التحقق من المخزون السالب,,inventory,missing,,,,,,,,,,,,Pending,
erpnext,Item Variant Attribute,,,,erpnext,وصف متغير الصنف,,وصف متغير الصنف,,inventory,pending,,,,,,,,,,,,Approved,
erpnext,Stock Partially Reserved,,,,erpnext,,مخزون محجوز جزئيا,مخزون محجوز جزئيا,,inventory,missing,,,,,,,,,,,,Pending,
erpnext,Purchase Order Required for item {},,,,erpnext,طلب الشراء مطلوب للعنصر {},,طلب الشراء مطلوب للعنصر {},,inventory,pending,,,,,,,,,,,,Approved,
erpnext,Please select items to unreserve.,,,,erpnext,,يرجى تحديد الأصناف المطلوب إلغاء حجزها.,يرجى تحديد الأصناف المطلوب إلغاء حجزها.,,inventory,missing,,,,,,,,,,,,Pending,
erpnext,Purchase Receipt,,,,erpnext,إستلام المشتريات,إيصال شراء,إيصال شراء,,inventory,pending,,,,,,,,,,,,Approved,
erpnext,Transfer Materials For Warehouse {0},,,,erpnext,نقل المواد للمستودع {0},,نقل المواد للمستودع {0},,inventory,pending,,,,,,,,,,,,Approved,
erpnext,Serial No is mandatory for Item {0},,,,erpnext,رقم المسلسل إلزامي القطعة ل {0},,رقم المسلسل إلزامي القطعة ل {0},,inventory,pending,,,,,,,,,,,,Approved,
erpnext,Show Disabled Items,,,,erpnext,,إظهار الأصناف المعطلة,إظهار الأصناف المعطلة,,inventory,missing,,,,,,,,,,,,Pending,
erpnext,Balance Stock Qty,,,,erpnext,,كمية رصيد المخزون,كمية رصيد المخزون,,inventory,missing,,,,,,,,,,,,Pending,
erpnext,Delayed Item Report,,,,erpnext,تأخر تقرير البند,,تأخر تقرير البند,,inventory,pending,,,,,,,,,,,,Approved,
erpnext,Please select a valid Purchase Order that has Service Items.,,,,erpnext,,,,,inventory,missing,,,,,,,,,,,,Pending,
erpnext,Row #{0}: Please select Item Code in Assembly Items,,,,erpnext,,,,,inventory,missing,,,,,,,,,,placeholder_mismatch,,Pending,
erpnext,Item Wise Tax Details,,,,erpnext,,تفاصيل الضريبة حسب الصنف,تفاصيل الضريبة حسب الصنف,,inventory,missing,,,,,,,,,,,,Pending,
erpnext,Qty of raw materials will be decided based on the qty of the Finished Goods Item,,,,erpnext,سيتم تحديد كمية المواد الخام بناءً على الكمية الخاصة ببند البضائع النهائية,,سيتم تحديد كمية المواد الخام بناءً على الكمية الخاصة ببند البضائع النهائية,,inventory,pending,,,,,,,,,,,,Approved,
erpnext,Please enter Warehouse and Date,,,,erpnext,الرجاء إدخال المستودع والتاريخ,,الرجاء إدخال المستودع والتاريخ,,inventory,pending,,,,,,,,,,,,Approved,
erpnext,"The warehouse where you store your raw materials. Each required item can have a separate source warehouse. Group warehouse also can be selected as source warehouse. On submission of the Work Order, the raw materials will be reserved in these warehouses for production usage.",,,,erpnext,,,,,inventory,missing,,,,,,,,,,,,Pending,
erpnext,Include Non Stock Items,,,,erpnext,تشمل الاصناف الغير مخزنية,,تشمل الاصناف الغير مخزنية,,inventory,pending,,,,,,,,,,,,Approved,
erpnext,Packed Item,,,,erpnext,عنصر معبأ,,عنصر معبأ,,inventory,pending,,,,,,,,,,,,Approved,
erpnext,Row #{0}: Item {1} has no stock in warehouse {2}.,,,,erpnext,,,,,inventory,missing,,,,,,,,,,placeholder_mismatch,,Pending,
erpnext,Setting Item Locations...,,,,erpnext,,جار تعيين مواقع الأصناف...,جار تعيين مواقع الأصناف...,,inventory,missing,,,,,,,,,,,,Pending,
erpnext,Raw Materials Supplied,,,,erpnext,المواد الخام الموردة,,المواد الخام الموردة,,inventory,pending,,,,,,,,,,,,Approved,
erpnext,Stock Unreservation,,,,erpnext,,إلغاء حجز المخزون,إلغاء حجز المخزون,,inventory,missing,,,,,,,,,,,,Pending,
erpnext,Stock Frozen Up To,,,,erpnext,,المخزون مجمد حتى,المخزون مجمد حتى,,inventory,missing,,,,,,,,,,,,Pending,
erpnext,Please select BOM against item {0},,,,erpnext,الرجاء اختيار بوم ضد العنصر {0},,الرجاء اختيار بوم ضد العنصر {0},,inventory,pending,,,,,,,,,,,,Approved,
erpnext,Qty (Warehouse),,,,erpnext,,الكمية (المستودع),الكمية (المستودع),,inventory,missing,,,,,,,,,,,,Pending,
erpnext,Invalid Blanket Order for the selected Customer and Item,,,,erpnext,طلب فارغ غير صالح للعميل والعنصر المحدد,,طلب فارغ غير صالح للعميل والعنصر المحدد,,inventory,pending,,,,,,,,,,,,Approved,
erpnext,Work Order Item,,,,erpnext,بند أمر العمل,,بند أمر العمل,,inventory,pending,,,,,,,,,,,,Approved,
erpnext,Qty of Finished Goods Item should be greater than 0.,,,,erpnext,,,,,inventory,missing,,,,,,,,,,,,Pending,
erpnext,Scrap Items Generated,,,,erpnext,,أصناف الهالك المنشأة,أصناف الهالك المنشأة,,inventory,missing,,,,,,,,,,,,Pending,
erpnext,Item {0} is not a serialized Item,,,,erpnext,البند {0} ليس بند لديه رقم تسلسلي,,البند {0} ليس بند لديه رقم تسلسلي,,inventory,pending,,,,,,,,,,,,Approved,
erpnext,Customer or Item,,,,erpnext,عميل أو بند,,عميل أو بند,,inventory,pending,,,,,,,,,,,,Approved,
erpnext,Row #{0}: Accepted Warehouse is mandatory for the accepted Item {1},,,,erpnext,,,,,inventory,missing,,,,,,,,,,placeholder_mismatch,,Pending,
erpnext,Total Purchase Amount,,,,erpnext,,إجمالي مبلغ الشراء,إجمالي مبلغ الشراء,,inventory,missing,,,,,,,,,,,,Pending,
erpnext,Row #{0}: Quality Inspection is required for Item {1},,,,erpnext,,,,,inventory,missing,,,,,,,,,,placeholder_mismatch,,Pending,
erpnext,Stock will be reserved on submission of <b>Purchase Receipt</b> created against Material Request for Sales Order.,,,,erpnext,,,,,inventory,missing,,,,,,,,,,html_imbalance,,Pending,
erpnext,Transfer Materials,,,,erpnext,,نقل المواد,نقل المواد,,inventory,missing,,,,,,,,,,,,Pending,
erpnext,Return Raw Material to Customer,,,,erpnext,,إرجاع المادة الخام إلى العميل,إرجاع المادة الخام إلى العميل,,inventory,missing,,,,,,,,,,,,Pending,
erpnext,Default Scrap Warehouse,,,,erpnext,مستودع الخردة الافتراضي,,مستودع الخردة الافتراضي,,inventory,pending,,,,,,,,,,,,Approved,
erpnext,Raw Material Item Code,,,,erpnext,قانون المواد الخام المدينة,,قانون المواد الخام المدينة,,inventory,pending,,,,,,,,,,,,Approved,
erpnext,Purchase Register,,,,erpnext,سجل شراء,,سجل شراء,,inventory,pending,,,,,,,,,,,,Approved,
erpnext,Material Issue,,,,erpnext,صرف مواد,,صرف مواد,,inventory,pending,,,,,,,,,,,,Approved,
erpnext,Raw Materials Supplied Cost,,,,erpnext,المواد الخام الموردة التكلفة,,المواد الخام الموردة التكلفة,,inventory,pending,,,,,,,,,,,,Approved,
erpnext,"If ticked, the BOM cost will be automatically updated based on Valuation Rate / Price List Rate / last purchase rate of raw materials.",,,,erpnext,إذا تم تحديدها ، فسيتم تحديث تكلفة قائمة مكونات الصنف تلقائيًا استنادًا إلى معدل التقييم / سعر قائمة الأسعار / معدل الشراء الأخير للمواد الخام.,,إذا تم تحديدها ، فسيتم تحديث تكلفة قائمة مكونات الصنف تلقائيًا استنادًا إلى معدل التقييم / سعر قائمة الأسعار / معدل الشراء الأخير للمواد الخام.,,inventory,pending,,,,,,,,,,,,Approved,
erpnext,Allow Item To Be Added Multiple Times in a Transaction,,,,erpnext,السماح بإضافة العنصر عدة مرات في المعاملة,,السماح بإضافة العنصر عدة مرات في المعاملة,,inventory,pending,,,,,,,,,,,,Approved,
erpnext,No Items selected for transfer.,,,,erpnext,,لم يتم تحديد أصناف للنقل.,لم يتم تحديد أصناف للنقل.,,inventory,missing,,,,,,,,,,,,Pending,
erpnext,"For item <b>{0}</b>, only <b>{1}</b> asset have been created or linked to <b>{2}</b>. Please create or link <b>{3}</b> more asset with the respective document.",,,,erpnext,,,,,inventory,missing,,,,,,,,,,placeholder_mismatch;html_imbalance,,Pending,
erpnext,"To allow over receipt / delivery, update ""Over Receipt/Delivery Allowance"" in Stock Settings or the Item.",,,,erpnext,للسماح بوصول الاستلام / التسليم ، قم بتحديث &quot;الإفراط في الاستلام / بدل التسليم&quot; في إعدادات المخزون أو العنصر.,,للسماح بوصول الاستلام / التسليم ، قم بتحديث &quot;الإفراط في الاستلام / بدل التسليم&quot; في إعدادات المخزون أو العنصر.,,inventory,pending,,,,,,,,,,,,Approved,
erpnext,Over Billing Allowance exceeded for Purchase Receipt Item {0} ({1}) by {2}%,,,,erpnext,,,,,inventory,missing,,,,,,,,,,placeholder_mismatch,,Pending,
erpnext,Use Default Warehouse,,,,erpnext,,استخدام المستودع الافتراضي,استخدام المستودع الافتراضي,,inventory,missing,,,,,,,,,,,,Pending,
erpnext,Allow Purchase,,,,erpnext,,السماح بالشراء,السماح بالشراء,,inventory,missing,,,,,,,,,,,,Pending,
erpnext,Invalid Net Purchase Amount,,,,erpnext,,,,,inventory,missing,,,,,,,,,,,,Pending,
erpnext,Work Order Consumed Materials,,,,erpnext,,مواد أمر العمل المستهلكة,مواد أمر العمل المستهلكة,,inventory,missing,,,,,,,,,,,,Pending,
erpnext,Delivery Note Packed Item,,,,erpnext,,صنف معبأ في إذن التسليم,صنف معبأ في إذن التسليم,,inventory,missing,,,,,,,,,,,,Pending,
erpnext,Finished Goods Warehouse,,,,erpnext,مستودع البضائع الجاهزة,,مستودع البضائع الجاهزة,,inventory,pending,,,,,,,,,,,,Approved,
erpnext,Overbilling of {0} {1} ignored for item {2} because you have {3} role.,,,,erpnext,,,,,inventory,missing,,,,,,,,,,placeholder_mismatch,,Pending,
erpnext,Stock Qty,,,,erpnext,الأسهم الكمية,,الأسهم الكمية,,inventory,pending,,,,,,,,,,,,Approved,
frappe,{0} in row {1} cannot have both URL and child items,,,,frappe,{0} في الصف {1} لا يمكن أن يكون لها عنوان URL وبنود فرعية في نفس الوقت,,{0} في الصف {1} لا يمكن أن يكون لها عنوان URL وبنود فرعية في نفس الوقت,,inventory,pending,,,,,,,,,,,,Approved,
erpnext,Item Attribute Value,,,,erpnext,قيمة مواصفة الصنف,,قيمة مواصفة الصنف,,inventory,pending,,,,,,,,,,,,Approved,
erpnext,Finished Good Item,,,,erpnext,,صنف المنتج النهائي,صنف المنتج النهائي,,inventory,missing,,,,,,,,,,,,Pending,
erpnext,Item To Manufacture,,,,erpnext,الصنف لتصنيع,,الصنف لتصنيع,,inventory,pending,,,,,,,,,,,,Approved,
erpnext,Purchase Tax Template,,,,erpnext,قالب الضرائب على المشتريات,,قالب الضرائب على المشتريات,,inventory,pending,,,,,,,,,,,,Approved,
erpnext,Invalid Item Defaults,,,,erpnext,,,,,inventory,missing,,,,,,,,,,,,Pending,
erpnext,Alternative Item Code,,,,erpnext,رمز الصنف البديل,,رمز الصنف البديل,,inventory,pending,,,,,,,,,,,,Approved,
erpnext,Same item and warehouse combination already entered.,,,,erpnext,,,,,inventory,missing,,,,,,,,,,,,Pending,
erpnext,Already record exists for the item {0},,,,erpnext,يوجد سجل للصنف {0},,يوجد سجل للصنف {0},,inventory,pending,,,,,,,,,,,,Approved,
erpnext,"The Stock Entry of type 'Manufacture' is known as backflush. Raw materials being consumed to manufacture finished goods is known as backflushing. <br><br> When creating Manufacture Entry, raw-material items are backflushed based on BOM of production item. If you want raw-material items to be backflushed based on Material Transfer entry made against that Work Order instead, then you can set it under this field.",,,,erpnext,يُعرف إدخال المخزون من نوع &quot;التصنيع&quot; باسم التدفق الرجعي. تُعرف المواد الخام التي يتم استهلاكها لتصنيع السلع التامة الصنع بالتدفق العكسي.<br><br> عند إنشاء إدخال التصنيع ، يتم إجراء مسح تلقائي لعناصر المواد الخام استنادًا إلى قائمة مكونات الصنف الخاصة بصنف الإنتاج. إذا كنت تريد إعادة تسريح أصناف المواد الخام استنادًا إلى إدخال نقل المواد الذي تم إجراؤه مقابل طلب العمل هذا بدلاً من ذلك ، فيمكنك تعيينه ضمن هذا الحقل.,,يُعرف إدخال المخزون من نوع &quot;التصنيع&quot; باسم التدفق الرجعي. تُعرف المواد الخام التي يتم استهلاكها لتصنيع السلع التامة الصنع بالتدفق العكسي.<br><br> عند إنشاء إدخال التصنيع ، يتم إجراء مسح تلقائي لعناصر المواد الخام استنادًا إلى قائمة مكونات الصنف الخاصة بصنف الإنتاج. إذا كنت تريد إعادة تسريح أصناف المواد الخام استنادًا إلى إدخال نقل المواد الذي تم إجراؤه مقابل طلب العمل هذا بدلاً من ذلك ، فيمكنك تعيينه ضمن هذا الحقل.,,inventory,pending,,,,,,,,,,,,Approved,
erpnext,Item Naming By,,,,erpnext,تسمية السلعة بواسطة,,تسمية السلعة بواسطة,,inventory,pending,,,,,,,,,,,,Approved,
erpnext,"Update BOM cost automatically via scheduler, based on the latest Valuation Rate/Price List Rate/Last Purchase Rate of raw materials",,,,erpnext,قم بتحديث تكلفة قائمة المواد تلقائيًا عبر المجدول ، استنادًا إلى أحدث معدل تقييم / سعر قائمة الأسعار / آخر سعر شراء للمواد الخام,,قم بتحديث تكلفة قائمة المواد تلقائيًا عبر المجدول ، استنادًا إلى أحدث معدل تقييم / سعر قائمة الأسعار / آخر سعر شراء للمواد الخام,,inventory,pending,,,,,,,,,,,,Approved,
erpnext,In Stock,,,,erpnext,,متوفر في المخزون,متوفر في المخزون,,inventory,missing,,,,,,,,,,,,Pending,
erpnext,Price is not set for the item.,,,,erpnext,,لم يتم تعيين سعر للصنف.,لم يتم تعيين سعر للصنف.,,inventory,missing,,,,,,,,,,,,Pending,
erpnext,Delivery Schedule Item,,,,erpnext,,عنصر جدول التسليم,عنصر جدول التسليم,,inventory,missing,,,,,,,,,,,,Pending,
erpnext,Unreserving Stock...,,,,erpnext,,جار إلغاء حجز المخزون...,جار إلغاء حجز المخزون...,,inventory,missing,,,,,,,,,,,,Pending,
erpnext,Creating Purchase Receipt ...,,,,erpnext,,جار إنشاء إيصال شراء ...,جار إنشاء إيصال شراء ...,,inventory,missing,,,,,,,,,,,,Pending,
erpnext,Warehouse Settings,,,,erpnext,,إعدادات المستودع,إعدادات المستودع,,inventory,missing,,,,,,,,,,,,Pending,
erpnext,Service Item Qty / Finished Good Qty,,,,erpnext,,كمية عنصر الخدمة / كمية المنتج النهائي,كمية عنصر الخدمة / كمية المنتج النهائي,,inventory,missing,,,,,,,,,,,,Pending,
erpnext,Parent Item Group,,,,erpnext,الأم الإغلاق المجموعة,,الأم الإغلاق المجموعة,,inventory,pending,,,,,,,,,,,,Approved,
erpnext,Net Purchase Amount,,,,erpnext,,صافي مبلغ الشراء,صافي مبلغ الشراء,,inventory,missing,,,,,,,,,,,,Pending,
erpnext,Do you want to submit the material request,,,,erpnext,هل ترغب في تقديم طلب المواد,,هل ترغب في تقديم طلب المواد,,inventory,pending,,,,,,,,,,,,Approved,
erpnext,Qty of Finished Goods Item,,,,erpnext,الكمية من السلع تامة الصنع,,الكمية من السلع تامة الصنع,,inventory,pending,,,,,,,,,,,,Approved,
erpnext,Select the Item to be manufactured.,,,,erpnext,,,,,inventory,missing,,,,,,,,,,,,Pending,
erpnext,Source and target warehouse cannot be same for row {0},,,,erpnext,المصدر والمستودع المستهدف لا يمكن أن يكون نفس الصف {0}\n<br>\nSource and target warehouse cannot be same for row {0},,المصدر والمستودع المستهدف لا يمكن أن يكون نفس الصف {0}\n<br>\nSource and target warehouse cannot be same for row {0},,inventory,pending,,,,,,,,,,html_imbalance,,Approved,
erpnext,Item {0} not found in 'Raw Materials Supplied' table in {1} {2},,,,erpnext,,,,,inventory,missing,,,,,,,,,,placeholder_mismatch,,Pending,
erpnext,Job Card Scrap Item,,,,erpnext,,صنف هالك بطاقة العمل,صنف هالك بطاقة العمل,,inventory,missing,,,,,,,,,,,,Pending,
erpnext,Purchase Orders Count,,,,erpnext,,عدد أوامر الشراء,عدد أوامر الشراء,,inventory,missing,,,,,,,,,,,,Pending,
erpnext,Stock Value,,,,erpnext,قيمة المخزون,,قيمة المخزون,,inventory,pending,,,,,,,,,,,,Approved,
erpnext,Warehouse {0} does not belong to company {1},,,,erpnext,مستودع {0} لا تنتمي إلى شركة {1},,مستودع {0} لا تنتمي إلى شركة {1},,inventory,pending,,,,,,,,,,,,Approved,
erpnext,{count} Assets created for {item_code},,,,erpnext,,,,,inventory,missing,,,,,,,,,,placeholder_mismatch,,Pending,
erpnext,Consumed Items,,,,erpnext,العناصر المستهلكة,,العناصر المستهلكة,,inventory,pending,,,,,,,,,,,,Approved,
erpnext,Please select Finished Good Item for Service Item {0},,,,erpnext,,,,,inventory,missing,,,,,,,,,,placeholder_mismatch,,Pending,
erpnext,Total Warehouses,,,,erpnext,,إجمالي المستودعات,إجمالي المستودعات,,inventory,missing,,,,,,,,,,,,Pending,
erpnext,Allow Editing of Items and Quantities in Work Order,,,,erpnext,,,,,inventory,missing,,,,,,,,,,,,Pending,
erpnext,Please enter Item Code to get Batch Number,,,,erpnext,الرجاء إدخال رمز العنصر للحصول على رقم الدفعة\n<br>\nPlease enter Item Code to get Batch Number,,الرجاء إدخال رمز العنصر للحصول على رقم الدفعة\n<br>\nPlease enter Item Code to get Batch Number,,inventory,pending,,,,,,,,,,html_imbalance,,Approved,
erpnext,Material Requested,,,,erpnext,المواد المطلوبة,,المواد المطلوبة,,inventory,pending,,,,,,,,,,,,Approved,
erpnext,A logical Warehouse against which stock entries are made.,,,,erpnext,,,,,inventory,missing,,,,,,,,,,,,Pending,
erpnext,Out of Stock,,,,erpnext,إنتهى من المخزن,,إنتهى من المخزن,,inventory,pending,,,,,,,,,,,,Approved,
erpnext,Purchase Orders Items Overdue,,,,erpnext,أوامر الشراء البنود المتأخرة,,أوامر الشراء البنود المتأخرة,,inventory,pending,,,,,,,,,,,,Approved,
erpnext,Add Raw Materials,,,,erpnext,,إضافة المواد الخام,إضافة المواد الخام,,inventory,missing,,,,,,,,,,,,Pending,
erpnext,Product Bundle Item,,,,erpnext,المنتج حزمة البند,,المنتج حزمة البند,,inventory,pending,,,,,,,,,,,,Approved,
erpnext,Incorrect Warehouse,,,,erpnext,مستودع غير صحيح,,مستودع غير صحيح,,inventory,pending,,,,,,,,,,,,Approved,
erpnext,You cannot change the rate if BOM is mentioned against any Item.,,,,erpnext,,,,,inventory,missing,,,,,,,,,,,,Pending,
erpnext,Cost of Purchased Items,,,,erpnext,تكلفة البنود التي تم شراؤها,,تكلفة البنود التي تم شراؤها,,inventory,pending,,,,,,,,,,,,Approved,
erpnext,Row #{idx}: {field_label} is not allowed in Purchase Return.,,,,erpnext,,,,,inventory,missing,,,,,,,,,,placeholder_mismatch,,Pending,
erpnext,Parent Item {0} must not be a Stock Item,,,,erpnext,البند الأب {0} يجب ألا يكون بند مخزون,,البند الأب {0} يجب ألا يكون بند مخزون,,inventory,pending,,,,,,,,,,,,Approved,
erpnext,Select the Warehouse,,,,erpnext,,,,,inventory,missing,,,,,,,,,,,,Pending,
erpnext,Delivered Qty (in Stock UOM),,,,erpnext,,الكمية المسلمة (بوحدة قياس المخزون),الكمية المسلمة (بوحدة قياس المخزون),,inventory,missing,,,,,,,,,,,,Pending,
erpnext,No items are available in the sales order {0} for production,,,,erpnext,,,,,inventory,missing,,,,,,,,,,placeholder_mismatch,,Pending,
erpnext,Customer Warehouse,,,,erpnext,,مستودع العميل,مستودع العميل,,inventory,missing,,,,,,,,,,,,Pending,
erpnext,Pricing Rule Item Code,,,,erpnext,قاعدة بند التسعير,,قاعدة بند التسعير,,inventory,pending,,,,,,,,,,,,Approved,
erpnext,Scrap Warehouse,,,,erpnext,الخردة مستودع,,الخردة مستودع,,inventory,pending,,,,,,,,,,,,Approved,
erpnext,"If checked, Stock will be reserved on <b>Submit</b>",,,,erpnext,,,,,inventory,missing,,,,,,,,,,html_imbalance,,Pending,
erpnext,Use Item based reposting,,,,erpnext,,استخدام إعادة الترحيل حسب الصنف,استخدام إعادة الترحيل حسب الصنف,,inventory,missing,,,,,,,,,,,,Pending,
erpnext,"The stock for the item {0} in the {1} warehouse was negative on the {2}. You should create a positive entry {3} before the date {4} and time {5} to post the correct valuation rate. For more details, please read the <a href='https://docs.erpnext.com/docs/user/manual/en/stock-adjustment-cogs-with-negative-stock'>documentation<a>.",,,,erpnext,,,,,inventory,missing,,,,,,,,,,placeholder_mismatch;html_imbalance,,Pending,
erpnext,BOM Stock Report,,,,erpnext,تقرير مخزون فاتورة المواد,,تقرير مخزون فاتورة المواد,,inventory,pending,,,,,,,,,,,,Approved,
erpnext,Default Purchase Unit of Measure,,,,erpnext,وحدة الشراء الافتراضية للقياس,,وحدة الشراء الافتراضية للقياس,,inventory,pending,,,,,,,,,,,,Approved,
erpnext,"This is for raw material Items that'll be used to create finished goods. If the Item is an additional service like 'washing' that'll be used in the BOM, keep this unchecked.",,,,erpnext,,,,,inventory,missing,,,,,,,,,,,,Pending,
erpnext,Allow Alternative Item,,,,erpnext,السماح لصنف بديل,,السماح لصنف بديل,,inventory,pending,,,,,,,,,,,,Approved,
erpnext,Available Stock for Packing Items,,,,erpnext,المخزون المتاج للأصناف المعبأة,,المخزون المتاج للأصناف المعبأة,,inventory,pending,,,,,,,,,,,,Approved,
erpnext,"If enabled, the system will allow selecting UOMs in sales and purchase transactions only if the conversion rate is set in the item master.",,,,erpnext,,,,,inventory,missing,,,,,,,,,,,,Pending,
erpnext,Received Qty in Stock UOM,,,,erpnext,,الكمية المستلمة بوحدة قياس المخزون,الكمية المستلمة بوحدة قياس المخزون,,inventory,missing,,,,,,,,,,,,Pending,
erpnext,The value {0} is already assigned to an existing Item {1}.,,,,erpnext,تم تعيين القيمة {0} بالفعل لعنصر موجود {1}.,,تم تعيين القيمة {0} بالفعل لعنصر موجود {1}.,,inventory,pending,,,,,,,,,,,,Approved,
erpnext,Supplied Item,,,,erpnext,,,,,inventory,missing,,,,,,,,,,,,Pending,
erpnext,The default BOM for that item will be fetched by the system. You can also change the BOM.,,,,erpnext,,,,,inventory,missing,,,,,,,,,,,,Pending,
erpnext,Sales Person Target Variance Based On Item Group,,,,erpnext,شخص المبيعات التباين المستهدف بناء على مجموعة البند,,شخص المبيعات التباين المستهدف بناء على مجموعة البند,,inventory,pending,,,,,,,,,,,,Approved,
erpnext,Asset {assets_link} created for {item_code},,,,erpnext,,,,,inventory,missing,,,,,,,,,,placeholder_mismatch,,Pending,
erpnext,Include Safety Stock in Required Qty Calculation,,,,erpnext,,تضمين مخزون الأمان في حساب الكمية المطلوبة,تضمين مخزون الأمان في حساب الكمية المطلوبة,,inventory,missing,,,,,,,,,,,,Pending,
erpnext,Available Qty at WIP Warehouse,,,,erpnext,الكمية المتوفرة في مستودع ويب,,الكمية المتوفرة في مستودع ويب,,inventory,pending,,,,,,,,,,,,Approved,
erpnext,Customer Group Item,,,,erpnext,,عنصر مجموعة العملاء,عنصر مجموعة العملاء,,inventory,missing,,,,,,,,,,,,Pending,
erpnext,Sets 'Reserve Warehouse' in each row of the Supplied Items table.,,,,erpnext,,,,,inventory,missing,,,,,,,,,,,,Pending,
erpnext,(G) Sum of Change in Stock Value,,,,erpnext,,,,,inventory,missing,,,,,,,,,,,,Pending,
erpnext,Please set the Target Warehouse in the Job Card,,,,erpnext,,,,,inventory,missing,,,,,,,,,,,,Pending,
erpnext, Item,,,,erpnext,,,,,inventory,missing,,,,,,,,,,whitespace,,Pending,
erpnext,As per Stock UOM,,,,erpnext,وفقا للأوراق UOM,,وفقا للأوراق UOM,,inventory,pending,,,,,,,,,,,,Approved,
erpnext,Stock Entry Detail,,,,erpnext,تفاصيل ادخال المخزون,,تفاصيل ادخال المخزون,,inventory,pending,,,,,,,,,,,,Approved,
erpnext,Please set the WIP Warehouse in the Job Card,,,,erpnext,,,,,inventory,missing,,,,,,,,,,,,Pending,
erpnext,Select Warehouse...,,,,erpnext,حدد مستودع ...,,حدد مستودع ...,,inventory,pending,,,,,,,,,,,,Approved,
erpnext,Row #{0}: Item {1} is not a service item,,,,erpnext,,,,,inventory,missing,,,,,,,,,,placeholder_mismatch,,Pending,
erpnext,Batch not created for item {} since it does not have a batch series.,,,,erpnext,,,,,inventory,missing,,,,,,,,,,,,Pending,
erpnext,Stock Qty vs Serial No Count,,,,erpnext,كمية المخزون مقابل الرقم التسلسلي,,كمية المخزون مقابل الرقم التسلسلي,,inventory,pending,,,,,,,,,,,,Approved,
erpnext,Purchase Receipt No,,,,erpnext,لا شراء استلام,,لا شراء استلام,,inventory,pending,,,,,,,,,,,,Approved,
erpnext,Purchase Return,,,,erpnext,شراء العودة,,شراء العودة,,inventory,pending,,,,,,,,,,,,Approved,
erpnext,Transfer Material Against,,,,erpnext,نقل المواد ضد,,نقل المواد ضد,,inventory,pending,,,,,,,,,,,,Approved,
erpnext,Qty In Stock,,,,erpnext,,الكمية في المخزون,الكمية في المخزون,,inventory,missing,,,,,,,,,,,,Pending,
erpnext,Deliver Scrap Items,,,,erpnext,,تسليم أصناف الهالك,تسليم أصناف الهالك,,inventory,missing,,,,,,,,,,,,Pending,
erpnext,"Row #{0}: Item {1} mismatch. Changing of item code is not permitted, add another row instead.",,,,erpnext,,,,,inventory,missing,,,,,,,,,,placeholder_mismatch,,Pending,
erpnext,Is Finished Item,,,,erpnext,,صنف نهائي,صنف نهائي,,inventory,missing,,,,,,,,,,,,Pending,
erpnext,Item,,,,erpnext,السلعة,الصنف,الصنف,,inventory,pending,,,,,,,,,,,1,Approved,
erpnext,Row {0}: Please provide a valid Delivery Note Item or Packed Item reference.,,,,erpnext,,,,,inventory,missing,,,,,,,,,,placeholder_mismatch,,Pending,
erpnext,Qty as per Stock UOM,,,,erpnext,الكمية حسب السهم لوحدة قياس السهم,,الكمية حسب السهم لوحدة قياس السهم,,inventory,pending,,,,,,,,,,,,Approved,
erpnext,POS Item Group,,,,erpnext,مجموعة المواد لنقطة البيع,,مجموعة المواد لنقطة البيع,,inventory,pending,,,,,,,,,,,,Approved,
erpnext,Purchase Order,,,,erpnext,أمر الشراء,أمر شراء,أمر شراء,,inventory,pending,,,,,,,,,,,,Approved,
erpnext,Out of stock,,,,erpnext,,غير متوفر في المخزون,غير متوفر في المخزون,,inventory,missing,,,,,,,,,,,,Pending,
erpnext,Applicable on Material Request,,,,erpnext,ينطبق على طلب المواد,,ينطبق على طلب المواد,,inventory,pending,,,,,,,,,,,,Approved,
erpnext,Item Lead Time,,,,erpnext,,مدة توريد الصنف,مدة توريد الصنف,,inventory,missing,,,,,,,,,,,,Pending,
erpnext,No Stock Available Currently,,,,erpnext,,لا يوجد مخزون متاح حاليا,لا يوجد مخزون متاح حاليا,,inventory,missing,,,,,,,,,,,,Pending,
erpnext,Stock cannot be updated against Purchase Receipt {0},,,,erpnext,لا يمكن تحديث المخزون مقابل إيصال الشراء {0}\n<br>\nStock cannot be updated against Purchase Receipt {0},,لا يمكن تحديث المخزون مقابل إيصال الشراء {0}\n<br>\nStock cannot be updated against Purchase Receipt {0},,inventory,pending,,,,,,,,,,html_imbalance,,Approved,
erpnext,Current Stock,,,,erpnext,المخزون الحالية,,المخزون الحالية,,inventory,pending,,,,,,,,,,,,Approved,
erpnext,"'Inspection Required before Delivery' has disabled for the item {0}, no need to create the QI",,,,erpnext,,,,,inventory,missing,,,,,,,,,,placeholder_mismatch,,Pending,
erpnext,Duplicate Stock Closing Entry,,,,erpnext,,,,,inventory,missing,,,,,,,,,,,,Pending,
erpnext,Distinct Item and Warehouse,,,,erpnext,,,,,inventory,missing,,,,,,,,,,,,Pending,
erpnext,"Default tax templates for sales, purchase and items are created.",,,,erpnext,,,,,inventory,missing,,,,,,,,,,,,Pending,
erpnext,Finished Goods Item,,,,erpnext,,صنف المنتجات النهائية,صنف المنتجات النهائية,,inventory,missing,,,,,,,,,,,,Pending,
erpnext,Items to Be Repost,,,,erpnext,,الأصناف المطلوب إعادة ترحيلها,الأصناف المطلوب إعادة ترحيلها,,inventory,missing,,,,,,,,,,,,Pending,
erpnext,"Item Price appears multiple times based on Price List, Supplier/Customer, Currency, Item, Batch, UOM, Qty, and Dates.",,,,erpnext,,,,,inventory,missing,,,,,,,,,,,,Pending,
erpnext,Asset Category is mandatory for Fixed Asset item,,,,erpnext,فئة الموجودات إلزامية لبنود الموجودات الثابتة\n<br>\nAsset Category is mandatory for Fixed Asset item,,فئة الموجودات إلزامية لبنود الموجودات الثابتة\n<br>\nAsset Category is mandatory for Fixed Asset item,,inventory,pending,,,,,,,,,,html_imbalance,,Approved,
erpnext,Source Warehouse Address,,,,erpnext,عنوان مستودع المصدر,,عنوان مستودع المصدر,,inventory,pending,,,,,,,,,,,,Approved,
erpnext,Select Items for Quality Inspection,,,,erpnext,,تحديد أصناف لفحص الجودة,تحديد أصناف لفحص الجودة,,inventory,missing,,,,,,,,,,,,Pending,
erpnext,Row #{0}: Item {1} is not a Serialized/Batched Item. It cannot have a Serial No/Batch No against it.,,,,erpnext,الصف # {0}: العنصر {1} ليس عنصرًا تسلسليًا / مُجمَّع. لا يمكن أن يكون له رقم مسلسل / لا دفعة ضده.,,الصف # {0}: العنصر {1} ليس عنصرًا تسلسليًا / مُجمَّع. لا يمكن أن يكون له رقم مسلسل / لا دفعة ضده.,,inventory,pending,,,,,,,,,,,,Approved,
erpnext,Capital Stock,,,,erpnext,رأس المال,,رأس المال,,inventory,pending,,,,,,,,,,,,Approved,
erpnext,Report Line Items,,,,erpnext,,بنود التقرير,بنود التقرير,,inventory,missing,,,,,,,,,,,,Pending,
erpnext,Show Barcode Field in Stock Transactions,,,,erpnext,,إظهار حقل الباركود في معاملات المخزون,إظهار حقل الباركود في معاملات المخزون,,inventory,missing,,,,,,,,,,,,Pending,
erpnext,Stock Reservation Entries created,,,,erpnext,,,,,inventory,missing,,,,,,,,,,,,Pending,
erpnext,"If enabled, the Scrap Item generated against a Finished Good will also be added in the Stock Entry when delivering that Finished Good.",,,,erpnext,,,,,inventory,missing,,,,,,,,,,,,Pending,
construction,Item,,,,construction,بند,الصنف,الصنف,,inventory,pending,,,,,,,,,,,1,Approved,
erpnext,Is Phantom Item,,,,erpnext,,صنف وهمي,صنف وهمي,,inventory,missing,,,,,,,,,,,,Pending,
erpnext,Row #{0}: The warehouse {1} is not a child warehouse of a group warehouse {2},,,,erpnext,,,,,inventory,missing,,,,,,,,,,placeholder_mismatch,,Pending,
erpnext,Allow Multiple Material Consumption,,,,erpnext,السماح باستهلاك المواد المتعددة,,السماح باستهلاك المواد المتعددة,,inventory,pending,,,,,,,,,,,,Approved,
erpnext,Valuation rate for customer provided items has been set to zero.,,,,erpnext,,,,,inventory,missing,,,,,,,,,,,,Pending,
erpnext,Row #{0}: Quality Inspection {1} was rejected for item {2},,,,erpnext,,,,,inventory,missing,,,,,,,,,,placeholder_mismatch,,Pending,
erpnext,Skip Material Transfer to WIP Warehouse,,,,erpnext,تخطي نقل المواد إلى مستودع WIP,,تخطي نقل المواد إلى مستودع WIP,,inventory,pending,,,,,,,,,,,,Approved,
erpnext,Freeze Stocks Older Than (Days),,,,erpnext,تجميد المخزونات أقدم من (أيام),,تجميد المخزونات أقدم من (أيام),,inventory,pending,,,,,,,,,,,,Approved,
erpnext,Customer's Item Code,,,,erpnext,كود صنف العميل,,كود صنف العميل,,inventory,pending,,,,,,,,,,,,Approved,
erpnext,Set targets Item Group-wise for this Sales Person.,,,,erpnext,تحديد أهداف المجموعة السلعة الحكيم لهذا الشخص المبيعات.,,تحديد أهداف المجموعة السلعة الحكيم لهذا الشخص المبيعات.,,inventory,pending,,,,,,,,,,,,Approved,
erpnext,Against Delivery Note Item,,,,erpnext,ضد بند مذكرة التسليم,,ضد بند مذكرة التسليم,,inventory,pending,,,,,,,,,,,,Approved,
erpnext,Stock Entry Type,,,,erpnext,نوع إدخال الأسهم,,نوع إدخال الأسهم,,inventory,pending,,,,,,,,,,,,Approved,
erpnext,Row #{idx}: Please enter a location for the asset item {item_code}.,,,,erpnext,,,,,inventory,missing,,,,,,,,,,placeholder_mismatch,,Pending,
erpnext,At row {0}: Batch No is mandatory for Item {1},,,,erpnext,,,,,inventory,missing,,,,,,,,,,placeholder_mismatch,,Pending,
erpnext,You cannot repost item valuation before {},,,,erpnext,,,,,inventory,missing,,,,,,,,,,,,Pending,
erpnext,Stock Adjustment,,,,erpnext,تسوية المخزون,,تسوية المخزون,,inventory,pending,,,,,,,,,,,,Approved,
erpnext,Sets 'Accepted Warehouse' in each row of the Items table.,,,,erpnext,,,,,inventory,missing,,,,,,,,,,,,Pending,
erpnext,Purchase Date,,,,erpnext,تاريخ الشراء,,تاريخ الشراء,,inventory,pending,,,,,,,,,,,,Approved,
erpnext,Territory Target Variance Based On Item Group,,,,erpnext,التباين المستهدف للمنطقة بناءً على مجموعة العناصر,,التباين المستهدف للمنطقة بناءً على مجموعة العناصر,,inventory,pending,,,,,,,,,,,,Approved,
erpnext,Row #{0}: Rejected Qty cannot be set for Scrap Item {1}.,,,,erpnext,,,,,inventory,missing,,,,,,,,,,placeholder_mismatch,,Pending,
erpnext,"If this item has variants, then it cannot be selected in sales orders etc.",,,,erpnext,إذا كان هذا البند لديها بدائل، فإنه لا يمكن اختيارها في أوامر البيع الخ,,إذا كان هذا البند لديها بدائل، فإنه لا يمكن اختيارها في أوامر البيع الخ,,inventory,pending,,,,,,,,,,,,Approved,
erpnext,Purchase Receipt Detail,,,,erpnext,شراء إيصال التفاصيل,,شراء إيصال التفاصيل,,inventory,pending,,,,,,,,,,,,Approved,
erpnext,Service Item {0} is disabled.,,,,erpnext,,,,,inventory,missing,,,,,,,,,,placeholder_mismatch,,Pending,
erpnext,Delivery warehouse required for stock item {0},,,,erpnext,مستودع التسليم مطلوب للبند المستودعي {0}\n<br>\nDelivery warehouse required for stock item {0},,مستودع التسليم مطلوب للبند المستودعي {0}\n<br>\nDelivery warehouse required for stock item {0},,inventory,pending,,,,,,,,,,html_imbalance,,Approved,
erpnext,Default Finished Goods Warehouse,,,,erpnext,المخزن الافتراضي للبضائع التامة الصنع,,المخزن الافتراضي للبضائع التامة الصنع,,inventory,pending,,,,,,,,,,,,Approved,
erpnext,Inventory Dimension,,,,erpnext,,بُعد المخزون,بُعد المخزون,,inventory,missing,,,,,,,,,,,,Pending,
erpnext,Raw Materials to Customer,,,,erpnext,,مواد خام إلى العميل,مواد خام إلى العميل,,inventory,missing,,,,,,,,,,,,Pending,
erpnext,Sub Assemblies & Raw Materials,,,,erpnext,,التجميعات الفرعية والمواد الخام,التجميعات الفرعية والمواد الخام,,inventory,missing,,,,,,,,,,,,Pending,
erpnext,Item is removed since no serial / batch no selected.,,,,erpnext,,,,,inventory,missing,,,,,,,,,,,,Pending,
erpnext,"This will be appended to the Item Code of the variant. For example, if your abbreviation is ""SM"", and the item code is ""T-SHIRT"", the item code of the variant will be ""T-SHIRT-SM""",,,,erpnext,"سيتم إلحاق هذا إلى بند رمز للمتغير. على سبيل المثال، إذا اختصار الخاص بك هو ""SM""، ورمز البند هو ""T-SHIRT""، رمز العنصر المتغير سيكون ""T-SHIRT-SM""",,"سيتم إلحاق هذا إلى بند رمز للمتغير. على سبيل المثال، إذا اختصار الخاص بك هو ""SM""، ورمز البند هو ""T-SHIRT""، رمز العنصر المتغير سيكون ""T-SHIRT-SM""",,inventory,pending,,,,,,,,,,,,Approved,
erpnext,Item to be manufactured or repacked,,,,erpnext,الصنف الذي سيتم تصنيعه أو إعادة تعبئته,,الصنف الذي سيتم تصنيعه أو إعادة تعبئته,,inventory,pending,,,,,,,,,,,,Approved,
erpnext,(E) Balance Stock Value in Queue,,,,erpnext,,,,,inventory,missing,,,,,,,,,,,,Pending,
erpnext,Select Alternate Item,,,,erpnext,اختر البند البديل,,اختر البند البديل,,inventory,pending,,,,,,,,,,,,Approved,
erpnext,Duplicate item group found in the item group table,,,,erpnext,تم العثور علي مجموعه عناصر مكرره في جدول مجموعه الأصناف\n<br>\nDuplicate item group found in the item group table,,تم العثور علي مجموعه عناصر مكرره في جدول مجموعه الأصناف\n<br>\nDuplicate item group found in the item group table,,inventory,pending,,,,,,,,,,html_imbalance,,Approved,
erpnext,Item Locations,,,,erpnext,مواقع البند,,مواقع البند,,inventory,pending,,,,,,,,,,,,Approved,
erpnext,Get Items from Open Material Requests,,,,erpnext,الحصول على عناصر من طلبات فتح المواد,,الحصول على عناصر من طلبات فتح المواد,,inventory,pending,,,,,,,,,,,,Approved,
erpnext,Available Qty at Source Warehouse,,,,erpnext,الكمية المتاحة في مستودع المصدر,,الكمية المتاحة في مستودع المصدر,,inventory,pending,,,,,,,,,,,,Approved,
erpnext,Stock Reservation can only be created against {0}.,,,,erpnext,,,,,inventory,missing,,,,,,,,,,placeholder_mismatch,,Pending,
erpnext,Reserving Stock...,,,,erpnext,,جار حجز المخزون...,جار حجز المخزون...,,inventory,missing,,,,,,,,,,,,Pending,
erpnext,You are not authorized to make/edit Stock Transactions for Item {0} under warehouse {1} before this time.,,,,erpnext,,,,,inventory,missing,,,,,,,,,,placeholder_mismatch,,Pending,
erpnext,Please enable Applicable on Purchase Order and Applicable on Booking Actual Expenses,,,,erpnext,يرجى تمكين Applicable على أمر الشراء والتطبيق على المصروفات الفعلية للحجز,,يرجى تمكين Applicable على أمر الشراء والتطبيق على المصروفات الفعلية للحجز,,inventory,pending,,,,,,,,,,,,Approved,
erpnext,Stock Assets,,,,erpnext,اصول المخزون,,اصول المخزون,,inventory,pending,,,,,,,,,,,,Approved,
erpnext,Supplier Item,,,,erpnext,,عنصر المورد,عنصر المورد,,inventory,missing,,,,,,,,,,,,Pending,
erpnext,BOM {0} does not belong to Item {1},,,,erpnext,قائمة المواد {0} لا تنتمي إلى الصنف {1},,قائمة المواد {0} لا تنتمي إلى الصنف {1},,inventory,pending,,,,,,,,,,,,Approved,
erpnext,Incorrect Stock Value Report,,,,erpnext,,تقرير قيمة المخزون غير الصحيحة,تقرير قيمة المخزون غير الصحيحة,,inventory,missing,,,,,,,,,,,,Pending,
erpnext,Raw materials consumed qty will be validated based on FG BOM required qty,,,,erpnext,,,,,inventory,missing,,,,,,,,,,,,Pending,
erpnext,No item available for transfer.,,,,erpnext,,,,,inventory,missing,,,,,,,,,,,,Pending,
erpnext,"<table class=""table table-bordered table-condensed"">
<thead>
  <tr>
         <th class=""table-sr"" style=""width: 50%;"">Child Document</th>
         <th class=""table-sr"" style=""width: 50%;"">Non Child Document</th>
   </tr>
</thead>
<tbody>
<tr>
         <td>
                  <p> To access parent document field use parent.fieldname and to access child table document field use doc.fieldname </p>

         </td>
         <td>
                    <p>To access document field use doc.fieldname </p>
         </td>
</tr>
<tr>
        <td>
                   <p><b>Example: </b> parent.doctype == ""Stock Entry"" and doc.item_code == ""Test"" </p>

        </td>
         <td>
                   <p><b>Example: </b> doc.doctype == ""Stock Entry"" and doc.purpose == ""Manufacture""</p>    
          </td>
</tr>

</tbody>
</table>






",,,,erpnext,,,,,inventory,missing,,,,,,,,,,html_imbalance;whitespace,,Pending,
erpnext,Default Unit of Measure for Item {0} cannot be changed directly because you have already made some transaction(s) with another UOM. You need to either cancel the linked documents or create a new Item.,,,,erpnext,,,,,inventory,missing,,,,,,,,,,placeholder_mismatch,,Pending,
erpnext,Ignore Empty Stock,,,,erpnext,,تجاهل المخزون الفارغ,تجاهل المخزون الفارغ,,inventory,missing,,,,,,,,,,,,Pending,
erpnext,"Row #{0}: Item {1} has been picked, please reserve stock from the Pick List.",,,,erpnext,,,,,inventory,missing,,,,,,,,,,placeholder_mismatch,,Pending,
erpnext,"If yes, then this warehouse will be used to store rejected materials",,,,erpnext,,,,,inventory,missing,,,,,,,,,,,,Pending,
erpnext,Row #{0}: Qty should be less than or equal to Available Qty to Reserve (Actual Qty - Reserved Qty) {1} for Iem {2} against Batch {3} in Warehouse {4}.,,,,erpnext,,,,,inventory,missing,,,,,,,,,,placeholder_mismatch,,Pending,
erpnext,Customer Items,,,,erpnext,منتجات العميل,,منتجات العميل,,inventory,pending,,,,,,,,,,,,Approved,
erpnext,Master Production Schedule Item,,,,erpnext,,عنصر خطة الإنتاج الرئيسية,عنصر خطة الإنتاج الرئيسية,,inventory,missing,,,,,,,,,,,,Pending,
erpnext,Cannot find Item or Warehouse with this Barcode,,,,erpnext,,,,,inventory,missing,,,,,,,,,,,,Pending,
erpnext,Transfer From Warehouses,,,,erpnext,,النقل من المستودعات,النقل من المستودعات,,inventory,missing,,,,,,,,,,,,Pending,
erpnext,"If enabled, the system will use the moving average valuation method to calculate the valuation rate for the batched items and will not consider the individual batch-wise incoming rate.",,,,erpnext,,,,,inventory,missing,,,,,,,,,,,,Pending,
erpnext,Customer's Purchase Order,,,,erpnext,طلب شراء الزبون,,طلب شراء الزبون,,inventory,pending,,,,,,,,,,,,Approved,
erpnext,At least one warehouse is mandatory,,,,erpnext,,,,,inventory,missing,,,,,,,,,,,,Pending,
erpnext,Exploded Items,,,,erpnext,العناصر المتفجرة,,العناصر المتفجرة,,inventory,pending,,,,,,,,,,,,Approved,
erpnext,If enabled then system won't override the picked qty / batches / serial numbers / warehouse.,,,,erpnext,,,,,inventory,missing,,,,,,,,,,,,Pending,
erpnext,"{0} Retain Sample is based on batch, please check Has Batch No to retain sample of item",,,,erpnext,{0} يعتمد الاحتفاظ بالعينة على الدُفعة ، يُرجى تحديد &quot;رقم الدُفعة&quot; للاحتفاظ بعينة من العنصر,,{0} يعتمد الاحتفاظ بالعينة على الدُفعة ، يُرجى تحديد &quot;رقم الدُفعة&quot; للاحتفاظ بعينة من العنصر,,inventory,pending,,,,,,,,,,,,Approved,
erpnext,Set Warehouse,,,,erpnext,,تعيين المستودع,تعيين المستودع,,inventory,missing,,,,,,,,,,,,Pending,
erpnext,Allowed Items,,,,erpnext,,الأصناف المسموحة,الأصناف المسموحة,,inventory,missing,,,,,,,,,,,,Pending,
erpnext,(Purchase Order + Material Request + Actual Expense),,,,erpnext,,,,,inventory,missing,,,,,,,,,,,,Pending,
erpnext,Purchase,,,,erpnext,الشراء,شراء,شراء,,inventory,pending,,,,,,,,,,,,Approved,
erpnext,Serial & Batch Item Settings,,,,erpnext,,إعدادات الأصناف التسلسلية والدفعات,إعدادات الأصناف التسلسلية والدفعات,,inventory,missing,,,,,,,,,,,,Pending,
erpnext,Row #{0}: Cannot delete item {1} which has already been delivered,,,,erpnext,الصف # {0}: لا يمكن حذف العنصر {1} الذي تم تسليمه بالفعل,,الصف # {0}: لا يمكن حذف العنصر {1} الذي تم تسليمه بالفعل,,inventory,pending,,,,,,,,,,,,Approved,
erpnext,Warehouse cannot be changed for Serial No.,,,,erpnext,المستودع لا يمكن ان يكون متغير لرقم تسلسلى.\n<br>\nWarehouse cannot be changed for Serial No.,,المستودع لا يمكن ان يكون متغير لرقم تسلسلى.\n<br>\nWarehouse cannot be changed for Serial No.,,inventory,pending,,,,,,,,,,html_imbalance,,Approved,
erpnext,Item Variant Details,,,,erpnext,الصنف تفاصيل متغير,,الصنف تفاصيل متغير,,inventory,pending,,,,,,,,,,,,Approved,
erpnext,{0} units of {1} are required in {2} with the inventory dimension: {3} on {4} {5} for {6} to complete the transaction.,,,,erpnext,,,,,inventory,missing,,,,,,,,,,placeholder_mismatch,,Pending,
erpnext,Purchase Receipt Trends,,,,erpnext,شراء اتجاهات الإيصال,,شراء اتجاهات الإيصال,,inventory,pending,,,,,,,,,,,,Approved,
erpnext,Purchase Order Item Supplied,,,,erpnext,الأصناف المزوده بامر الشراء,,الأصناف المزوده بامر الشراء,,inventory,pending,,,,,,,,,,,,Approved,
erpnext,"All the required items (raw materials) will be fetched from BOM and populated in this table. Here you can also change the Source Warehouse for any item. And during the production, you can track transferred raw materials from this table.",,,,erpnext,,,,,inventory,missing,,,,,,,,,,,,Pending,
erpnext,Customer Warehouse {0} does not belong to Customer {1}.,,,,erpnext,,,,,inventory,missing,,,,,,,,,,placeholder_mismatch,,Pending,
erpnext,Row #{0}: Customer Provided Item {1} is not a part of Work Order {2},,,,erpnext,,,,,inventory,missing,,,,,,,,,,placeholder_mismatch,,Pending,
erpnext,Add Items,,,,erpnext,إضافة بنود,,إضافة بنود,,inventory,pending,,,,,,,,,,,,Approved,
erpnext,Row #{0}: Cannot delete item {1} which has already been billed.,,,,erpnext,الصف # {0}: لا يمكن حذف العنصر {1} الذي تم تحرير فاتورة به بالفعل.,,الصف # {0}: لا يمكن حذف العنصر {1} الذي تم تحرير فاتورة به بالفعل.,,inventory,pending,,,,,,,,,,,,Approved,
erpnext,Customer Provided Item Cost,,,,erpnext,,تكلفة الصنف المقدم من العميل,تكلفة الصنف المقدم من العميل,,inventory,missing,,,,,,,,,,,,Pending,
erpnext,Item Description,,,,erpnext,وصف الصنف,,وصف الصنف,,inventory,pending,,,,,,,,,,,,Approved,
erpnext,Asset Movement Item,,,,erpnext,بند حركة الأصول,,بند حركة الأصول,,inventory,pending,,,,,,,,,,,,Approved,
erpnext,Auto Reserve Stock,,,,erpnext,,حجز المخزون تلقائيا,حجز المخزون تلقائيا,,inventory,missing,,,,,,,,,,,,Pending,
erpnext,Source Warehouse is mandatory for the Item {0}.,,,,erpnext,,,,,inventory,missing,,,,,,,,,,placeholder_mismatch,,Pending,
erpnext,An Item Group is a way to classify items based on types.,,,,erpnext,,,,,inventory,missing,,,,,,,,,,,,Pending,
erpnext,Items to Order and Receive,,,,erpnext,,أصناف للطلب والاستلام,أصناف للطلب والاستلام,,inventory,missing,,,,,,,,,,,,Pending,
erpnext,Item Variants updated,,,,erpnext,تم تحديث متغيرات العنصر,,تم تحديث متغيرات العنصر,,inventory,pending,,,,,,,,,,,,Approved,
erpnext,Item Code > Item Group > Brand,,,,erpnext,,,,,inventory,missing,,,,,,,,,,,,Pending,
erpnext,BOM does not contain any stock item,,,,erpnext,فاتورة الموارد لا تحتوي على أي صنف مخزون,,فاتورة الموارد لا تحتوي على أي صنف مخزون,,inventory,pending,,,,,,,,,,,,Approved,
erpnext,Item Group wise Discount,,,,erpnext,,خصم حسب مجموعة الأصناف,خصم حسب مجموعة الأصناف,,inventory,missing,,,,,,,,,,,,Pending,
erpnext,All items have already been transferred for this Work Order.,,,,erpnext,جميع الإصناف تم نقلها لأمر العمل,,جميع الإصناف تم نقلها لأمر العمل,,inventory,pending,,,,,,,,,,,,Approved,
erpnext,Default Material Request Type,,,,erpnext,النوع الافتراضي لـ مستند 'طلب مواد',,النوع الافتراضي لـ مستند 'طلب مواد',,inventory,pending,,,,,,,,,,,,Approved,
erpnext,Is Stock Item,,,,erpnext,,صنف مخزني,صنف مخزني,,inventory,missing,,,,,,,,,,,,Pending,
erpnext, Skip Material Transfer,,,,erpnext,,,,,inventory,missing,,,,,,,,,,whitespace,,Pending,
erpnext,Stock Expenses,,,,erpnext,مصاريف المخزون,,مصاريف المخزون,,inventory,pending,,,,,,,,,,,,Approved,
erpnext,Purchase Order already created for all Sales Order items,,,,erpnext,تم إنشاء أمر الشراء بالفعل لجميع بنود أوامر المبيعات,,تم إنشاء أمر الشراء بالفعل لجميع بنود أوامر المبيعات,,inventory,pending,,,,,,,,,,,,Approved,
erpnext,Rate of Stock UOM,,,,erpnext,,سعر وحدة قياس المخزون,سعر وحدة قياس المخزون,,inventory,missing,,,,,,,,,,,,Pending,
erpnext,Items Required,,,,erpnext,العناصر المطلوبة,,العناصر المطلوبة,,inventory,pending,,,,,,,,,,,,Approved,
erpnext,Warn Purchase Orders,,,,erpnext,تحذير أوامر الشراء,,تحذير أوامر الشراء,,inventory,pending,,,,,,,,,,,,Approved,
erpnext,Scrap Items,,,,erpnext,الخردة الأصناف,,الخردة الأصناف,,inventory,pending,,,,,,,,,,,,Approved,
erpnext,Is Free Item,,,,erpnext,هو البند الحرة,,هو البند الحرة,,inventory,pending,,,,,,,,,,,,Approved,
erpnext,"Row #{0}: Item {1} in warehouse {2}: Available {3}, Needed {4}.",,,,erpnext,,,,,inventory,missing,,,,,,,,,,placeholder_mismatch,,Pending,
erpnext,Item {0} must be a Non-Stock Item,,,,erpnext,,,,,inventory,missing,,,,,,,,,,placeholder_mismatch,,Pending,
erpnext,"The percentage you are allowed to bill more against the amount ordered. For example, if the order value is $100 for an item and tolerance is set as 10%, then you are allowed to bill up to $110 ",,,,erpnext,,,,,inventory,missing,,,,,,,,,,whitespace,,Pending,
erpnext,"Row #{0}: Source, Target Warehouse and Inventory Dimensions cannot be the exact same for Material Transfer",,,,erpnext,,,,,inventory,missing,,,,,,,,,,placeholder_mismatch,,Pending,
erpnext,Supplier Group Item,,,,erpnext,,عنصر مجموعة الموردين,عنصر مجموعة الموردين,,inventory,missing,,,,,,,,,,,,Pending,
erpnext,Unreserve Stock,,,,erpnext,,إلغاء حجز المخزون,إلغاء حجز المخزون,,inventory,missing,,,,,,,,,,,,Pending,
erpnext,Show Items,,,,erpnext,إظهار العناصر,,إظهار العناصر,,inventory,pending,,,,,,,,,,,,Approved,
erpnext,Update Stock,,,,erpnext,تحديث المخزون,,تحديث المخزون,,inventory,pending,,,,,,,,,,,,Approved,
erpnext,Scrap date cannot be before purchase date,,,,erpnext,,,,,inventory,missing,,,,,,,,,,,,Pending,
erpnext,"Successfully changed Stock UOM, please redefine conversion factors for new UOM.",,,,erpnext,,,,,inventory,missing,,,,,,,,,,,,Pending,
erpnext,Cannot create a pick list for Sales Order {0} because it has reserved stock. Please unreserve the stock in order to create a pick list.,,,,erpnext,,,,,inventory,missing,,,,,,,,,,placeholder_mismatch,,Pending,
erpnext,Raw Material Value,,,,erpnext,,قيمة المادة الخام,قيمة المادة الخام,,inventory,missing,,,,,,,,,,,,Pending,
erpnext,Stock not available for Item {0} in Warehouse {1}.,,,,erpnext,,,,,inventory,missing,,,,,,,,,,placeholder_mismatch,,Pending,
erpnext,Material Returned from WIP,,,,erpnext,,مواد مرتجعة من تحت التشغيل,مواد مرتجعة من تحت التشغيل,,inventory,missing,,,,,,,,,,,,Pending,
erpnext,Work Order cannot be raised against a Item Template,,,,erpnext,لا يمكن رفع أمر العمل مقابل قالب العنصر,,لا يمكن رفع أمر العمل مقابل قالب العنصر,,inventory,pending,,,,,,,,,,,,Approved,
erpnext,BOM Item,,,,erpnext,صنف قائمة المواد,,صنف قائمة المواد,,inventory,pending,,,,,,,,,,,,Approved,
erpnext,Cannot find Item with this Barcode,,,,erpnext,لا يمكن العثور على عنصر بهذا الرمز الشريطي,,لا يمكن العثور على عنصر بهذا الرمز الشريطي,,inventory,pending,,,,,,,,,,,,Approved,
erpnext,Please set Parent Row No for item {0},,,,erpnext,,,,,inventory,missing,,,,,,,,,,placeholder_mismatch,,Pending,
erpnext,Stock Value by Item Group,,,,erpnext,,قيمة المخزون حسب مجموعة الأصناف,قيمة المخزون حسب مجموعة الأصناف,,inventory,missing,,,,,,,,,,,,Pending,
erpnext,Perpetual inventory required for the company {0} to view this report.,,,,erpnext,المخزون الدائم المطلوب للشركة {0} لمشاهدة هذا التقرير.,,المخزون الدائم المطلوب للشركة {0} لمشاهدة هذا التقرير.,,inventory,pending,,,,,,,,,,,,Approved,
erpnext,Row {0}: Please select an valid BOM for Item {1}.,,,,erpnext,,,,,inventory,missing,,,,,,,,,,placeholder_mismatch,,Pending,
frappe,Items,,,,frappe,الاصناف,الأصناف,الأصناف,,inventory,pending,,,,,,,,,,,,Approved,
erpnext,"Example: ABCD.#####. If series is set and Batch No is not mentioned in transactions, then automatic batch number will be created based on this series. If you always want to explicitly mention Batch No for this item, leave this blank. Note: this setting will take priority over the Naming Series Prefix in Stock Settings.",,,,erpnext,مثال: ABCD. #####. إذا تم ضبط المسلسل ولم يتم ذكر رقم الدفعة في المعاملات ، فسيتم إنشاء رقم الدفعة تلقائيًا استنادًا إلى هذه السلسلة. إذا كنت تريد دائمًا الإشارة صراحة إلى Batch No لهذا العنصر ، فاترك هذا فارغًا. ملاحظة: سيأخذ هذا الإعداد الأولوية على بادئة Naming Series في إعدادات المخزون.,,مثال: ABCD. #####. إذا تم ضبط المسلسل ولم يتم ذكر رقم الدفعة في المعاملات ، فسيتم إنشاء رقم الدفعة تلقائيًا استنادًا إلى هذه السلسلة. إذا كنت تريد دائمًا الإشارة صراحة إلى Batch No لهذا العنصر ، فاترك هذا فارغًا. ملاحظة: سيأخذ هذا الإعداد الأولوية على بادئة Naming Series في إعدادات المخزون.,,inventory,pending,,,,,,,,,,,,Approved,
erpnext,Also you can't switch back to FIFO after setting the valuation method to Moving Average for this item.,,,,erpnext,,,,,inventory,missing,,,,,,,,,,,,Pending,
erpnext,Sub assembly item references are missing. Please fetch the sub assemblies and raw materials again.,,,,erpnext,,,,,inventory,missing,,,,,,,,,,,,Pending,
erpnext,Not allow to set alternative item for the item {0},,,,erpnext,لا تسمح بتعيين عنصر بديل للعنصر {0},,لا تسمح بتعيين عنصر بديل للعنصر {0},,inventory,pending,,,,,,,,,,,,Approved,
erpnext,Items rate has been updated to zero as Allow Zero Valuation Rate is checked for the following items: {0},,,,erpnext,,,,,inventory,missing,,,,,,,,,,placeholder_mismatch,,Pending,
erpnext,Row #{0}: Finished Good Item Qty can not be zero,,,,erpnext,,,,,inventory,missing,,,,,,,,,,placeholder_mismatch,,Pending,
erpnext,Additional Material Transfer,,,,erpnext,,نقل مواد إضافية,نقل مواد إضافية,,inventory,missing,,,,,,,,,,,,Pending,
frappe,Item Type,,,,frappe,نوع العنصر,نوع البند,نوع البند,,inventory,pending,,,,,,,,,,,,Approved,
erpnext,Row {0}: Delivery Warehouse cannot be same as Customer Warehouse for Item {1}.,,,,erpnext,,,,,inventory,missing,,,,,,,,,,placeholder_mismatch,,Pending,
erpnext,Item Price Stock,,,,erpnext,سعر صنف المخزون,,سعر صنف المخزون,,inventory,pending,,,,,,,,,,,,Approved,
erpnext,Purchase Order Required,,,,erpnext,أمر الشراء مطلوب,,أمر الشراء مطلوب,,inventory,pending,,,,,,,,,,,,Approved,
erpnext,Regenerate Stock Closing Entry,,,,erpnext,,إعادة إنشاء قيد إغلاق المخزون,إعادة إنشاء قيد إغلاق المخزون,,inventory,missing,,,,,,,,,,,,Pending,
erpnext,Row #{0}: Stock cannot be reserved for Item {1} against a disabled Batch {2}.,,,,erpnext,,,,,inventory,missing,,,,,,,,,,placeholder_mismatch,,Pending,
erpnext,All items in this document already have a linked Quality Inspection.,,,,erpnext,,,,,inventory,missing,,,,,,,,,,,,Pending,
erpnext,Requested Items to Order and Receive,,,,erpnext,العناصر المطلوبة للطلب والاستلام,,العناصر المطلوبة للطلب والاستلام,,inventory,pending,,,,,,,,,,,,Approved,
erpnext,"The task has been enqueued as a background job. In case there is any issue on processing in background, the system will add a comment about the error on this Stock Reconciliation and revert to the Submitted stage",,,,erpnext,,,,,inventory,missing,,,,,,,,,,,,Pending,
erpnext,Item must be added using 'Get Items from Purchase Receipts' button,,,,erpnext,"الصنف يجب اضافته مستخدما  مفتاح ""احصل علي الأصناف من المشتريات المستلمة """,,"الصنف يجب اضافته مستخدما  مفتاح ""احصل علي الأصناف من المشتريات المستلمة """,,inventory,pending,,,,,,,,,,,,Approved,
erpnext,Insufficient Stock for Batch,,,,erpnext,,مخزون غير كاف للدفعة,مخزون غير كاف للدفعة,,inventory,missing,,,,,,,,,,,,Pending,
erpnext,Itemwise Discount,,,,erpnext,التخفيض وفقاً للصنف,,التخفيض وفقاً للصنف,,inventory,pending,,,,,,,,,,,,Approved,
erpnext,Item Quality Inspection Parameter,,,,erpnext,معلمة تفتيش جودة الصنف,,معلمة تفتيش جودة الصنف,,inventory,pending,,,,,,,,,,,,Approved,
erpnext,"On expanding a row in the Items to Manufacture table, you'll see an option to 'Include Exploded Items'. Ticking this includes raw materials of the sub-assembly items in the production process.",,,,erpnext,,,,,inventory,missing,,,,,,,,,,,,Pending,
erpnext,Row #{0}: Finished Good Item is not specified for service item {1},,,,erpnext,,,,,inventory,missing,,,,,,,,,,placeholder_mismatch,,Pending,
erpnext,Stock Uom,,,,erpnext,وحدة قياس السهم,,وحدة قياس السهم,,inventory,pending,,,,,,,,,,,,Approved,
erpnext,Get Items from Product Bundle,,,,erpnext,الحصول على أصناف من حزمة المنتج,,الحصول على أصناف من حزمة المنتج,,inventory,pending,,,,,,,,,,,,Approved,
erpnext,"Warehouse {0} is not allowed for Sales Order {1}, it should be {2}",,,,erpnext,,,,,inventory,missing,,,,,,,,,,placeholder_mismatch,,Pending,
erpnext,"If enabled, the source and target warehouse in the Material Transfer Stock Entry must be different else an error will be thrown. If inventory dimensions are present, same source and target warehouse can be allowed but atleast any one of the inventory dimension fields must be different.",,,,erpnext,,,,,inventory,missing,,,,,,,,,,,,Pending,
erpnext,Production Plan Sub Assembly Item,,,,erpnext,,عنصر تجميع فرعي لخطة الإنتاج,عنصر تجميع فرعي لخطة الإنتاج,,inventory,missing,,,,,,,,,,,,Pending,
erpnext,Row #{0}: Item added,,,,erpnext,الصف # {0}: تمت إضافة العنصر,,الصف # {0}: تمت إضافة العنصر,,inventory,pending,,,,,,,,,,,,Approved,
erpnext,Stock Entry Child,,,,erpnext,الأسهم دخول الطفل,سطر حركة المخزون الفرعي,سطر حركة المخزون الفرعي,,inventory,pending,,,,,,,,,,,,Approved,
erpnext,Serial numbers unavailable for Item {0} under warehouse {1}. Please try changing warehouse.,,,,erpnext,,,,,inventory,missing,,,,,,,,,,placeholder_mismatch,,Pending,
erpnext,Cancel Material Visits {0} before cancelling this Maintenance Visit,,,,erpnext,إلغاء المواد الخاصة بالزيارة {0} قبل إلغاء زيارة الصيانة هذه,,إلغاء المواد الخاصة بالزيارة {0} قبل إلغاء زيارة الصيانة هذه,,inventory,pending,,,,,,,,,,,,Approved,
erpnext,(H) Change in Stock Value (FIFO Queue),,,,erpnext,,,,,inventory,missing,,,,,,,,,,,,Pending,
erpnext,Parent Warehouse,,,,erpnext,المستودع الأصل,,المستودع الأصل,,inventory,pending,,,,,,,,,,,,Approved,
erpnext,Show Pay Button in Purchase Order Portal,,,,erpnext,,إظهار زر الدفع في بوابة أمر الشراء,إظهار زر الدفع في بوابة أمر الشراء,,inventory,missing,,,,,,,,,,,,Pending,
erpnext,Scrap Item Name,,,,erpnext,,اسم صنف الهالك,اسم صنف الهالك,,inventory,missing,,,,,,,,,,,,Pending,
erpnext,Actual Qty in Warehouse,,,,erpnext,الكمية الفعلية في المستودع,,الكمية الفعلية في المستودع,,inventory,pending,,,,,,,,,,,,Approved,
erpnext,Default settings for your stock-related transactions,,,,erpnext,,,,,inventory,missing,,,,,,,,,,,,Pending,
erpnext,This Item is a Variant of {0} (Template).,,,,erpnext,هذا العنصر هو متغير {0} (قالب).,,هذا العنصر هو متغير {0} (قالب).,,inventory,pending,,,,,,,,,,,,Approved,
erpnext,"Row {0}: As {1} is enabled, raw materials cannot be added to {2} entry. Use {3} entry to consume raw materials.",,,,erpnext,,,,,inventory,missing,,,,,,,,,,placeholder_mismatch,,Pending,
erpnext,Cannot cancel the transaction. Reposting of item valuation on submission is not completed yet.,,,,erpnext,,,,,inventory,missing,,,,,,,,,,,,Pending,
erpnext,Unreserve for Raw Materials,,,,erpnext,,إلغاء حجز المواد الخام,إلغاء حجز المواد الخام,,inventory,missing,,,,,,,,,,,,Pending,
frappe,Select multiple list items,Description of a list view shortcut,,,frappe,حدد عناصر قائمة متعددة,,حدد عناصر قائمة متعددة,,inventory,pending,,,,,,,,,,,,Approved,
erpnext,Job Worker Warehouse,,,,erpnext,,مستودع منفذ العمل,مستودع منفذ العمل,,inventory,missing,,,,,,,,,,,,Pending,
erpnext,Pending SO Items For Purchase Request,,,,erpnext,اصناف كتيرة معلقة  لطلب الشراء,,اصناف كتيرة معلقة  لطلب الشراء,,inventory,pending,,,,,,,,,,,,Approved,
erpnext,% Raw Material Received,,,,erpnext,,نسبة المواد الخام المستلمة,نسبة المواد الخام المستلمة,,inventory,missing,,,,,,,,,,,,Pending,
erpnext,Set Target Warehouse,,,,erpnext,حدد المخزن الوجهة,,حدد المخزن الوجهة,,inventory,pending,,,,,,,,,,,,Approved,
erpnext,"If item is a variant of another item then description, image, pricing, taxes etc will be set from the template unless explicitly specified",,,,erpnext,إذا كان البند هو البديل من بند آخر ثم وصف، صورة، والتسعير، والضرائب سيتم تعيين غيرها من القالب، ما لم يذكر صراحة,,إذا كان البند هو البديل من بند آخر ثم وصف، صورة، والتسعير، والضرائب سيتم تعيين غيرها من القالب، ما لم يذكر صراحة,,inventory,pending,,,,,,,,,,,,Approved,
erpnext,Item {0} has reached its end of life on {1},,,,erpnext,الصنف{0} قد وصل إلى نهاية عمره في {1},,الصنف{0} قد وصل إلى نهاية عمره في {1},,inventory,pending,,,,,,,,,,,,Approved,
erpnext,Charge of type 'Actual' in row {0} cannot be included in Item Rate or Paid Amount,,,,erpnext,,,,,inventory,missing,,,,,,,,,,placeholder_mismatch,,Pending,
erpnext,Item {0} has already been returned,,,,erpnext,تمت إرجاع الصنف{0} من قبل,,تمت إرجاع الصنف{0} من قبل,,inventory,pending,,,,,,,,,,,,Approved,
erpnext,To Warehouse,,,,erpnext,لمستودع,,لمستودع,,inventory,pending,,,,,,,,,,,,Approved,
erpnext,Control Historical Stock Transactions,,,,erpnext,,التحكم في معاملات المخزون السابقة,التحكم في معاملات المخزون السابقة,,inventory,missing,,,,,,,,,,,,Pending,
erpnext,"If you still want to proceed, please disable 'Skip Available Sub Assembly Items' checkbox.",,,,erpnext,,,,,inventory,missing,,,,,,,,,,,,Pending,
erpnext,Stock Reservation Entries Created,,,,erpnext,,تم إنشاء قيود حجز المخزون,تم إنشاء قيود حجز المخزون,,inventory,missing,,,,,,,,,,,,Pending,
erpnext,Stock Entry,,,,erpnext,قيد مخزون,قيد مخزون,قيد مخزون,,inventory,pending,,,,,,,,,,,,Approved,
erpnext,Move Stock,,,,erpnext,,نقل المخزون,نقل المخزون,,inventory,missing,,,,,,,,,,,,Pending,
erpnext,Enable Stock Reservation,,,,erpnext,,تمكين حجز المخزون,تمكين حجز المخزون,,inventory,missing,,,,,,,,,,,,Pending,
erpnext,Purchased,,,,erpnext,اشترى,,اشترى,,inventory,pending,,,,,,,,,,,,Approved,
erpnext,Stock In Hand,,,,erpnext,الأسهم، إلى داخل، أعطى,,الأسهم، إلى داخل، أعطى,,inventory,pending,,,,,,,,,,,,Approved,
erpnext,Item-wise Sales Register,,,,erpnext,سجل حركة مبيعات وفقاً للصنف,,سجل حركة مبيعات وفقاً للصنف,,inventory,pending,,,,,,,,,,,,Approved,
erpnext,Putaway Rule already exists for Item {0} in Warehouse {1}.,,,,erpnext,,,,,inventory,missing,,,,,,,,,,placeholder_mismatch,,Pending,
erpnext,Stock Reports,,,,erpnext,تقارير الأسهم,,تقارير الأسهم,,inventory,pending,,,,,,,,,,,,Approved,
erpnext,The {0} contains Unit Price Items.,,,,erpnext,,,,,inventory,missing,,,,,,,,,,placeholder_mismatch,,Pending,
erpnext,Finished Good Item Code,,,,erpnext,انتهى رمز السلعة جيدة,,انتهى رمز السلعة جيدة,,inventory,pending,,,,,,,,,,,,Approved,
erpnext,No Purchase Orders were created,,,,erpnext,,,,,inventory,missing,,,,,,,,,,,,Pending,
erpnext,Row {0}# Item {1} cannot be transferred more than {2} against {3} {4},,,,erpnext,,,,,inventory,missing,,,,,,,,,,placeholder_mismatch,,Pending,
erpnext,"In this section, you can define Company-wide transaction-related defaults for this Item. Eg. Default Warehouse, Default Price List, Supplier, etc.",,,,erpnext,,,,,inventory,missing,,,,,,,,,,,,Pending,
erpnext,Net Purchase Amount is mandatory,,,,erpnext,,صافي مبلغ الشراء إلزامي,صافي مبلغ الشراء إلزامي,,inventory,missing,,,,,,,,,,,,Pending,
erpnext,% of materials delivered against this Sales Order,,,,erpnext,,,,,inventory,missing,,,,,,,,,,,,Pending,
erpnext,Please select atleast one item to continue,,,,erpnext,,,,,inventory,missing,,,,,,,,,,,,Pending,
erpnext,Supplier is required for all selected Items,,,,erpnext,,,,,inventory,missing,,,,,,,,,,,,Pending,
erpnext,This Item is a Template and cannot be used in transactions. Item attributes will be copied over into the variants unless 'No Copy' is set,,,,erpnext,"هذا البند هو قالب ولا يمكن استخدامها في المعاملات المالية. سيتم نسخ سمات البند أكثر في المتغيرات ما لم يتم تعيين ""لا نسخ '",,"هذا البند هو قالب ولا يمكن استخدامها في المعاملات المالية. سيتم نسخ سمات البند أكثر في المتغيرات ما لم يتم تعيين ""لا نسخ '",,inventory,pending,,,,,,,,,,,,Approved,
erpnext,(D) Balance Stock Value,,,,erpnext,,,,,inventory,missing,,,,,,,,,,,,Pending,
erpnext,Purchase Order {0} created,,,,erpnext,,,,,inventory,missing,,,,,,,,,,placeholder_mismatch,,Pending,
erpnext,Raw Materials Actions,,,,erpnext,,إجراءات المواد الخام,إجراءات المواد الخام,,inventory,missing,,,,,,,,,,,,Pending,
erpnext,Partial Material Transferred,,,,erpnext,,مواد منقولة جزئيا,مواد منقولة جزئيا,,inventory,missing,,,,,,,,,,,,Pending,
erpnext,Purchase Order Item,,,,erpnext,صنف امر الشراء,,صنف امر الشراء,,inventory,pending,,,,,,,,,,,,Approved,
erpnext,Item Website Specification,,,,erpnext,مواصفات الموقع الإلكتروني للصنف,,مواصفات الموقع الإلكتروني للصنف,,inventory,pending,,,,,,,,,,,,Approved,
erpnext,Receipt Items,,,,erpnext,,أصناف الإيصال,أصناف الإيصال,,inventory,missing,,,,,,,,,,,,Pending,
erpnext,Please enable {} in {} to allow same item in multiple rows,,,,erpnext,,,,,inventory,missing,,,,,,,,,,,,Pending,
erpnext,Raw Materials Consumed,,,,erpnext,المواد الخام المستهلكة,,المواد الخام المستهلكة,,inventory,pending,,,,,,,,,,,,Approved,
erpnext,The items {0} and {1} are present in the following {2} :,,,,erpnext,,,,,inventory,missing,,,,,,,,,,placeholder_mismatch,,Pending,
erpnext,Material Consumption is not set in Manufacturing Settings.,,,,erpnext,لم يتم تعيين اهلاك المواد في إعدادات التصنيع.,,لم يتم تعيين اهلاك المواد في إعدادات التصنيع.,,inventory,pending,,,,,,,,,,,,Approved,
erpnext,Total Stock Summary,,,,erpnext,ملخص إجمالي المخزون,,ملخص إجمالي المخزون,,inventory,pending,,,,,,,,,,,,Approved,
erpnext,Stock Ageing,,,,erpnext,التبويب التاريخي للمخزن,,التبويب التاريخي للمخزن,,inventory,pending,,,,,,,,,,,,Approved,
erpnext,Set Valuation Rate Based on Source Warehouse,,,,erpnext,,تعيين سعر التقييم بناء على مستودع المصدر,تعيين سعر التقييم بناء على مستودع المصدر,,inventory,missing,,,,,,,,,,,,Pending,
erpnext,Log the selling and buying rate of an Item,,,,erpnext,,,,,inventory,missing,,,,,,,,,,,,Pending,
erpnext,material_request_item,,,,erpnext,,,,,inventory,missing,,,,,,,,,,,,Pending,
erpnext,Alternative Items,,,,erpnext,,الأصناف البديلة,الأصناف البديلة,,inventory,missing,,,,,,,,,,,,Pending,
erpnext,Available-for-use Date should be after purchase date,,,,erpnext,يجب أن يكون التاريخ متاحًا بعد تاريخ الشراء,,يجب أن يكون التاريخ متاحًا بعد تاريخ الشراء,,inventory,pending,,,,,,,,,,,,Approved,
erpnext,Default Source Warehouse,,,,erpnext,المستودع المصدر الافتراضي,,المستودع المصدر الافتراضي,,inventory,pending,,,,,,,,,,,,Approved,
erpnext,Purchase Time,,,,erpnext,,وقت الشراء,وقت الشراء,,inventory,missing,,,,,,,,,,,,Pending,
erpnext,Batch Item Expiry Status,,,,erpnext,حالة انتهاء صلاحية الدفعة الصنف,,حالة انتهاء صلاحية الدفعة الصنف,,inventory,pending,,,,,,,,,,,,Approved,
erpnext,Row #{idx}: Received Qty must be equal to Accepted + Rejected Qty for Item {item_code}.,,,,erpnext,,,,,inventory,missing,,,,,,,,,,placeholder_mismatch,,Pending,
erpnext,Default Target Warehouse,,,,erpnext,المخزن الوجهة الافتراضي,,المخزن الوجهة الافتراضي,,inventory,pending,,,,,,,,,,,,Approved,
erpnext,This document is over limit by {0} {1} for item {4}. Are you making another {3} against the same {2}?,,,,erpnext,هذه الوثيقة هي على حد كتبها {0} {1} لمادة {4}. وجعل لكم آخر {3} ضد نفسه {2}؟,,هذه الوثيقة هي على حد كتبها {0} {1} لمادة {4}. وجعل لكم آخر {3} ضد نفسه {2}؟,,inventory,pending,,,,,,,,,,,,Approved,
erpnext,At row {0}: Serial No is mandatory for Item {1},,,,erpnext,,,,,inventory,missing,,,,,,,,,,placeholder_mismatch,,Pending,
erpnext,Rates cannot be modified for quoted items,,,,erpnext,,,,,inventory,missing,,,,,,,,,,,,Pending,
erpnext,Service Item Qty,,,,erpnext,,كمية عنصر الخدمة,كمية عنصر الخدمة,,inventory,missing,,,,,,,,,,,,Pending,
erpnext,Select Warehouses to get Stock for Materials Planning,,,,erpnext,,تحديد المستودعات لجلب المخزون لتخطيط المواد,تحديد المستودعات لجلب المخزون لتخطيط المواد,,inventory,missing,,,,,,,,,,,,Pending,
erpnext,Basic Rate (as per Stock UOM),,,,erpnext,التسعير الاساسي استنادأ لوحدة القياس,,التسعير الاساسي استنادأ لوحدة القياس,,inventory,pending,,,,,,,,,,,,Approved,
erpnext,Stock has been unreserved for work order {0}.,,,,erpnext,,,,,inventory,missing,,,,,,,,,,placeholder_mismatch,,Pending,
erpnext,Row #{0}: You must select an Asset for Item {1}.,,,,erpnext,,,,,inventory,missing,,,,,,,,,,placeholder_mismatch,,Pending,
erpnext,Raw Material Cost (Company Currency),,,,erpnext,تكلفة المواد الخام (عملة الشركة),,تكلفة المواد الخام (عملة الشركة),,inventory,pending,,,,,,,,,,,,Approved,
erpnext,Item Group Name,,,,erpnext,اسم مجموعة السلعة,,اسم مجموعة السلعة,,inventory,pending,,,,,,,,,,,,Approved,
erpnext,Work-in-Progress Warehouse,,,,erpnext,مستودع العمل قيد التنفيذ,,مستودع العمل قيد التنفيذ,,inventory,pending,,,,,,,,,,,,Approved,
erpnext,Include Sub-assembly Raw Materials,,,,erpnext,قم بتضمين المواد الخام التجميعية الفرعية,,قم بتضمين المواد الخام التجميعية الفرعية,,inventory,pending,,,,,,,,,,,,Approved,
erpnext,Rounding gain/loss Entry for Stock Transfer,,,,erpnext,,,,,inventory,missing,,,,,,,,,,,,Pending,
erpnext,Sub Assembly Item is mandatory,,,,erpnext,,,,,inventory,missing,,,,,,,,,,,,Pending,
erpnext,Issued Items Against Work Order,,,,erpnext,البنود الصادرة ضد طلب العمل,,البنود الصادرة ضد طلب العمل,,inventory,pending,,,,,,,,,,,,Approved,
erpnext,Stock Validations,,,,erpnext,,تحققات المخزون,تحققات المخزون,,inventory,missing,,,,,,,,,,,,Pending,
erpnext,Item Price,,,,erpnext,سعر الصنف,,سعر الصنف,,inventory,pending,,,,,,,,,,,,Approved,
erpnext,Row {0}: Item {1} must be a stock item.,,,,erpnext,,,,,inventory,missing,,,,,,,,,,placeholder_mismatch,,Pending,
erpnext,Warehouse Contact Info,,,,erpnext,معلومات الأتصال بالمستودع,,معلومات الأتصال بالمستودع,,inventory,pending,,,,,,,,,,,,Approved,
erpnext,Manufacture against Material Request,,,,erpnext,تصنيع ضد طلب مواد,,تصنيع ضد طلب مواد,,inventory,pending,,,,,,,,,,,,Approved,
erpnext,Sales Order Item,,,,erpnext,مواد طلب المبيعات,,مواد طلب المبيعات,,inventory,pending,,,,,,,,,,,,Approved,
erpnext,Duplicate Item Group,,,,erpnext,,مجموعة أصناف مكررة,مجموعة أصناف مكررة,,inventory,missing,,,,,,,,,,,,Pending,
erpnext,Row # {0}: Returned Item {1} does not exist in {2} {3},,,,erpnext,الصف رقم {0}: العنصر الذي تم إرجاعه {1} غير موجود في {2} {3},,الصف رقم {0}: العنصر الذي تم إرجاعه {1} غير موجود في {2} {3},,inventory,pending,,,,,,,,,,,,Approved,
erpnext,Download Required Materials,,,,erpnext,,تنزيل المواد المطلوبة,تنزيل المواد المطلوبة,,inventory,missing,,,,,,,,,,,,Pending,
erpnext,Row {0}: Qty in Stock UOM can not be zero.,,,,erpnext,,,,,inventory,missing,,,,,,,,,,placeholder_mismatch,,Pending,
erpnext,Production Plan Sub-assembly Item,,,,erpnext,,عنصر تجميع فرعي لخطة الإنتاج,عنصر تجميع فرعي لخطة الإنتاج,,inventory,missing,,,,,,,,,,,,Pending,
erpnext,Row {0}: Please select a BOM for Item {1}.,,,,erpnext,,,,,inventory,missing,,,,,,,,,,placeholder_mismatch,,Pending,
erpnext,Production Plan Item Reference,,,,erpnext,,مرجع عنصر خطة الإنتاج,مرجع عنصر خطة الإنتاج,,inventory,missing,,,,,,,,,,,,Pending,
erpnext,Packed Items,,,,erpnext,عناصر معبأة,,عناصر معبأة,,inventory,pending,,,,,,,,,,,,Approved,
erpnext,Customer / Item / Item Group,,,,erpnext,,,,,inventory,missing,,,,,,,,,,,,Pending,
frappe,Delete {0} items permanently?,Title of confirmation dialog,,,frappe,حذف {0} العناصر نهائيا؟,,حذف {0} العناصر نهائيا؟,,inventory,pending,,,,,,,,,,,,Approved,
erpnext,Phantom Item is mandatory,,,,erpnext,,,,,inventory,missing,,,,,,,,,,,,Pending,
erpnext,Material Request Type,,,,erpnext,نوع طلب المواد,,نوع طلب المواد,,inventory,pending,,,,,,,,,,,,Approved,
erpnext,Get Scrap Items,,,,erpnext,,جلب أصناف الهالك,جلب أصناف الهالك,,inventory,missing,,,,,,,,,,,,Pending,
erpnext,"To merge, following properties must be same for both items",,,,erpnext,لدمج ، يجب أن يكون نفس الخصائص التالية ل كلا البندين,,لدمج ، يجب أن يكون نفس الخصائص التالية ل كلا البندين,,inventory,pending,,,,,,,,,,,,Approved,
erpnext,quotation_item,,,,erpnext,,,,,inventory,missing,,,,,,,,,,,,Pending,
erpnext,Stock Balance,,,,erpnext,رصيد المخزون,رصيد المخزون,رصيد المخزون,,inventory,pending,,,,,,,,,,,,Approved,
erpnext,Reserved Stock,,,,erpnext,,المخزون المحجوز,المخزون المحجوز,,inventory,missing,,,,,,,,,,,,Pending,
erpnext,"If mentioned, the system will allow only the users with this Role to create or modify any stock transaction earlier than the latest stock transaction for a specific item and warehouse. If set as blank, it allows all users to create/edit back-dated transactions.",,,,erpnext,,,,,inventory,missing,,,,,,,,,,,,Pending,
erpnext,Item Variant {0} already exists with same attributes,,,,erpnext,متغير الصنف {0} موجود بالفعل مع نفس الخصائص,,متغير الصنف {0} موجود بالفعل مع نفس الخصائص,,inventory,pending,,,,,,,,,,,,Approved,
erpnext,Requested Items To Be Transferred,,,,erpnext,العناصر المطلوبة على أن يتم تحويلها,,العناصر المطلوبة على أن يتم تحويلها,,inventory,pending,,,,,,,,,,,,Approved,
erpnext,Maximum Samples - {0} can be retained for Batch {1} and Item {2}.,,,,erpnext,الحد الأقصى للعينات - {0} يمكن الاحتفاظ بالدفعة {1} والبند {2}.,,الحد الأقصى للعينات - {0} يمكن الاحتفاظ بالدفعة {1} والبند {2}.,,inventory,pending,,,,,,,,,,,,Approved,
erpnext,Material Transfer for Manufacture,,,,erpnext,نقل المواد لتصنيع,,نقل المواد لتصنيع,,inventory,pending,,,,,,,,,,,,Approved,
erpnext,Quotation Item,,,,erpnext,بند المناقصة,,بند المناقصة,,inventory,pending,,,,,,,,,,,,Approved,
erpnext,Fetch items based on Default Supplier.,,,,erpnext,جلب العناصر على أساس المورد الافتراضي.,,جلب العناصر على أساس المورد الافتراضي.,,inventory,pending,,,,,,,,,,,,Approved,
erpnext,% of materials delivered against this Pick List,,,,erpnext,,,,,inventory,missing,,,,,,,,,,,,Pending,
erpnext,Stock Entry (Outward GIT),,,,erpnext,إدخال الأسهم (GIT للخارج),,إدخال الأسهم (GIT للخارج),,inventory,pending,,,,,,,,,,,,Approved,
erpnext,"Note: To merge the items, create a separate Stock Reconciliation for the old item {0}",,,,erpnext,,,,,inventory,missing,,,,,,,,,,placeholder_mismatch,,Pending,
erpnext,Material Requests Required,,,,erpnext,طلبات المواد المطلوبة,,طلبات المواد المطلوبة,,inventory,pending,,,,,,,,,,,,Approved,
erpnext,Please set default UOM in Stock Settings,,,,erpnext,يرجى تعيين الافتراضي UOM في إعدادات الأسهم,,يرجى تعيين الافتراضي UOM في إعدادات الأسهم,,inventory,pending,,,,,,,,,,,,Approved,
erpnext,Material Requests,,,,erpnext,طلبات المواد,,طلبات المواد,,inventory,pending,,,,,,,,,,,,Approved,
erpnext,Cost of Issued Items,,,,erpnext,تكلفة المواد المصروفة,,تكلفة المواد المصروفة,,inventory,pending,,,,,,,,,,,,Approved,
frappe,Delete {0} item permanently?,Title of confirmation dialog,,,frappe,,,,,inventory,missing,,,,,,,,,,placeholder_mismatch,,Pending,
erpnext,Valuation Rate is mandatory if Opening Stock entered,,,,erpnext,معدل التقييم إلزامي إذا ادخلت قيمة مبدئية للمخزون\n<br>\nValuation Rate is mandatory if Opening Stock entered,,معدل التقييم إلزامي إذا ادخلت قيمة مبدئية للمخزون\n<br>\nValuation Rate is mandatory if Opening Stock entered,,inventory,pending,,,,,,,,,,html_imbalance,,Approved,
erpnext,Item {0} cannot be added as a sub-assembly of itself,,,,erpnext,,,,,inventory,missing,,,,,,,,,,placeholder_mismatch,,Pending,
erpnext,Warehouse Disabled?,,,,erpnext,,هل المستودع معطل؟,هل المستودع معطل؟,,inventory,missing,,,,,,,,,,,,Pending,
erpnext,Request for Raw Materials,,,,erpnext,طلب المواد الخام,,طلب المواد الخام,,inventory,pending,,,,,,,,,,,,Approved,
erpnext,Price per Unit (Stock UOM),,,,erpnext,السعر لكل وحدة (المخزون UOM),,السعر لكل وحدة (المخزون UOM),,inventory,pending,,,,,,,,,,,,Approved,
erpnext,Allow Continuous Material Consumption,,,,erpnext,,السماح بالاستهلاك المستمر للمواد,السماح بالاستهلاك المستمر للمواد,,inventory,missing,,,,,,,,,,,,Pending,
erpnext,Automatically Add Filtered Item To Cart,,,,erpnext,,إضافة الصنف المصفى إلى السلة تلقائيا,إضافة الصنف المصفى إلى السلة تلقائيا,,inventory,missing,,,,,,,,,,,,Pending,
erpnext,Scrap Material Cost(Company Currency),,,,erpnext,الخردة المواد التكلفة (شركة العملات),,الخردة المواد التكلفة (شركة العملات),,inventory,pending,,,,,,,,,,,,Approved,
erpnext,Consider Rejected Warehouses,,,,erpnext,,احتساب مستودعات المرفوضات,احتساب مستودعات المرفوضات,,inventory,missing,,,,,,,,,,,,Pending,
erpnext,Material Requirements Planning,,,,erpnext,,تخطيط متطلبات المواد,تخطيط متطلبات المواد,,inventory,missing,,,,,,,,,,,,Pending,
frappe,Select list item,Description of a list view shortcut,,,frappe,حدد عنصر القائمة,,حدد عنصر القائمة,,inventory,pending,,,,,,,,,,,,Approved,
erpnext,"Partial stock can be reserved. For example, If you have a Sales Order of 100 units and the Available Stock is 90 units then a Stock Reservation Entry will be created for 90 units. ",,,,erpnext,,,,,inventory,missing,,,,,,,,,,whitespace,,Pending,
erpnext,"<h3>About Product Bundle</h3>

<p>Aggregate group of <b>Items</b> into another <b>Item</b>. This is useful if you are bundling a certain <b>Items</b> into a package and you maintain stock of the packed <b>Items</b> and not the aggregate <b>Item</b>.</p>
<p>The package <b>Item</b> will have <code>Is Stock Item</code> as <b>No</b> and <code>Is Sales Item</code> as <b>Yes</b>.</p>
<h4>Example:</h4>
<p>If you are selling Laptops and Backpacks separately and have a special price if the customer buys both, then the Laptop + Backpack will be a new Product Bundle Item.</p>",,,,erpnext,,,,,inventory,missing,,,,,,,,,,html_imbalance,,Pending,
erpnext,Installation Note Item,,,,erpnext,ملاحظة تثبيت الإغلاق,,ملاحظة تثبيت الإغلاق,,inventory,pending,,,,,,,,,,,,Approved,
erpnext,Asset Capitalization Stock Item,,,,erpnext,,عنصر مخزون رسملة الأصل,عنصر مخزون رسملة الأصل,,inventory,missing,,,,,,,,,,,,Pending,
erpnext,Alternative Item Name,,,,erpnext,اسم الصنف البديل,,اسم الصنف البديل,,inventory,pending,,,,,,,,,,,,Approved,
erpnext,Item Code (Final Product),,,,erpnext,,كود الصنف (المنتج النهائي),كود الصنف (المنتج النهائي),,inventory,missing,,,,,,,,,,,,Pending,
erpnext,Customer-wise Item Price,,,,erpnext,سعر البند العملاء الحكيم,,سعر البند العملاء الحكيم,,inventory,pending,,,,,,,,,,,,Approved,
erpnext,{} has submitted assets linked to it. You need to cancel the assets to create purchase return.,,,,erpnext,قام {} بتقديم أصول مرتبطة به. تحتاج إلى إلغاء الأصول لإنشاء عائد شراء.,,قام {} بتقديم أصول مرتبطة به. تحتاج إلى إلغاء الأصول لإنشاء عائد شراء.,,inventory,pending,,,,,,,,,,,,Approved,
erpnext,Batch {0} of Item {1} is disabled.,,,,erpnext,تم تعطيل الدفعة {0} من الصنف {1}.,,تم تعطيل الدفعة {0} من الصنف {1}.,,inventory,pending,,,,,,,,,,,,Approved,
erpnext,Warehouse wise Item Balance Age and Value,,,,erpnext,مستودع الحكيم البند الرصيد العمر والقيمة,,مستودع الحكيم البند الرصيد العمر والقيمة,,inventory,pending,,,,,,,,,,,,Approved,
erpnext,Item Cart,,,,erpnext,,سلة الأصناف,سلة الأصناف,,inventory,missing,,,,,,,,,,,,Pending,
erpnext,Cannot produce more than {0} items for {1},,,,erpnext,,,,,inventory,missing,,,,,,,,,,placeholder_mismatch,,Pending,
erpnext,"If enabled, then system will only validate the pricing rule and not apply automatically. User has to manually set the discount percentage / margin / free items to validate the pricing rule",,,,erpnext,,,,,inventory,missing,,,,,,,,,,,,Pending,
erpnext,Supplier Quotation Item,,,,erpnext,المورد اقتباس الإغلاق,,المورد اقتباس الإغلاق,,inventory,pending,,,,,,,,,,,,Approved,
erpnext,Row #{0}: Serial No {1} for Item {2} is not available in {3} {4} or might be reserved in another {5}.,,,,erpnext,,,,,inventory,missing,,,,,,,,,,placeholder_mismatch,,Pending,
erpnext,Cross Listing of Item in multiple groups,,,,erpnext,,,,,inventory,missing,,,,,,,,,,,,Pending,
erpnext,Fixed Asset Item must be a non-stock item.,,,,erpnext,يجب أن يكون بند الأصول الثابتة عنصرا غير مخزون.<br>\nFixed Asset Item must be a non-stock item.,,يجب أن يكون بند الأصول الثابتة عنصرا غير مخزون.<br>\nFixed Asset Item must be a non-stock item.,,inventory,pending,,,,,,,,,,html_imbalance,,Approved,
erpnext,Discount on Other Item,,,,erpnext,خصم على بند آخر,,خصم على بند آخر,,inventory,pending,,,,,,,,,,,,Approved,
erpnext,Please select the Warehouse first,,,,erpnext,,يرجى تحديد المستودع أولا,يرجى تحديد المستودع أولا,,inventory,missing,,,,,,,,,,,,Pending,
erpnext,Restrict Items Based On,,,,erpnext,,,,,inventory,missing,,,,,,,,,,,,Pending,
erpnext,Item UOM,,,,erpnext,وحدة قياس الصنف,,وحدة قياس الصنف,,inventory,pending,,,,,,,,,,,,Approved,
erpnext,Get Current Stock,,,,erpnext,الحصول على المخزون الحالي,,الحصول على المخزون الحالي,,inventory,pending,,,,,,,,,,,,Approved,
erpnext,Total Stock Value,,,,erpnext,,إجمالي قيمة المخزون,إجمالي قيمة المخزون,,inventory,missing,,,,,,,,,,,,Pending,
erpnext,Allow to Edit Stock UOM Qty for Sales Documents,,,,erpnext,,,,,inventory,missing,,,,,,,,,,,,Pending,
erpnext,For Item,,,,erpnext,,للصنف,للصنف,,inventory,missing,,,,,,,,,,,,Pending,
erpnext,BOM Website Item,,,,erpnext,صنف الموقع الالكتروني بقائمة المواد,,صنف الموقع الالكتروني بقائمة المواد,,inventory,pending,,,,,,,,,,,,Approved,
erpnext,Please set the Item Code first,,,,erpnext,يرجى تعيين رمز العنصر أولا,,يرجى تعيين رمز العنصر أولا,,inventory,pending,,,,,,,,,,,,Approved,
erpnext,Source warehouse is mandatory for row {0},,,,erpnext,مستودع المصدر إلزامي للصف {0}\n<br>\nSource warehouse is mandatory for row {0},,مستودع المصدر إلزامي للصف {0}\n<br>\nSource warehouse is mandatory for row {0},,inventory,pending,,,,,,,,,,html_imbalance,,Approved,
erpnext,Same item cannot be entered multiple times.,,,,erpnext,لا يمكن إدخال البند نفسه عدة مرات.,,لا يمكن إدخال البند نفسه عدة مرات.,,inventory,pending,,,,,,,,,,,,Approved,
erpnext,Finished Good {0} must be a stock item.,,,,erpnext,,,,,inventory,missing,,,,,,,,,,placeholder_mismatch,,Pending,
erpnext,Manufactured Items Value,,,,erpnext,,قيمة الأصناف المصنعة,قيمة الأصناف المصنعة,,inventory,missing,,,,,,,,,,,,Pending,
erpnext,Item {0} must be a Fixed Asset Item,,,,erpnext,البند {0} يجب أن يكون بند أصول ثابتة,,البند {0} يجب أن يكون بند أصول ثابتة,,inventory,pending,,,,,,,,,,,,Approved,
erpnext,"The Pick List having Stock Reservation Entries cannot be updated. If you need to make changes, we recommend canceling the existing Stock Reservation Entries before updating the Pick List.",,,,erpnext,,,,,inventory,missing,,,,,,,,,,,,Pending,
erpnext,Inventory Settings,,,,erpnext,,إعدادات المخزون,إعدادات المخزون,,inventory,missing,,,,,,,,,,,,Pending,
erpnext,Stock Transactions,,,,erpnext,قيود المخزون,,قيود المخزون,,inventory,pending,,,,,,,,,,,,Approved,
erpnext,Sub Assembly Item Reference,,,,erpnext,,مرجع صنف التجميع الفرعي,مرجع صنف التجميع الفرعي,,inventory,missing,,,,,,,,,,,,Pending,
erpnext,Row #{1}: Warehouse is mandatory for stock Item {0},,,,erpnext,,,,,inventory,missing,,,,,,,,,,placeholder_mismatch,,Pending,
erpnext,Not in stock,,,,erpnext,ليس في الأسهم,,ليس في الأسهم,,inventory,pending,,,,,,,,,,,,Approved,
erpnext,Set by Item Tax Template,,,,erpnext,,تعيين بواسطة قالب ضريبة الصنف,تعيين بواسطة قالب ضريبة الصنف,,inventory,missing,,,,,,,,,,,,Pending,
erpnext,Include Item In Manufacturing,,,,erpnext,تشمل البند في التصنيع,,تشمل البند في التصنيع,,inventory,pending,,,,,,,,,,,,Approved,
erpnext,Purchase Order Trends,,,,erpnext,اتجهات امر الشراء,,اتجهات امر الشراء,,inventory,pending,,,,,,,,,,,,Approved,
erpnext,Available Qty at Target Warehouse,,,,erpnext,,الكمية المتاحة في المستودع الهدف,الكمية المتاحة في المستودع الهدف,,inventory,missing,,,,,,,,,,,,Pending,
erpnext,Row #{0}: Set Supplier for item {1},,,,erpnext,الصف # {0}: حدد المورد للبند {1},,الصف # {0}: حدد المورد للبند {1},,inventory,pending,,,,,,,,,,,,Approved,
erpnext,New Warehouse Name,,,,erpnext,اسم المخزن الجديد,,اسم المخزن الجديد,,inventory,pending,,,,,,,,,,,,Approved,
erpnext,Required Items,,,,erpnext,الأصناف المطلوبة,,الأصناف المطلوبة,,inventory,pending,,,,,,,,,,,,Approved,
frappe,Item Label,,,,frappe,تسمية العنصر,,تسمية العنصر,,inventory,pending,,,,,,,,,,,,Approved,
erpnext,Request for Quotation Item,,,,erpnext,طلب تسعيرة البند,,طلب تسعيرة البند,,inventory,pending,,,,,,,,,,,,Approved,
erpnext,"Search by item code, serial number or barcode",,,,erpnext,,البحث بكود الصنف أو الرقم التسلسلي أو الباركود,البحث بكود الصنف أو الرقم التسلسلي أو الباركود,,inventory,missing,,,,,,,,,,,,Pending,
erpnext,"Due to stock closing entry {0}, you cannot repost item valuation before {1}",,,,erpnext,,,,,inventory,missing,,,,,,,,,,placeholder_mismatch,,Pending,
erpnext,Net Purchase Amount should be <b>equal</b> to purchase amount of one single Asset.,,,,erpnext,,,,,inventory,missing,,,,,,,,,,html_imbalance,,Pending,
erpnext,Row #{0}: Accepted Warehouse and Rejected Warehouse cannot be same,,,,erpnext,,,,,inventory,missing,,,,,,,,,,placeholder_mismatch,,Pending,
erpnext,Warehouse and Reference,,,,erpnext,مستودع والمراجع,,مستودع والمراجع,,inventory,pending,,,,,,,,,,,,Approved,
erpnext,Item Variant,,,,erpnext,متغير الصنف,,متغير الصنف,,inventory,pending,,,,,,,,,,,,Approved,
erpnext,Item 3,,,,erpnext,صنف رقم 3,,صنف رقم 3,,inventory,pending,,,,,,,,,,,,Approved,
erpnext,Available Stock,,,,erpnext,المخزون المتوفر,,المخزون المتوفر,,inventory,pending,,,,,,,,,,,,Approved,
erpnext,"""Customer Provided Item"" cannot have Valuation Rate",,,,erpnext,"""الأصناف المقدمة من العملاء"" لا يمكن ان تحتوي على تكلفة",,"""الأصناف المقدمة من العملاء"" لا يمكن ان تحتوي على تكلفة",,inventory,pending,,,,,,,,,,,,Approved,
erpnext,Table for Item that will be shown in Web Site,,,,erpnext,,,,,inventory,missing,,,,,,,,,,,,Pending,
erpnext,"To include tax in row {0} in Item rate, taxes in rows {1} must also be included",,,,erpnext,ل تشمل الضريبة في الصف {0} في معدل الإغلاق ، {1} ويجب أيضا تضمين الضرائب في الصفوف,,ل تشمل الضريبة في الصف {0} في معدل الإغلاق ، {1} ويجب أيضا تضمين الضرائب في الصفوف,,inventory,pending,,,,,,,,,,,,Approved,
erpnext,Calculate Product Bundle Price based on Child Items' Rates,,,,erpnext,,,,,inventory,missing,,,,,,,,,,,,Pending,
erpnext,The serial no {0} does not belong to item {1},,,,erpnext,الرقم التسلسلي {0} لا ينتمي إلى العنصر {1},,الرقم التسلسلي {0} لا ينتمي إلى العنصر {1},,inventory,pending,,,,,,,,,,,,Approved,
erpnext,Purchase Orders,,,,erpnext,طلبات الشراء,,طلبات الشراء,,inventory,pending,,,,,,,,,,,,Approved,
erpnext,"As there are existing submitted transactions against item {0}, you can not change the value of {1}.",,,,erpnext,,,,,inventory,missing,,,,,,,,,,placeholder_mismatch,,Pending,
erpnext,Reorder level based on Warehouse,,,,erpnext,مستوى إعادة الطلب بناء على مستودع,,مستوى إعادة الطلب بناء على مستودع,,inventory,pending,,,,,,,,,,,,Approved,
erpnext,Row # {0}: Please add Serial and Batch Bundle for Item {1},,,,erpnext,,,,,inventory,missing,,,,,,,,,,placeholder_mismatch,,Pending,
erpnext,Item Attribute,,,,erpnext,موصفات الصنف,,موصفات الصنف,,inventory,pending,,,,,,,,,,,,Approved,
erpnext,Row #{0}: Stock cannot be reserved for a non-stock Item {1},,,,erpnext,,,,,inventory,missing,,,,,,,,,,placeholder_mismatch,,Pending,
erpnext,Please select Item Code first,,,,erpnext,يرجى اختيار رمز البند أولاً,,يرجى اختيار رمز البند أولاً,,inventory,pending,,,,,,,,,,,,Approved,
erpnext,Material Transfer,,,,erpnext,نقل المواد,,نقل المواد,,inventory,pending,,,,,,,,,,,,Approved,
erpnext,The selected item cannot have Batch,,,,erpnext,العنصر المحدد لا يمكن أن يكون دفعة,,العنصر المحدد لا يمكن أن يكون دفعة,,inventory,pending,,,,,,,,,,,,Approved,
erpnext,Asset Capitalization Service Item,,,,erpnext,,عنصر خدمة رسملة الأصل,عنصر خدمة رسملة الأصل,,inventory,missing,,,,,,,,,,,,Pending,
erpnext,Show Stock Ageing Data,,,,erpnext,عرض البيانات شيخوخة الأسهم,,عرض البيانات شيخوخة الأسهم,,inventory,pending,,,,,,,,,,,,Approved,
erpnext,Get Items from Material Requests against this Supplier,,,,erpnext,الحصول على عناصر من طلبات المواد ضد هذا المورد,,الحصول على عناصر من طلبات المواد ضد هذا المورد,,inventory,pending,,,,,,,,,,,,Approved,
erpnext,All items are already requested,,,,erpnext,,,,,inventory,missing,,,,,,,,,,,,Pending,
erpnext,Please select Start Date and End Date for Item {0},,,,erpnext,الرجاء تحديد تاريخ البدء وتاريخ الانتهاء للبند {0},,الرجاء تحديد تاريخ البدء وتاريخ الانتهاء للبند {0},,inventory,pending,,,,,,,,,,,,Approved,
erpnext,Row #{idx}: {from_warehouse_field} and {to_warehouse_field} cannot be same.,,,,erpnext,,,,,inventory,missing,,,,,,,,,,placeholder_mismatch,,Pending,
erpnext,Remove Parent Row No in Items Table,,,,erpnext,,,,,inventory,missing,,,,,,,,,,,,Pending,
erpnext,Row #{0}: Next Depreciation Date cannot be before Purchase Date,,,,erpnext,,,,,inventory,missing,,,,,,,,,,placeholder_mismatch,,Pending,
erpnext,Filters for Material Requests,,,,erpnext,,عوامل تصفية طلبات المواد,عوامل تصفية طلبات المواد,,inventory,missing,,,,,,,,,,,,Pending,
erpnext,Set Parent Row No in Items Table,,,,erpnext,,تعيين رقم الصف الأب في جدول الأصناف,تعيين رقم الصف الأب في جدول الأصناف,,inventory,missing,,,,,,,,,,,,Pending,
erpnext,Price not found for item {0} in price list {1},,,,erpnext,لم يتم العثور على السعر للعنصر {0} في قائمة الأسعار {1},,لم يتم العثور على السعر للعنصر {0} في قائمة الأسعار {1},,inventory,pending,,,,,,,,,,,,Approved,
frappe,Item cannot be added to its own descendants,,,,frappe,البند لا يمكن أن تضاف الى أحفادها<br>Item cannot be added to its own descendants,,البند لا يمكن أن تضاف الى أحفادها<br>Item cannot be added to its own descendants,,inventory,pending,,,,,,,,,,html_imbalance,,Approved,
erpnext,Inventory Turnover Ratio,,,,erpnext,,معدل دوران المخزون,معدل دوران المخزون,,inventory,missing,,,,,,,,,,,,Pending,
erpnext,Maintain Stock,,,,erpnext,منتج يخزن,,منتج يخزن,,inventory,pending,,,,,,,,,,,,Approved,
erpnext,The last scanned warehouse has been cleared and won't be set in the subsequently scanned items,,,,erpnext,,,,,inventory,missing,,,,,,,,,,,,Pending,
erpnext,Validate Stock on Save,,,,erpnext,,التحقق من المخزون عند الحفظ,التحقق من المخزون عند الحفظ,,inventory,missing,,,,,,,,,,,,Pending,
erpnext,Landed Cost Purchase Receipt,,,,erpnext,تكاليف المشتريات المستلمة,,تكاليف المشتريات المستلمة,,inventory,pending,,,,,,,,,,,,Approved,
erpnext,Last Purchase Rate,,,,erpnext,آخر سعر الشراء,,آخر سعر الشراء,,inventory,pending,,,,,,,,,,,,Approved,
erpnext,Material Requests for which Supplier Quotations are not created,,,,erpnext,طلبات المواد التي لم ينشأ لها عروض أسعار من الموردين,,طلبات المواد التي لم ينشأ لها عروض أسعار من الموردين,,inventory,pending,,,,,,,,,,,,Approved,
erpnext,"Consumed Stock Items, Consumed Asset Items or Consumed Service Items is mandatory for Capitalization",,,,erpnext,,,,,inventory,missing,,,,,,,,,,,,Pending,
erpnext,Material from Customer,,,,erpnext,,مواد من العميل,مواد من العميل,,inventory,missing,,,,,,,,,,,,Pending,
erpnext,Error while reposting item valuation,,,,erpnext,,,,,inventory,missing,,,,,,,,,,,,Pending,
erpnext, Phantom Item,,,,erpnext,,,,,inventory,missing,,,,,,,,,,whitespace,,Pending,
erpnext, Default Work In Progress Warehouse ,,,,erpnext, افتراضي العمل في مستودع التقدم ,, افتراضي العمل في مستودع التقدم ,,inventory,pending,,,,,,,,,,whitespace,,Approved,
erpnext,"As there are reserved stock, you cannot disable {0}.",,,,erpnext,,,,,inventory,missing,,,,,,,,,,placeholder_mismatch,,Pending,
erpnext,"Additional Transferred Qty {0}
					cannot be greater than {1}.
					To fix this, increase the percentage value
					of the field 'Transfer Extra Raw Materials to WIP'
					in Manufacturing Settings.",,,,erpnext,,,,,inventory,missing,,,,,,,,,,placeholder_mismatch,,Pending,
erpnext,"Note: If you want to use the finished good {0} as a raw material, then enable the 'Do Not Explode' checkbox in the Items table against the same raw material.",,,,erpnext,,,,,inventory,missing,,,,,,,,,,placeholder_mismatch,,Pending,
erpnext,Customer Warehouse (Optional),,,,erpnext,مستودع العميل (اختياري),,مستودع العميل (اختياري),,inventory,pending,,,,,,,,,,,,Approved,
erpnext,The Serial No at Row #{0}: {1} is not available in warehouse {2}.,,,,erpnext,,,,,inventory,missing,,,,,,,,,,placeholder_mismatch,,Pending,
erpnext,Compact Item Print,,,,erpnext,مدمجة البند طباعة,,مدمجة البند طباعة,,inventory,pending,,,,,,,,,,,,Approved,
erpnext,Is Additional Item,,,,erpnext,,صنف إضافي,صنف إضافي,,inventory,missing,,,,,,,,,,,,Pending,
erpnext,{0} items in progress,,,,erpnext,{0} العنصر قيد الأستخدام,,{0} العنصر قيد الأستخدام,,inventory,pending,,,,,,,,,,,,Approved,
erpnext,Assets {assets_link} created for {item_code},,,,erpnext,,,,,inventory,missing,,,,,,,,,,placeholder_mismatch,,Pending,
erpnext,{0} qty of Item {1} is being received into Warehouse {2} with capacity {3}.,,,,erpnext,,,,,inventory,missing,,,,,,,,,,placeholder_mismatch,,Pending,
erpnext,Alternate Item,,,,erpnext,صنف بديل,,صنف بديل,,inventory,pending,,,,,,,,,,,,Approved,
erpnext,Item 2,,,,erpnext,صنف رقم 2,,صنف رقم 2,,inventory,pending,,,,,,,,,,,,Approved,
erpnext,Template Item,,,,erpnext,عنصر القالب,,عنصر القالب,,inventory,pending,,,,,,,,,,,,Approved,
erpnext,All items have already been received,,,,erpnext,,,,,inventory,missing,,,,,,,,,,,,Pending,
erpnext,"Can't change the valuation method, as there are transactions against some items which do not have its own valuation method",,,,erpnext,,,,,inventory,missing,,,,,,,,,,,,Pending,
erpnext,No sales data found for the selected items.,,,,erpnext,,,,,inventory,missing,,,,,,,,,,,,Pending,
erpnext,"For item {0}, rate must be a positive number. To Allow negative rates, enable {1} in {2}",,,,erpnext,,,,,inventory,missing,,,,,,,,,,placeholder_mismatch,,Pending,
erpnext,Row {0}: Qty cannot be greater than {1} for the Item {2}.,,,,erpnext,,,,,inventory,missing,,,,,,,,,,placeholder_mismatch,,Pending,
erpnext,Default Warehouse,,,,erpnext,النماذج الافتراضية,,النماذج الافتراضية,,inventory,pending,,,,,,,,,,,,Approved,
erpnext,Item Information,,,,erpnext,,معلومات الصنف,معلومات الصنف,,inventory,missing,,,,,,,,,,,,Pending,
erpnext,The net weight of this package. (calculated automatically as sum of net weight of items),,,,erpnext,وزن صافي من هذه الحزمة. (تحسب تلقائيا مجموع الوزن الصافي للسلعة),,وزن صافي من هذه الحزمة. (تحسب تلقائيا مجموع الوزن الصافي للسلعة),,inventory,pending,,,,,,,,,,,,Approved,
erpnext,{0} entered twice {1} in Item Taxes,,,,erpnext,,,,,inventory,missing,,,,,,,,,,placeholder_mismatch,,Pending,
erpnext,Item Tax Template,,,,erpnext,قالب الضريبة البند,,قالب الضريبة البند,,inventory,pending,,,,,,,,,,,,Approved,
erpnext,Item Groups,,,,erpnext,مجموعات السلعة,,مجموعات السلعة,,inventory,pending,,,,,,,,,,,,Approved,
erpnext,Asset Capitalization Asset Item,,,,erpnext,,عنصر أصل رسملة الأصل,عنصر أصل رسملة الأصل,,inventory,missing,,,,,,,,,,,,Pending,
erpnext,Item-wise Purchase History,,,,erpnext,الحركة التاريخية للمشتريات وفقاً للصنف,,الحركة التاريخية للمشتريات وفقاً للصنف,,inventory,pending,,,,,,,,,,,,Approved,
erpnext,Show Warehouse-wise Stock,,,,erpnext,عرض المستودع الحكيمة,,عرض المستودع الحكيمة,,inventory,pending,,,,,,,,,,,,Approved,
erpnext,Item {0} does not exist in the system or has expired,,,,erpnext,الصنف{0} غير موجود في النظام أو انتهت صلاحيته,,الصنف{0} غير موجود في النظام أو انتهت صلاحيته,,inventory,pending,,,,,,,,,,,,Approved,
erpnext,"According to the BOM {0}, the Item '{1}' is missing in the stock entry.",,,,erpnext,,,,,inventory,missing,,,,,,,,,,placeholder_mismatch,,Pending,
erpnext,It can take upto few hours for accurate stock values to be visible after merging items.,,,,erpnext,,,,,inventory,missing,,,,,,,,,,,,Pending,
frappe,Website Sidebar Item,,,,frappe,موقع الشريط الجانبي البند,,موقع الشريط الجانبي البند,,inventory,pending,,,,,,,,,,,,Approved,
erpnext,Enable Allow Partial Reservation in the Stock Settings to reserve partial stock.,,,,erpnext,,,,,inventory,missing,,,,,,,,,,,,Pending,
erpnext,Qty as Per Stock UOM,,,,erpnext,,الكمية حسب وحدة قياس المخزون,الكمية حسب وحدة قياس المخزون,,inventory,missing,,,,,,,,,,,,Pending,
erpnext,Reset Raw Materials Table,,,,erpnext,,إعادة تعيين جدول المواد الخام,إعادة تعيين جدول المواد الخام,,inventory,missing,,,,,,,,,,,,Pending,
erpnext,Has Alternative Item,,,,erpnext,,له صنف بديل,له صنف بديل,,inventory,missing,,,,,,,,,,,,Pending,
erpnext,Group node warehouse is not allowed to select for transactions,,,,erpnext,لا يسمح مستودع عقدة مجموعة لتحديد للمعاملات,,لا يسمح مستودع عقدة مجموعة لتحديد للمعاملات,,inventory,pending,,,,,,,,,,,,Approved,
erpnext,Reserved Warehouse is mandatory for the Item {item_code} in Raw Materials supplied.,,,,erpnext,,,,,inventory,missing,,,,,,,,,,placeholder_mismatch,,Pending,
erpnext,Row #{0}: Child Item should not be a Product Bundle. Please remove Item {1} and Save,,,,erpnext,الصف رقم {0}: يجب ألا يكون العنصر الفرعي عبارة عن حزمة منتج. يرجى إزالة العنصر {1} وحفظه,,الصف رقم {0}: يجب ألا يكون العنصر الفرعي عبارة عن حزمة منتج. يرجى إزالة العنصر {1} وحفظه,,inventory,pending,,,,,,,,,,,,Approved,
erpnext,"As there are sufficient Sub Assembly Items, Work Order is not required for Warehouse {0}.",,,,erpnext,,,,,inventory,missing,,,,,,,,,,placeholder_mismatch,,Pending,
erpnext,Row #{0}: Stock not available to reserve for the Item {1} in Warehouse {2}.,,,,erpnext,,,,,inventory,missing,,,,,,,,,,placeholder_mismatch,,Pending,
erpnext,Item Warehouse based reposting has been enabled.,,,,erpnext,,,,,inventory,missing,,,,,,,,,,,,Pending,
erpnext,Cannot change Variant properties after stock transaction. You will have to make a new Item to do this.,,,,erpnext,لا يمكن تغيير خصائص المتغير بعد معاملة المخزون. سيكون عليك عمل عنصر جديد للقيام بذلك.,,لا يمكن تغيير خصائص المتغير بعد معاملة المخزون. سيكون عليك عمل عنصر جديد للقيام بذلك.,,inventory,pending,,,,,,,,,,,,Approved,
erpnext,Move Item,,,,erpnext,حرك بند,,حرك بند,,inventory,pending,,,,,,,,,,,,Approved,
erpnext,Raw Material Name,,,,erpnext,اسم المادة الخام,,اسم المادة الخام,,inventory,pending,,,,,,,,,,,,Approved,
erpnext,Material Request,,,,erpnext,طلب مواد,طلب مواد,طلب مواد,,inventory,pending,,,,,,,,,,,,Approved,
erpnext,Item-wise Sales History,,,,erpnext,الحركة التاريخية للمبيعات وفقاً للصنف,,الحركة التاريخية للمبيعات وفقاً للصنف,,inventory,pending,,,,,,,,,,,,Approved,
erpnext, Raw Material,,,,erpnext,,,,,inventory,missing,,,,,,,,,,whitespace,,Pending,
erpnext,Please enter Planned Qty for Item {0} at row {1},,,,erpnext,الرجاء إدخال الكمية المخططة للبند {0} في الصف {1},,الرجاء إدخال الكمية المخططة للبند {0} في الصف {1},,inventory,pending,,,,,,,,,,,,Approved,
erpnext,Supplied Items,,,,erpnext,الأصناف الموردة,,الأصناف الموردة,,inventory,pending,,,,,,,,,,,,Approved,
erpnext,Item {0} is cancelled,,,,erpnext,تم إلغاء العنصر {0}\n<br>\nItem {0} is cancelled,,تم إلغاء العنصر {0}\n<br>\nItem {0} is cancelled,,inventory,pending,,,,,,,,,,html_imbalance,,Approved,
erpnext,"The following Items, having Putaway Rules, could not be accomodated:",,,,erpnext,,,,,inventory,missing,,,,,,,,,,,,Pending,
erpnext,Items & Pricing,,,,erpnext,,الأصناف والتسعير,الأصناف والتسعير,,inventory,missing,,,,,,,,,,,,Pending,
erpnext,Assets not created for {item_code}. You will have to create asset manually.,,,,erpnext,لم يتم إنشاء الأصول لـ {item_code}. سيكون عليك إنشاء الأصل يدويًا.,,لم يتم إنشاء الأصول لـ {item_code}. سيكون عليك إنشاء الأصل يدويًا.,,inventory,pending,,,,,,,,,,,,Approved,
erpnext,"A Price List is a collection of Item Prices either Selling, Buying, or both",,,,erpnext,,,,,inventory,missing,,,,,,,,,,,,Pending,
erpnext,Stock Reserved Qty (in Stock UOM),,,,erpnext,,كمية المخزون المحجوزة (بوحدة قياس المخزون),كمية المخزون المحجوزة (بوحدة قياس المخزون),,inventory,missing,,,,,,,,,,,,Pending,
frappe,Purchase Manager,,,,frappe,,,,,inventory,missing,,,,,,,,,,,,Pending,
erpnext,Select finance book for the item {0} at row {1},,,,erpnext,حدد دفتر تمويل للعنصر {0} في الصف {1},,حدد دفتر تمويل للعنصر {0} في الصف {1},,inventory,pending,,,,,,,,,,,,Approved,
erpnext,Stock Entries already created for Work Order {0}: {1},,,,erpnext,,,,,inventory,missing,,,,,,,,,,placeholder_mismatch,,Pending,
erpnext,Validate Material Transfer Warehouses,,,,erpnext,,التحقق من مستودعات نقل المواد,التحقق من مستودعات نقل المواد,,inventory,missing,,,,,,,,,,,,Pending,
erpnext,Cannot set multiple Item Defaults for a company.,,,,erpnext,لا يمكن تعيين عدة عناصر افتراضية لأي شركة.,,لا يمكن تعيين عدة عناصر افتراضية لأي شركة.,,inventory,pending,,,,,,,,,,,,Approved,
erpnext,Atleast one raw material for Finished Good Item {0} should be customer provided.,,,,erpnext,,,,,inventory,missing,,,,,,,,,,placeholder_mismatch,,Pending,
erpnext,Please pull items from Delivery Note,,,,erpnext,الرجاء سحب البنود من مذكرة التسليم\n<br>\nPlease pull items from Delivery Note,,الرجاء سحب البنود من مذكرة التسليم\n<br>\nPlease pull items from Delivery Note,,inventory,pending,,,,,,,,,,html_imbalance,,Approved,
erpnext,Max discount allowed for item: {0} is {1}%,,,,erpnext,,,,,inventory,missing,,,,,,,,,,placeholder_mismatch,,Pending,
erpnext,For Raw Materials,,,,erpnext,,,,,inventory,missing,,,,,,,,,,,,Pending,
erpnext,Variant Item,,,,erpnext,عنصر متغير,,عنصر متغير,,inventory,pending,,,,,,,,,,,,Approved,
erpnext,BOM Creator Item,,,,erpnext,,عنصر منشئ قائمة المواد,عنصر منشئ قائمة المواد,,inventory,missing,,,,,,,,,,,,Pending,
erpnext,'Update Stock' cannot be checked for fixed asset sale,,,,erpnext,لا يمكن التحقق من ' تحديث المخزون ' لبيع الأصول الثابتة\n<br>\n'Update Stock' cannot be checked for fixed asset sale,,لا يمكن التحقق من ' تحديث المخزون ' لبيع الأصول الثابتة\n<br>\n'Update Stock' cannot be checked for fixed asset sale,,inventory,pending,,,,,,,,,,html_imbalance,,Approved,
erpnext,"{0} units are reserved for Item {1} in Warehouse {2}, please un-reserve the same to {3} the Stock Reconciliation.",,,,erpnext,,,,,inventory,missing,,,,,,,,,,placeholder_mismatch,,Pending,
erpnext,Returned Qty in Stock UOM,,,,erpnext,,الكمية المرتجعة بوحدة قياس المخزون,الكمية المرتجعة بوحدة قياس المخزون,,inventory,missing,,,,,,,,,,,,Pending,
erpnext,UOM {0} not found in Item {1},,,,erpnext,,,,,inventory,missing,,,,,,,,,,placeholder_mismatch,,Pending,
erpnext,Set Accepted Warehouse,,,,erpnext,حدد المخزن المعتمد,,حدد المخزن المعتمد,,inventory,pending,,,,,,,,,,,,Approved,
erpnext,"Enter an Item Code, the name will be auto-filled the same as Item Code on clicking inside the Item Name field.",,,,erpnext,,,,,inventory,missing,,,,,,,,,,,,Pending,
erpnext,Row #{0}: Customer Provided Item {1} cannot be added multiple times.,,,,erpnext,,,,,inventory,missing,,,,,,,,,,placeholder_mismatch,,Pending,
erpnext,Fetch Items from Warehouse,,,,erpnext,جلب العناصر من المستودع,,جلب العناصر من المستودع,,inventory,pending,,,,,,,,,,,,Approved,
erpnext,The user will be able to transfer additional materials from the store to the Work in Progress (WIP) warehouse.,,,,erpnext,,,,,inventory,missing,,,,,,,,,,,,Pending,
erpnext,The gross weight of the package. Usually net weight + packaging material weight. (for print),,,,erpnext,الوزن الكلي للحزمة. الوزن الصافي عادة + تغليف المواد الوزن. (للطباعة),,الوزن الكلي للحزمة. الوزن الصافي عادة + تغليف المواد الوزن. (للطباعة),,inventory,pending,,,,,,,,,,,,Approved,
erpnext,Capacity in Stock UOM,,,,erpnext,,السعة بوحدة قياس المخزون,السعة بوحدة قياس المخزون,,inventory,missing,,,,,,,,,,,,Pending,
erpnext,"There are two options to maintain valuation of stock. FIFO (first in - first out) and Moving Average. To understand this topic in detail please visit <a href='https://docs.erpnext.com/docs/v13/user/manual/en/stock/articles/item-valuation-fifo-and-moving-average' target='_blank'>Item Valuation, FIFO and Moving Average.</a>",,,,erpnext,,,,,inventory,missing,,,,,,,,,,html_imbalance,,Pending,
erpnext,Transaction Deletion Record Item,,,,erpnext,,عنصر سجل حذف المعاملة,عنصر سجل حذف المعاملة,,inventory,missing,,,,,,,,,,,,Pending,
erpnext,Items To Be Requested,,,,erpnext,اصناف يمكن طلبه,,اصناف يمكن طلبه,,inventory,pending,,,,,,,,,,,,Approved,
erpnext,{0} is not a stock Item,,,,erpnext,{0} ليس من نوع المخزون,,{0} ليس من نوع المخزون,,inventory,pending,,,,,,,,,,,,Approved,
erpnext,Material Transferred for Manufacturing,,,,erpnext,المواد المنقولة لغرض التصنيع,,المواد المنقولة لغرض التصنيع,,inventory,pending,,,,,,,,,,,,Approved,
erpnext,Consumed Qty cannot be greater than Reserved Qty for item {0},,,,erpnext,,,,,inventory,missing,,,,,,,,,,placeholder_mismatch,,Pending,
erpnext,SCO Supplied Item,,,,erpnext,,,,,inventory,missing,,,,,,,,,,,,Pending,
erpnext,Stock Details,,,,erpnext,تفاصيل المخزون,,تفاصيل المخزون,,inventory,pending,,,,,,,,,,,,Approved,
erpnext,Production Plan Material Request Warehouse,,,,erpnext,مستودع طلب مواد خطة الإنتاج,,مستودع طلب مواد خطة الإنتاج,,inventory,pending,,,,,,,,,,,,Approved,
erpnext,No active BOM found for item {0}. Delivery by Serial No cannot be ensured,,,,erpnext,لم يتم العثور على BOM نشط للعنصر {0}. لا يمكن ضمان التسليم عن طريق الرقم التسلسلي,,لم يتم العثور على BOM نشط للعنصر {0}. لا يمكن ضمان التسليم عن طريق الرقم التسلسلي,,inventory,pending,,,,,,,,,,,,Approved,
erpnext,Picked Qty (in Stock UOM),,,,erpnext,,الكمية المنتقاة (بوحدة قياس المخزون),الكمية المنتقاة (بوحدة قياس المخزون),,inventory,missing,,,,,,,,,,,,Pending,
erpnext,"""Is Fixed Asset"" cannot be unchecked, as Asset record exists against the item",,,,erpnext,"""اصل ثابت"" لا يمكن أن يكون غير محدد، حيث يوجد سجل أصول مقابل البند",,"""اصل ثابت"" لا يمكن أن يكون غير محدد، حيث يوجد سجل أصول مقابل البند",,inventory,pending,,,,,,,,,,,,Approved,
erpnext,You must select a customer before adding an item.,,,,erpnext,يجب عليك تحديد عميل قبل إضافة عنصر.,,يجب عليك تحديد عميل قبل إضافة عنصر.,,inventory,pending,,,,,,,,,,,,Approved,
erpnext,Update Current Stock,,,,erpnext,تحديث المخزون الحالي,,تحديث المخزون الحالي,,inventory,pending,,,,,,,,,,,,Approved,
erpnext,Get Items for Purchase Only,,,,erpnext,,جلب الأصناف للشراء فقط,جلب الأصناف للشراء فقط,,inventory,missing,,,,,,,,,,,,Pending,
erpnext,The selected BOMs are not for the same item,,,,erpnext,قواائم المواد المحددة ليست لنفس البند,,قواائم المواد المحددة ليست لنفس البند,,inventory,pending,,,,,,,,,,,,Approved,
erpnext,Net Change in Inventory,,,,erpnext,صافي التغير في المخزون,,صافي التغير في المخزون,,inventory,pending,,,,,,,,,,,,Approved,
erpnext,Select an Item Group.,,,,erpnext,,تحديد مجموعة أصناف.,تحديد مجموعة أصناف.,,inventory,missing,,,,,,,,,,,,Pending,
erpnext,"The following batches are expired, please restock them: <br> {0}",,,,erpnext,,,,,inventory,missing,,,,,,,,,,placeholder_mismatch;html_imbalance,,Pending,
erpnext,Bundle Items,,,,erpnext,,أصناف المجموعة,أصناف المجموعة,,inventory,missing,,,,,,,,,,,,Pending,
erpnext,Warehouse Name,,,,erpnext,اسم المستودع,,اسم المستودع,,inventory,pending,,,,,,,,,,,,Approved,
erpnext,Select item group,,,,erpnext,حدد مجموعة العناصر,,حدد مجموعة العناصر,,inventory,pending,,,,,,,,,,,,Approved,
erpnext,Charges are updated in Purchase Receipt against each item,,,,erpnext,,,,,inventory,missing,,,,,,,,,,,,Pending,
erpnext,Item and Warehouse,,,,erpnext,,الصنف والمستودع,الصنف والمستودع,,inventory,missing,,,,,,,,,,,,Pending,
erpnext,Stock Closing Entry {0} already exists for the selected date range,,,,erpnext,,,,,inventory,missing,,,,,,,,,,placeholder_mismatch,,Pending,
erpnext,Reserved Stock for Batch,,,,erpnext,,مخزون محجوز للدفعة,مخزون محجوز للدفعة,,inventory,missing,,,,,,,,,,,,Pending,
erpnext,Raise Material Request When Stock Reaches Re-order Level,,,,erpnext,رفع طلب المواد عندما يصل المخزون إلى مستوى إعادة الطلب,,رفع طلب المواد عندما يصل المخزون إلى مستوى إعادة الطلب,,inventory,pending,,,,,,,,,,,,Approved,
erpnext,Received Stock Entries,,,,erpnext,تلقى إدخالات الأسهم,,تلقى إدخالات الأسهم,,inventory,pending,,,,,,,,,,,,Approved,
erpnext,Select an item from each set to be used in the Sales Order.,,,,erpnext,,,,,inventory,missing,,,,,,,,,,,,Pending,
erpnext,Item Manager,,,,erpnext,مدير الصنف,,مدير الصنف,,inventory,pending,,,,,,,,,,,,Approved,
erpnext,Purchase Taxes and Charges Template,,,,erpnext,قالب الضرائب والرسوم على المشتريات,,قالب الضرائب والرسوم على المشتريات,,inventory,pending,,,,,,,,,,,,Approved,
erpnext,Add items in the Item Locations table,,,,erpnext,أضف عناصر في جدول &quot;مواقع العناصر&quot;,,أضف عناصر في جدول &quot;مواقع العناصر&quot;,,inventory,pending,,,,,,,,,,,,Approved,
erpnext,Target Warehouse,,,,erpnext,المخزن المستهدف,,المخزن المستهدف,,inventory,pending,,,,,,,,,,,,Approved,
erpnext,Item Tax Rate,,,,erpnext,معدل ضريبة الصنف,,معدل ضريبة الصنف,,inventory,pending,,,,,,,,,,,,Approved,
erpnext,Getting Scrap Items,,,,erpnext,,,,,inventory,missing,,,,,,,,,,,,Pending,
erpnext,Planned Purchase Order,,,,erpnext,,أمر شراء مخطط,أمر شراء مخطط,,inventory,missing,,,,,,,,,,,,Pending,
erpnext,Set rate of sub-assembly item based on BOM,,,,erpnext,تعيين معدل عنصر التجميع الفرعي استنادا إلى بوم,,تعيين معدل عنصر التجميع الفرعي استنادا إلى بوم,,inventory,pending,,,,,,,,,,,,Approved,
erpnext,There must be atleast 1 Finished Good in this Stock Entry,,,,erpnext,,,,,inventory,missing,,,,,,,,,,,,Pending,
erpnext,Item Group Tree,,,,erpnext,شجرة فئات البنود,,شجرة فئات البنود,,inventory,pending,,,,,,,,,,,,Approved,
erpnext,No reserved stock to unreserve.,,,,erpnext,,لا يوجد مخزون محجوز لإلغاء حجزه.,لا يوجد مخزون محجوز لإلغاء حجزه.,,inventory,missing,,,,,,,,,,,,Pending,
erpnext,Get Items from BOM,,,,erpnext,تنزيل الاصناف من BOM,,تنزيل الاصناف من BOM,,inventory,pending,,,,,,,,,,,,Approved,
erpnext,Set From Warehouse,,,,erpnext,,تعيين مستودع المصدر,تعيين مستودع المصدر,,inventory,missing,,,,,,,,,,,,Pending,
erpnext,Raw Material,,,,erpnext,المواد الخام,المادة الخام,المادة الخام,,inventory,pending,,,,,,,,,,,,Approved,
erpnext,Reserved Stock for Sub-assembly,,,,erpnext,,مخزون محجوز للتجميع الفرعي,مخزون محجوز للتجميع الفرعي,,inventory,missing,,,,,,,,,,,,Pending,
erpnext,Click this button if you encounter a negative stock error for a serial or batch item. The system will fetch the available serials or batches automatically.,,,,erpnext,,,,,inventory,missing,,,,,,,,,,,,Pending,
erpnext,Conditions will be applied on all the selected items combined. ,,,,erpnext,سيتم تطبيق الشروط على جميع العناصر المختارة مجتمعة.,,سيتم تطبيق الشروط على جميع العناصر المختارة مجتمعة.,,inventory,pending,,,,,,,,,,whitespace,,Approved,
erpnext,You have already selected items from {0} {1},,,,erpnext,لقد حددت العناصر من {0} {1},,لقد حددت العناصر من {0} {1},,inventory,pending,,,,,,,,,,,,Approved,
erpnext,Item {0} has no Serial No. Only serialized items can have delivery based on Serial No,,,,erpnext,,,,,inventory,missing,,,,,,,,,,placeholder_mismatch,,Pending,
erpnext,Row #{0}: A reorder entry already exists for warehouse {1} with reorder type {2}.,,,,erpnext,,,,,inventory,missing,,,,,,,,,,placeholder_mismatch,,Pending,
erpnext,Item Image (if not slideshow),,,,erpnext,صورة البند (إن لم يكن عرض شرائح),,صورة البند (إن لم يكن عرض شرائح),,inventory,pending,,,,,,,,,,,,Approved,
erpnext,Purchase Order Pricing Rule,,,,erpnext,قاعدة تسعير أمر الشراء,,قاعدة تسعير أمر الشراء,,inventory,pending,,,,,,,,,,,,Approved,
erpnext,Cancel Material Visit {0} before cancelling this Warranty Claim,,,,erpnext,إلغاء الزيارة {0} قبل إلغاء طلب الضمانة,,إلغاء الزيارة {0} قبل إلغاء طلب الضمانة,,inventory,pending,,,,,,,,,,,,Approved,
erpnext,Cannot ensure delivery by Serial No as Item {0} is added with and without Ensure Delivery by Serial No.,,,,erpnext,لا يمكن ضمان التسليم بواسطة Serial No حيث أن العنصر {0} مضاف مع وبدون ضمان التسليم بواسطة Serial No.,,لا يمكن ضمان التسليم بواسطة Serial No حيث أن العنصر {0} مضاف مع وبدون ضمان التسليم بواسطة Serial No.,,inventory,pending,,,,,,,,,,,,Approved,
erpnext,Maximum discount for Item {0} is {1}%,,,,erpnext,,,,,inventory,missing,,,,,,,,,,placeholder_mismatch,,Pending,
erpnext,Warehouse Capacity Summary,,,,erpnext,,ملخص سعة المستودع,ملخص سعة المستودع,,inventory,missing,,,,,,,,,,,,Pending,
erpnext,"If enabled, do not update serial / batch values in the stock transactions on creation of auto Serial 
 / Batch Bundle. ",,,,erpnext,,,,,inventory,missing,,,,,,,,,,whitespace,,Pending,
erpnext,Parent Item {0} must not be a Fixed Asset,,,,erpnext,,,,,inventory,missing,,,,,,,,,,placeholder_mismatch,,Pending,
erpnext,Item Barcode,,,,erpnext,باركود الصنف,,باركود الصنف,,inventory,pending,,,,,,,,,,,,Approved,
erpnext,"For row {0} in {1}. To include {2} in Item rate, rows {3} must also be included",,,,erpnext,,,,,inventory,missing,,,,,,,,,,placeholder_mismatch,,Pending,
erpnext,Stock Received But Not Billed,,,,erpnext,المخزون المتلقي ولكن غير مفوتر,,المخزون المتلقي ولكن غير مفوتر,,inventory,pending,,,,,,,,,,,,Approved,
erpnext,Incorrect Reference Document (Purchase Receipt Item),,,,erpnext,,,,,inventory,missing,,,,,,,,,,,,Pending,
erpnext,Work Order Stock Report,,,,erpnext,تقرير مخزون أمر العمل,,تقرير مخزون أمر العمل,,inventory,pending,,,,,,,,,,,,Approved,
erpnext,Stock Closing Entry,,,,erpnext,,قيد إغلاق المخزون,قيد إغلاق المخزون,,inventory,missing,,,,,,,,,,,,Pending,
erpnext,Target Warehouse Address Link,,,,erpnext,,رابط عنوان المستودع الهدف,رابط عنوان المستودع الهدف,,inventory,missing,,,,,,,,,,,,Pending,
erpnext,Purchase Analytics,,,,erpnext,تحليلات المشتريات,,تحليلات المشتريات,,inventory,pending,,,,,,,,,,,,Approved,
erpnext,Cannot delete an item which has been ordered,,,,erpnext,,,,,inventory,missing,,,,,,,,,,,,Pending,
erpnext,Row #{0}: Stock cannot be reserved in group warehouse {1}.,,,,erpnext,,,,,inventory,missing,,,,,,,,,,placeholder_mismatch,,Pending,
erpnext,Value of New Purchase,,,,erpnext,,قيمة الشراء الجديد,قيمة الشراء الجديد,,inventory,missing,,,,,,,,,,,,Pending,
erpnext,Purchase Receipt {0} is not submitted,,,,erpnext,إيصال استلام المشتريات {0} لم يتم تقديمه,,إيصال استلام المشتريات {0} لم يتم تقديمه,,inventory,pending,,,,,,,,,,,,Approved,
erpnext,Against Sales Order Item,,,,erpnext,مقابل بند طلب مبيعات,,مقابل بند طلب مبيعات,,inventory,pending,,,,,,,,,,,,Approved,
erpnext,Create Purchase Order,,,,erpnext,إنشاء أمر الشراء,,إنشاء أمر الشراء,,inventory,pending,,,,,,,,,,,,Approved,
erpnext,"This table is used to set details about the 'Item', 'Qty', 'Basic Rate', etc.",,,,erpnext,,,,,inventory,missing,,,,,,,,,,,,Pending,
erpnext,Row #{0}: Scrap Item Qty cannot be zero,,,,erpnext,,,,,inventory,missing,,,,,,,,,,placeholder_mismatch,,Pending,
erpnext,Allow Negative rates for Items,,,,erpnext,,السماح بأسعار سالبة للأصناف,السماح بأسعار سالبة للأصناف,,inventory,missing,,,,,,,,,,,,Pending,
erpnext,Cannot cancel because submitted Stock Entry {0} exists,,,,erpnext,لا يمكن الإلغاء لان هناك تدوينات مخزون مقدمة {0} موجوده,,لا يمكن الإلغاء لان هناك تدوينات مخزون مقدمة {0} موجوده,,inventory,pending,,,,,,,,,,,,Approved,
erpnext,Purchase Order Date,,,,erpnext,تاريخ أمر الشراء,,تاريخ أمر الشراء,,inventory,pending,,,,,,,,,,,,Approved,
erpnext,Source Warehouse,,,,erpnext,مصدر مستودع,,مصدر مستودع,,inventory,pending,,,,,,,,,,,,Approved,
erpnext,Stock Transactions Settings,,,,erpnext,,إعدادات معاملات المخزون,إعدادات معاملات المخزون,,inventory,missing,,,,,,,,,,,,Pending,
erpnext,Net Purchase Amount {0} cannot be depreciated over {1} cycles.,,,,erpnext,,,,,inventory,missing,,,,,,,,,,placeholder_mismatch,,Pending,
erpnext,At row {0}: set Parent Row No for item {1},,,,erpnext,,,,,inventory,missing,,,,,,,,,,placeholder_mismatch,,Pending,
erpnext,Role Allowed to Edit Frozen Stock,,,,erpnext,الدور المسموح به لتحرير المخزون المجمد,,الدور المسموح به لتحرير المخزون المجمد,,inventory,pending,,,,,,,,,,,,Approved,
erpnext,Stock Reconciliations,,,,erpnext,تسويات المخزون,,تسويات المخزون,,inventory,pending,,,,,,,,,,,,Approved,
erpnext,Item Price updated for {0} in Price List {1},,,,erpnext,سعر الصنف محدث ل{0} في قائمة الأسعار {1},,سعر الصنف محدث ل{0} في قائمة الأسعار {1},,inventory,pending,,,,,,,,,,,,Approved,
erpnext,"For 'Product Bundle' items, Warehouse, Serial No and Batch No will be considered from the 'Packing List' table. If Warehouse and Batch No are same for all packing items for any 'Product Bundle' item, those values can be entered in the main Item table, values will be copied to 'Packing List' table.",,,,erpnext,لبنود حزمة المنتج والمستودع والرقم المتسلسل ورقم الدفعة ستأخذ بعين الاعتبار من جدول قائمة التغليف. اذا كان للمستودع ورقم الدفعة نفس  البند من بنود التغليف لأي بند من حزمة المنتج. هذه القيم يمكن ادخالها في جدول البند الرئيسي. والقيم سيتم نسخها الى جدول قائمة التغليف.,,لبنود حزمة المنتج والمستودع والرقم المتسلسل ورقم الدفعة ستأخذ بعين الاعتبار من جدول قائمة التغليف. اذا كان للمستودع ورقم الدفعة نفس  البند من بنود التغليف لأي بند من حزمة المنتج. هذه القيم يمكن ادخالها في جدول البند الرئيسي. والقيم سيتم نسخها الى جدول قائمة التغليف.,,inventory,pending,,,,,,,,,,,,Approved,
erpnext,Stock Balance Report,,,,erpnext,تقرير رصيد المخزون,,تقرير رصيد المخزون,,inventory,pending,,,,,,,,,,,,Approved,
erpnext,Add Items in the Purpose Table,,,,erpnext,,,,,inventory,missing,,,,,,,,,,,,Pending,
erpnext,Has Item Scanned,,,,erpnext,,تم مسح الصنف,تم مسح الصنف,,inventory,missing,,,,,,,,,,,,Pending,
erpnext,Warehouse Type,,,,erpnext,نوع المستودع,,نوع المستودع,,inventory,pending,,,,,,,,,,,,Approved,
erpnext,Duplicate entry against the item code {0} and manufacturer {1},,,,erpnext,إدخال مكرر مقابل رمز العنصر {0} والشركة المصنعة {1},,إدخال مكرر مقابل رمز العنصر {0} والشركة المصنعة {1},,inventory,pending,,,,,,,,,,,,Approved,
erpnext,Auto Reserve Stock for Sales Order on Purchase,,,,erpnext,,,,,inventory,missing,,,,,,,,,,,,Pending,
erpnext,Please enter Production Item first,,,,erpnext,الرجاء إدخال بند الإنتاج أولا,,الرجاء إدخال بند الإنتاج أولا,,inventory,pending,,,,,,,,,,,,Approved,
erpnext,Inventory,,,,erpnext,جرد,المخزون,المخزون,,inventory,pending,,,,,,,,,,,,Approved,
erpnext,Row #{0}: Quality Inspection {1} is not submitted for the item: {2},,,,erpnext,,,,,inventory,missing,,,,,,,,,,placeholder_mismatch,,Pending,
erpnext,Customer Item,,,,erpnext,,عنصر العميل,عنصر العميل,,inventory,missing,,,,,,,,,,,,Pending,
erpnext,Row #{0}: {1} can not be negative for item {2},,,,erpnext,الصف # {0}: {1} لا يمكن أن يكون سالبا للبند {2},,الصف # {0}: {1} لا يمكن أن يكون سالبا للبند {2},,inventory,pending,,,,,,,,,,,,Approved,
erpnext,"Please set {0} for Batched Item {1}, which is used to set {2} on Submit.",,,,erpnext,يرجى تعيين {0} للعنصر المجمّع {1} ، والذي يتم استخدامه لتعيين {2} عند الإرسال.,,يرجى تعيين {0} للعنصر المجمّع {1} ، والذي يتم استخدامه لتعيين {2} عند الإرسال.,,inventory,pending,,,,,,,,,,,,Approved,
erpnext,"Sales Order {0} already exists against Customer's Purchase Order {1}. To allow multiple Sales Orders, Enable {2} in {3}",,,,erpnext,,,,,inventory,missing,,,,,,,,,,placeholder_mismatch,,Pending,
erpnext,Invalid Warehouse,,,,erpnext,,مستودع غير صالح,مستودع غير صالح,,inventory,missing,,,,,,,,,,,,Pending,
erpnext,Target Item {0} must be a Fixed Asset item,,,,erpnext,,,,,inventory,missing,,,,,,,,,,placeholder_mismatch,,Pending,
erpnext,Delivery Note Item,,,,erpnext,ملاحظة تسليم السلعة,,ملاحظة تسليم السلعة,,inventory,pending,,,,,,,,,,,,Approved,
erpnext,Purchase Details,,,,erpnext,تفاصيل شراء,,تفاصيل شراء,,inventory,pending,,,,,,,,,,,,Approved,
frappe,Navbar Item,,,,frappe,عنصر Navbar,,عنصر Navbar,,inventory,pending,,,,,,,,,,,,Approved,
erpnext,Link to Material Requests,,,,erpnext,رابط لطلبات المواد,,رابط لطلبات المواد,,inventory,pending,,,,,,,,,,,,Approved,
frappe,Top Bar Item,,,,frappe,أفضل شريط الإغلاق,,أفضل شريط الإغلاق,,inventory,pending,,,,,,,,,,,,Approved,
erpnext,Reference Purchase Receipt,,,,erpnext,مرجع شراء إيصال,,مرجع شراء إيصال,,inventory,pending,,,,,,,,,,,,Approved,
erpnext,Item {0} does not exist,,,,erpnext,العنصر {0} غير موجود\n<br>\nItem {0} does not exist,,العنصر {0} غير موجود\n<br>\nItem {0} does not exist,,inventory,pending,,,,,,,,,,html_imbalance,,Approved,
erpnext,Pick List Item,,,,erpnext,اختيار عنصر القائمة,,اختيار عنصر القائمة,,inventory,pending,,,,,,,,,,,,Approved,
erpnext,Conversion factor for item {0} has been reset to 1.0 as the uom {1} is same as stock uom {2}.,,,,erpnext,,,,,inventory,missing,,,,,,,,,,placeholder_mismatch,,Pending,
erpnext,Items {0} do not exist in the Item master.,,,,erpnext,,,,,inventory,missing,,,,,,,,,,placeholder_mismatch,,Pending,
erpnext,Stock UOM,,,,erpnext,وحدة قياس السهم,,وحدة قياس السهم,,inventory,pending,,,,,,,,,,,,Approved,
erpnext,Item-wise Purchase Register,,,,erpnext,سجل حركة المشتريات وفقاً للصنف,,سجل حركة المشتريات وفقاً للصنف,,inventory,pending,,,,,,,,,,,,Approved,
erpnext,Auto Material Request,,,,erpnext,طلب مواد تلقائي,,طلب مواد تلقائي,,inventory,pending,,,,,,,,,,,,Approved,
erpnext,Sales Partner Target Variance based on Item Group,,,,erpnext,الفرق المستهدف لشركاء المبيعات استنادًا إلى مجموعة العناصر,,الفرق المستهدف لشركاء المبيعات استنادًا إلى مجموعة العناصر,,inventory,pending,,,,,,,,,,,,Approved,
erpnext,At row {0}: Parent Row No cannot be set for item {1},,,,erpnext,,,,,inventory,missing,,,,,,,,,,placeholder_mismatch,,Pending,
erpnext,Row #{0}: Item {1} is not a Customer Provided Item.,,,,erpnext,,,,,inventory,missing,,,,,,,,,,placeholder_mismatch,,Pending,
erpnext,Row {0}# Item {1} not found in 'Raw Materials Supplied' table in {2} {3},,,,erpnext,,,,,inventory,missing,,,,,,,,,,placeholder_mismatch,,Pending,
erpnext,Auto Insert Item Price If Missing,,,,erpnext,,,,,inventory,missing,,,,,,,,,,,,Pending,
erpnext,Additional {0} {1} of item {2} required as per BOM to complete this transaction,,,,erpnext,,,,,inventory,missing,,,,,,,,,,placeholder_mismatch,,Pending,
erpnext,Balance Stock Value,,,,erpnext,,قيمة رصيد المخزون,قيمة رصيد المخزون,,inventory,missing,,,,,,,,,,,,Pending,
erpnext,Set Valuation Rate for Rejected Materials,,,,erpnext,,تعيين سعر التقييم للمواد المرفوضة,تعيين سعر التقييم للمواد المرفوضة,,inventory,missing,,,,,,,,,,,,Pending,
erpnext,Stock cannot be reserved in the group warehouse {0}.,,,,erpnext,,,,,inventory,missing,,,,,,,,,,placeholder_mismatch,,Pending,
erpnext,"Charges will be distributed proportionately based on item qty or amount, as per your selection",,,,erpnext,,,,,inventory,missing,,,,,,,,,,,,Pending,
erpnext,You do not have permissions to {} items in a {}.,,,,erpnext,ليس لديك أذونات لـ {} من العناصر في {}.,,ليس لديك أذونات لـ {} من العناصر في {}.,,inventory,pending,,,,,,,,,,,,Approved,
erpnext,Opening Stock,,,,erpnext,مخزون أول المدة,مخزون افتتاحي,مخزون افتتاحي,,inventory,pending,,,,,,,,,,,,Approved,
erpnext,Material Request Item,,,,erpnext,صنف المواد المطلوبة,,صنف المواد المطلوبة,,inventory,pending,,,,,,,,,,,,Approved,
erpnext,<p>Posting Date {0} cannot be before Purchase Order date for the following:</p><ul>,,,,erpnext,,,,,inventory,missing,,,,,,,,,,placeholder_mismatch;html_imbalance,,Pending,
erpnext,Different 'Source Warehouse' and 'Target Warehouse' can be set for each row.,,,,erpnext,,,,,inventory,missing,,,,,,,,,,,,Pending,
erpnext,'Allow Multiple Sales Orders Against a Customer's Purchase Order',,,,erpnext,,,,,inventory,missing,,,,,,,,,,,,Pending,
erpnext,Warehouse is mandatory,,,,erpnext,المستودع إلزامي,,المستودع إلزامي,,inventory,pending,,,,,,,,,,,,Approved,
erpnext,Packing Slip Item,,,,erpnext,مادة كشف التعبئة,,مادة كشف التعبئة,,inventory,pending,,,,,,,,,,,,Approved,
erpnext,Qty in Stock UOM,,,,erpnext,,الكمية بوحدة قياس المخزون,الكمية بوحدة قياس المخزون,,inventory,missing,,,,,,,,,,,,Pending,
erpnext,The reserved stock will be released. Are you certain you wish to proceed?,,,,erpnext,,,,,inventory,missing,,,,,,,,,,,,Pending,
erpnext,Row #{0}: Cannot delete item {1} which has already been received,,,,erpnext,الصف # {0}: لا يمكن حذف العنصر {1} الذي تم استلامه بالفعل,,الصف # {0}: لا يمكن حذف العنصر {1} الذي تم استلامه بالفعل,,inventory,pending,,,,,,,,,,,,Approved,
erpnext,Row #{0}: Source Warehouse {1} for item {2} must be same as Source Warehouse {3} in the Work Order.,,,,erpnext,,,,,inventory,missing,,,,,,,,,,placeholder_mismatch,,Pending,
erpnext,Service Item,,,,erpnext,,عنصر الخدمة,عنصر الخدمة,,inventory,missing,,,,,,,,,,,,Pending,
erpnext,Get Raw Materials Cost from Consumption Entry,,,,erpnext,,جلب تكلفة المواد الخام من قيد الاستهلاك,جلب تكلفة المواد الخام من قيد الاستهلاك,,inventory,missing,,,,,,,,,,,,Pending,
erpnext,Items under this warehouse will be suggested,,,,erpnext,وسيتم اقتراح العناصر الموجودة تحت هذا المستودع,,وسيتم اقتراح العناصر الموجودة تحت هذا المستودع,,inventory,pending,,,,,,,,,,,,Approved,
erpnext,Start date should be less than end date for Item {0},,,,erpnext,يجب أن يكون تاريخ البدء أقل من تاريخ الانتهاء للعنصر {0}\n<br>\nStart date should be less than end date for Item {0},,يجب أن يكون تاريخ البدء أقل من تاريخ الانتهاء للعنصر {0}\n<br>\nStart date should be less than end date for Item {0},,inventory,pending,,,,,,,,,,html_imbalance,,Approved,
erpnext,Bill of Materials,,,,erpnext,فاتورة المواد,,فاتورة المواد,,inventory,pending,,,,,,,,,,,,Approved,
erpnext,Default In-Transit Warehouse,,,,erpnext,,مستودع العبور الافتراضي,مستودع العبور الافتراضي,,inventory,missing,,,,,,,,,,,,Pending,
erpnext,Get Items for Purchase / Transfer,,,,erpnext,,جلب الأصناف للشراء/النقل,جلب الأصناف للشراء/النقل,,inventory,missing,,,,,,,,,,,,Pending,
erpnext,Consumed Stock Total Value,,,,erpnext,,إجمالي قيمة المخزون المستهلك,إجمالي قيمة المخزون المستهلك,,inventory,missing,,,,,,,,,,,,Pending,
erpnext,In stock,,,,erpnext,في المخزن,,في المخزن,,inventory,pending,,,,,,,,,,,,Approved,
erpnext,Batch {0} is not available in warehouse {1},,,,erpnext,,,,,inventory,missing,,,,,,,,,,placeholder_mismatch,,Pending,
erpnext,Maximum Samples - {0} have already been retained for Batch {1} and Item {2} in Batch {3}.,,,,erpnext,الحد الأقصى للعينات - {0} تم الاحتفاظ به مسبقا للدفعة {1} و العنصر {2} في الدفعة {3}.,,الحد الأقصى للعينات - {0} تم الاحتفاظ به مسبقا للدفعة {1} و العنصر {2} في الدفعة {3}.,,inventory,pending,,,,,,,,,,,,Approved,
erpnext,"Example: ABCD.#####
If series is set and Serial No is not mentioned in transactions, then automatic serial number will be created based on this series. If you always want to explicitly mention Serial Nos for this item. leave this blank.",,,,erpnext,,,,,inventory,missing,,,,,,,,,,,,Pending,
erpnext,Territory Item,,,,erpnext,,عنصر المنطقة,عنصر المنطقة,,inventory,missing,,,,,,,,,,,,Pending,
erpnext,Free Item Rate,,,,erpnext,,,,,inventory,missing,,,,,,,,,,,,Pending,
erpnext,Default Unit of Measure for Item {0} cannot be changed directly because you have already made some transaction(s) with another UOM. You will need to create a new Item to use a different Default UOM.,,,,erpnext,لا يمكن تغيير وحدة القياس الافتراضية للبند {0} مباشرة لأنك قمت بالفعل ببعض المعاملات (المعاملة) مع UOM أخرى. ستحتاج إلى إنشاء عنصر جديد لاستخدام واجهة مستخدم افتراضية مختلفة.\n<br>\nDefault Unit of Measure for Item {0} cannot be changed directly because you have already made some transaction(s) with another UOM. You will need to create a new Item to use a different Default UOM.,,لا يمكن تغيير وحدة القياس الافتراضية للبند {0} مباشرة لأنك قمت بالفعل ببعض المعاملات (المعاملة) مع UOM أخرى. ستحتاج إلى إنشاء عنصر جديد لاستخدام واجهة مستخدم افتراضية مختلفة.\n<br>\nDefault Unit of Measure for Item {0} cannot be changed directly because you have already made some transaction(s) with another UOM. You will need to create a new Item to use a different Default UOM.,,inventory,pending,,,,,,,,,,html_imbalance,,Approved,
erpnext,Note: Item {0} added multiple times,,,,erpnext,ملاحظة: تمت إضافة العنصر {0} عدة مرات,,ملاحظة: تمت إضافة العنصر {0} عدة مرات,,inventory,pending,,,,,,,,,,,,Approved,
erpnext,Row #{0}: Source Warehouse {1} for item {2} cannot be a customer warehouse.,,,,erpnext,,,,,inventory,missing,,,,,,,,,,placeholder_mismatch,,Pending,
erpnext,Stock Summary,,,,erpnext,ملخص الأوراق المالية,,ملخص الأوراق المالية,,inventory,pending,,,,,,,,,,,,Approved,
erpnext,Consolidate Sales Order Items,,,,erpnext,,تجميع أصناف أمر البيع,تجميع أصناف أمر البيع,,inventory,missing,,,,,,,,,,,,Pending,
erpnext,Row #{0}: Item {1} is not a stock item,,,,erpnext,,,,,inventory,missing,,,,,,,,,,placeholder_mismatch,,Pending,
erpnext,Stock Qty vs Batch Qty,,,,erpnext,,كمية المخزون مقابل كمية الدفعة,كمية المخزون مقابل كمية الدفعة,,inventory,missing,,,,,,,,,,,,Pending,
erpnext,Actual type tax cannot be included in Item rate in row {0},,,,erpnext,نوع الضريبة الفعلي لا يمكن تضمينه في معدل الصنف في الصف {0},,نوع الضريبة الفعلي لا يمكن تضمينه في معدل الصنف في الصف {0},,inventory,pending,,,,,,,,,,,,Approved,
erpnext,Item Code,,,,erpnext,رمز السلعة,كود الصنف,كود الصنف,,inventory,pending,,,,,,,,,,,,Approved,
erpnext,Default BOM ({0}) must be active for this item or its template,,,,erpnext,يجب أن تكون قائمة المواد الافتراضية ({0}) نشطة لهذا الصنف أو قوالبه,,يجب أن تكون قائمة المواد الافتراضية ({0}) نشطة لهذا الصنف أو قوالبه,,inventory,pending,,,,,,,,,,,,Approved,
erpnext,product bundle item row's name in sales order. Also indicates that picked item is to be used for a product bundle,,,,erpnext,,,,,inventory,missing,,,,,,,,,,,,Pending,
erpnext,Group by Material Request,,,,erpnext,تجميع حسب طلب المواد,,تجميع حسب طلب المواد,,inventory,pending,,,,,,,,,,,,Approved,
erpnext,Item {0}: {1} qty produced. ,,,,erpnext,العنصر {0}: {1} الكمية المنتجة.,,العنصر {0}: {1} الكمية المنتجة.,,inventory,pending,,,,,,,,,,whitespace,,Approved,
erpnext,Create Purchase Orders,,,,erpnext,إنشاء أمر شراء,,إنشاء أمر شراء,,inventory,pending,,,,,,,,,,,,Approved,
erpnext,Inactive Sales Items,,,,erpnext,عناصر المبيعات غير النشطة,,عناصر المبيعات غير النشطة,,inventory,pending,,,,,,,,,,,,Approved,
erpnext,Transfer Extra Raw Materials to WIP (%),,,,erpnext,,نقل مواد خام إضافية إلى تحت التشغيل (%),نقل مواد خام إضافية إلى تحت التشغيل (%),,inventory,missing,,,,,,,,,,,,Pending,
erpnext,Row #{0}: Item {1} mismatch. Changing of item code is not permitted.,,,,erpnext,,,,,inventory,missing,,,,,,,,,,placeholder_mismatch,,Pending,
erpnext,Apply Rule On Item Group,,,,erpnext,تطبيق القاعدة على مجموعة العناصر,,تطبيق القاعدة على مجموعة العناصر,,inventory,pending,,,,,,,,,,,,Approved,
erpnext,Please create purchase from internal sale or delivery document itself,,,,erpnext,,,,,inventory,missing,,,,,,,,,,,,Pending,
erpnext,Last Scanned Warehouse,,,,erpnext,,آخر مستودع ممسوح,آخر مستودع ممسوح,,inventory,missing,,,,,,,,,,,,Pending,
erpnext,Material Transferred for Manufacture,,,,erpnext,المواد المنقولة لغرض صناعة,,المواد المنقولة لغرض صناعة,,inventory,pending,,,,,,,,,,,,Approved,
erpnext,For Warehouse,,,,erpnext,لمستودع,,لمستودع,,inventory,pending,,,,,,,,,,,,Approved,
erpnext,Rate Of Materials Based On,,,,erpnext,سعرالمواد استنادا على,,سعرالمواد استنادا على,,inventory,pending,,,,,,,,,,,,Approved,
erpnext,Consumed Stock Items,,,,erpnext,,أصناف المخزون المستهلكة,أصناف المخزون المستهلكة,,inventory,missing,,,,,,,,,,,,Pending,
erpnext,Stock Entry has been already created against this Pick List,,,,erpnext,تم إنشاء إدخال الأسهم بالفعل مقابل قائمة الاختيار هذه,,تم إنشاء إدخال الأسهم بالفعل مقابل قائمة الاختيار هذه,,inventory,pending,,,,,,,,,,,,Approved,
erpnext,{0} units of Item {1} is picked in another Pick List.,,,,erpnext,,,,,inventory,missing,,,,,,,,,,placeholder_mismatch,,Pending,
erpnext,Maintain Same Rate Throughout the Purchase Cycle,,,,erpnext,حافظ على نفس السعر طوال دورة الشراء,,حافظ على نفس السعر طوال دورة الشراء,,inventory,pending,,,,,,,,,,,,Approved,
erpnext,Stock User,,,,erpnext,عضو المخزن,,عضو المخزن,,inventory,pending,,,,,,,,,,,,Approved,
erpnext,Allow Negative Stock,,,,erpnext,السماح بالقيم السالبة للمخزون,,السماح بالقيم السالبة للمخزون,,inventory,pending,,,,,,,,,,,,Approved,
erpnext,Missing Item,,,,erpnext,,صنف مفقود,صنف مفقود,,inventory,missing,,,,,,,,,,,,Pending,
erpnext,"This is enabled by default. If you want to plan materials for sub-assemblies of the Item you're manufacturing leave this enabled. If you plan and manufacture the sub-assemblies separately, you can disable this checkbox.",,,,erpnext,,,,,inventory,missing,,,,,,,,,,,,Pending,
erpnext,Stock Closing Log,,,,erpnext,,سجل إغلاق المخزون,سجل إغلاق المخزون,,inventory,missing,,,,,,,,,,,,Pending,
frappe,No more items to display,,,,frappe,لا مزيد من العناصر لعرضها,,لا مزيد من العناصر لعرضها,,inventory,pending,,,,,,,,,,,,Approved,
erpnext,Item {0} is already reserved/delivered against Sales Order {1}.,,,,erpnext,,,,,inventory,missing,,,,,,,,,,placeholder_mismatch,,Pending,
erpnext,Material Request Date,,,,erpnext,تاريخ طلب المادة,,تاريخ طلب المادة,,inventory,pending,,,,,,,,,,,,Approved,
erpnext,Purchase Order number required for Item {0},,,,erpnext,عدد طلب الشراء مطلوب للبند\n<br>\nPurchase Order number required for Item {0},,عدد طلب الشراء مطلوب للبند\n<br>\nPurchase Order number required for Item {0},,inventory,pending,,,,,,,,,,html_imbalance,,Approved,
frappe,Purchase User,,,,frappe,,,,,inventory,missing,,,,,,,,,,,,Pending,
erpnext,Skip Material Transfer to WIP,,,,erpnext,,تخطي نقل المواد إلى تحت التشغيل,تخطي نقل المواد إلى تحت التشغيل,,inventory,missing,,,,,,,,,,,,Pending,
erpnext,Stock Reservation,,,,erpnext,,حجز المخزون,حجز المخزون,,inventory,missing,,,,,,,,,,,,Pending,
erpnext,"Pricing Rule is first selected based on 'Apply On' field, which can be Item, Item Group or Brand.",,,,erpnext,,,,,inventory,missing,,,,,,,,,,,,Pending,
erpnext,Stock Available,,,,erpnext,مخزون متاح,,مخزون متاح,,inventory,pending,,,,,,,,,,,,Approved,
erpnext,Material Request Plan Item,,,,erpnext,المادة طلب خطة البند,,المادة طلب خطة البند,,inventory,pending,,,,,,,,,,,,Approved,
erpnext,Is Customer Provided Item,,,,erpnext,هل العميل يقدم الصنف,,هل العميل يقدم الصنف,,inventory,pending,,,,,,,,,,,,Approved,
erpnext,Purchase Expense for Item {0},,,,erpnext,,مصروف الشراء للصنف {0},مصروف الشراء للصنف {0},,inventory,missing,,,,,,,,,,,,Pending,
erpnext,"{0} currently has a {1} Supplier Scorecard standing, and Purchase Orders to this supplier should be issued with caution.",,,,erpnext,{0} لديها حاليا {1} بطاقة أداء بطاقة الموردين، ويجب إصدار أوامر الشراء إلى هذا المورد بحذر.,,{0} لديها حاليا {1} بطاقة أداء بطاقة الموردين، ويجب إصدار أوامر الشراء إلى هذا المورد بحذر.,,inventory,pending,,,,,,,,,,,,Approved,
erpnext,Material Requirements Planning Report,,,,erpnext,,تقرير تخطيط متطلبات المواد,تقرير تخطيط متطلبات المواد,,inventory,missing,,,,,,,,,,,,Pending,
erpnext,Rejected Warehouse,,,,erpnext,رفض مستودع,,رفض مستودع,,inventory,pending,,,,,,,,,,,,Approved,
erpnext,Stock Entry Item,,,,erpnext,,عنصر قيد المخزون,عنصر قيد المخزون,,inventory,missing,,,,,,,,,,,,Pending,
erpnext,Item Code: {0} is not available under warehouse {1}.,,,,erpnext,رمز العنصر: {0} غير متوفر ضمن المستودع {1}.,,رمز العنصر: {0} غير متوفر ضمن المستودع {1}.,,inventory,pending,,,,,,,,,,,,Approved,
erpnext,Purchase Order {0} is not submitted,,,,erpnext,طلب الشراء {0} يجب أن يعتمد\n<br>\nPurchase Order {0} is not submitted,,طلب الشراء {0} يجب أن يعتمد\n<br>\nPurchase Order {0} is not submitted,,inventory,pending,,,,,,,,,,html_imbalance,,Approved,
erpnext,Row #{0}: Finished Good reference is mandatory for Scrap Item {1}.,,,,erpnext,,,,,inventory,missing,,,,,,,,,,placeholder_mismatch,,Pending,
frappe,Get Items,,,,frappe,,,,,inventory,missing,,,,,,,,,,,,Pending,
erpnext,Warehouses,,,,erpnext,المستودعات,المستودعات,المستودعات,,inventory,pending,,,,,,,,,,,,Approved,
frappe,{0} items selected,,,,frappe,{0} العناصر المحددة,,{0} العناصر المحددة,,inventory,pending,,,,,,,,,,,,Approved,
erpnext,Finished Good Item Qty,,,,erpnext,,كمية صنف المنتج النهائي,كمية صنف المنتج النهائي,,inventory,missing,,,,,,,,,,,,Pending,
erpnext,Add Item,,,,erpnext,اضافة بند,,اضافة بند,,inventory,pending,,,,,,,,,,,,Approved,
erpnext,{0} against Purchase Order {1},,,,erpnext,{0} مقابل أمر الشراء {1},,{0} مقابل أمر الشراء {1},,inventory,pending,,,,,,,,,,,,Approved,
erpnext,Item Wise Tax Details do not match with Taxes and Charges at the following rows:,,,,erpnext,,,,,inventory,missing,,,,,,,,,,,,Pending,
erpnext,UOM Conversion factor ({0} -> {1}) not found for item: {2},,,,erpnext,معامل تحويل UOM ({0} -&gt; {1}) غير موجود للعنصر: {2},,معامل تحويل UOM ({0} -&gt; {1}) غير موجود للعنصر: {2},,inventory,pending,,,,,,,,,,,,Approved,
erpnext,Allow Multiple Sales Orders Against a Customer's Purchase Order,,,,erpnext,السماح بأوامر مبيعات متعددة مقابل طلب الشراء الخاص بالعميل,,السماح بأوامر مبيعات متعددة مقابل طلب الشراء الخاص بالعميل,,inventory,pending,,,,,,,,,,,,Approved,
erpnext,New Serial No cannot have Warehouse. Warehouse must be set by Stock Entry or Purchase Receipt,,,,erpnext,المسلسل الجديد غير ممكن للمستودع . يجب ان يكون المستودع مجهز من حركة المخزون او المشتريات المستلمة,,المسلسل الجديد غير ممكن للمستودع . يجب ان يكون المستودع مجهز من حركة المخزون او المشتريات المستلمة,,inventory,pending,,,,,,,,,,,,Approved,
erpnext,Row #{0}: Default BOM not found for FG Item {1},,,,erpnext,,,,,inventory,missing,,,,,,,,,,placeholder_mismatch,,Pending,
erpnext,Open Item {0},,,,erpnext,,,,,inventory,missing,,,,,,,,,,placeholder_mismatch,,Pending,
erpnext,Max Qty (As Per Stock UOM),,,,erpnext,,أقصى كمية (حسب وحدة قياس المخزون),أقصى كمية (حسب وحدة قياس المخزون),,inventory,missing,,,,,,,,,,,,Pending,
erpnext,Warning: Another {0} # {1} exists against stock entry {2},,,,erpnext,تحذير: {0} أخر # {1} موجود في مدخل المخزن {2}\n<br>\nWarning: Another {0} # {1} exists against stock entry {2},,تحذير: {0} أخر # {1} موجود في مدخل المخزن {2}\n<br>\nWarning: Another {0} # {1} exists against stock entry {2},,inventory,pending,,,,,,,,,,html_imbalance,,Approved,
erpnext,Item {0} does not exist.,,,,erpnext,العنصر {0} غير موجود\n<br>\nItem {0} does not exist.,,العنصر {0} غير موجود\n<br>\nItem {0} does not exist.,,inventory,pending,,,,,,,,,,html_imbalance,,Approved,
erpnext,Row #{0}: Only {1} available to reserve for the Item {2},,,,erpnext,,,,,inventory,missing,,,,,,,,,,placeholder_mismatch,,Pending,
erpnext,Stock Liabilities,,,,erpnext,خصوم المخزون,,خصوم المخزون,,inventory,pending,,,,,,,,,,,,Approved,
erpnext,Manufacturers used in Items,,,,erpnext,,,,,inventory,missing,,,,,,,,,,,,Pending,
erpnext,Make Stock Entry,,,,erpnext,جعل دخول الأسهم,,جعل دخول الأسهم,,inventory,pending,,,,,,,,,,,,Approved,
erpnext,{0} will be set as the {1} in subsequently scanned items,,,,erpnext,,,,,inventory,missing,,,,,,,,,,placeholder_mismatch,,Pending,
erpnext,Fixed Asset item {0} cannot be used in BOMs.,,,,erpnext,,,,,inventory,missing,,,,,,,,,,placeholder_mismatch,,Pending,
erpnext,Billed Items To Be Received,,,,erpnext,,أصناف مفوترة بانتظار الاستلام,أصناف مفوترة بانتظار الاستلام,,inventory,missing,,,,,,,,,,,,Pending,
erpnext,Item {0} is not a stock Item,,,,erpnext,العنصر {0} ليس عنصر مخزون\n<br>\nItem {0} is not a stock Item,,العنصر {0} ليس عنصر مخزون\n<br>\nItem {0} is not a stock Item,,inventory,pending,,,,,,,,,,html_imbalance,,Approved,
erpnext,All Warehouses,,,,erpnext,جميع المخازن,,جميع المخازن,,inventory,pending,,,,,,,,,,,,Approved,
erpnext,Item variant {0} exists with same attributes,,,,erpnext,متغير العنصر {0} موجود بنفس السمات\n<br>\nItem variant {0} exists with same attributes,,متغير العنصر {0} موجود بنفس السمات\n<br>\nItem variant {0} exists with same attributes,,inventory,pending,,,,,,,,,,html_imbalance,,Approved,
erpnext,BOM Explosion Item,,,,erpnext,قائمة المواد للصنف المفصص,,قائمة المواد للصنف المفصص,,inventory,pending,,,,,,,,,,,,Approved,
erpnext,"FIFO Stock Queue (qty, rate)",,,,erpnext,,,,,inventory,missing,,,,,,,,,,,,Pending,
erpnext,Skip Material Transfer,,,,erpnext,,تخطي نقل المواد,تخطي نقل المواد,,inventory,missing,,,,,,,,,,,,Pending,
erpnext,Row {0}: Please select an active BOM for Item {1}.,,,,erpnext,,,,,inventory,missing,,,,,,,,,,placeholder_mismatch,,Pending,
erpnext,Item Row {0}: {1} {2} does not exist in above '{1}' table,,,,erpnext,صنف الصف {0}: {1} {2} غير موجود في جدول &#39;{1}&#39; أعلاه,,صنف الصف {0}: {1} {2} غير موجود في جدول &#39;{1}&#39; أعلاه,,inventory,pending,,,,,,,,,,,,Approved,
erpnext,Distinct unit of an Item,,,,erpnext,,,,,inventory,missing,,,,,,,,,,,,Pending,
erpnext,Only show Items from these Item Groups,,,,erpnext,فقط عرض العناصر من مجموعات العناصر هذه,,فقط عرض العناصر من مجموعات العناصر هذه,,inventory,pending,,,,,,,,,,,,Approved,
erpnext,Material,,,,erpnext,مواد,,مواد,,inventory,pending,,,,,,,,,,,,Approved,
erpnext,Child warehouse exists for this warehouse. You can not delete this warehouse.,,,,erpnext,مستودع فرعي موجود لهذا المستودع. لا يمكنك حذف هذا المستودع.\n<br>\nChild warehouse exists for this warehouse. You can not delete this warehouse.,,مستودع فرعي موجود لهذا المستودع. لا يمكنك حذف هذا المستودع.\n<br>\nChild warehouse exists for this warehouse. You can not delete this warehouse.,,inventory,pending,,,,,,,,,,html_imbalance,,Approved,
erpnext,Target Warehouse Reservation Error,,,,erpnext,,,,,inventory,missing,,,,,,,,,,,,Pending,
erpnext,Sets 'Warehouse' in each row of the Items table.,,,,erpnext,يعيّن &quot;المستودع&quot; في كل صف من جدول السلع.,,يعيّن &quot;المستودع&quot; في كل صف من جدول السلع.,,inventory,pending,,,,,,,,,,,,Approved,
erpnext,"To still proceed with editing this Attribute Value, enable {0} in Item Variant Settings.",,,,erpnext,للاستمرار في تعديل قيمة السمة هذه ، قم بتمكين {0} في إعدادات متغير العنصر.,,للاستمرار في تعديل قيمة السمة هذه ، قم بتمكين {0} في إعدادات متغير العنصر.,,inventory,pending,,,,,,,,,,,,Approved,
erpnext,A naming series conflict occurred while creating serial numbers. Please change the naming series for the item {0}.,,,,erpnext,,,,,inventory,missing,,,,,,,,,,placeholder_mismatch,,Pending,
erpnext,Main Item Code,,,,erpnext,,كود الصنف الرئيسي,كود الصنف الرئيسي,,inventory,missing,,,,,,,,,,,,Pending,
erpnext,Balance Qty (Stock),,,,erpnext,,كمية الرصيد (المخزون),كمية الرصيد (المخزون),,inventory,missing,,,,,,,,,,,,Pending,
erpnext,Purchase Receipt {0} created.,,,,erpnext,,,,,inventory,missing,,,,,,,,,,placeholder_mismatch,,Pending,
erpnext,Item Reference,,,,erpnext,,مرجع الصنف,مرجع الصنف,,inventory,missing,,,,,,,,,,,,Pending,
erpnext,Disabled Warehouse {0} cannot be used for this transaction.,,,,erpnext,,,,,inventory,missing,,,,,,,,,,placeholder_mismatch,,Pending,
erpnext,Item Variant Settings,,,,erpnext,إعدادات متنوع السلعة,,إعدادات متنوع السلعة,,inventory,pending,,,,,,,,,,,,Approved,
erpnext,Finished Item {0} does not match with Work Order {1},,,,erpnext,,,,,inventory,missing,,,,,,,,,,placeholder_mismatch,,Pending,
erpnext,Please select either the Item or Warehouse or Warehouse Type filter to generate the report.,,,,erpnext,,,,,inventory,missing,,,,,,,,,,,,Pending,
erpnext,Stock cannot be reserved in group warehouse {0}.,,,,erpnext,,,,,inventory,missing,,,,,,,,,,placeholder_mismatch,,Pending,
erpnext,Item Price Settings,,,,erpnext,,إعدادات سعر الصنف,إعدادات سعر الصنف,,inventory,missing,,,,,,,,,,,,Pending,
erpnext,Raw Materials Required,,,,erpnext,,المواد الخام المطلوبة,المواد الخام المطلوبة,,inventory,missing,,,,,,,,,,,,Pending,
erpnext,Value for Attribute {0} must be within the range of {1} to {2} in the increments of {3} for Item {4},,,,erpnext,يجب أن تكون قيمة للسمة {0} ضمن مجموعة من {1} إلى {2} في الزيادات من {3} لالبند {4},,يجب أن تكون قيمة للسمة {0} ضمن مجموعة من {1} إلى {2} في الزيادات من {3} لالبند {4},,inventory,pending,,,,,,,,,,,,Approved,
erpnext,"<li>Packed Item {0}: Required {1}, Available {2}</li>",,,,erpnext,,,,,inventory,missing,,,,,,,,,,placeholder_mismatch;html_imbalance,,Pending,
erpnext,Sales Partner Item,,,,erpnext,,عنصر شريك المبيعات,عنصر شريك المبيعات,,inventory,missing,,,,,,,,,,,,Pending,
erpnext,Row No {0}: Warehouse is required. Please set a Default Warehouse for Item {1} and Company {2},,,,erpnext,,,,,inventory,missing,,,,,,,,,,placeholder_mismatch,,Pending,
erpnext,Barcode {0} already used in Item {1},,,,erpnext,الباركود {0} مستخدم بالفعل في الصنف {1},,الباركود {0} مستخدم بالفعل في الصنف {1},,inventory,pending,,,,,,,,,,,,Approved,
erpnext,Mention Valuation Rate in the Item master.,,,,erpnext,اذكر معدل التقييم في مدير السلعة.,,اذكر معدل التقييم في مدير السلعة.,,inventory,pending,,,,,,,,,,,,Approved,
erpnext,Actual qty in stock,,,,erpnext,الكمية الفعلية في المخزون,,الكمية الفعلية في المخزون,,inventory,pending,,,,,,,,,,,,Approved,
erpnext,Raw Material Warehouse,,,,erpnext,مستودع المواد الخام,,مستودع المواد الخام,,inventory,pending,,,,,,,,,,,,Approved,
erpnext,Set Reserve Warehouse,,,,erpnext,تعيين مستودع الاحتياطي,,تعيين مستودع الاحتياطي,,inventory,pending,,,,,,,,,,,,Approved,
erpnext,Available Qty at Warehouse,,,,erpnext,الكمية المتاحة في مستودع,,الكمية المتاحة في مستودع,,inventory,pending,,,,,,,,,,,,Approved,
erpnext,Get Sub Assembly Items,,,,erpnext,,جلب أصناف التجميع الفرعي,جلب أصناف التجميع الفرعي,,inventory,missing,,,,,,,,,,,,Pending,
erpnext,Campaign Item,,,,erpnext,,عنصر الحملة,عنصر الحملة,,inventory,missing,,,,,,,,,,,,Pending,
erpnext,Inventory Dimension key,,,,erpnext,,مفتاح بُعد المخزون,مفتاح بُعد المخزون,,inventory,missing,,,,,,,,,,,,Pending,
erpnext,Delivered Items To Be Billed,,,,erpnext,مواد سلمت و لم يتم اصدار فواتيرها,,مواد سلمت و لم يتم اصدار فواتيرها,,inventory,pending,,,,,,,,,,,,Approved,
erpnext,Raw Material Item,,,,erpnext,,صنف مادة خام,صنف مادة خام,,inventory,missing,,,,,,,,,,,,Pending,
frappe,Portal Menu Item,,,,frappe,بوابة عنصر القائمة,,بوابة عنصر القائمة,,inventory,pending,,,,,,,,,,,,Approved,
erpnext,Apply to All Inventory Documents,,,,erpnext,,تطبيق على كل مستندات المخزون,تطبيق على كل مستندات المخزون,,inventory,missing,,,,,,,,,,,,Pending,
erpnext,Material Consumption for Manufacture,,,,erpnext,اهلاك المواد للتصنيع,,اهلاك المواد للتصنيع,,inventory,pending,,,,,,,,,,,,Approved,
frappe,Workspace Sidebar Item,,,,frappe,,,,,inventory,missing,,,,,,,,,,,,Pending,
erpnext,Limit timeslot for Stock Reposting,,,,erpnext,,,,,inventory,missing,,,,,,,,,,,,Pending,
erpnext,Stock Entry {0} is not submitted,,,,erpnext,الحركة المخزنية {0} غير مسجلة,,الحركة المخزنية {0} غير مسجلة,,inventory,pending,,,,,,,,,,,,Approved,
erpnext,Partial Stock Reservation,,,,erpnext,,حجز مخزون جزئي,حجز مخزون جزئي,,inventory,missing,,,,,,,,,,,,Pending,
erpnext,Row #{0}: Cannot delete item {1} which has work order assigned to it.,,,,erpnext,الصف # {0}: لا يمكن حذف العنصر {1} الذي تم تعيين ترتيب العمل إليه.,,الصف # {0}: لا يمكن حذف العنصر {1} الذي تم تعيين ترتيب العمل إليه.,,inventory,pending,,,,,,,,,,,,Approved,
erpnext,Materials needs to be transferred to the work in progress warehouse for the job card {0},,,,erpnext,,,,,inventory,missing,,,,,,,,,,placeholder_mismatch,,Pending,
erpnext,Item Supplier,,,,erpnext,مورد الصنف,,مورد الصنف,,inventory,pending,,,,,,,,,,,,Approved,
erpnext,Has Unit Price Items,,,,erpnext,,يحتوي على أصناف بسعر وحدة,يحتوي على أصناف بسعر وحدة,,inventory,missing,,,,,,,,,,,,Pending,
erpnext,Allow Alternative Item must be checked on Item {},,,,erpnext,,,,,inventory,missing,,,,,,,,,,,,Pending,
erpnext,Stock Reconciliation Item,,,,erpnext,جرد عناصر المخزون,,جرد عناصر المخزون,,inventory,pending,,,,,,,,,,,,Approved,
erpnext,Following Material Requests have been raised automatically based on Item's re-order level,,,,erpnext,تم رفع طلبات المواد التالية تلقائيا بناء على مستوى اعادة الطلب للبنود,,تم رفع طلبات المواد التالية تلقائيا بناء على مستوى اعادة الطلب للبنود,,inventory,pending,,,,,,,,,,,,Approved,
erpnext,It is needed to fetch Item Details.,,,,erpnext,هناك حاجة لجلب تفاصيل البند.,,هناك حاجة لجلب تفاصيل البند.,,inventory,pending,,,,,,,,,,,,Approved,
erpnext,Item Details,,,,erpnext,بيانات الصنف,,بيانات الصنف,,inventory,pending,,,,,,,,,,,,Approved,
erpnext,Non stock items,,,,erpnext,البنود غير الأسهم,,البنود غير الأسهم,,inventory,pending,,,,,,,,,,,,Approved,
erpnext,Item Attribute Values,,,,erpnext,قيم سمة العنصر,,قيم سمة العنصر,,inventory,pending,,,,,,,,,,,,Approved,
erpnext,Purchase Orders are not allowed for {0} due to a scorecard standing of {1}.,,,,erpnext,لا يسمح بأوامر الشراء {0} بسبب وضع بطاقة النقاط {1}.,,لا يسمح بأوامر الشراء {0} بسبب وضع بطاقة النقاط {1}.,,inventory,pending,,,,,,,,,,,,Approved,
erpnext,Get Stock,,,,erpnext,,جلب المخزون,جلب المخزون,,inventory,missing,,,,,,,,,,,,Pending,
frappe,Sidebar Item Group,,,,frappe,,,,,inventory,missing,,,,,,,,,,,,Pending,
erpnext,Item Alternative,,,,erpnext,الصنف البديل,,الصنف البديل,,inventory,pending,,,,,,,,,,,,Approved,
erpnext,No stock transactions can be created or modified before this date.,,,,erpnext,,,,,inventory,missing,,,,,,,,,,,,Pending,
erpnext,Available Batch Qty at Warehouse,,,,erpnext,الكمية المتاحة من الباتش فى المخزن,,الكمية المتاحة من الباتش فى المخزن,,inventory,pending,,,,,,,,,,,,Approved,
erpnext,Click on 'Get Finished Goods for Manufacture' to fetch the items from the above Sales Orders. Items only for which a BOM is present will be fetched.,,,,erpnext,,,,,inventory,missing,,,,,,,,,,,,Pending,
erpnext,{0} items produced,,,,erpnext,{0} عناصر منتجة,,{0} عناصر منتجة,,inventory,pending,,,,,,,,,,,,Approved,
erpnext,Check Availability in Warehouse,,,,erpnext,,فحص التوفر في المستودع,فحص التوفر في المستودع,,inventory,missing,,,,,,,,,,,,Pending,
erpnext,Creating Stock Entry,,,,erpnext,,جار إنشاء قيد مخزون,جار إنشاء قيد مخزون,,inventory,missing,,,,,,,,,,,,Pending,
frappe,Footer Items,,,,frappe,تذييل العناصر,,تذييل العناصر,,inventory,pending,,,,,,,,,,,,Approved,
erpnext,Alternative item must not be same as item code,,,,erpnext,يجب ألا يكون الصنف البديل هو نفسه رمز الصنف,,يجب ألا يكون الصنف البديل هو نفسه رمز الصنف,,inventory,pending,,,,,,,,,,,,Approved,
erpnext,Item Group not mentioned in item master for item {0},,,,erpnext,فئة البند غير مذكورة في ماستر البند لهذا البند {0},,فئة البند غير مذكورة في ماستر البند لهذا البند {0},,inventory,pending,,,,,,,,,,,,Approved,
erpnext,Cannot change Service Stop Date for item in row {0},,,,erpnext,لا يمكن تغيير تاريخ إيقاف الخدمة للعنصر الموجود في الصف {0},,لا يمكن تغيير تاريخ إيقاف الخدمة للعنصر الموجود في الصف {0},,inventory,pending,,,,,,,,,,,,Approved,
erpnext,Prevent Purchase Orders,,,,erpnext,منع أوامر الشراء,,منع أوامر الشراء,,inventory,pending,,,,,,,,,,,,Approved,
erpnext,This {} will be treated as material transfer.,,,,erpnext,,,,,inventory,missing,,,,,,,,,,,,Pending,
erpnext,No open Material Requests found for the given criteria.,,,,erpnext,,,,,inventory,missing,,,,,,,,,,,,Pending,
erpnext,Purchase Receipt Required for item {},,,,erpnext,إيصال الشراء مطلوب للعنصر {},,إيصال الشراء مطلوب للعنصر {},,inventory,pending,,,,,,,,,,,,Approved,
erpnext,Item {0} has been disabled,,,,erpnext,الصنف{0} تم تعطيله,,الصنف{0} تم تعطيله,,inventory,pending,,,,,,,,,,,,Approved,
erpnext,Free item not set in the pricing rule {0},,,,erpnext,عنصر حر غير مضبوط في قاعدة التسعير {0},,عنصر حر غير مضبوط في قاعدة التسعير {0},,inventory,pending,,,,,,,,,,,,Approved,
erpnext,Make Purchase / Work Order,,,,erpnext,,إنشاء أمر شراء/عمل,إنشاء أمر شراء/عمل,,inventory,missing,,,,,,,,,,,,Pending,
erpnext,"Upon submission of the Sales Order, Work Order, or Production Plan, the system will automatically reserve the stock.",,,,erpnext,,,,,inventory,missing,,,,,,,,,,,,Pending,
erpnext,Material Request No,,,,erpnext,طلب مواد لا,,طلب مواد لا,,inventory,pending,,,,,,,,,,,,Approved,
erpnext,All the items have been already returned.,,,,erpnext,,,,,inventory,missing,,,,,,,,,,,,Pending,
erpnext,Not permitted to make Purchase Orders,,,,erpnext,,,,,inventory,missing,,,,,,,,,,,,Pending,
erpnext,Repost Item Valuation,,,,erpnext,,إعادة تقييم عنصر المخزون,إعادة تقييم عنصر المخزون,,inventory,missing,,,,,,,,,,,,Pending,
erpnext,"Any one of following filters required: warehouse, Item Code, Item Group",,,,erpnext,,,,,inventory,missing,,,,,,,,,,,,Pending,
erpnext,Row #{0}: BOM not found for FG Item {1},,,,erpnext,,,,,inventory,missing,,,,,,,,,,placeholder_mismatch,,Pending,
erpnext,Select Items to Manufacture,,,,erpnext,حدد العناصر لتصنيع,,حدد العناصر لتصنيع,,inventory,pending,,,,,,,,,,,,Approved,
erpnext,Backflush Materials From WIP Warehouse,,,,erpnext,,سحب المواد تلقائيا من مستودع تحت التشغيل,سحب المواد تلقائيا من مستودع تحت التشغيل,,inventory,missing,,,,,,,,,,,,Pending,
erpnext,Disable Last Purchase Rate,,,,erpnext,,تعطيل آخر سعر شراء,تعطيل آخر سعر شراء,,inventory,missing,,,,,,,,,,,,Pending,
erpnext,Plan material for sub-assemblies,,,,erpnext,المواد خطة للجمعيات الفرعي,,المواد خطة للجمعيات الفرعي,,inventory,pending,,,,,,,,,,,,Approved,
erpnext,Set Delivery Warehouse,,,,erpnext,,تعيين مستودع التسليم,تعيين مستودع التسليم,,inventory,missing,,,,,,,,,,,,Pending,
erpnext,Item Group,,,,erpnext,مجموعة الصنف,مجموعة الأصناف,مجموعة الأصناف,,inventory,pending,,,,,,,,,,,,Approved,
erpnext,System will not check over billing since amount for Item {0} in {1} is zero,,,,erpnext,,,,,inventory,missing,,,,,,,,,,placeholder_mismatch,,Pending,
erpnext,Row {0} : Operation is required against the raw material item {1},,,,erpnext,الصف {0}: العملية مطلوبة مقابل عنصر المادة الخام {1},,الصف {0}: العملية مطلوبة مقابل عنصر المادة الخام {1},,inventory,pending,,,,,,,,,,,,Approved,
erpnext,Are you sure you want to delete this Item?,,,,erpnext,,هل أنت متأكد من حذف هذا الصنف؟,هل أنت متأكد من حذف هذا الصنف؟,,inventory,missing,,,,,,,,,,,,Pending,
erpnext,Mandatory Purchase Receipt,,,,erpnext,إيصال الشراء الإلزامي,,إيصال الشراء الإلزامي,,inventory,pending,,,,,,,,,,,,Approved,
erpnext,Item Reorder,,,,erpnext,البند إعادة ترتيب,,البند إعادة ترتيب,,inventory,pending,,,,,,,,,,,,Approved,
erpnext,Total Applicable Charges in Purchase Receipt Items table must be same as Total Taxes and Charges,,,,erpnext,مجموع الرسوم المطبقة في شراء طاولة إيصال عناصر يجب أن يكون نفس مجموع الضرائب والرسوم,,مجموع الرسوم المطبقة في شراء طاولة إيصال عناصر يجب أن يكون نفس مجموع الضرائب والرسوم,,inventory,pending,,,,,,,,,,,,Approved,
erpnext,Do you want to submit the stock entry?,,,,erpnext,,,,,inventory,missing,,,,,,,,,,,,Pending,
erpnext,Parent Item,,,,erpnext,البند الاصلي,,البند الاصلي,,inventory,pending,,,,,,,,,,,,Approved,
erpnext,Row #{0}: Not allowed to change Supplier as Purchase Order already exists,,,,erpnext,الصف رقم {0}: غير مسموح تغيير المورد لأن أمر الشراء موجود مسبقاً\n<br>\nRow #{0}: Not allowed to change Supplier as Purchase Order already exists,,الصف رقم {0}: غير مسموح تغيير المورد لأن أمر الشراء موجود مسبقاً\n<br>\nRow #{0}: Not allowed to change Supplier as Purchase Order already exists,,inventory,pending,,,,,,,,,,html_imbalance,,Approved,
erpnext,Target Warehouse is set for some items but the customer is not an internal customer.,,,,erpnext,,,,,inventory,missing,,,,,,,,,,,,Pending,
erpnext,No items found. Scan barcode again.,,,,erpnext,لم يتم العثور على العناصر. امسح الباركود ضوئيًا مرة أخرى.,,لم يتم العثور على العناصر. امسح الباركود ضوئيًا مرة أخرى.,,inventory,pending,,,,,,,,,,,,Approved,
erpnext,{0} is not the default supplier for any items.,,,,erpnext,{0} ليس المورد الافتراضي لأية عناصر.,,{0} ليس المورد الافتراضي لأية عناصر.,,inventory,pending,,,,,,,,,,,,Approved,
erpnext,The warehouse where your Items will be transferred when you begin production. Group Warehouse can also be selected as a Work in Progress warehouse.,,,,erpnext,,,,,inventory,missing,,,,,,,,,,,,Pending,
erpnext,Stock Reserved,,,,erpnext,,المخزون محجوز,المخزون محجوز,,inventory,missing,,,,,,,,,,,,Pending,
erpnext,Maintenance Schedule is not generated for all the items. Please click on 'Generate Schedule',,,,erpnext,"لم يتم إنشاء جدول الصيانة لجميع الاصناف. يرجى النقر على ""إنشاء الجدول الزمني""",,"لم يتم إنشاء جدول الصيانة لجميع الاصناف. يرجى النقر على ""إنشاء الجدول الزمني""",,inventory,pending,,,,,,,,,,,,Approved,
erpnext,Valuation Rate required for Item {0} at row {1},,,,erpnext,معدل التقييم مطلوب للبند {0} في الصف {1},,معدل التقييم مطلوب للبند {0} في الصف {1},,inventory,pending,,,,,,,,,,,,Approved,
erpnext,Item {0} cannot be ordered more than {1} against Blanket Order {2}.,,,,erpnext,,,,,inventory,missing,,,,,,,,,,placeholder_mismatch,,Pending,
erpnext,BOM Stock Calculated,,,,erpnext,BOM Stock محتسب,,BOM Stock محتسب,,inventory,pending,,,,,,,,,,,,Approved,
erpnext,Item/Item Code required to get Item Tax Template.,,,,erpnext,,,,,inventory,missing,,,,,,,,,,,,Pending,
erpnext,Item Manufacturer,,,,erpnext,مادة المصنع,,مادة المصنع,,inventory,pending,,,,,,,,,,,,Approved,
erpnext,Learn Inventory Management,,,,erpnext,,,,,inventory,missing,,,,,,,,,,,,Pending,
erpnext,Group Same Items,,,,erpnext,تجميع العناصر المتشابهة,,تجميع العناصر المتشابهة,,inventory,pending,,,,,,,,,,,,Approved,
erpnext,"'Inspection Required before Purchase' has disabled for the item {0}, no need to create the QI",,,,erpnext,,,,,inventory,missing,,,,,,,,,,placeholder_mismatch,,Pending,
erpnext,"Reference: {0}, Item Code: {1} and Customer: {2}",,,,erpnext,المرجع: {0}، رمز العنصر: {1} والعميل: {2},,المرجع: {0}، رمز العنصر: {1} والعميل: {2},,inventory,pending,,,,,,,,,,,,Approved,
erpnext,Source Warehouse Address Link,,,,erpnext,,رابط عنوان المستودع المصدر,رابط عنوان المستودع المصدر,,inventory,missing,,,,,,,,,,,,Pending,
erpnext,"Row {0}: Consumed Qty {1} {2} must be less than or equal to Available Qty For Consumption
					{3} {4} in Consumed Items Table.",,,,erpnext,,,,,inventory,missing,,,,,,,,,,placeholder_mismatch,,Pending,
erpnext,Raw Material Code,,,,erpnext,كود المواد الخام,,كود المواد الخام,,inventory,pending,,,,,,,,,,,,Approved,
erpnext,Default BOM not found for FG Item {0},,,,erpnext,,,,,inventory,missing,,,,,,,,,,placeholder_mismatch,,Pending,
erpnext,Raw Material Cost,,,,erpnext,تكلفة المواد الخام,,تكلفة المواد الخام,,inventory,pending,,,,,,,,,,,,Approved,
erpnext,Apply Rule On Item Code,,,,erpnext,تطبيق القاعدة على رمز البند,,تطبيق القاعدة على رمز البند,,inventory,pending,,,,,,,,,,,,Approved,
erpnext,Cannot produce more item for {0},,,,erpnext,,,,,inventory,missing,,,,,,,,,,placeholder_mismatch,,Pending,
erpnext,{0} valid serial nos for Item {1},,,,erpnext,{0} أرقام تسلسلية صالحة للبند {1},,{0} أرقام تسلسلية صالحة للبند {1},,inventory,pending,,,,,,,,,,,,Approved,
erpnext,No pending Material Requests found to link for the given items.,,,,erpnext,لم يتم العثور على طلبات المواد المعلقة للربط للعناصر المحددة.,,لم يتم العثور على طلبات المواد المعلقة للربط للعناصر المحددة.,,inventory,pending,,,,,,,,,,,,Approved,
erpnext,Group same items,,,,erpnext,مادة نفس المجموعة,,مادة نفس المجموعة,,inventory,pending,,,,,,,,,,,,Approved,
erpnext,Using negative stock disables FIFO/Moving average valuation when inventory is negative.,,,,erpnext,,,,,inventory,missing,,,,,,,,,,,,Pending,
erpnext,"Serial Nos are reserved in Stock Reservation Entries, you need to unreserve them before proceeding.",,,,erpnext,,,,,inventory,missing,,,,,,,,,,,,Pending,
erpnext,{0} units of Item {1} is not available in any of the warehouses.,,,,erpnext,,,,,inventory,missing,,,,,,,,,,placeholder_mismatch,,Pending,
erpnext,There aren't any item variants for the selected item,,,,erpnext,,,,,inventory,missing,,,,,,,,,,,,Pending,
erpnext,"If selected Pricing Rule is made for 'Rate', it will overwrite Price List. Pricing Rule rate is the final rate, so no further discount should be applied. Hence, in transactions like Sales Order, Purchase Order etc, it will be fetched in 'Rate' field, rather than 'Price List Rate' field.",,,,erpnext,,,,,inventory,missing,,,,,,,,,,,,Pending,
erpnext,"When creating an Item, entering a value for this field will automatically create an Item Price at the backend.",,,,erpnext,,,,,inventory,missing,,,,,,,,,,,,Pending,
erpnext,Auto Create Assets on Purchase,,,,erpnext,إنشاء الأصول تلقائيًا عند الشراء,,إنشاء الأصول تلقائيًا عند الشراء,,inventory,pending,,,,,,,,,,,,Approved,
erpnext,Sub Assembly Item Code,,,,erpnext,,كود صنف التجميع الفرعي,كود صنف التجميع الفرعي,,inventory,missing,,,,,,,,,,,,Pending,
frappe,Top Bar Items,,,,frappe,قطع الشريط العلوي,,قطع الشريط العلوي,,inventory,pending,,,,,,,,,,,,Approved,
erpnext,Itemwise Recommended Reorder Level,,,,erpnext,مستوى إعادة ترتيب يوصى به وفقاً للصنف,,مستوى إعادة ترتيب يوصى به وفقاً للصنف,,inventory,pending,,,,,,,,,,,,Approved,
erpnext,The item {item} is not marked as {type_of} item. You can enable it as {type_of} item from its Item master.,,,,erpnext,,,,,inventory,missing,,,,,,,,,,placeholder_mismatch,,Pending,
erpnext,Service Item UOM,,,,erpnext,,وحدة قياس عنصر الخدمة,وحدة قياس عنصر الخدمة,,inventory,missing,,,,,,,,,,,,Pending,
erpnext,Stock cannot be updated against the following Delivery Notes: {0},,,,erpnext,,,,,inventory,missing,,,,,,,,,,placeholder_mismatch,,Pending,
erpnext,Item Defaults,,,,erpnext,البند الافتراضي,,البند الافتراضي,,inventory,pending,,,,,,,,,,,,Approved,
erpnext,UOM conversion factor required for UOM: {0} in Item: {1},,,,erpnext,,,,,inventory,missing,,,,,,,,,,placeholder_mismatch,,Pending,
erpnext,Item {0} must be a non-stock item,,,,erpnext,الصنف {0} يجب ألا يكون صنف مخزن <br>Item {0} must be a non-stock item,,الصنف {0} يجب ألا يكون صنف مخزن <br>Item {0} must be a non-stock item,,inventory,pending,,,,,,,,,,html_imbalance,,Approved,
erpnext,Return Qty from Rejected Warehouse,,,,erpnext,,كمية المرتجع من مستودع المرفوضات,كمية المرتجع من مستودع المرفوضات,,inventory,missing,,,,,,,,,,,,Pending,
erpnext,No Items with Bill of Materials.,,,,erpnext,لا توجد عناصر مع جدول المواد.,,لا توجد عناصر مع جدول المواد.,,inventory,pending,,,,,,,,,,,,Approved,
erpnext,Item Row,,,,erpnext,,صف الصنف,صف الصنف,,inventory,missing,,,,,,,,,,,,Pending,
erpnext,Available Batch Qty at From Warehouse,,,,erpnext,متوفر (كمية باتش) عند (من المخزن),,متوفر (كمية باتش) عند (من المخزن),,inventory,pending,,,,,,,,,,,,Approved,
erpnext,Default Stock UOM,,,,erpnext,افتراضي وحدة قياس السهم,,افتراضي وحدة قياس السهم,,inventory,pending,,,,,,,,,,,,Approved,
erpnext,Notify by Email on Creation of Automatic Material Request,,,,erpnext,الإخطار عن طريق البريد الإلكتروني عند إنشاء طلب المواد تلقائيًا,,الإخطار عن طريق البريد الإلكتروني عند إنشاء طلب المواد تلقائيًا,,inventory,pending,,,,,,,,,,,,Approved,
erpnext,To Warehouse (Optional),,,,erpnext,إلى مستودع (اختياري),,إلى مستودع (اختياري),,inventory,pending,,,,,,,,,,,,Approved,
erpnext,Stock Reposting Settings,,,,erpnext,,إعدادات إعادة نشر المخزون,إعدادات إعادة نشر المخزون,,inventory,missing,,,,,,,,,,,,Pending,
erpnext,Target Warehouse Address,,,,erpnext,عنوان المستودع المستهدف,,عنوان المستودع المستهدف,,inventory,pending,,,,,,,,,,,,Approved,
erpnext,"Replace a particular BOM in all other BOMs where it is used. It will replace the old BOM link, update cost and regenerate ""BOM Explosion Item"" table as per new BOM.
It also updates latest price in all the BOMs.",,,,erpnext,,,,,inventory,missing,,,,,,,,,,,,Pending,
erpnext,Target warehouse is mandatory for row {0},,,,erpnext,المستودع المستهدف إلزامي للصف {0}\n<br>\nTarget warehouse is mandatory for row {0},,المستودع المستهدف إلزامي للصف {0}\n<br>\nTarget warehouse is mandatory for row {0},,inventory,pending,,,,,,,,,,html_imbalance,,Approved,
erpnext,Row #{0}: Stock is already reserved for the Item {1}.,,,,erpnext,,,,,inventory,missing,,,,,,,,,,placeholder_mismatch,,Pending,
erpnext,Don't Enforce Free Item Qty,,,,erpnext,,,,,inventory,missing,,,,,,,,,,,,Pending,
erpnext,Item Serial No,,,,erpnext,الرقم التسلسلي للصنف,,الرقم التسلسلي للصنف,,inventory,pending,,,,,,,,,,,,Approved,
erpnext,Item Group Defaults,,,,erpnext,افتراضيات مجموعة العناصر,,افتراضيات مجموعة العناصر,,inventory,pending,,,,,,,,,,,,Approved,
erpnext,Repost Item Valuation restarted for selected failed records.,,,,erpnext,,,,,inventory,missing,,,,,,,,,,,,Pending,
erpnext,Type of Material,,,,erpnext,,نوع المادة,نوع المادة,,inventory,missing,,,,,,,,,,,,Pending,
erpnext,Cannot change Attributes after stock transaction. Make a new Item and transfer stock to the new Item,,,,erpnext,لا يمكن تغيير سمات بعد معاملة الأسهم. جعل عنصر جديد ونقل الأسهم إلى البند الجديد,,لا يمكن تغيير سمات بعد معاملة الأسهم. جعل عنصر جديد ونقل الأسهم إلى البند الجديد,,inventory,pending,,,,,,,,,,,,Approved,
erpnext,Backflush Raw Materials From Work-in-Progress Warehouse,,,,erpnext,المواد الخام Backflush من مستودع في التقدم في العمل,,المواد الخام Backflush من مستودع في التقدم في العمل,,inventory,pending,,,,,,,,,,,,Approved,
erpnext,(F) Change in Stock Value,,,,erpnext,,,,,inventory,missing,,,,,,,,,,,,Pending,
erpnext,{0} is mandatory for Item {1},,,,erpnext,{0} إلزامي للصنف {1}\n<br>\n{0} is mandatory for Item {1},,{0} إلزامي للصنف {1}\n<br>\n{0} is mandatory for Item {1},,inventory,pending,,,,,,,,,,html_imbalance,,Approved,
erpnext,Allow Item to Be Added Multiple Times in a Transaction,,,,erpnext,,,,,inventory,missing,,,,,,,,,,,,Pending,
erpnext,"""Customer Provided Item"" cannot be Purchase Item also",,,,erpnext,"""الأصناف المقدمة من العملاء"" لا يمكن شرائها",,"""الأصناف المقدمة من العملاء"" لا يمكن شرائها",,inventory,pending,,,,,,,,,,,,Approved,
erpnext,Total Consumed Material Cost (via Stock Entry),,,,erpnext,إجمالي تكلفة المواد المستهلكة (عبر إدخال المخزون),,إجمالي تكلفة المواد المستهلكة (عبر إدخال المخزون),,inventory,pending,,,,,,,,,,,,Approved,
erpnext,<li>Item {0} in row(s) {1} billed more than {2}</li>,,,,erpnext,,,,,inventory,missing,,,,,,,,,,placeholder_mismatch;html_imbalance,,Pending,
erpnext,Row #{0}: Rejected Warehouse is mandatory for the rejected Item {1},,,,erpnext,,,,,inventory,missing,,,,,,,,,,placeholder_mismatch,,Pending,
erpnext,Asset Repair Consumed Item,,,,erpnext,,عنصر مستهلك لإصلاح الأصل,عنصر مستهلك لإصلاح الأصل,,inventory,missing,,,,,,,,,,,,Pending,
erpnext,Pricing Rule Item Group,,,,erpnext,مجموعة قاعدة التسعير,,مجموعة قاعدة التسعير,,inventory,pending,,,,,,,,,,,,Approved,
erpnext,Finished Good Item is not specified for service item {0},,,,erpnext,,,,,inventory,missing,,,,,,,,,,placeholder_mismatch,,Pending,
erpnext,Users can consume raw materials and add semi-finished goods or final finished goods against the operation using job cards.,,,,erpnext,,,,,inventory,missing,,,,,,,,,,,,Pending,
erpnext,Row {0}: Expense Head changed to {1} as no Purchase Receipt is created against Item {2}.,,,,erpnext,,,,,inventory,missing,,,,,,,,,,placeholder_mismatch,,Pending,
erpnext,Finished Good Item {0} Qty can not be zero,,,,erpnext,,,,,inventory,missing,,,,,,,,,,placeholder_mismatch,,Pending,
erpnext,Row #{0}: Cannot delete item {1} which is assigned to customer's purchase order.,,,,erpnext,الصف # {0}: لا يمكن حذف العنصر {1} الذي تم تعيينه لأمر شراء العميل.,,الصف # {0}: لا يمكن حذف العنصر {1} الذي تم تعيينه لأمر شراء العميل.,,inventory,pending,,,,,,,,,,,,Approved,
erpnext,This item filter has already been applied for the {0},,,,erpnext,,,,,inventory,missing,,,,,,,,,,placeholder_mismatch,,Pending,
erpnext,Allow Excess Material Transfer,,,,erpnext,,السماح بنقل مواد زائدة,السماح بنقل مواد زائدة,,inventory,missing,,,,,,,,,,,,Pending,
erpnext,Items to Reserve,,,,erpnext,,أصناف للحجز,أصناف للحجز,,inventory,missing,,,,,,,,,,,,Pending,
erpnext,Warehouse: {0} does not belong to {1},,,,erpnext,المستودع: {0} لا ينتمي إلى {1},,المستودع: {0} لا ينتمي إلى {1},,inventory,pending,,,,,,,,,,,,Approved,
erpnext,Auto Material Requests Generated,,,,erpnext,إنشاء طلب مواد تلقائي,,إنشاء طلب مواد تلقائي,,inventory,pending,,,,,,,,,,,,Approved,
erpnext,Maintenance Schedule Item,,,,erpnext,جدول صيانة صنف,,جدول صيانة صنف,,inventory,pending,,,,,,,,,,,,Approved,
erpnext,Against Stock Entry,,,,erpnext,ضد دخول الأسهم,,ضد دخول الأسهم,,inventory,pending,,,,,,,,,,,,Approved,
erpnext,"For the {0}, no stock is available for the return in the warehouse {1}.",,,,erpnext,,,,,inventory,missing,,,,,,,,,,placeholder_mismatch,,Pending,
erpnext,Row {0}: Item Tax template updated as per validity and rate applied,,,,erpnext,,,,,inventory,missing,,,,,,,,,,placeholder_mismatch,,Pending,
erpnext,{0} entered twice in Item Tax,,,,erpnext,{0} ادخل مرتين في ضريبة البند,,{0} ادخل مرتين في ضريبة البند,,inventory,pending,,,,,,,,,,,,Approved,
erpnext,Backdated Stock Entry,,,,erpnext,إدخال مخزون مؤرخ,,إدخال مخزون مؤرخ,,inventory,pending,,,,,,,,,,,,Approved,
erpnext,Row {0}: Bill of Materials not found for the Item {1},,,,erpnext,صف {0}: من مواد مشروع القانون لم يتم العثور على هذا البند {1},,صف {0}: من مواد مشروع القانون لم يتم العثور على هذا البند {1},,inventory,pending,,,,,,,,,,,,Approved,
erpnext,"A Product or a Service that is bought, sold or kept in stock.",,,,erpnext,,,,,inventory,missing,,,,,,,,,,,,Pending,
erpnext,"If items in stock, proceed with Material Transfer or Purchase.",,,,erpnext,,,,,inventory,missing,,,,,,,,,,,,Pending,
erpnext,The items {items} are not marked as {type_of} item. You can enable them as {type_of} item from their Item masters.,,,,erpnext,,,,,inventory,missing,,,,,,,,,,placeholder_mismatch,,Pending,
erpnext,Remove item if charges is not applicable to that item,,,,erpnext,,,,,inventory,missing,,,,,,,,,,,,Pending,
erpnext,Allow to Make Quality Inspection after Purchase / Delivery,,,,erpnext,,,,,inventory,missing,,,,,,,,,,,,Pending,
erpnext,Stock Reservation Warehouse Mismatch,,,,erpnext,,عدم تطابق مستودع حجز المخزون,عدم تطابق مستودع حجز المخزون,,inventory,missing,,,,,,,,,,,,Pending,
erpnext,Warehouse Detail,,,,erpnext,تفاصيل المستودع,,تفاصيل المستودع,,inventory,pending,,,,,,,,,,,,Approved,
erpnext,List items that form the package.,,,,erpnext,قائمة اصناف التي تتشكل حزمة.,,قائمة اصناف التي تتشكل حزمة.,,inventory,pending,,,,,,,,,,,,Approved,
erpnext,Installation date cannot be before delivery date for Item {0},,,,erpnext,تاريخ التركيب لا يمكن أن يكون قبل تاريخ التسليم للبند {0},,تاريخ التركيب لا يمكن أن يكون قبل تاريخ التسليم للبند {0},,inventory,pending,,,,,,,,,,,,Approved,
erpnext,Target Warehouse is required before Submit,,,,erpnext,,,,,inventory,missing,,,,,,,,,,,,Pending,
erpnext,Party Item Code,,,,erpnext,,كود صنف الجهة,كود صنف الجهة,,inventory,missing,,,,,,,,,,,,Pending,
erpnext,Automatically Add Taxes and Charges from Item Tax Template,,,,erpnext,إضافة الضرائب والرسوم تلقائيا من قالب الضريبة البند,,إضافة الضرائب والرسوم تلقائيا من قالب الضريبة البند,,inventory,pending,,,,,,,,,,,,Approved,
erpnext,Sales Order Packed Item,,,,erpnext,,صنف معبأ لأمر البيع,صنف معبأ لأمر البيع,,inventory,missing,,,,,,,,,,,,Pending,
erpnext,Item Tax Template Detail,,,,erpnext,البند قالب الضريبة التفاصيل,,البند قالب الضريبة التفاصيل,,inventory,pending,,,,,,,,,,,,Approved,
erpnext,Warning: Sales Order {0} already exists against Customer's Purchase Order {1},,,,erpnext,تحذير: أمر البيع {0} موجود مسبقاً لأمر الشراء الخاص بالعميل {1}\n<br>\nWarning: Sales Order {0} already exists against Customer's Purchase Order {1},,تحذير: أمر البيع {0} موجود مسبقاً لأمر الشراء الخاص بالعميل {1}\n<br>\nWarning: Sales Order {0} already exists against Customer's Purchase Order {1},,inventory,pending,,,,,,,,,,html_imbalance,,Approved,
erpnext,Item {0}: Ordered qty {1} cannot be less than minimum order qty {2} (defined in Item).,,,,erpnext,البند {0} الكمية المطلوبة {1} لا يمكن أن تكون أقل من الحد الأدنى للطلب {2} (المحددة في البند).,,البند {0} الكمية المطلوبة {1} لا يمكن أن تكون أقل من الحد الأدنى للطلب {2} (المحددة في البند).,,inventory,pending,,,,,,,,,,,,Approved,
frappe,Slideshow Items,,,,frappe,عرض الشرائح عناصر,,عرض الشرائح عناصر,,inventory,pending,,,,,,,,,,,,Approved,
erpnext,Item Wise Tax Detail,,,,erpnext,تفصيل ضريبة وفقاً للصنف,,تفصيل ضريبة وفقاً للصنف,,inventory,pending,,,,,,,,,,,,Approved,
erpnext,Job Card Item,,,,erpnext,صنف بطاقة العمل,,صنف بطاقة العمل,,inventory,pending,,,,,,,,,,,,Approved,
erpnext,WIP Warehouse,,,,erpnext,مستودع WIP,,مستودع WIP,,inventory,pending,,,,,,,,,,,,Approved,
erpnext,Row {0}: Packing Slip is already created for Item {1}.,,,,erpnext,,,,,inventory,missing,,,,,,,,,,placeholder_mismatch,,Pending,
erpnext,Item Default,,,,erpnext,البند الافتراضي,,البند الافتراضي,,inventory,pending,,,,,,,,,,,,Approved,
erpnext,Stock Manager,,,,erpnext,مدير المخزن,,مدير المخزن,,inventory,pending,,,,,,,,,,,,Approved,
erpnext,Item for row {0} does not match Material Request,,,,erpnext,عنصر الصف {0} لا يتطابق مع طلب المواد,,عنصر الصف {0} لا يتطابق مع طلب المواد,,inventory,pending,,,,,,,,,,,,Approved,
erpnext,Item: {0} does not exist in the system,,,,erpnext,الصنف: {0} غير موجود في النظام,,الصنف: {0} غير موجود في النظام,,inventory,pending,,,,,,,,,,,,Approved,
erpnext,Warehouse {0} does not exist,,,,erpnext,,,,,inventory,missing,,,,,,,,,,placeholder_mismatch,,Pending,
erpnext,Original Item,,,,erpnext,البند الأصلي,,البند الأصلي,,inventory,pending,,,,,,,,,,,,Approved,
erpnext,Stock Movement,,,,erpnext,,حركة المخزون,حركة المخزون,,inventory,missing,,,,,,,,,,,,Pending,
erpnext,Stock transactions that are older than the mentioned days cannot be modified.,,,,erpnext,,,,,inventory,missing,,,,,,,,,,,,Pending,
erpnext,Categorize by Item,,,,erpnext,,تصنيف حسب الصنف,تصنيف حسب الصنف,,inventory,missing,,,,,,,,,,,,Pending,
erpnext,Batch No {0} is linked with Item {1} which has serial no. Please scan serial no instead.,,,,erpnext,,,,,inventory,missing,,,,,,,,,,placeholder_mismatch,,Pending,
erpnext,Item {0} is not active or end of life has been reached,,,,erpnext,البند {0} غير نشط أو تم التوصل إلى نهاية الحياة,,البند {0} غير نشط أو تم التوصل إلى نهاية الحياة,,inventory,pending,,,,,,,,,,,,Approved,
erpnext,Stock Reconciliation,,,,erpnext,جرد المخزون,,جرد المخزون,,inventory,pending,,,,,,,,,,,,Approved,
erpnext,Select Items,,,,erpnext,اختيار العناصر,,اختيار العناصر,,inventory,pending,,,,,,,,,,,,Approved,
erpnext,The reserved stock will be released when you update items. Are you certain you wish to proceed?,,,,erpnext,,,,,inventory,missing,,,,,,,,,,,,Pending,
erpnext,Inter Warehouse Transfer Settings,,,,erpnext,إعدادات نقل المستودعات الداخلية,,إعدادات نقل المستودعات الداخلية,,inventory,pending,,,,,,,,,,,,Approved,
erpnext,Rename Attribute Value in Item Attribute.,,,,erpnext,إعادة تسمية سمة السمة في سمة البند.,,إعادة تسمية سمة السمة في سمة البند.,,inventory,pending,,,,,,,,,,,,Approved,
erpnext,"Row #{0}: For Customer Provided Item {1}, Source Warehouse must be {2}",,,,erpnext,,,,,inventory,missing,,,,,,,,,,placeholder_mismatch,,Pending,
erpnext,Items Catalogue,,,,erpnext,,كتالوج الأصناف,كتالوج الأصناف,,inventory,missing,,,,,,,,,,,,Pending,
erpnext,Warn for new Purchase Orders,,,,erpnext,تحذير لأوامر الشراء الجديدة,,تحذير لأوامر الشراء الجديدة,,inventory,pending,,,,,,,,,,,,Approved,
erpnext,Scan barcode for item {0},,,,erpnext,,,,,inventory,missing,,,,,,,,,,placeholder_mismatch,,Pending,
erpnext,Supplier Items,,,,erpnext,المورد الأصناف,,المورد الأصناف,,inventory,pending,,,,,,,,,,,,Approved,
erpnext,This is a root item group and cannot be edited.,,,,erpnext,هذه هي مجموعة البند الجذرية والتي لا يمكن تحريرها.,,هذه هي مجموعة البند الجذرية والتي لا يمكن تحريرها.,,inventory,pending,,,,,,,,,,,,Approved,
erpnext,Default Item Group,,,,erpnext,المجموعة الافتراضية للمواد,,المجموعة الافتراضية للمواد,,inventory,pending,,,,,,,,,,,,Approved,
erpnext,All Items,,,,erpnext,,كل الأصناف,كل الأصناف,,inventory,missing,,,,,,,,,,,,Pending,
erpnext,Source and target warehouse must be different,,,,erpnext,ويجب أن تكون مصدر ومستودع الهدف مختلفة,,ويجب أن تكون مصدر ومستودع الهدف مختلفة,,inventory,pending,,,,,,,,,,,,Approved,
erpnext,Row #{0}: Cannot transfer more than Required Qty {1} for Item {2} against Job Card {3},,,,erpnext,,,,,inventory,missing,,,,,,,,,,placeholder_mismatch,,Pending,
erpnext,Asset Value Adjustment cannot be posted before Asset's purchase date <b>{0}</b>.,,,,erpnext,لا يمكن نشر تسوية قيمة الأصل قبل تاريخ شراء الأصل <b>{0}</b> .,,لا يمكن نشر تسوية قيمة الأصل قبل تاريخ شراء الأصل <b>{0}</b> .,,inventory,pending,,,,,,,,,,,,Approved,
erpnext,Preview Required Materials,,,,erpnext,,معاينة المواد المطلوبة,معاينة المواد المطلوبة,,inventory,missing,,,,,,,,,,,,Pending,
erpnext,Delivery Warehouse,,,,erpnext,مستودع تسليم,,مستودع تسليم,,inventory,pending,,,,,,,,,,,,Approved,
erpnext,Applicable on Purchase Order,,,,erpnext,ينطبق على أمر الشراء,,ينطبق على أمر الشراء,,inventory,pending,,,,,,,,,,,,Approved,
erpnext,Default Stock Valuation Method,,,,erpnext,,طريقة تقييم المخزون الافتراضية,طريقة تقييم المخزون الافتراضية,,inventory,missing,,,,,,,,,,,,Pending,
erpnext,Row # {0}: Cannot return more than {1} for Item {2},,,,erpnext,الصف # {0}: لا يمكن الارجاع أكثر من {1} للبند {2},,الصف # {0}: لا يمكن الارجاع أكثر من {1} للبند {2},,inventory,pending,,,,,,,,,,,,Approved,
erpnext,Row #{0}: Please select the Sub Assembly Warehouse,,,,erpnext,,,,,inventory,missing,,,,,,,,,,placeholder_mismatch,,Pending,
erpnext,Please select Qty against item {0},,,,erpnext,الرجاء اختيار الكمية ضد العنصر {0},,الرجاء اختيار الكمية ضد العنصر {0},,inventory,pending,,,,,,,,,,,,Approved,
erpnext,Reserve for Raw Materials,,,,erpnext,,حجز للمواد الخام,حجز للمواد الخام,,inventory,missing,,,,,,,,,,,,Pending,
erpnext,Item Name,,,,erpnext,اسم السلعة,اسم الصنف,اسم الصنف,,inventory,pending,,,,,,,,,,,,Approved,
erpnext,Purchase Receipt Item,,,,erpnext,اصناف استلام الشراء,,اصناف استلام الشراء,,inventory,pending,,,,,,,,,,,,Approved,
erpnext,In Transit Warehouse,,,,erpnext,,,,,inventory,missing,,,,,,,,,,,,Pending,
erpnext,Get Material Requests,,,,erpnext,,جلب طلبات المواد,جلب طلبات المواد,,inventory,missing,,,,,,,,,,,,Pending,
erpnext,Row {idx}: Asset Naming Series is mandatory for the auto creation of assets for item {item_code}.,,,,erpnext,,,,,inventory,missing,,,,,,,,,,placeholder_mismatch,,Pending,
erpnext,Not allowed to update stock transactions older than {0},,,,erpnext,غير مسموح بتحديث معاملات الأسهم الأقدم من {0}\n<br>\nNot allowed to update stock transactions older than {0},,غير مسموح بتحديث معاملات الأسهم الأقدم من {0}\n<br>\nNot allowed to update stock transactions older than {0},,inventory,pending,,,,,,,,,,html_imbalance,,Approved,
erpnext,No of Parallel Reposting (Per Item),,,,erpnext,,,,,inventory,missing,,,,,,,,,,,,Pending,
erpnext,Total Active Items,,,,erpnext,,إجمالي الأصناف النشطة,إجمالي الأصناف النشطة,,inventory,missing,,,,,,,,,,,,Pending,
erpnext,"Tax detail table fetched from item master as a string and stored in this field.
Used for Taxes and Charges",,,,erpnext,,,,,inventory,missing,,,,,,,,,,,,Pending,
erpnext,{0} <b>{1}</b> has submitted Assets. Remove Item <b>{2}</b> from table to continue.,,,,erpnext,,,,,inventory,missing,,,,,,,,,,placeholder_mismatch;html_imbalance,,Pending,
erpnext,'Update Stock' can not be checked because items are not delivered via {0},,,,erpnext,&quot;الأوراق المالية التحديث&quot; لا يمكن التحقق من أنه لم يتم تسليم المواد عن طريق {0},,&quot;الأوراق المالية التحديث&quot; لا يمكن التحقق من أنه لم يتم تسليم المواد عن طريق {0},,inventory,pending,,,,,,,,,,,,Approved,
erpnext,"The task has been enqueued as a background job. In case there is any issue on processing in background, the system will add a comment about the error on this Stock Reconciliation and revert to the Draft stage",,,,erpnext,وقد تم إرساء المهمة كعمل خلفية. في حالة وجود أي مشكلة في المعالجة في الخلفية ، سيقوم النظام بإضافة تعليق حول الخطأ في تسوية المخزون هذا والعودة إلى مرحلة المسودة,,وقد تم إرساء المهمة كعمل خلفية. في حالة وجود أي مشكلة في المعالجة في الخلفية ، سيقوم النظام بإضافة تعليق حول الخطأ في تسوية المخزون هذا والعودة إلى مرحلة المسودة,,inventory,pending,,,,,,,,,,,,Approved,
erpnext,Operation & Materials,,,,erpnext,,العملية والمواد,العملية والمواد,,inventory,missing,,,,,,,,,,,,Pending,
erpnext,Last Stock Transaction for item {0} under warehouse {1} was on {2}.,,,,erpnext,كانت آخر معاملة مخزون للبند {0} تحت المستودع {1} في {2}.,,كانت آخر معاملة مخزون للبند {0} تحت المستودع {1} في {2}.,,inventory,pending,,,,,,,,,,,,Approved,
erpnext,Item 4,,,,erpnext,صنف رقم 4,,صنف رقم 4,,inventory,pending,,,,,,,,,,,,Approved,
erpnext,"If rate is zero then item will be treated as ""Free Item""",,,,erpnext,,,,,inventory,missing,,,,,,,,,,,,Pending,
erpnext,Is Sub Assembly Item,,,,erpnext,,صنف تجميع فرعي,صنف تجميع فرعي,,inventory,missing,,,,,,,,,,,,Pending,
erpnext,`Allow Negative rates for Items`,,,,erpnext,,,,,inventory,missing,,,,,,,,,,,,Pending,
erpnext,Auto Create Purchase Receipt,,,,erpnext,,إنشاء إيصال شراء تلقائيا,إنشاء إيصال شراء تلقائيا,,inventory,missing,,,,,,,,,,,,Pending,
erpnext,Material Transferred,,,,erpnext,نقل المواد,,نقل المواد,,inventory,pending,,,,,,,,,,,,Approved,
erpnext,"Cannot cancel Stock Reservation Entry {0}, as it has used in the work order {1}. Please cancel the work order first or unreserved the stock",,,,erpnext,,,,,inventory,missing,,,,,,,,,,placeholder_mismatch,,Pending,
erpnext,Reserve Warehouse,,,,erpnext,احتياطي مستودع,,احتياطي مستودع,,inventory,pending,,,,,,,,,,,,Approved,
erpnext,Please select an item code before setting the warehouse.,,,,erpnext,,,,,inventory,missing,,,,,,,,,,,,Pending,
erpnext,Party Specific Item,,,,erpnext,,صنف خاص بالجهة,صنف خاص بالجهة,,inventory,missing,,,,,,,,,,,,Pending,
erpnext,Backflush Raw Materials,,,,erpnext,المواد الخام Backflush,,المواد الخام Backflush,,inventory,pending,,,,,,,,,,,,Approved,
erpnext,Item operation,,,,erpnext,عملية الصنف,,عملية الصنف,,inventory,pending,,,,,,,,,,,,Approved,
erpnext,Fetching Material Requests...,,,,erpnext,,جار جلب طلبات المواد...,جار جلب طلبات المواد...,,inventory,missing,,,,,,,,,,,,Pending,
erpnext,Add Phantom Item,,,,erpnext,,إضافة صنف وهمي,إضافة صنف وهمي,,inventory,missing,,,,,,,,,,,,Pending,
erpnext,Include Zero Stock Items,,,,erpnext,,تضمين أصناف المخزون الصفري,تضمين أصناف المخزون الصفري,,inventory,missing,,,,,,,,,,,,Pending,
erpnext,Please enter Purchase Receipt first,,,,erpnext,الرجاء إدخال إيصال الشراء أولا\n<br>\nPlease enter Purchase Receipt first,,الرجاء إدخال إيصال الشراء أولا\n<br>\nPlease enter Purchase Receipt first,,inventory,pending,,,,,,,,,,html_imbalance,,Approved,
frappe,Purchase Master Manager,,,,frappe,,,,,inventory,missing,,,,,,,,,,,,Pending,
erpnext,Work-in-Progress Warehouse is required before Submit,,,,erpnext,مستودع أعمال جارية مطلوب قبل التسجيل\n<br>\nWork-in-Progress Warehouse is required before Submit,,مستودع أعمال جارية مطلوب قبل التسجيل\n<br>\nWork-in-Progress Warehouse is required before Submit,,inventory,pending,,,,,,,,,,html_imbalance,,Approved,
erpnext,Not in Stock,,,,erpnext,,غير متوفر في المخزون,غير متوفر في المخزون,,inventory,missing,,,,,,,,,,,,Pending,
erpnext,Expected Stock Value,,,,erpnext,,قيمة المخزون المتوقعة,قيمة المخزون المتوقعة,,inventory,missing,,,,,,,,,,,,Pending,
erpnext,To Track inbound purchase,,,,erpnext,لتتبع الشراء الوارد,,لتتبع الشراء الوارد,,inventory,pending,,,,,,,,,,,,Approved,
erpnext,Cost of Delivered Items,,,,erpnext,تكلفة السلع والمواد المسلمة,,تكلفة السلع والمواد المسلمة,,inventory,pending,,,,,,,,,,,,Approved,
erpnext,Row {0}: Expected Value After Useful Life must be less than Net Purchase Amount,,,,erpnext,,,,,inventory,missing,,,,,,,,,,placeholder_mismatch,,Pending,
erpnext,Row #{0}: Source and Target Warehouse cannot be the same for Material Transfer,,,,erpnext,,,,,inventory,missing,,,,,,,,,,placeholder_mismatch,,Pending,
erpnext,"The stock has been reserved for the following Items and Warehouses, un-reserve the same to {0} the Stock Reconciliation: <br /><br /> {1}",,,,erpnext,,,,,inventory,missing,,,,,,,,,,placeholder_mismatch;html_imbalance,,Pending,
erpnext,Opportunity Item,,,,erpnext,فرصة السلعة,,فرصة السلعة,,inventory,pending,,,,,,,,,,,,Approved,
erpnext,Same Item,,,,erpnext,نفس البند,,نفس البند,,inventory,pending,,,,,,,,,,,,Approved,
erpnext,Warehouse Capacity for Item '{0}' must be greater than the existing stock level of {1} {2}.,,,,erpnext,,,,,inventory,missing,,,,,,,,,,placeholder_mismatch,,Pending,
erpnext,Free item code is not selected,,,,erpnext,لم يتم تحديد رمز العنصر المجاني,,لم يتم تحديد رمز العنصر المجاني,,inventory,pending,,,,,,,,,,,,Approved,
erpnext,Stock transactions before {0} are frozen,,,,erpnext,يتم تجميد المعاملات المخزنية قبل {0},,يتم تجميد المعاملات المخزنية قبل {0},,inventory,pending,,,,,,,,,,,,Approved,
erpnext,Please click on 'Generate Schedule' to fetch Serial No added for Item {0},,,,erpnext,"الرجاء النقر على ""إنشاء جدول"" لجلب الرقم التسلسلي المضاف للبند {0}",,"الرجاء النقر على ""إنشاء جدول"" لجلب الرقم التسلسلي المضاف للبند {0}",,inventory,pending,,,,,,,,,,,,Approved,
erpnext,Get Items From,,,,erpnext,الحصول على البنود من,,الحصول على البنود من,,inventory,pending,,,,,,,,,,,,Approved,
erpnext,No items are available in sales orders {0} for production,,,,erpnext,,,,,inventory,missing,,,,,,,,,,placeholder_mismatch,,Pending,
erpnext,Row {0}: Either Delivery Note Item or Packed Item reference is mandatory.,,,,erpnext,,,,,inventory,missing,,,,,,,,,,placeholder_mismatch,,Pending,
erpnext,Multiple items cannot be marked as finished item,,,,erpnext,,,,,inventory,missing,,,,,,,,,,,,Pending,
erpnext,Purchase Expense,,,,erpnext,,مصروف الشراء,مصروف الشراء,,inventory,missing,,,,,,,,,,,,Pending,
erpnext,% Raw Material Returned,,,,erpnext,,نسبة المواد الخام المرتجعة,نسبة المواد الخام المرتجعة,,inventory,missing,,,,,,,,,,,,Pending,
erpnext,Website Item Group,,,,erpnext,مجموعة الأصناف للموقع,,مجموعة الأصناف للموقع,,inventory,pending,,,,,,,,,,,,Approved,
erpnext,Template Item Selected,,,,erpnext,,تم تحديد صنف قالب,تم تحديد صنف قالب,,inventory,missing,,,,,,,,,,,,Pending,
erpnext,Item and Warranty Details,,,,erpnext,البند والضمان تفاصيل,,البند والضمان تفاصيل,,inventory,pending,,,,,,,,,,,,Approved,
erpnext,Item qty can not be updated as raw materials are already processed.,,,,erpnext,,,,,inventory,missing,,,,,,,,,,,,Pending,
erpnext,"If the item is transacting as a Zero Valuation Rate item in this entry, please enable 'Allow Zero Valuation Rate' in the {0} Item table.",,,,erpnext,إذا كان العنصر يتعامل كعنصر سعر تقييم صفري في هذا الإدخال ، فالرجاء تمكين &quot;السماح بمعدل تقييم صفري&quot; في جدول العناصر {0}.,,إذا كان العنصر يتعامل كعنصر سعر تقييم صفري في هذا الإدخال ، فالرجاء تمكين &quot;السماح بمعدل تقييم صفري&quot; في جدول العناصر {0}.,,inventory,pending,,,,,,,,,,,,Approved,
erpnext,This is a location where scraped materials are stored.,,,,erpnext,هذا هو الموقع حيث يتم تخزين المواد كشط.,,هذا هو الموقع حيث يتم تخزين المواد كشط.,,inventory,pending,,,,,,,,,,,,Approved,
erpnext,Mandatory Purchase Order,,,,erpnext,أمر شراء إلزامي,,أمر شراء إلزامي,,inventory,pending,,,,,,,,,,,,Approved,
erpnext,Sub Assembly Item,,,,erpnext,,صنف تجميع فرعي,صنف تجميع فرعي,,inventory,missing,,,,,,,,,,,,Pending,
erpnext,Avg Rate (Balance Stock),,,,erpnext,,متوسط السعر (رصيد المخزون),متوسط السعر (رصيد المخزون),,inventory,missing,,,,,,,,,,,,Pending,
erpnext,An error occurred for certain Items while creating Material Requests based on Re-order level. Please rectify these issues :,,,,erpnext,,,,,inventory,missing,,,,,,,,,,,,Pending,
erpnext,Update Billed Amount in Purchase Order,,,,erpnext,,تحديث المبلغ المفوتر في أمر الشراء,تحديث المبلغ المفوتر في أمر الشراء,,inventory,missing,,,,,,,,,,,,Pending,
erpnext,"The users with this Role are allowed to create/modify a stock transaction, even though the transaction is frozen.",,,,erpnext,,,,,inventory,missing,,,,,,,,,,,,Pending,
erpnext,Consolidate Sub Assembly Items,,,,erpnext,,تجميع أصناف التجميع الفرعي,تجميع أصناف التجميع الفرعي,,inventory,missing,,,,,,,,,,,,Pending,
erpnext,Service Items,,,,erpnext,,عناصر الخدمة,عناصر الخدمة,,inventory,missing,,,,,,,,,,,,Pending,
erpnext,Select the raw materials (Items) required to manufacture the Item,,,,erpnext,,,,,inventory,missing,,,,,,,,,,,,Pending,
erpnext,Company of asset {0} and purchase document {1} doesn't matches.,,,,erpnext,شركة الأصل {0} ومستند الشراء {1} غير متطابقين.,,شركة الأصل {0} ومستند الشراء {1} غير متطابقين.,,inventory,pending,,,,,,,,,,,,Approved,
erpnext,Create an incoming stock transaction for the Item.,,,,erpnext,قم بإنشاء حركة مخزون واردة للصنف.,,قم بإنشاء حركة مخزون واردة للصنف.,,inventory,pending,,,,,,,,,,,,Approved,
erpnext,"<b>Cannot create asset.</b><br><br>You're trying to create <b>{0} asset(s)</b> from {2} {3}.<br>However, only <b>{1} item(s)</b> were purchased and <b>{4} asset(s)</b> already exist against {5}.",,,,erpnext,,,,,inventory,missing,,,,,,,,,,placeholder_mismatch;html_imbalance,,Pending,
erpnext,Internal Purchase Order,,,,erpnext,,أمر شراء داخلي,أمر شراء داخلي,,inventory,missing,,,,,,,,,,,,Pending,
erpnext,Reserved Stock for Raw Materials,,,,erpnext,,مخزون محجوز للمواد الخام,مخزون محجوز للمواد الخام,,inventory,missing,,,,,,,,,,,,Pending,
erpnext,Including items for sub assemblies,,,,erpnext,بما في ذلك السلع للمجموعات الفرعية,,بما في ذلك السلع للمجموعات الفرعية,,inventory,pending,,,,,,,,,,,,Approved,
erpnext,"Select the Item to be manufactured. The Item name, UoM, Company, and Currency will be fetched automatically.",,,,erpnext,,,,,inventory,missing,,,,,,,,,,,,Pending,
erpnext,Item Shortage Report,,,,erpnext,تقرير نقص الصنف,,تقرير نقص الصنف,,inventory,pending,,,,,,,,,,,,Approved,
erpnext,Material to Supplier,,,,erpnext,مواد للمورد,,مواد للمورد,,inventory,pending,,,,,,,,,,,,Approved,
erpnext,Allow to Edit Stock UOM Qty for Purchase Documents,,,,erpnext,,,,,inventory,missing,,,,,,,,,,,,Pending,
erpnext,Item {0} not found.,,,,erpnext,,,,,inventory,missing,,,,,,,,,,placeholder_mismatch,,Pending,
erpnext,Stock Entry {0} created,,,,erpnext,الأسهم الدخول {0} خلق,,الأسهم الدخول {0} خلق,,inventory,pending,,,,,,,,,,,,Approved,
erpnext,Qty (in Stock UOM),,,,erpnext,,الكمية (بوحدة قياس المخزون),الكمية (بوحدة قياس المخزون),,inventory,missing,,,,,,,,,,,,Pending,
erpnext,COGS By Item Group,,,,erpnext,,تكلفة البضاعة المباعة حسب مجموعة الأصناف,تكلفة البضاعة المباعة حسب مجموعة الأصناف,,inventory,missing,,,,,,,,,,,,Pending,
erpnext,Warehouses with existing transaction can not be converted to group.,,,,erpnext,لا يمكن تحويل المستودعات مع المعاملات الحالية إلى مجموعة.\n<br>\nWarehouses with existing transaction can not be converted to group.,,لا يمكن تحويل المستودعات مع المعاملات الحالية إلى مجموعة.\n<br>\nWarehouses with existing transaction can not be converted to group.,,inventory,pending,,,,,,,,,,html_imbalance,,Approved,
erpnext,"Tax Category has been changed to ""Total"" because all the Items are non-stock items",,,,erpnext,تم تغيير فئة الضرائب إلى &quot;توتال&quot; لأن جميع العناصر هي عناصر غير مخزون,,تم تغيير فئة الضرائب إلى &quot;توتال&quot; لأن جميع العناصر هي عناصر غير مخزون,,inventory,pending,,,,,,,,,,,,Approved,
erpnext,Purchase Orders {0} are un-linked,,,,erpnext,,,,,inventory,missing,,,,,,,,,,placeholder_mismatch,,Pending,
erpnext,Group by Purchase Order,,,,erpnext,تجميع حسب أمر الشراء,,تجميع حسب أمر الشراء,,inventory,pending,,,,,,,,,,,,Approved,
erpnext,Item to Manufacture,,,,erpnext,,الصنف المطلوب تصنيعه,الصنف المطلوب تصنيعه,,inventory,missing,,,,,,,,,,,,Pending,
erpnext,Create Stock Entry,,,,erpnext,,إنشاء قيد مخزون,إنشاء قيد مخزون,,inventory,missing,,,,,,,,,,,,Pending,
erpnext,Issue Material,,,,erpnext,قضية المواد,,قضية المواد,,inventory,pending,,,,,,,,,,,,Approved,
erpnext,Material Request of maximum {0} can be made for Item {1} against Sales Order {2},,,,erpnext,المادة يمكن طلب الحد الأقصى {0} للبند {1} من أمر المبيعات {2}\n<br>\nMaterial Request of maximum {0} can be made for Item {1} against Sales Order {2},,المادة يمكن طلب الحد الأقصى {0} للبند {1} من أمر المبيعات {2}\n<br>\nMaterial Request of maximum {0} can be made for Item {1} against Sales Order {2},,inventory,pending,,,,,,,,,,html_imbalance,,Approved,
erpnext,Do you still want to enable negative inventory?,,,,erpnext,,,,,inventory,missing,,,,,,,,,,,,Pending,
erpnext,"If enabled, the system will allow users to edit the raw materials and their quantities in the Work Order. The system will not reset the quantities as per the BOM, if the user has changed them.",,,,erpnext,,,,,inventory,missing,,,,,,,,,,,,Pending,
erpnext,Stock Reservation Entry cannot be updated as it has been delivered.,,,,erpnext,,,,,inventory,missing,,,,,,,,,,,,Pending,
erpnext,No Items with Bill of Materials to Manufacture,,,,erpnext,لا توجد بنود في قائمة المواد للتصنيع,,لا توجد بنود في قائمة المواد للتصنيع,,inventory,pending,,,,,,,,,,,,Approved,
erpnext,Rate of '{}' items cannot be changed,,,,erpnext,,,,,inventory,missing,,,,,,,,,,,,Pending,
erpnext,Transferred Raw Materials,,,,erpnext,,المواد الخام المنقولة,المواد الخام المنقولة,,inventory,missing,,,,,,,,,,,,Pending,
erpnext,Allow UOM with Conversion Rate Defined in Item,,,,erpnext,,,,,inventory,missing,,,,,,,,,,,,Pending,
erpnext,Raw Materials,,,,erpnext,مواد أولية,,مواد أولية,,inventory,pending,,,,,,,,,,,,Approved,
erpnext,Return Against Purchase Receipt,,,,erpnext,العودة ضد شراء إيصال,,العودة ضد شراء إيصال,,inventory,pending,,,,,,,,,,,,Approved,
erpnext,This is based on stock movement. See {0} for details,,,,erpnext,ويستند هذا على حركة المخزون. راجع {0} لمزيد من التفاصيل,,ويستند هذا على حركة المخزون. راجع {0} لمزيد من التفاصيل,,inventory,pending,,,,,,,,,,,,Approved,
erpnext,Show Disabled Warehouses,,,,erpnext,,إظهار المستودعات المعطلة,إظهار المستودعات المعطلة,,inventory,missing,,,,,,,,,,,,Pending,
erpnext,Item Prices,,,,erpnext,أسعار الصنف,,أسعار الصنف,,inventory,pending,,,,,,,,,,,,Approved,
erpnext,Validate Selling Price for Item Against Purchase Rate or Valuation Rate,,,,erpnext,تحقق من صحة سعر البيع للسلعة مقابل معدل الشراء أو معدل التقييم,,تحقق من صحة سعر البيع للسلعة مقابل معدل الشراء أو معدل التقييم,,inventory,pending,,,,,,,,,,,,Approved,
erpnext,Tax Amount will be rounded on a row(items) level,,,,erpnext,,,,,inventory,missing,,,,,,,,,,,,Pending,
frappe,Sidebar Item Group Link,,,,frappe,,,,,inventory,missing,,,,,,,,,,,,Pending,
erpnext,Stock Items,,,,erpnext,أصناف المخزن,,أصناف المخزن,,inventory,pending,,,,,,,,,,,,Approved,
erpnext,Customer's Purchase Order No,,,,erpnext,رقم أمر الشراء الصادر من الزبون,,رقم أمر الشراء الصادر من الزبون,,inventory,pending,,,,,,,,,,,,Approved,
erpnext,Scrap Material Cost,,,,erpnext,التكلفة الخردة المواد,,التكلفة الخردة المواد,,inventory,pending,,,,,,,,,,,,Approved,
erpnext,Cannot find a default warehouse for item {0}. Please set one in the Item Master or in Stock Settings.,,,,erpnext,,,,,inventory,missing,,,,,,,,,,placeholder_mismatch,,Pending,
erpnext,Insufficient Stock for Product Bundle Items,,,,erpnext,,مخزون غير كاف لأصناف مجموعة المنتج,مخزون غير كاف لأصناف مجموعة المنتج,,inventory,missing,,,,,,,,,,,,Pending,
erpnext,In Stock Qty,,,,erpnext,في سوق الأسهم الكمية,,في سوق الأسهم الكمية,,inventory,pending,,,,,,,,,,,,Approved,
erpnext,Purchase Amount,,,,erpnext,قيمة الشراء,,قيمة الشراء,,inventory,pending,,,,,,,,,,,,Approved,
erpnext,Inventory Dimension Negative Stock,,,,erpnext,,مخزون سالب لبُعد المخزون,مخزون سالب لبُعد المخزون,,inventory,missing,,,,,,,,,,,,Pending,
erpnext,BOM Scrap Item,,,,erpnext,الصنف الخردة بقائمة المواد,,الصنف الخردة بقائمة المواد,,inventory,pending,,,,,,,,,,,,Approved,
erpnext,Cannot create Stock Reservation Entries for future dated Purchase Receipts.,,,,erpnext,,,,,inventory,missing,,,,,,,,,,,,Pending,
erpnext,Different UOM for items will lead to incorrect (Total) Net Weight value. Make sure that Net Weight of each item is in the same UOM.,,,,erpnext,UOM المختلفة للعناصر سوف ترتبط بقيمة الحجم الصافي الغير صحيحة . تاكد الحجم الصافي لكل عنصر هي نفس UOM\n<br>\nDifferent UOM for items will lead to incorrect (Total) Net Weight value. Make sure that Net Weight of each item is in the same UOM.,,UOM المختلفة للعناصر سوف ترتبط بقيمة الحجم الصافي الغير صحيحة . تاكد الحجم الصافي لكل عنصر هي نفس UOM\n<br>\nDifferent UOM for items will lead to incorrect (Total) Net Weight value. Make sure that Net Weight of each item is in the same UOM.,,inventory,pending,,,,,,,,,,html_imbalance,,Approved,
erpnext,Raw Materials Consumption,,,,erpnext,استهلاك المواد الخام,,استهلاك المواد الخام,,inventory,pending,,,,,,,,,,,,Approved,
erpnext,Sales Partner Target Variance Based On Item Group,,,,erpnext,,,,,inventory,missing,,,,,,,,,,,,Pending,
erpnext,The warehouse where you store finished Items before they are shipped.,,,,erpnext,,,,,inventory,missing,,,,,,,,,,,,Pending,
erpnext,Enter the opening stock units.,,,,erpnext,,,,,inventory,missing,,,,,,,,,,,,Pending,
erpnext,Stock Settings,,,,erpnext,إعدادات المخزون,,إعدادات المخزون,,inventory,pending,,,,,,,,,,,,Approved,
erpnext,Invalid Item,,,,erpnext,عنصر غير صالح,,عنصر غير صالح,,inventory,pending,,,,,,,,,,,,Approved,
erpnext,Stock,,,,erpnext,المخازن,المخزون,المخزون,,inventory,pending,,,,,,,,,,,,Approved,
erpnext,Production Plan Material Request,,,,erpnext,خطة إنتاج طلب المواد,,خطة إنتاج طلب المواد,,inventory,pending,,,,,,,,,,,,Approved,
erpnext,'Has Serial No' can not be 'Yes' for non-stock item,,,,erpnext,"""لهُ رقم تسلسل""  لا يمكن ان يكون ""نعم"" لبند غير قابل للتخزين",,"""لهُ رقم تسلسل""  لا يمكن ان يكون ""نعم"" لبند غير قابل للتخزين",,inventory,pending,,,,,,,,,,,,Approved,
erpnext,Enable Perpetual Inventory,,,,erpnext,تمكين المخزون الدائم,,تمكين المخزون الدائم,,inventory,pending,,,,,,,,,,,,Approved,
erpnext,Select Items based on Delivery Date,,,,erpnext,حدد العناصر بناءً على تاريخ التسليم,,حدد العناصر بناءً على تاريخ التسليم,,inventory,pending,,,,,,,,,,,,Approved,
erpnext,Is Group Warehouse,,,,erpnext,,مستودع مجموعة,مستودع مجموعة,,inventory,missing,,,,,,,,,,,,Pending,
erpnext,{0} not found for item {1},,,,erpnext,{0} لم يتم العثور على العنصر {1},,{0} لم يتم العثور على العنصر {1},,inventory,pending,,,,,,,,,,,,Approved,
erpnext,Check if material transfer entry is not required,,,,erpnext,تحقق مما إذا كان إدخال نقل المواد غير مطلوب,,تحقق مما إذا كان إدخال نقل المواد غير مطلوب,,inventory,pending,,,,,,,,,,,,Approved,
erpnext,Min Qty (As Per Stock UOM),,,,erpnext,,,,,inventory,missing,,,,,,,,,,,,Pending,
erpnext,Default Warehouse for Sales Return,,,,erpnext,المستودع الافتراضي لعائد المبيعات,,المستودع الافتراضي لعائد المبيعات,,inventory,pending,,,,,,,,,,,,Approved,
erpnext,Variant Items,,,,erpnext,العناصر المتغيرة,,العناصر المتغيرة,,inventory,pending,,,,,,,,,,,,Approved,
erpnext,Rejected Warehouse and Accepted Warehouse cannot be same.,,,,erpnext,,,,,inventory,missing,,,,,,,,,,,,Pending,
erpnext,Convert Item Description to Clean HTML in Transactions,,,,erpnext,,تحويل وصف الصنف إلى HTML نظيف في المعاملات,تحويل وصف الصنف إلى HTML نظيف في المعاملات,,inventory,missing,,,,,,,,,,,,Pending,
erpnext,Sub Assembly Items,,,,erpnext,,أصناف التجميع الفرعي,أصناف التجميع الفرعي,,inventory,missing,,,,,,,,,,,,Pending,
erpnext,Default Item Manufacturer,,,,erpnext,الشركة المصنعة الافتراضية للعنصر,,الشركة المصنعة الافتراضية للعنصر,,inventory,pending,,,,,,,,,,,,Approved,
erpnext,Reserve Stock,,,,erpnext,,حجز المخزون,حجز المخزون,,inventory,missing,,,,,,,,,,,,Pending,
erpnext,Please select item code,,,,erpnext,الرجاء تحديد رمز البند\n<br>\nPlease select item code,,الرجاء تحديد رمز البند\n<br>\nPlease select item code,,inventory,pending,,,,,,,,,,html_imbalance,,Approved,
erpnext,Asset {0} does not belong to Item {1},,,,erpnext,,,,,inventory,missing,,,,,,,,,,placeholder_mismatch,,Pending,
erpnext,Item Balance (Simple),,,,erpnext,البند الرصيد (بسيط),,البند الرصيد (بسيط),,inventory,pending,,,,,,,,,,,,Approved,
erpnext,Sub Assembly Warehouse,,,,erpnext,,مستودع التجميع الفرعي,مستودع التجميع الفرعي,,inventory,missing,,,,,,,,,,,,Pending,
erpnext,Purchase Receipt Item Supplied,,,,erpnext,شراء السلعة استلام الموردة,,شراء السلعة استلام الموردة,,inventory,pending,,,,,,,,,,,,Approved,
erpnext,Supplier Warehouse,,,,erpnext,المورد مستودع,,المورد مستودع,,inventory,pending,,,,,,,,,,,,Approved,
erpnext,Update Rate as per Last Purchase,,,,erpnext,,تحديث السعر حسب آخر شراء,تحديث السعر حسب آخر شراء,,inventory,missing,,,,,,,,,,,,Pending,
erpnext,Purchase Order Amount,,,,erpnext,مبلغ أمر الشراء,,مبلغ أمر الشراء,,inventory,pending,,,,,,,,,,,,Approved,
erpnext,Quick Stock Balance,,,,erpnext,رصيد سريع الأسهم,,رصيد سريع الأسهم,,inventory,pending,,,,,,,,,,,,Approved,
erpnext,Row #{}: item {} has been picked already.,,,,erpnext,,,,,inventory,missing,,,,,,,,,,,,Pending,
frappe,"If you set this, this Item will come in a drop-down under the selected parent.",,,,frappe,إذا قمت بتعيين هذا ، فإن هذا البند تأتي في قائمة منسدلة تحت الأصل المحدد .,,إذا قمت بتعيين هذا ، فإن هذا البند تأتي في قائمة منسدلة تحت الأصل المحدد .,,inventory,pending,,,,,,,,,,,,Approved,
erpnext,Include Exploded Items,,,,erpnext,تشمل البنود المستبعدة,,تشمل البنود المستبعدة,,inventory,pending,,,,,,,,,,,,Approved,
