app,msgid,context,locations,comments,ct_app,po_translation,runtime_translation,effective_translation,proposed_translation,domain,priority,a1_status,a1_reviewer,a1_notes,a2_status,a2_reviewer,a2_notes,a3_status,a3_reviewer,a3_notes,qa_flags,cross_app_conflict,release_status,references
erpnext,Cannot complete task {0} as its dependant task {1} are not completed / cancelled.,,,,erpnext,,,,,core-actions,missing,,,,,,,,,,placeholder_mismatch,,Pending,
erpnext,Delivery Notes {0} updated,,,,erpnext,تم تعديل إشعار  التسليم {0},,تم تعديل إشعار  التسليم {0},,core-actions,pending,,,,,,,,,,,,Approved,
erpnext,"If not, you can Cancel / Submit this entry",,,,erpnext,,,,,core-actions,missing,,,,,,,,,,,,Pending,
frappe,Error in {0}.get_list: {1},,,,frappe,,,,,core-actions,missing,,,,,,,,,,placeholder_mismatch,,Pending,
erpnext,Supplier Quotation {0} Created,,,,erpnext,تم إنشاء عرض أسعار المورد {0},,تم إنشاء عرض أسعار المورد {0},,core-actions,pending,,,,,,,,,,,,Approved,
frappe,"The application has been updated to a new version, please refresh this page",,,,frappe,تم تحديث التطبيق إلى الإصدار الجديد، يرجى تحديث هذه الصفحة,,تم تحديث التطبيق إلى الإصدار الجديد، يرجى تحديث هذه الصفحة,,core-actions,pending,,,,,,,,,,,,Approved,
frappe,Delimiter detection failed. Try to enable custom delimiters and adjust the delimiter options as per your data.,,,,frappe,,,,,core-actions,missing,,,,,,,,,,,,Pending,
erpnext,{} can't be cancelled since the Loyalty Points earned has been redeemed. First cancel the {} No {},,,,erpnext,لا يمكن إلغاء {} نظرًا لاسترداد نقاط الولاء المكتسبة. قم أولاً بإلغاء {} لا {},,لا يمكن إلغاء {} نظرًا لاسترداد نقاط الولاء المكتسبة. قم أولاً بإلغاء {} لا {},,core-actions,pending,,,,,,,,,,,,Approved,
frappe,Error connecting via IMAP/POP3: {e},,,,frappe,,,,,core-actions,missing,,,,,,,,,,placeholder_mismatch,,Pending,
frappe,Created On,,,,frappe,,,,,core-actions,missing,,,,,,,,,,,1,Pending,
erpnext,Auto Create Serial and Batch Bundle For Outward,,,,erpnext,,إنشاء مجموعة تسلسل ودفعة تلقائيا للصادر,إنشاء مجموعة تسلسل ودفعة تلقائيا للصادر,,core-actions,missing,,,,,,,,,,,,Pending,
frappe,Create a new record,,,,frappe,إنشاء سجل جديد,,إنشاء سجل جديد,,core-actions,pending,,,,,,,,,,,,Approved,
erpnext,Duplicate Serial Number Error,,,,erpnext,,خطأ رقم تسلسلي مكرر,خطأ رقم تسلسلي مكرر,,core-actions,missing,,,,,,,,,,,,Pending,
frappe,Document Type is not submittable,,,,frappe,نوع المستند غير قابل للتقديم,,نوع المستند غير قابل للتقديم,,core-actions,pending,,,,,,,,,,,,Approved,
frappe,"Meaning of Submit, Cancel, Amend",,,,frappe,,,,,core-actions,missing,,,,,,,,,,,,Pending,
erpnext,{0} {1} is cancelled or stopped,,,,erpnext,{0} {1} يتم إلغاؤه أو إيقافه\n<br>\n{0} {1} is cancelled or stopped,,{0} {1} يتم إلغاؤه أو إيقافه\n<br>\n{0} {1} is cancelled or stopped,,core-actions,pending,,,,,,,,,,html_imbalance,,Approved,
erpnext,Error: {0} is mandatory field,,,,erpnext,الخطأ: {0} هو حقل إلزامي,,الخطأ: {0} هو حقل إلزامي,,core-actions,pending,,,,,,,,,,,,Approved,
frappe,Users are only able to delete attached files if the document is either in draft or if the document is canceled and they are also able to delete the document.,,,,frappe,,,,,core-actions,missing,,,,,,,,,,,,Pending,
erpnext,Delete Leads and Addresses,,,,erpnext,,حذف العملاء المحتملين والعناوين,حذف العملاء المحتملين والعناوين,,core-actions,missing,,,,,,,,,,,,Pending,
frappe,{0}: Cannot set Import without Create,,,,frappe,{0} : لا يمكن تحديد استيراد دون إنشاء,,{0} : لا يمكن تحديد استيراد دون إنشاء,,core-actions,pending,,,,,,,,,,,,Approved,
frappe,You are now following this document. You will receive daily updates via email. You can change this in User Settings.,,,,frappe,أنت الآن تتبع هذا المستند. سوف تتلقى التحديثات اليومية عبر البريد الإلكتروني. يمكنك تغيير هذا في إعدادات المستخدم.,,أنت الآن تتبع هذا المستند. سوف تتلقى التحديثات اليومية عبر البريد الإلكتروني. يمكنك تغيير هذا في إعدادات المستخدم.,,core-actions,pending,,,,,,,,,,,,Approved,
frappe,You are not allowed to delete Standard Report,,,,frappe,لا يُسمح لك بحذف التقرير القياسي,,لا يُسمح لك بحذف التقرير القياسي,,core-actions,pending,,,,,,,,,,,,Approved,
erpnext,Linking to Customer Failed. Please try again.,,,,erpnext,,,,,core-actions,missing,,,,,,,,,,,,Pending,
erpnext,Child Task exists for this Task. You can not delete this Task.,,,,erpnext,مهمة تابعة موجودة لهذه المهمة. لا يمكنك حذف هذه المهمة.,,مهمة تابعة موجودة لهذه المهمة. لا يمكنك حذف هذه المهمة.,,core-actions,pending,,,,,,,,,,,,Approved,
erpnext,This schedule was created when Asset {0} was restored.,,,,erpnext,,,,,core-actions,missing,,,,,,,,,,placeholder_mismatch,,Pending,
erpnext,"Debit Note will update it's own outstanding amount, even if 'Return Against' is specified.",,,,erpnext,,,,,core-actions,missing,,,,,,,,,,,,Pending,
frappe,All fields are necessary to submit the comment.,,,,frappe,,,,,core-actions,missing,,,,,,,,,,,,Pending,
frappe,Deleted all documents successfully,,,,frappe,,,,,core-actions,missing,,,,,,,,,,,,Pending,
frappe,Delete,,,,frappe,,حذف,حذف,,core-actions,missing,,,,,,,,,,,,Pending,
frappe,Delete entire section with fields,Button text,,,frappe,,,,,core-actions,missing,,,,,,,,,,,,Pending,
erpnext,Retry Failed Transactions,,,,erpnext,,إعادة محاولة المعاملات الفاشلة,إعادة محاولة المعاملات الفاشلة,,core-actions,missing,,,,,,,,,,,,Pending,
erpnext,Force-Fetch Subscription Updates,,,,erpnext,,,,,core-actions,missing,,,,,,,,,,,,Pending,
erpnext,Do not update variants on save,,,,erpnext,لا تقم بتحديث المتغيرات عند الحفظ,,لا تقم بتحديث المتغيرات عند الحفظ,,core-actions,pending,,,,,,,,,,,,Approved,
erpnext,Serial and Batch Bundle created,,,,erpnext,,تم إنشاء مجموعة التسلسل والدفعة,تم إنشاء مجموعة التسلسل والدفعة,,core-actions,missing,,,,,,,,,,,,Pending,
erpnext,"Could not create Credit Note automatically, please uncheck 'Issue Credit Note' and submit again",,,,erpnext,تعذر إنشاء إشعار دائن تلقائيًا ، يُرجى إلغاء تحديد &quot;إشعار ائتمان الإصدار&quot; وإرساله مرة أخرى,,تعذر إنشاء إشعار دائن تلقائيًا ، يُرجى إلغاء تحديد &quot;إشعار ائتمان الإصدار&quot; وإرساله مرة أخرى,,core-actions,pending,,,,,,,,,,,,Approved,
frappe,Failed to update global settings,,,,frappe,,,,,core-actions,missing,,,,,,,,,,,,Pending,
frappe,Restoring Deleted Document,,,,frappe,استعادة المستند المحذوف,,استعادة المستند المحذوف,,core-actions,pending,,,,,,,,,,,,Approved,
frappe,Update {0} records,,,,frappe,,,,,core-actions,missing,,,,,,,,,,placeholder_mismatch,,Pending,
frappe,Enabling this will submit documents in background,,,,frappe,,,,,core-actions,missing,,,,,,,,,,,,Pending,
frappe,Choose Existing Card or create New Card,,,,frappe,اختر بطاقة موجودة أو أنشئ بطاقة جديدة,,اختر بطاقة موجودة أو أنشئ بطاقة جديدة,,core-actions,pending,,,,,,,,,,,,Approved,
frappe,Cannot cancel {0}.,,,,frappe,,,,,core-actions,missing,,,,,,,,,,placeholder_mismatch,,Pending,
frappe,Cannot update {0},,,,frappe,لا يمكن تحديث {0},,لا يمكن تحديث {0},,core-actions,pending,,,,,,,,,,,,Approved,
frappe,You created this document {0},Form timeline,,,frappe,,,,,core-actions,missing,,,,,,,,,,placeholder_mismatch,,Pending,
frappe,"Please click on 'Export Errored Rows', fix the errors and import again.",,,,frappe,,,,,core-actions,missing,,,,,,,,,,,,Pending,
frappe,Error Logs,,,,frappe,,,,,core-actions,missing,,,,,,,,,,,,Pending,
frappe,Workflow updated successfully,,,,frappe,,,,,core-actions,missing,,,,,,,,,,,,Pending,
erpnext,Update Additional Information,,,,erpnext,,تحديث المعلومات الإضافية,تحديث المعلومات الإضافية,,core-actions,missing,,,,,,,,,,,,Pending,
erpnext,"Reselect, if the chosen address is edited after save",,,,erpnext,إعادة تحديد، إذا تم تحرير عنوان المختار بعد حفظ,,إعادة تحديد، إذا تم تحرير عنوان المختار بعد حفظ,,core-actions,pending,,,,,,,,,,,,Approved,
frappe,This site is running in developer mode. Any change made here will be updated in code.,,,,frappe,,,,,core-actions,missing,,,,,,,,,,,,Pending,
erpnext,Call Summary Saved,,,,erpnext,,,,,core-actions,missing,,,,,,,,,,,,Pending,
erpnext,Further nodes can be only created under 'Group' type nodes,,,,erpnext,العقد الإضافية التي يمكن أن تنشأ إلا في ظل العقد نوع ' المجموعة ',,العقد الإضافية التي يمكن أن تنشأ إلا في ظل العقد نوع ' المجموعة ',,core-actions,pending,,,,,,,,,,,,Approved,
erpnext,Cancel Subscription,,,,erpnext,إلغاء الاشتراك,,إلغاء الاشتراك,,core-actions,pending,,,,,,,,,,,,Approved,
erpnext,Note: Automatic log deletion only applies to logs of type <i>Update Cost</i>,,,,erpnext,,,,,core-actions,missing,,,,,,,,,,html_imbalance,,Pending,
frappe,Cannot delete or cancel because {0} {1} is linked with {2} {3} {4},,,,frappe,لا يمكن حذف أو إلغاء لأن {0} {1} مرتبط مع {2} {3} {4},,لا يمكن حذف أو إلغاء لأن {0} {1} مرتبط مع {2} {3} {4},,core-actions,pending,,,,,,,,,,,,Approved,
erpnext,A new appointment has been created for you with {0},,,,erpnext,تم إنشاء موعد جديد لك من خلال {0},,تم إنشاء موعد جديد لك من خلال {0},,core-actions,pending,,,,,,,,,,,,Approved,
frappe,It is risky to delete this file: {0}. Please contact your System Manager.,,,,frappe,أنه أمر محفوف بالمخاطر لحذف هذا الملف: {0}. يرجى الاتصال بمدير النظام الخاص بك.,,أنه أمر محفوف بالمخاطر لحذف هذا الملف: {0}. يرجى الاتصال بمدير النظام الخاص بك.,,core-actions,pending,,,,,,,,,,,,Approved,
frappe,Action Failed,,,,frappe,فشل العمل,,فشل العمل,,core-actions,pending,,,,,,,,,,,,Approved,
erpnext,There was an error syncing transactions.,,,,erpnext,,,,,core-actions,missing,,,,,,,,,,,,Pending,
frappe,Error connecting via SMTP: {e},,,,frappe,,,,,core-actions,missing,,,,,,,,,,placeholder_mismatch,,Pending,
erpnext,Create Reposting Entries,,,,erpnext,,إنشاء قيود إعادة ترحيل,إنشاء قيود إعادة ترحيل,,core-actions,missing,,,,,,,,,,,,Pending,
erpnext,"Asset cannot be cancelled, as it is already {0}",,,,erpnext,لا يمكن إلغاء الأصل، لانه بالفعل {0},,لا يمكن إلغاء الأصل، لانه بالفعل {0},,core-actions,pending,,,,,,,,,,,,Approved,
frappe,{0} is not a valid Workflow State. Please update your Workflow and try again.,,,,frappe,{0} ليست حالة سير عمل صالحة. يرجى تحديث سير العمل والمحاولة مرة أخرى.,,{0} ليست حالة سير عمل صالحة. يرجى تحديث سير العمل والمحاولة مرة أخرى.,,core-actions,pending,,,,,,,,,,,,Approved,
frappe,{0} records deleted,,,,frappe,{0} تم حذف السجلات,,{0} تم حذف السجلات,,core-actions,pending,,,,,,,,,,,,Approved,
erpnext,Unable to find exchange rate for {0} to {1} for key date {2}. Please create a Currency Exchange record manually,,,,erpnext,تعذر العثور على سعر الصرف من {0} إلى {1} لتاريخ المفتاح {2}. يرجى إنشاء سجل صرف العملات يدويا,,تعذر العثور على سعر الصرف من {0} إلى {1} لتاريخ المفتاح {2}. يرجى إنشاء سجل صرف العملات يدويا,,core-actions,pending,,,,,,,,,,,,Approved,
frappe,Document has been submitted,,,,frappe,,,,,core-actions,missing,,,,,,,,,,,,Pending,
frappe,Please delete the field from {0} or add the required doctype.,,,,frappe,,,,,core-actions,missing,,,,,,,,,,placeholder_mismatch,,Pending,
frappe,Not allowed to create custom Virtual DocType.,,,,frappe,,,,,core-actions,missing,,,,,,,,,,,,Pending,
frappe,Saved,,,,frappe,حفظ,,حفظ,,core-actions,pending,,,,,,,,,,,,Approved,
erpnext,Capitalize this asset before submitting.,,,,erpnext,,,,,core-actions,missing,,,,,,,,,,,,Pending,
erpnext,Delivery Note {0} is not submitted,,,,erpnext,لم يتم اعتماد ملاحظه التسليم {0}\n<br>\nDelivery Note {0} is not submitted,,لم يتم اعتماد ملاحظه التسليم {0}\n<br>\nDelivery Note {0} is not submitted,,core-actions,pending,,,,,,,,,,html_imbalance,,Approved,
frappe,{0}: Cannot set Assign Amend if not Submittable,,,,frappe,{0}: لا يمكن تعيين معدل إذا لم يتم إرساله,,{0}: لا يمكن تعيين معدل إذا لم يتم إرساله,,core-actions,pending,,,,,,,,,,,,Approved,
frappe,Create Saved Filter,,,,frappe,,,,,core-actions,missing,,,,,,,,,,,,Pending,
erpnext,You cannot restart a Subscription that is not cancelled.,,,,erpnext,لا يمكنك إعادة تشغيل اشتراك غير ملغى.,,لا يمكنك إعادة تشغيل اشتراك غير ملغى.,,core-actions,pending,,,,,,,,,,,,Approved,
erpnext,Asset updated after being split into Asset {0},,,,erpnext,,,,,core-actions,missing,,,,,,,,,,placeholder_mismatch,,Pending,
frappe,Hide Error,,,,frappe,,,,,core-actions,missing,,,,,,,,,,,,Pending,
erpnext,"Failed to erase demo data, please delete the demo company manually.",,,,erpnext,,,,,core-actions,missing,,,,,,,,,,,,Pending,
frappe,Only the Administrator can delete a standard DocType.,,,,frappe,,,,,core-actions,missing,,,,,,,,,,,,Pending,
erpnext,Machine operator errors,,,,erpnext,أخطاء مشغل الآلة,,أخطاء مشغل الآلة,,core-actions,pending,,,,,,,,,,,,Approved,
erpnext,Please update Repair Status.,,,,erpnext,,,,,core-actions,missing,,,,,,,,,,,,Pending,
erpnext,Please select rows to create Reposting Entries,,,,erpnext,,,,,core-actions,missing,,,,,,,,,,,,Pending,
erpnext,Error Occurred,,,,erpnext,,حدث خطأ,حدث خطأ,,core-actions,missing,,,,,,,,,,,,Pending,
frappe,Create a New Format,,,,frappe,,,,,core-actions,missing,,,,,,,,,,,,Pending,
erpnext,Enter the name of the Beneficiary before submitting.,,,,erpnext,,,,,core-actions,missing,,,,,,,,,,,,Pending,
erpnext,Enabling this will change the way how cancelled transactions are handled.,,,,erpnext,,,,,core-actions,missing,,,,,,,,,,,,Pending,
erpnext,Verification failed please check the link,,,,erpnext,,فشل التحقق، يرجى فحص الرابط,فشل التحقق، يرجى فحص الرابط,,core-actions,missing,,,,,,,,,,,,Pending,
frappe,Create New DocType,,,,frappe,,,,,core-actions,missing,,,,,,,,,,,,Pending,
frappe,Submit another response,Button in web form,,,frappe,,,,,core-actions,missing,,,,,,,,,,,,Pending,
erpnext,Create a variant with the template image.,,,,erpnext,,,,,core-actions,missing,,,,,,,,,,,,Pending,
erpnext,BOMs Updated,,,,erpnext,,,,,core-actions,missing,,,,,,,,,,,,Pending,
frappe,This file is attached to a protected document and cannot be deleted.,,,,frappe,,,,,core-actions,missing,,,,,,,,,,,,Pending,
erpnext,Create New Customer,,,,erpnext,,إنشاء عميل جديد,إنشاء عميل جديد,,core-actions,missing,,,,,,,,,,,,Pending,
frappe,{0} created this document {1},Form timeline,,,frappe,,,,,core-actions,missing,,,,,,,,,,placeholder_mismatch,,Pending,
erpnext,"Enter First and Last name of Employee, based on Which Full Name will be updated. IN transactions, it will be Full Name which will be fetched.",,,,erpnext,,,,,core-actions,missing,,,,,,,,,,,,Pending,
frappe,Please save the document before removing assignment,,,,frappe,الرجاء حفظ المستند قبل إزالة المهمة,,الرجاء حفظ المستند قبل إزالة المهمة,,core-actions,pending,,,,,,,,,,,,Approved,
erpnext,unique e.g. SAVE20  To be used to get discount,,,,erpnext,فريدة مثل SAVE20 لاستخدامها للحصول على الخصم,,فريدة مثل SAVE20 لاستخدامها للحصول على الخصم,,core-actions,pending,,,,,,,,,,,,Approved,
frappe,"You can change Submitted documents by cancelling them and then, amending them.",,,,frappe,,,,,core-actions,missing,,,,,,,,,,,,Pending,
frappe,<strong>Warning:</strong> This field is system generated and may be overwritten by a future update. Modify it using {0} instead.,,,,frappe,<strong>تحذ搉ير</strong>: هذا الحقل منطم من قبل النظام وقد يتم تجاوزه من قبل تحديث مستقبلي. قم بتحويره باستخدام {0} بدلا من ذلك.,,<strong>تحذ搉ير</strong>: هذا الحقل منطم من قبل النظام وقد يتم تجاوزه من قبل تحديث مستقبلي. قم بتحويره باستخدام {0} بدلا من ذلك.,,core-actions,pending,,,,,,,,,,,,Approved,
frappe,Delete this record to allow sending to this email address,,,,frappe,احذف هذا السجل للسماح بالإرسال إلى عنوان البريد الإلكتروني هذا,,احذف هذا السجل للسماح بالإرسال إلى عنوان البريد الإلكتروني هذا,,core-actions,pending,,,,,,,,,,,,Approved,
erpnext,"Creation of {0} failed.
				Check <b><a href=""/app/bulk-transaction-log"">Bulk Transaction Log</a></b>",,,,erpnext,,,,,core-actions,missing,,,,,,,,,,placeholder_mismatch;html_imbalance,,Pending,
frappe,Create or Edit Print Format,,,,frappe,,,,,core-actions,missing,,,,,,,,,,,,Pending,
frappe,"There were some errors setting the name, please contact the administrator",,,,frappe,كانت هناك بعض الأخطاء التي تحدد الاسم، يرجى الاتصال بالمشرف,,كانت هناك بعض الأخطاء التي تحدد الاسم، يرجى الاتصال بالمشرف,,core-actions,pending,,,,,,,,,,,,Approved,
frappe,"<p>Multiple webforms can be created for a single doctype. Add filters specific to this webform to display correct record after submission.</p><p>For Example:</p>
<p>If you create a separate webform every year to capture feedback from employees add a 
 field named year in doctype and add a filter <b>year = 2023</b></p>
",,,,frappe,,,,,core-actions,missing,,,,,,,,,,html_imbalance;whitespace,,Pending,
frappe,Last Updated By,,,,frappe,آخر تحديث بواسطة,,آخر تحديث بواسطة,,core-actions,pending,,,,,,,,,,,,Approved,
frappe,Report updated successfully,,,,frappe,تم تحديث التقرير بنجاح,,تم تحديث التقرير بنجاح,,core-actions,pending,,,,,,,,,,,,Approved,
frappe,Permanently delete {0}?,,,,frappe,حذف بشكل دائم {0} ؟,,حذف بشكل دائم {0} ؟,,core-actions,pending,,,,,,,,,,,,Approved,
erpnext,Work Order not created,,,,erpnext,أمر العمل لم يتم إنشاؤه,,أمر العمل لم يتم إنشاؤه,,core-actions,pending,,,,,,,,,,,,Approved,
frappe,Standard DocType can not be deleted.,,,,frappe,,,,,core-actions,missing,,,,,,,,,,,,Pending,
frappe,{0} {1} is linked with the following submitted documents: {2},,,,frappe,{0} {1} مرتبط بالمستندات المرسلة التالية: {2},,{0} {1} مرتبط بالمستندات المرسلة التالية: {2},,core-actions,pending,,,,,,,,,,,,Approved,
frappe,Report {0} deleted,,,,frappe,,,,,core-actions,missing,,,,,,,,,,placeholder_mismatch,,Pending,
frappe,Please update {} before continuing.,,,,frappe,,,,,core-actions,missing,,,,,,,,,,,,Pending,
erpnext,There are active maintenance or repairs against the asset. You must complete all of them before cancelling the asset.,,,,erpnext,هناك صيانة نشطة أو إصلاحات ضد الأصل. يجب عليك إكمالها جميعًا قبل إلغاء الأصل.,,هناك صيانة نشطة أو إصلاحات ضد الأصل. يجب عليك إكمالها جميعًا قبل إلغاء الأصل.,,core-actions,pending,,,,,,,,,,,,Approved,
frappe,After Cancel,,,,frappe,بعد الغاء,,بعد الغاء,,core-actions,pending,,,,,,,,,,,,Approved,
frappe,{0} created successfully,,,,frappe,تم إنشاء {0} بنجاح,,تم إنشاء {0} بنجاح,,core-actions,pending,,,,,,,,,,,,Approved,
erpnext,Cannot cancel POS Closing Entry,,,,erpnext,,,,,core-actions,missing,,,,,,,,,,,,Pending,
frappe,Cancel,Secondary button in warning dialog,,,frappe,إلغاء,,إلغاء,,core-actions,pending,,,,,,,,,,,,Approved,
frappe,Only Administrator can delete Email Queue,,,,frappe,يمكن فقط للمسؤول حذف قائمة انتظار البريد الإلكتروني,,يمكن فقط للمسؤول حذف قائمة انتظار البريد الإلكتروني,,core-actions,pending,,,,,,,,,,,,Approved,
frappe,Cannot change docstatus from 0 (Draft) to 2 (Cancelled),,,,frappe,,,,,core-actions,missing,,,,,,,,,,,,Pending,
erpnext,Create Employee,,,,erpnext,إنشاء موظف,,إنشاء موظف,,core-actions,pending,,,,,,,,,,,,Approved,
frappe,"Google Calendar - Could not fetch event from Google Calendar, error code {0}.",,,,frappe,تقويم Google - تعذر إحضار حدث من تقويم Google ، رمز الخطأ {0}.,,تقويم Google - تعذر إحضار حدث من تقويم Google ، رمز الخطأ {0}.,,core-actions,pending,,,,,,,,,,,,Approved,
erpnext,Create Job Card,,,,erpnext,إنشاء بطاقة العمل,,إنشاء بطاقة العمل,,core-actions,pending,,,,,,,,,,,,Approved,
erpnext,Job card {0} created,,,,erpnext,تم إنشاء بطاقة العمل {0},,تم إنشاء بطاقة العمل {0},,core-actions,pending,,,,,,,,,,,,Approved,
frappe,Failed to render message: {},,,,frappe,,,,,core-actions,missing,,,,,,,,,,,,Pending,
erpnext,Failed to post depreciation entries,,,,erpnext,,فشل ترحيل قيود الإهلاك,فشل ترحيل قيود الإهلاك,,core-actions,missing,,,,,,,,,,,,Pending,
erpnext,Please create Customer from Lead {0}.,,,,erpnext,الرجاء إنشاء عميل من العميل المحتمل {0}.,,الرجاء إنشاء عميل من العميل المحتمل {0}.,,core-actions,pending,,,,,,,,,,,,Approved,
erpnext,New {0} pricing rules are created,,,,erpnext,يتم إنشاء قواعد تسعير جديدة {0},,يتم إنشاء قواعد تسعير جديدة {0},,core-actions,pending,,,,,,,,,,,,Approved,
erpnext,Create in Draft Status,,,,erpnext,,,,,core-actions,missing,,,,,,,,,,,,Pending,
frappe,Scheduled execution for script {0} has updated,,,,frappe,تم تحديث التنفيذ المجدول للنص {0},,تم تحديث التنفيذ المجدول للنص {0},,core-actions,pending,,,,,,,,,,,,Approved,
frappe,After Submit,,,,frappe,بعد تقديم,,بعد تقديم,,core-actions,pending,,,,,,,,,,,,Approved,
erpnext,Please select a row to create a Reposting Entry,,,,erpnext,,يرجى تحديد صف لإنشاء قيد إعادة ترحيل,يرجى تحديد صف لإنشاء قيد إعادة ترحيل,,core-actions,missing,,,,,,,,,,,,Pending,
erpnext,Linking Failed,,,,erpnext,,فشل الربط,فشل الربط,,core-actions,missing,,,,,,,,,,,,Pending,
frappe,There were errors while creating the document. Please try again.,,,,frappe,كانت هناك أخطاء أثناء إنشاء المستند. حاول مرة اخرى.,,كانت هناك أخطاء أثناء إنشاء المستند. حاول مرة اخرى.,,core-actions,pending,,,,,,,,,,,,Approved,
frappe,Create Entry,,,,frappe,إنشاء الدخول,,إنشاء الدخول,,core-actions,pending,,,,,,,,,,,,Approved,
erpnext,Status must be Cancelled or Completed,,,,erpnext,يجب إلغاء الحالة أو إكمالها,,يجب إلغاء الحالة أو إكمالها,,core-actions,pending,,,,,,,,,,,,Approved,
erpnext,This action will stop future billing. Are you sure you want to cancel this subscription?,,,,erpnext,سيوقف هذا الإجراء الفوترة المستقبلية. هل أنت متأكد من أنك تريد إلغاء هذا الاشتراك؟,,سيوقف هذا الإجراء الفوترة المستقبلية. هل أنت متأكد من أنك تريد إلغاء هذا الاشتراك؟,,core-actions,pending,,,,,,,,,,,,Approved,
erpnext,Create Variants,,,,erpnext,إنشاء المتغيرات,,إنشاء المتغيرات,,core-actions,pending,,,,,,,,,,,,Approved,
frappe,Show Related Errors,,,,frappe,,,,,core-actions,missing,,,,,,,,,,,,Pending,
construction,Not permitted to update this document,,,,construction,غير مسموح بتحديث هذا المستند,غير مسموح بتحديث هذا المستند,غير مسموح بتحديث هذا المستند,,core-actions,pending,,,,,,,,,,,,Approved,
erpnext,You need to cancel POS Closing Entry {} to be able to cancel this document.,,,,erpnext,,,,,core-actions,missing,,,,,,,,,,,,Pending,
erpnext,Update Auto Repeat Reference,,,,erpnext,تحديث السيارات تكرار المرجع,,تحديث السيارات تكرار المرجع,,core-actions,pending,,,,,,,,,,,,Approved,
frappe,Failed to optimize image: {0},,,,frappe,,,,,core-actions,missing,,,,,,,,,,placeholder_mismatch,,Pending,
erpnext,Asset updated due to Asset Repair {0} {1}.,,,,erpnext,,,,,core-actions,missing,,,,,,,,,,placeholder_mismatch,,Pending,
erpnext,Work Orders Created: {0},,,,erpnext,أوامر العمل التي تم إنشاؤها: {0},,أوامر العمل التي تم إنشاؤها: {0},,core-actions,pending,,,,,,,,,,,,Approved,
erpnext,BOMs created successfully,,,,erpnext,,,,,core-actions,missing,,,,,,,,,,,,Pending,
frappe,Delete entire column with fields,Button text,,,frappe,,,,,core-actions,missing,,,,,,,,,,,,Pending,
erpnext,Reposting entries created: {0},,,,erpnext,,,,,core-actions,missing,,,,,,,,,,placeholder_mismatch,,Pending,
frappe,Remove Failed Jobs,,,,frappe,,,,,core-actions,missing,,,,,,,,,,,,Pending,
erpnext,Update Cost,,,,erpnext,تحديث التكلفة,,تحديث التكلفة,,core-actions,pending,,,,,,,,,,,,Approved,
frappe,{0}: Cannot set Cancel without Submit,,,,frappe,{0}: لا يمكن تعيين إلغاء بدون إرسال,,{0}: لا يمكن تعيين إلغاء بدون إرسال,,core-actions,pending,,,,,,,,,,,,Approved,
frappe,Cannot enable {0} for a non-submittable doctype,,,,frappe,,,,,core-actions,missing,,,,,,,,,,placeholder_mismatch,,Pending,
frappe,User Cannot Create,,,,frappe,المستخدم لا يستطيع أن ينشئ,,المستخدم لا يستطيع أن ينشئ,,core-actions,pending,,,,,,,,,,,,Approved,
erpnext,Asset submitted,,,,erpnext,,تم ترحيل الأصل,تم ترحيل الأصل,,core-actions,missing,,,,,,,,,,,,Pending,
erpnext,"Please delete Product Bundle {0}, before merging {1} into {2}",,,,erpnext,,,,,core-actions,missing,,,,,,,,,,placeholder_mismatch,,Pending,
frappe,"DocStatus of the following states have changed:<br><strong>{0}</strong><br>
				Do you want to update the docstatus of existing documents in those states?<br>
				This does not undo any effect bought in by the document's existing docstatus.
				",,,,frappe,,,,,core-actions,missing,,,,,,,,,,placeholder_mismatch;html_imbalance;whitespace,,Pending,
frappe,{0} cancelled this document,,,,frappe,,,,,core-actions,missing,,,,,,,,,,placeholder_mismatch,,Pending,
frappe,Index created successfully on column {0} of doctype {1},,,,frappe,,,,,core-actions,missing,,,,,,,,,,placeholder_mismatch,,Pending,
erpnext,Row #{0}: Consumed Asset {1} cannot be cancelled,,,,erpnext,,,,,core-actions,missing,,,,,,,,,,placeholder_mismatch,,Pending,
erpnext,Auto Tax Settings Error,,,,erpnext,,خطأ إعدادات الضريبة التلقائية,خطأ إعدادات الضريبة التلقائية,,core-actions,missing,,,,,,,,,,,,Pending,
frappe,Cannot edit cancelled document,,,,frappe,لا يمكنك التعديل على وثيقة ملغية,,لا يمكنك التعديل على وثيقة ملغية,,core-actions,pending,,,,,,,,,,,,Approved,
frappe,Select Fields To Update,,,,frappe,حدد الحقول المراد تحديثها,,حدد الحقول المراد تحديثها,,core-actions,pending,,,,,,,,,,,,Approved,
erpnext,In Words (Export) will be visible once you save the Delivery Note.,,,,erpnext,بالحروف (تصدير) سوف تكون مرئية بمجرد حفظ اشعار التسليم.,,بالحروف (تصدير) سوف تكون مرئية بمجرد حفظ اشعار التسليم.,,core-actions,pending,,,,,,,,,,,,Approved,
frappe,Series counter for {} updated to {} successfully,,,,frappe,,,,,core-actions,missing,,,,,,,,,,,,Pending,
erpnext,Only one {0} entry can be created against the Work Order {1},,,,erpnext,,,,,core-actions,missing,,,,,,,,,,placeholder_mismatch,,Pending,
frappe,"Google Contacts - Could not update contact in Google Contacts {0}, error code {1}.",,,,frappe,جهات اتصال Google - تعذر تحديث جهة الاتصال في جهات اتصال Google {0} ، رمز الخطأ {1}.,,جهات اتصال Google - تعذر تحديث جهة الاتصال في جهات اتصال Google {0} ، رمز الخطأ {1}.,,core-actions,pending,,,,,,,,,,,,Approved,
erpnext,Create Prospect,,,,erpnext,,إنشاء فرصة بيع,إنشاء فرصة بيع,,core-actions,missing,,,,,,,,,,,,Pending,
frappe,"Packages are lightweight apps (collection of Module Defs) that can be created, imported, or released right from the UI",,,,frappe,,,,,core-actions,missing,,,,,,,,,,,,Pending,
erpnext,Appointment was created. But no lead was found. Please check the email to confirm,,,,erpnext,,,,,core-actions,missing,,,,,,,,,,,,Pending,
erpnext,System will automatically create the serial numbers / batch for the Finished Good on submission of work order,,,,erpnext,,,,,core-actions,missing,,,,,,,,,,,,Pending,
frappe,Delete Tab,Title of confirmation dialog,,,frappe,,,,,core-actions,missing,,,,,,,,,,,,Pending,
erpnext,Started a background job to create {1} {0}. {2},,,,erpnext,,,,,core-actions,missing,,,,,,,,,,placeholder_mismatch,,Pending,
frappe,{0} created this,,,,frappe,,,,,core-actions,missing,,,,,,,,,,placeholder_mismatch,,Pending,
frappe,Create New Kanban Board,,,,frappe,,,,,core-actions,missing,,,,,,,,,,,,Pending,
frappe,Not Saved,,,,frappe,لم يتم الحفظ,,لم يتم الحفظ,,core-actions,pending,,,,,,,,,,,,Approved,
frappe,Error in Header/Footer Script,,,,frappe,,,,,core-actions,missing,,,,,,,,,,,,Pending,
frappe,Delete and Generate New,,,,frappe,,,,,core-actions,missing,,,,,,,,,,,,Pending,
frappe,Deleted,,,,frappe,حذف,,حذف,,core-actions,pending,,,,,,,,,,,,Approved,
erpnext,Customer contact updated successfully.,,,,erpnext,تم تحديث جهة اتصال العميل بنجاح.,,تم تحديث جهة اتصال العميل بنجاح.,,core-actions,pending,,,,,,,,,,,,Approved,
frappe,Successfully updated {0} out of {1} records.,,,,frappe,,,,,core-actions,missing,,,,,,,,,,placeholder_mismatch,,Pending,
frappe,Error,,,,frappe,,,,,core-actions,missing,,,,,,,,,,,,Pending,
frappe,Delete,Button in list view actions menu,,,frappe,,,,,core-actions,missing,,,,,,,,,,,,Pending,
erpnext,Could Not Delete Demo Data,,,,erpnext,,,,,core-actions,missing,,,,,,,,,,,,Pending,
frappe,Update Value,,,,frappe,تحديث القيمة,,تحديث القيمة,,core-actions,pending,,,,,,,,,,,,Approved,
frappe,Failed to aquire lock: {}. Lock may be held by another process.,,,,frappe,,,,,core-actions,missing,,,,,,,,,,,,Pending,
frappe,Document has been cancelled,,,,frappe,,,,,core-actions,missing,,,,,,,,,,,,Pending,
erpnext,The user cannot submit the Serial and Batch Bundle manually,,,,erpnext,,,,,core-actions,missing,,,,,,,,,,,,Pending,
erpnext,Delete Transactions,,,,erpnext,,حذف المعاملات,حذف المعاملات,,core-actions,missing,,,,,,,,,,,,Pending,
erpnext,Repost Error Log,,,,erpnext,,سجل أخطاء إعادة الترحيل,سجل أخطاء إعادة الترحيل,,core-actions,missing,,,,,,,,,,,,Pending,
frappe,"Google Calendar - Could not insert event in Google Calendar {0}, error code {1}.",,,,frappe,تقويم Google - تعذر إدراج حدث في تقويم Google {0} ، رمز الخطأ {1}.,,تقويم Google - تعذر إدراج حدث في تقويم Google {0} ، رمز الخطأ {1}.,,core-actions,pending,,,,,,,,,,,,Approved,
frappe,Bulk Delete,,,,frappe,حذف بالجملة,,حذف بالجملة,,core-actions,pending,,,,,,,,,,,,Approved,
frappe,Report Document Error,,,,frappe,تقرير خطأ في المستند,,تقرير خطأ في المستند,,core-actions,pending,,,,,,,,,,,,Approved,
frappe,Only Administrator can save a standard report. Please rename and save.,,,,frappe,مسؤول فقط يمكن حفظ تقرير القياسية. الرجاء إعادة تسمية وحفظ.,,مسؤول فقط يمكن حفظ تقرير القياسية. الرجاء إعادة تسمية وحفظ.,,core-actions,pending,,,,,,,,,,,,Approved,
frappe,Job is in {0} state and can't be cancelled,,,,frappe,,,,,core-actions,missing,,,,,,,,,,placeholder_mismatch,,Pending,
erpnext,"Cannot change company's default currency, because there are existing transactions. Transactions must be cancelled to change the default currency.",,,,erpnext,لا يمكن تغيير العملة الافتراضية للشركة، لأن هناك معاملات موجودة. يجب إلغاء المعاملات لتغيير العملة الافتراضية.,,لا يمكن تغيير العملة الافتراضية للشركة، لأن هناك معاملات موجودة. يجب إلغاء المعاملات لتغيير العملة الافتراضية.,,core-actions,pending,,,,,,,,,,,,Approved,
frappe,This document can not be deleted right now as it's being modified by another user. Please try again after some time.,,,,frappe,,,,,core-actions,missing,,,,,,,,,,,,Pending,
erpnext,Linking to Supplier Failed. Please try again.,,,,erpnext,,,,,core-actions,missing,,,,,,,,,,,,Pending,
frappe,Status Updated,,,,frappe,تم تحديث الحالة,,تم تحديث الحالة,,core-actions,pending,,,,,,,,,,,,Approved,
frappe,"<div class=""alert"">Please don't update it as it can mess up your form. Use the Customize Form View and Custom Fields to set properties!</div>",,,,frappe,,,,,core-actions,missing,,,,,,,,,,html_imbalance,,Pending,
frappe,"Error validating ""Ignore User Permissions""",,,,frappe,,,,,core-actions,missing,,,,,,,,,,,,Pending,
erpnext,Create Users,,,,erpnext,إنشاء المستخدمين,,إنشاء المستخدمين,,core-actions,pending,,,,,,,,,,,,Approved,
erpnext,Closed order cannot be cancelled. Unclose to cancel.,,,,erpnext,الطلب المغلق لايمكن إلغاؤه. ازالة الاغلاق لكي تتمكن من الالغاء,,الطلب المغلق لايمكن إلغاؤه. ازالة الاغلاق لكي تتمكن من الالغاء,,core-actions,pending,,,,,,,,,,,,Approved,
frappe,You submitted this document {0},Form timeline,,,frappe,,,,,core-actions,missing,,,,,,,,,,placeholder_mismatch,,Pending,
erpnext,Company Address is missing. You don't have permission to update it. Please contact your System Manager.,,,,erpnext,,,,,core-actions,missing,,,,,,,,,,,,Pending,
frappe,"Failed to import virtual doctype {}, is controller file present?",,,,frappe,,,,,core-actions,missing,,,,,,,,,,,,Pending,
erpnext,"The batch {0} is already reserved in {1} {2}. So, cannot proceed with the {3} {4}, which is created against the {5} {6}.",,,,erpnext,,,,,core-actions,missing,,,,,,,,,,placeholder_mismatch,,Pending,
erpnext,Canceled,,,,erpnext,ألغيت,,ألغيت,,core-actions,pending,,,,,,,,,,,,Approved,
frappe,{0} saved successfully,,,,frappe,تم حفظ {0} بنجاح,,تم حفظ {0} بنجاح,,core-actions,pending,,,,,,,,,,,,Approved,
erpnext,There are no Failed transactions,,,,erpnext,,,,,core-actions,missing,,,,,,,,,,,,Pending,
erpnext,BOM Update Log,,,,erpnext,,سجل تحديث قائمة المواد,سجل تحديث قائمة المواد,,core-actions,missing,,,,,,,,,,,,Pending,
erpnext,{0} variants created.,,,,erpnext,تم إنشاء المتغيرات {0}.,,تم إنشاء المتغيرات {0}.,,core-actions,pending,,,,,,,,,,,,Approved,
frappe,Your form has been successfully updated,,,,frappe,,,,,core-actions,missing,,,,,,,,,,,,Pending,
erpnext,{0} {1} is cancelled or closed,,,,erpnext,{0} {1} تم إلغائه أو مغلق,,{0} {1} تم إلغائه أو مغلق,,core-actions,pending,,,,,,,,,,,,Approved,
erpnext,MRP Log documents are being created in the background.,,,,erpnext,,,,,core-actions,missing,,,,,,,,,,,,Pending,
erpnext,Please make sure you really want to delete all the transactions for this company. Your master data will remain as it is. This action cannot be undone.,,,,erpnext,يرجى التأكد من أنك تريد حقا حذف جميع المعاملات لهذه الشركة. ستبقى بياناتك الرئيسية (الماستر) كما هيا. لا يمكن التراجع عن هذا الإجراء.,,يرجى التأكد من أنك تريد حقا حذف جميع المعاملات لهذه الشركة. ستبقى بياناتك الرئيسية (الماستر) كما هيا. لا يمكن التراجع عن هذا الإجراء.,,core-actions,pending,,,,,,,,,,,,Approved,
erpnext,Failed to install presets,,,,erpnext,فشل في تثبيت الإعدادات المسبقة,,فشل في تثبيت الإعدادات المسبقة,,core-actions,pending,,,,,,,,,,,,Approved,
erpnext,Create Multi-level BOM,,,,erpnext,,إنشاء قائمة مواد متعددة المستويات,إنشاء قائمة مواد متعددة المستويات,,core-actions,missing,,,,,,,,,,,,Pending,
frappe,Delete Data,,,,frappe,حذف البيانات,,حذف البيانات,,core-actions,pending,,,,,,,,,,,,Approved,
erpnext,"Reselect, if the chosen contact is edited after save",,,,erpnext,إعادة تحديد، إذا تم تحرير جهة الاتصال التي تم اختيارها بعد حفظ,,إعادة تحديد، إذا تم تحرير جهة الاتصال التي تم اختيارها بعد حفظ,,core-actions,pending,,,,,,,,,,,,Approved,
erpnext,Users with this role will be notified if the asset depreciation gets failed,,,,erpnext,,,,,core-actions,missing,,,,,,,,,,,,Pending,
frappe,These values will be automatically updated in transactions and also will be useful to restrict permissions for this user on transactions containing these values.,,,,frappe,وسيتم تحديث هذه القيم تلقائيا في المعاملات وأيضا سوف تكون مفيدة لتقييد الأذونات لهذا المستخدم على المعاملات التي تحتوي على هذه القيم.,,وسيتم تحديث هذه القيم تلقائيا في المعاملات وأيضا سوف تكون مفيدة لتقييد الأذونات لهذا المستخدم على المعاملات التي تحتوي على هذه القيم.,,core-actions,pending,,,,,,,,,,,,Approved,
frappe,Failed to generate preview of series,,,,frappe,,,,,core-actions,missing,,,,,,,,,,,,Pending,
frappe,"<div class=""ql-editor read-mode""><p>Request a file containing your personally identifiable information (PII) that is saved on our system. The file will be in JSON format and is sent to you by email. If you would like to have your PII deleted from our system, please make a <a href=""/request-to-delete-data"" rel=""noopener noreferrer"">request to delete data</a>.</p></div>",,,,frappe,,,,,core-actions,missing,,,,,,,,,,html_imbalance,,Pending,
frappe,Failed to send email with subject:,,,,frappe,,,,,core-actions,missing,,,,,,,,,,,,Pending,
frappe,User Permissions created successfully,,,,frappe,,,,,core-actions,missing,,,,,,,,,,,,Pending,
erpnext,Create Link,,,,erpnext,,إنشاء رابط,إنشاء رابط,,core-actions,missing,,,,,,,,,,,,Pending,
erpnext,Please capitalize this asset before submitting.,,,,erpnext,,,,,core-actions,missing,,,,,,,,,,,,Pending,
frappe,System Health Report Errors,,,,frappe,,,,,core-actions,missing,,,,,,,,,,,,Pending,
frappe,Cancelling {0},,,,frappe,الغاء {0},,الغاء {0},,core-actions,pending,,,,,,,,,,,,Approved,
frappe,Permission Error,,,,frappe,خطأ في الإذن,,خطأ في الإذن,,core-actions,pending,,,,,,,,,,,,Approved,
frappe,Is Submittable,,,,frappe,يستطيع الاعتماد,,يستطيع الاعتماد,,core-actions,pending,,,,,,,,,,,,Approved,
frappe,Create your first {0},,,,frappe,قم بإنشاء أول {0},,قم بإنشاء أول {0},,core-actions,pending,,,,,,,,,,,,Approved,
erpnext,In Words will be visible once you save the Sales Order.,,,,erpnext,وبعبارة تكون مرئية بمجرد حفظ ترتيب المبيعات.,,وبعبارة تكون مرئية بمجرد حفظ ترتيب المبيعات.,,core-actions,pending,,,,,,,,,,,,Approved,
frappe,Create or Edit Workflow,,,,frappe,,,,,core-actions,missing,,,,,,,,,,,,Pending,
erpnext,Update Batch Qty,,,,erpnext,,تحديث كمية الدفعة,تحديث كمية الدفعة,,core-actions,missing,,,,,,,,,,,,Pending,
frappe,You created this,,,,frappe,,,,,core-actions,missing,,,,,,,,,,,,Pending,
frappe,Error: Value missing for {0}: {1},,,,frappe,خطأ: قيمة مفقودة ل {0}: {1},,خطأ: قيمة مفقودة ل {0}: {1},,core-actions,pending,,,,,,,,,,,,Approved,
erpnext,Circular Reference Error,,,,erpnext,,خطأ مرجع دائري,خطأ مرجع دائري,,core-actions,missing,,,,,,,,,,,,Pending,
frappe,Workflow Action is not created for optional states,,,,frappe,لم يتم إنشاء إجراء سير العمل للحالات الاختيارية,,لم يتم إنشاء إجراء سير العمل للحالات الاختيارية,,core-actions,pending,,,,,,,,,,,,Approved,
frappe,Your site is undergoing maintenance or being updated.,,,,frappe,,,,,core-actions,missing,,,,,,,,,,,,Pending,
erpnext,Errors Notification,,,,erpnext,,إشعار الأخطاء,إشعار الأخطاء,,core-actions,missing,,,,,,,,,,,,Pending,
frappe,"Number of attachment fields are more than {}, limit updated to {}.",,,,frappe,,,,,core-actions,missing,,,,,,,,,,,,Pending,
frappe,Console Logs can not be deleted,,,,frappe,,,,,core-actions,missing,,,,,,,,,,,,Pending,
frappe,Do not create new user if user with email does not exist in the system,,,,frappe,,,,,core-actions,missing,,,,,,,,,,,,Pending,
frappe,Save the document.,,,,frappe,,,,,core-actions,missing,,,,,,,,,,,,Pending,
erpnext,The following deleted attributes exist in Variants but not in the Template. You can either delete the Variants or keep the attribute(s) in template.,,,,erpnext,توجد السمات المحذوفة التالية في المتغيرات ولكن ليس في القالب. يمكنك إما حذف المتغيرات أو الاحتفاظ بالسمة (السمات) في القالب.,,توجد السمات المحذوفة التالية في المتغيرات ولكن ليس في القالب. يمكنك إما حذف المتغيرات أو الاحتفاظ بالسمة (السمات) في القالب.,,core-actions,pending,,,,,,,,,,,,Approved,
erpnext,This schedule was created when Asset {0}'s shifts were adjusted through Asset Shift Allocation {1}.,,,,erpnext,,,,,core-actions,missing,,,,,,,,,,placeholder_mismatch,,Pending,
erpnext,Action If Quality Inspection Is Not Submitted,,,,erpnext,الإجراء إذا لم يتم تقديم استقصاء الجودة,,الإجراء إذا لم يتم تقديم استقصاء الجودة,,core-actions,pending,,,,,,,,,,,,Approved,
construction,Theme settings saved successfully,,,,construction,تم حفظ إعدادات السمة بنجاح,تم حفظ إعدادات السمة بنجاح,تم حفظ إعدادات السمة بنجاح,,core-actions,pending,,,,,,,,,,,,Approved,
frappe,Only reports of type Report Builder can be deleted,,,,frappe,,,,,core-actions,missing,,,,,,,,,,,,Pending,
erpnext,This schedule was created when Asset {0} was adjusted through Asset Value Adjustment {1}.,,,,erpnext,,,,,core-actions,missing,,,,,,,,,,placeholder_mismatch,,Pending,
frappe,"Trigger on valid methods like ""before_insert"", ""after_update"", etc (will depend on the DocType selected)",,,,frappe,الزناد على الطرق الصحيحة مثل &quot;before_insert&quot;، &quot;after_update&quot;، وما إلى ذلك (تعتمد على نوع المستند المحدد),,الزناد على الطرق الصحيحة مثل &quot;before_insert&quot;، &quot;after_update&quot;، وما إلى ذلك (تعتمد على نوع المستند المحدد),,core-actions,pending,,,,,,,,,,,,Approved,
frappe,You have unsaved changes in this form. Please save before you continue.,,,,frappe,لديك تغييرات لم يتم حفظها في هذا النموذج. يرجى الحفظ قبل المتابعة.,,لديك تغييرات لم يتم حفظها في هذا النموذج. يرجى الحفظ قبل المتابعة.,,core-actions,pending,,,,,,,,,,,,Approved,
frappe,Session Created,,,,frappe,,,,,core-actions,missing,,,,,,,,,,,,Pending,
erpnext,"Credit Note will update it's own outstanding amount, even if 'Return Against' is specified.",,,,erpnext,,,,,core-actions,missing,,,,,,,,,,,,Pending,
erpnext,via BOM Update Tool,,,,erpnext,,,,,core-actions,missing,,,,,,,,,,,,Pending,
erpnext,{0} {1} created,,,,erpnext,{0} {1} إنشاء,,{0} {1} إنشاء,,core-actions,pending,,,,,,,,,,,,Approved,
erpnext,Cannot cancel as processing of cancelled documents is pending.,,,,erpnext,,,,,core-actions,missing,,,,,,,,,,,,Pending,
erpnext,Cancel At End Of Period,,,,erpnext,الغاء في نهاية الفترة,,الغاء في نهاية الفترة,,core-actions,pending,,,,,,,,,,,,Approved,
erpnext,Print settings updated in respective print format,,,,erpnext,تم تحديث إعدادات الطباعة في تنسيق الطباعة الخاصة\n<br>\nPrint settings updated in respective print format,,تم تحديث إعدادات الطباعة في تنسيق الطباعة الخاصة\n<br>\nPrint settings updated in respective print format,,core-actions,pending,,,,,,,,,,html_imbalance,,Approved,
frappe,Are you sure you want to delete all rows?,,,,frappe,هل تريد بالتأكيد حذف جميع الصفوف؟,,هل تريد بالتأكيد حذف جميع الصفوف؟,,core-actions,pending,,,,,,,,,,,,Approved,
frappe,Auto Repeat Document Creation Failed,,,,frappe,فشل إنشاء مستند تكرار تلقائي,,فشل إنشاء مستند تكرار تلقائي,,core-actions,pending,,,,,,,,,,,,Approved,
erpnext,{0} is in Draft. Submit it before creating the Asset.,,,,erpnext,,,,,core-actions,missing,,,,,,,,,,placeholder_mismatch,,Pending,
frappe,You are not allowed to create columns,,,,frappe,لا يسمح لك بأنشاء اعمدة,,لا يسمح لك بأنشاء اعمدة,,core-actions,pending,,,,,,,,,,,,Approved,
construction,Failed to generate theme preview,,,,construction,فشل توليد معاينة السمة,فشل توليد معاينة السمة,فشل توليد معاينة السمة,,core-actions,pending,,,,,,,,,,,,Approved,
erpnext,Target Asset {0} cannot be cancelled,,,,erpnext,,,,,core-actions,missing,,,,,,,,,,placeholder_mismatch,,Pending,
frappe,Cancel,Button in list view actions menu,,,frappe,إلغاء,,إلغاء,,core-actions,pending,,,,,,,,,,,,Approved,
frappe,Workspace {0} created,,,,frappe,,,,,core-actions,missing,,,,,,,,,,placeholder_mismatch,,Pending,
erpnext,POS Profile - {0} has multiple open POS Opening Entries. Please close or cancel the existing entries before proceeding.,,,,erpnext,,,,,core-actions,missing,,,,,,,,,,placeholder_mismatch,,Pending,
erpnext,Checkout Order / Submit Order / New Order,,,,erpnext,طلب الخروج / إرسال الطلب / طلب جديد,,طلب الخروج / إرسال الطلب / طلب جديد,,core-actions,pending,,,,,,,,,,,,Approved,
erpnext,{0} created,,,,erpnext,{0} تم انشاؤه,,{0} تم انشاؤه,,core-actions,pending,,,,,,,,,,,,Approved,
frappe,Create,,,,frappe,,إنشاء,إنشاء,,core-actions,missing,,,,,,,,,,,,Pending,
erpnext,Failed to Authenticate the API key.,,,,erpnext,فشل مصادقة مفتاح API.,,فشل مصادقة مفتاح API.,,core-actions,pending,,,,,,,,,,,,Approved,
frappe,Updated Successfully,,,,frappe,تم التحديث بنجاح,,تم التحديث بنجاح,,core-actions,pending,,,,,,,,,,,,Approved,
erpnext,Use 'Repost in background' button to trigger background job. Job can only be triggered when document is in Queued or Failed status.,,,,erpnext,,,,,core-actions,missing,,,,,,,,,,,,Pending,
frappe,"For updating, you can update only selective columns.",,,,frappe,لتحديث، يمكنك تحديث الأعمدة انتقائية فقط.,,لتحديث، يمكنك تحديث الأعمدة انتقائية فقط.,,core-actions,pending,,,,,,,,,,,,Approved,
frappe,Workflow Builder allows you to create workflows visually. You can drag and drop states and link them to create transitions. Also you can update their properties from the sidebar.,,,,frappe,,,,,core-actions,missing,,,,,,,,,,,,Pending,
erpnext,Asset restored after Asset Capitalization {0} was cancelled,,,,erpnext,,,,,core-actions,missing,,,,,,,,,,placeholder_mismatch,,Pending,
erpnext,Enter the Bank Guarantee Number before submitting.,,,,erpnext,,,,,core-actions,missing,,,,,,,,,,,,Pending,
frappe,Defines how long exported reports sent via email are kept in the system. Older files will be automatically deleted.,,,,frappe,,,,,core-actions,missing,,,,,,,,,,,,Pending,
frappe,Further sub-groups can only be created under records marked as 'Group',,,,frappe,,,,,core-actions,missing,,,,,,,,,,,,Pending,
frappe,Update Field,,,,frappe,تحديث الحقل,,تحديث الحقل,,core-actions,pending,,,,,,,,,,,,Approved,
erpnext,Create Sales Orders to help you plan your work and deliver on-time,,,,erpnext,قم بإنشاء أوامر المبيعات لمساعدتك في تخطيط عملك وتقديمه في الوقت المحدد,,قم بإنشاء أوامر المبيعات لمساعدتك في تخطيط عملك وتقديمه في الوقت المحدد,,core-actions,pending,,,,,,,,,,,,Approved,
frappe,Submit button label,,,,frappe,,,,,core-actions,missing,,,,,,,,,,,,Pending,
frappe,"Report Name, Report Field and Fucntion are required to create a number card",,,,frappe,,,,,core-actions,missing,,,,,,,,,,,,Pending,
frappe,Failed while calling API {0},,,,frappe,,,,,core-actions,missing,,,,,,,,,,placeholder_mismatch,,Pending,
erpnext,"If checked, picked qty won't automatically be fulfilled on submit of pick list.",,,,erpnext,,,,,core-actions,missing,,,,,,,,,,,,Pending,
frappe,no failed attempts,,,,frappe,محاولات فاشلة لا,,محاولات فاشلة لا,,core-actions,pending,,,,,,,,,,,,Approved,
erpnext,Updated {0} Financial Report Row(s) with new category name,,,,erpnext,,,,,core-actions,missing,,,,,,,,,,placeholder_mismatch,,Pending,
frappe,You need to create these first:,,,,frappe,,,,,core-actions,missing,,,,,,,,,,,,Pending,
erpnext,"Invalid lost reason {0}, please create a new lost reason",,,,erpnext,سبب ضائع غير صالح {0} ، يرجى إنشاء سبب ضائع جديد,,سبب ضائع غير صالح {0} ، يرجى إنشاء سبب ضائع جديد,,core-actions,pending,,,,,,,,,,,,Approved,
frappe,Submit,,,,frappe,,ترحيل,ترحيل,,core-actions,missing,Approved,A1,,Approved,A2,,Approved,A3,,,,Released,glossary v1.0
frappe,Before Submit,,,,frappe,قبل إرسال,,قبل إرسال,,core-actions,pending,,,,,,,,,,,,Approved,
frappe,Reminder cannot be created in past.,,,,frappe,,,,,core-actions,missing,,,,,,,,,,,,Pending,
frappe,Last Updated On,,,,frappe,آخر تحديث يوم,,آخر تحديث يوم,,core-actions,pending,,,,,,,,,,,,Approved,
frappe,Syntax Error,,,,frappe,,,,,core-actions,missing,,,,,,,,,,,,Pending,
frappe,Assignment Update on {0},,,,frappe,تحديث الواجب بتاريخ {0},,تحديث الواجب بتاريخ {0},,core-actions,pending,,,,,,,,,,,,Approved,
erpnext,Failed to setup company,,,,erpnext,أخفق إعداد الشركة,,أخفق إعداد الشركة,,core-actions,pending,,,,,,,,,,,,Approved,
frappe,Failed to get method for command {0} with {1},,,,frappe,,,,,core-actions,missing,,,,,,,,,,placeholder_mismatch,,Pending,
erpnext,Error in party matching for Bank Transaction {0},,,,erpnext,,,,,core-actions,missing,,,,,,,,,,placeholder_mismatch,,Pending,
frappe,User {0} cannot be deleted,,,,frappe,المستخدم {0} لا يمكن حذف,,المستخدم {0} لا يمكن حذف,,core-actions,pending,,,,,,,,,,,,Approved,
erpnext,Created {0} scorecards for {1} between:,,,,erpnext,,تم إنشاء {0} بطاقات تقييم لـ {1} بين:,تم إنشاء {0} بطاقات تقييم لـ {1} بين:,,core-actions,missing,,,,,,,,,,,,Pending,
erpnext,The following invalid Pricing Rules are deleted:,,,,erpnext,,,,,core-actions,missing,,,,,,,,,,,,Pending,
erpnext,Batch Qty updated successfully,,,,erpnext,,تم تحديث كمية الدفعة بنجاح,تم تحديث كمية الدفعة بنجاح,,core-actions,missing,,,,,,,,,,,,Pending,
frappe,Deleted!,,,,frappe,حذف!,,حذف!,,core-actions,pending,,,,,,,,,,,,Approved,
erpnext,{0} is mandatory. Maybe Currency Exchange record is not created for {1} to {2}.,,,,erpnext,{0} إلزامي. ربما لم يتم إنشاء سجل سعر صرف العملة ل{1} إلى {2}.,,{0} إلزامي. ربما لم يتم إنشاء سجل سعر صرف العملة ل{1} إلى {2}.,,core-actions,pending,,,,,,,,,,,,Approved,
erpnext,Update BOM Cost Automatically,,,,erpnext,تحديث بوم التكلفة تلقائيا,,تحديث بوم التكلفة تلقائيا,,core-actions,pending,,,,,,,,,,,,Approved,
erpnext,Installation Note {0} has already been submitted,,,,erpnext,مذكرة التسليم {0} ارسلت\n<br>\nInstallation Note {0} has already been submitted,,مذكرة التسليم {0} ارسلت\n<br>\nInstallation Note {0} has already been submitted,,core-actions,pending,,,,,,,,,,html_imbalance,,Approved,
erpnext,An error occurred during the update process,,,,erpnext,حدث خطأ أثناء عملية التحديث,,حدث خطأ أثناء عملية التحديث,,core-actions,pending,,,,,,,,,,,,Approved,
erpnext,Selected document must be in submitted state,,,,erpnext,,,,,core-actions,missing,,,,,,,,,,,,Pending,
erpnext,Asset's value adjusted after cancellation of Asset Value Adjustment {0},,,,erpnext,,,,,core-actions,missing,,,,,,,,,,placeholder_mismatch,,Pending,
erpnext,Cannot cancel this document as it is linked with the submitted asset {asset_link}. Please cancel the asset to continue.,,,,erpnext,,,,,core-actions,missing,,,,,,,,,,placeholder_mismatch,,Pending,
erpnext,Asset capitalized after Asset Capitalization {0} was submitted,,,,erpnext,,,,,core-actions,missing,,,,,,,,,,placeholder_mismatch,,Pending,
erpnext,Create Delivery Trip,,,,erpnext,استحداث رحلة تسليم,,استحداث رحلة تسليم,,core-actions,pending,,,,,,,,,,,,Approved,
frappe,Cancel All,,,,frappe,,,,,core-actions,missing,,,,,,,,,,,,Pending,
construction,Error Color,,,,construction,لون الخطأ,لون الخطأ,لون الخطأ,,core-actions,pending,,,,,,,,,,,,Approved,
frappe,Zero means send records updated at anytime,,,,frappe,صفر يعني إرسال التحديثات في أي وقت,,صفر يعني إرسال التحديثات في أي وقت,,core-actions,pending,,,,,,,,,,,,Approved,
frappe,Create a new {0},,,,frappe,انشاء جديد {0},إنشاء {0} جديد,إنشاء {0} جديد,,core-actions,pending,,,,,,,,,,,,Approved,
frappe,Failed Transactions,,,,frappe,المعاملات الفاشلة,,المعاملات الفاشلة,,core-actions,pending,,,,,,,,,,,,Approved,
frappe,Submitting {0},,,,frappe,تقديم {0},,تقديم {0},,core-actions,pending,,,,,,,,,,,,Approved,
frappe,"Google Calendar - Could not delete Event {0} from Google Calendar, error code {1}.",,,,frappe,تقويم Google - تعذر حذف الحدث {0} من تقويم Google ، رمز الخطأ {1}.,,تقويم Google - تعذر حذف الحدث {0} من تقويم Google ، رمز الخطأ {1}.,,core-actions,pending,,,,,,,,,,,,Approved,
frappe,You submitted this document,Form timeline,,,frappe,,,,,core-actions,missing,,,,,,,,,,,,Pending,
erpnext,Create Pick List,,,,erpnext,إنشاء قائمة انتقاء,,إنشاء قائمة انتقاء,,core-actions,pending,,,,,,,,,,,,Approved,
frappe,"When you Amend a document after Cancel and save it, it will get a new number that is a version of the old number.",,,,frappe,,,,,core-actions,missing,,,,,,,,,,,,Pending,
erpnext,Create Sales Order,,,,erpnext,إنشاء أمر مبيعات,,إنشاء أمر مبيعات,,core-actions,pending,,,,,,,,,,,,Approved,
frappe,Please save to edit the template.,,,,frappe,يرجى الحفظ لتعديل القالب.,,يرجى الحفظ لتعديل القالب.,,core-actions,pending,,,,,,,,,,,,Approved,
erpnext,Automatically Create New Batch,,,,erpnext,إنشاء دفعة جديدة تلقائيا,,إنشاء دفعة جديدة تلقائيا,,core-actions,pending,,,,,,,,,,,,Approved,
erpnext,Successfully updated {0} record.,,,,erpnext,,,,,core-actions,missing,,,,,,,,,,placeholder_mismatch,,Pending,
frappe,"I guess you don't have access to any workspace yet, but you can create one just for yourself. Click on the <b>Create Workspace</b> button to create one.<br>",,,,frappe,,,,,core-actions,missing,,,,,,,,,,html_imbalance,,Pending,
frappe,Show Error,,,,frappe,,,,,core-actions,missing,,,,,,,,,,,,Pending,
frappe,Email is mandatory to create User Email,,,,frappe,,,,,core-actions,missing,,,,,,,,,,,,Pending,
frappe,Save Report,,,,frappe,احفظ التقرير,,احفظ التقرير,,core-actions,pending,,,,,,,,,,,,Approved,
erpnext,"Successfully imported {0} record out of {1}. Click on Export Errored Rows, fix the errors and import again.",,,,erpnext,,,,,core-actions,missing,,,,,,,,,,placeholder_mismatch,,Pending,
frappe,Cannot edit a standard report. Please duplicate and create a new report,,,,frappe,لا يمكنك التعديل على التقارير القياسية. يرجى نسخ التقريرالقياسي و  التعديل على النسخة الجديدة,,لا يمكنك التعديل على التقارير القياسية. يرجى نسخ التقريرالقياسي و  التعديل على النسخة الجديدة,,core-actions,pending,,,,,,,,,,,,Approved,
erpnext,Delete all the Transactions for this Company,,,,erpnext,حذف كل المعاملات المتعلقة بالشركة\n<br>\nDelete all the Transactions for this Company,,حذف كل المعاملات المتعلقة بالشركة\n<br>\nDelete all the Transactions for this Company,,core-actions,pending,,,,,,,,,,html_imbalance,,Approved,
construction,Not permitted to delete this document,,,,construction,غير مسموح بحذف هذا المستند,غير مسموح بحذف هذا المستند,غير مسموح بحذف هذا المستند,,core-actions,pending,,,,,,,,,,,,Approved,
frappe,Only Send Records Updated in Last X Hours,,,,frappe,فقط إرسال السجلات التي تم تحديثها في آخر X ساعات,,فقط إرسال السجلات التي تم تحديثها في آخر X ساعات,,core-actions,pending,,,,,,,,,,,,Approved,
erpnext,Failed to parse MT940 format. Error: {0},,,,erpnext,,,,,core-actions,missing,,,,,,,,,,placeholder_mismatch,,Pending,
frappe,Cannot delete standard link. You can hide it if you want,,,,frappe,لا يمكن حذف الارتباط القياسي. يمكنك إخفاء ذلك إذا كنت تريد,,لا يمكن حذف الارتباط القياسي. يمكنك إخفاء ذلك إذا كنت تريد,,core-actions,pending,,,,,,,,,,,,Approved,
frappe,Failed to complete setup,,,,frappe,فشل في إكمال الإعداد,,فشل في إكمال الإعداد,,core-actions,pending,,,,,,,,,,,,Approved,
erpnext,"If checked, we will create demo data for you to explore the system. This demo data can be erased later.",,,,erpnext,,,,,core-actions,missing,,,,,,,,,,,,Pending,
erpnext,Create missing customer or supplier.,,,,erpnext,إنشاء العملاء أو المورد المفقودين.,,إنشاء العملاء أو المورد المفقودين.,,core-actions,pending,,,,,,,,,,,,Approved,
frappe,Failed to change password.,,,,frappe,فشل تغيير كلمة المرور.,,فشل تغيير كلمة المرور.,,core-actions,pending,,,,,,,,,,,,Approved,
frappe,failed,,,,frappe,باءت بالفشل,,باءت بالفشل,,core-actions,pending,,,,,,,,,,,,Approved,
frappe,You do not have permissions to cancel all linked documents.,,,,frappe,ليس لديك أذونات لإلغاء كافة المستندات المرتبطة.,,ليس لديك أذونات لإلغاء كافة المستندات المرتبطة.,,core-actions,pending,,,,,,,,,,,,Approved,
erpnext,Create Employee Records,,,,erpnext,إنشاء سجلات موظف,,إنشاء سجلات موظف,,core-actions,pending,,,,,,,,,,,,Approved,
erpnext,Asset cancelled,,,,erpnext,,تم إلغاء الأصل,تم إلغاء الأصل,,core-actions,missing,,,,,,,,,,,,Pending,
frappe,Update Profile,,,,frappe,,,,,core-actions,missing,,,,,,,,,,,,Pending,
erpnext,Error during caller information update,,,,erpnext,,,,,core-actions,missing,,,,,,,,,,,,Pending,
frappe,Print Format Error,,,,frappe,,,,,core-actions,missing,,,,,,,,,,,,Pending,
frappe,Server failed to process this request because of a concurrent conflicting request. Please try again.,,,,frappe,,,,,core-actions,missing,,,,,,,,,,,,Pending,
frappe,Enable developer mode to create a standard Web Template,,,,frappe,قم بتمكين وضع المطور لإنشاء قالب ويب قياسي,,قم بتمكين وضع المطور لإنشاء قالب ويب قياسي,,core-actions,pending,,,,,,,,,,,,Approved,
frappe,Update Order,,,,frappe,,,,,core-actions,missing,,,,,,,,,,,,Pending,
frappe,There was an error building this page,,,,frappe,كان هناك خطأ في بناء هذه الصفحة,,كان هناك خطأ في بناء هذه الصفحة,,core-actions,pending,,,,,,,,,,,,Approved,
frappe,"{0}: Cannot set Submit, Cancel, Amend without Write",,,,frappe,{0} : لا يمكن تحديد تأكيد ، الغاء ، تعديل دون كتابة,,{0} : لا يمكن تحديد تأكيد ، الغاء ، تعديل دون كتابة,,core-actions,pending,,,,,,,,,,,,Approved,
frappe,Server Error,,,,frappe,خطأ في الخادم,,خطأ في الخادم,,core-actions,pending,,,,,,,,,,,,Approved,
frappe,"Google Calendar - Could not create Calendar for {0}, error code {1}.",,,,frappe,تقويم Google - تعذر إنشاء تقويم لـ {0} ، رمز الخطأ {1}.,,تقويم Google - تعذر إنشاء تقويم لـ {0} ، رمز الخطأ {1}.,,core-actions,pending,,,,,,,,,,,,Approved,
erpnext,Create POS Opening Entry,,,,erpnext,إنشاء مدخل فتح نقطة البيع,,إنشاء مدخل فتح نقطة البيع,,core-actions,pending,,,,,,,,,,,,Approved,
frappe,New updates are available,,,,frappe,تحديثات جديدة متاحة,,تحديثات جديدة متاحة,,core-actions,pending,,,,,,,,,,,,Approved,
frappe,Auto Repeat created for this document,,,,frappe,تكرار تلقائي تم إنشاؤه لهذا المستند,,تكرار تلقائي تم إنشاؤه لهذا المستند,,core-actions,pending,,,,,,,,,,,,Approved,
construction,Modern Theme Settings saved successfully,,,,construction,تم حفظ إعدادات السمة الحديثة بنجاح,تم حفظ إعدادات السمة الحديثة بنجاح,تم حفظ إعدادات السمة الحديثة بنجاح,,core-actions,pending,,,,,,,,,,,,Approved,
erpnext,"If this is unchecked, direct GL entries will be created to book deferred revenue or expense",,,,erpnext,إذا لم يتم تحديد ذلك ، فسيتم إنشاء إدخالات دفتر الأستاذ العام المباشرة لحجز الإيرادات أو المصاريف المؤجلة,,إذا لم يتم تحديد ذلك ، فسيتم إنشاء إدخالات دفتر الأستاذ العام المباشرة لحجز الإيرادات أو المصاريف المؤجلة,,core-actions,pending,,,,,,,,,,,,Approved,
frappe,Error: {0} Row #{1}: Value missing for: {2},,,,frappe,,,,,core-actions,missing,,,,,,,,,,placeholder_mismatch,,Pending,
frappe,Created,,,,frappe,أنشأ,تم الإنشاء,تم الإنشاء,,core-actions,pending,,,,,,,,,,,,Approved,
frappe,Error,Title of error message in web form,,,frappe,,,,,core-actions,missing,,,,,,,,,,,,Pending,
frappe,Before Cancel,,,,frappe,قبل الإلغاء,,قبل الإلغاء,,core-actions,pending,,,,,,,,,,,,Approved,
frappe,Create User Email,,,,frappe,انشاء بريد إلكتروني,,انشاء بريد إلكتروني,,core-actions,pending,,,,,,,,,,,,Approved,
erpnext,View BOM Update Log,,,,erpnext,,عرض سجل تحديث قائمة المواد,عرض سجل تحديث قائمة المواد,,core-actions,missing,,,,,,,,,,,,Pending,
frappe,Printing failed,,,,frappe,فشلت الطباعة,,فشلت الطباعة,,core-actions,pending,,,,,,,,,,,,Approved,
frappe,Update Password,,,,frappe,,,,,core-actions,missing,,,,,,,,,,,,Pending,
frappe,Method is required to create a number card,,,,frappe,,,,,core-actions,missing,,,,,,,,,,,,Pending,
frappe,To allow more reports update limit in System Settings.,,,,frappe,,,,,core-actions,missing,,,,,,,,,,,,Pending,
frappe,Frappe Mail OAuth Error,,,,frappe,,,,,core-actions,missing,,,,,,,,,,,,Pending,
frappe,"Once submitted, submittable documents cannot be changed. They can only be Cancelled and Amended.",,,,frappe,بمجرد إرسالها ، لا يمكن تغيير المستندات المقدمة. يمكن إلغاؤها وتعديلها فقط.,,بمجرد إرسالها ، لا يمكن تغيير المستندات المقدمة. يمكن إلغاؤها وتعديلها فقط.,,core-actions,pending,,,,,,,,,,,,Approved,
erpnext,Job: {0} has been triggered for processing failed transactions,,,,erpnext,,,,,core-actions,missing,,,,,,,,,,placeholder_mismatch,,Pending,
erpnext,Don't Create Loyalty Points,,,,erpnext,,,,,core-actions,missing,,,,,,,,,,,,Pending,
erpnext,Show Cancelled Entries,,,,erpnext,إظهار الإدخالات الملغاة,,إظهار الإدخالات الملغاة,,core-actions,pending,,,,,,,,,,,,Approved,
frappe,Failed to render subject: {},,,,frappe,,,,,core-actions,missing,,,,,,,,,,,,Pending,
erpnext,Appointment Created Successfully,,,,erpnext,,تم إنشاء الموعد بنجاح,تم إنشاء الموعد بنجاح,,core-actions,missing,,,,,,,,,,,,Pending,
frappe,Error in Notification,,,,frappe,خطأ في الإخطار,,خطأ في الإخطار,,core-actions,pending,,,,,,,,,,,,Approved,
frappe,on_update,,,,frappe,,,,,core-actions,missing,,,,,,,,,,,,Pending,
erpnext,Are you sure you want to delete {0}?<p>This action will also delete all associated Common Code documents.</p>,,,,erpnext,,,,,core-actions,missing,,,,,,,,,,placeholder_mismatch;html_imbalance,,Pending,
erpnext,The following {0} were created: {1},,,,erpnext,تم إنشاء {0} التالية: {1},,تم إنشاء {0} التالية: {1},,core-actions,pending,,,,,,,,,,,,Approved,
frappe,Create Address,,,,frappe,,,,,core-actions,missing,,,,,,,,,,,,Pending,
erpnext,{doctype} {name} is cancelled or closed.,,,,erpnext,{doctype} {name} تم إلغائه أو مغلق.,,{doctype} {name} تم إلغائه أو مغلق.,,core-actions,pending,,,,,,,,,,,,Approved,
erpnext,Please save first,,,,erpnext,يرجى حفظ أولا,,يرجى حفظ أولا,,core-actions,pending,,,,,,,,,,,,Approved,
erpnext,Please save the Sales Order before adding a delivery schedule.,,,,erpnext,,,,,core-actions,missing,,,,,,,,,,,,Pending,
frappe,Cannot create private workspace of other users,,,,frappe,,,,,core-actions,missing,,,,,,,,,,,,Pending,
frappe,Bulk Operation Failed,,,,frappe,,,,,core-actions,missing,,,,,,,,,,,,Pending,
frappe,{0} cannot be amended because it is not cancelled. Please cancel the document before creating an amendment.,,,,frappe,,,,,core-actions,missing,,,,,,,,,,placeholder_mismatch,,Pending,
erpnext,A driver must be set to submit.,,,,erpnext,,,,,core-actions,missing,,,,,,,,,,,,Pending,
erpnext,Some required Company details are missing. You don't have permission to update them. Please contact your System Manager.,,,,erpnext,,,,,core-actions,missing,,,,,,,,,,,,Pending,
frappe,PDF generation failed because of broken image links,,,,frappe,فشل الجيل PDF بسبب الروابط صورة مكسورة,,فشل الجيل PDF بسبب الروابط صورة مكسورة,,core-actions,pending,,,,,,,,,,,,Approved,
erpnext,Please uncheck 'Show in Bucket View' to create Orders,,,,erpnext,,,,,core-actions,missing,,,,,,,,,,,,Pending,
frappe,Failed,,,,frappe,,,,,core-actions,missing,,,,,,,,,,,,Pending,
frappe,Report {0} saved,,,,frappe,,,,,core-actions,missing,,,,,,,,,,placeholder_mismatch,,Pending,
frappe,Please save the document before assignment,,,,frappe,الرجاء حفظ المستند قبل التعيين,,الرجاء حفظ المستند قبل التعيين,,core-actions,pending,,,,,,,,,,,,Approved,
frappe,No failed logs,,,,frappe,,,,,core-actions,missing,,,,,,,,,,,,Pending,
frappe,Are you sure you want to save this document?,,,,frappe,,,,,core-actions,missing,,,,,,,,,,,,Pending,
frappe,Failed Emails,,,,frappe,,,,,core-actions,missing,,,,,,,,,,,,Pending,
frappe,For example if you cancel and amend INV004 it will become a new document INV004-1. This helps you to keep track of each amendment.,,,,frappe,,,,,core-actions,missing,,,,,,,,,,,,Pending,
frappe,Cannot delete standard action. You can hide it if you want,,,,frappe,لا يمكن حذف الإجراء القياسي. يمكنك إخفاء ذلك إذا كنت تريد,,لا يمكن حذف الإجراء القياسي. يمكنك إخفاء ذلك إذا كنت تريد,,core-actions,pending,,,,,,,,,,,,Approved,
frappe,Are you sure you want to delete the tab? All the sections along with fields in the tab will be moved to the previous tab.,Confirmation dialog message,,,frappe,,,,,core-actions,missing,,,,,,,,,,,,Pending,
erpnext,{0} is mandatory. Maybe Currency Exchange record is not created for {1} to {2},,,,erpnext,{0} إلزامي. ربما لم يتم إنشاء سجل صرف العملات من {1} إلى {2},,{0} إلزامي. ربما لم يتم إنشاء سجل صرف العملات من {1} إلى {2},,core-actions,pending,,,,,,,,,,,,Approved,
frappe,Profile updated successfully.,,,,frappe,تم تحديث المَلف الشخصي بنجاح.,,تم تحديث المَلف الشخصي بنجاح.,,core-actions,pending,,,,,,,,,,,,Approved,
erpnext,Update Existing Price List Rate,,,,erpnext,,تحديث سعر قائمة الأسعار الحالي,تحديث سعر قائمة الأسعار الحالي,,core-actions,missing,,,,,,,,,,,,Pending,
frappe,Cannot create a {0} against a child document: {1},,,,frappe,لا يمكن إنشاء {0} ضد مستند طفل: {1},لا يمكن إنشاء {0} لمستند فرعي: {1},لا يمكن إنشاء {0} لمستند فرعي: {1},,core-actions,pending,,,,,,,,,,,,Approved,
erpnext,No POS Profile found. Please create a New POS Profile first,,,,erpnext,,,,,core-actions,missing,,,,,,,,,,,,Pending,
frappe,Deleted Document,,,,frappe,المستند المحذوف,,المستند المحذوف,,core-actions,pending,,,,,,,,,,,,Approved,
frappe,Deleted DocType,,,,frappe,DocType المحذوفة,,DocType المحذوفة,,core-actions,pending,,,,,,,,,,,,Approved,
frappe,PDF generation failed,,,,frappe,فشل توليد قوات الدفاع الشعبي,,فشل توليد قوات الدفاع الشعبي,,core-actions,pending,,,,,,,,,,,,Approved,
erpnext,Create Quotation,,,,erpnext,إنشاء اقتباس,,إنشاء اقتباس,,core-actions,pending,,,,,,,,,,,,Approved,
frappe,Failed Logins (Last 30 days),,,,frappe,,,,,core-actions,missing,,,,,,,,,,,,Pending,
erpnext,Parsing Error,,,,erpnext,,,,,core-actions,missing,,,,,,,,,,,,Pending,
frappe,XMLHttpRequest Error,,,,frappe,,,,,core-actions,missing,,,,,,,,,,,,Pending,
frappe,Standard Reports cannot be deleted,,,,frappe,,,,,core-actions,missing,,,,,,,,,,,,Pending,
erpnext,Plaid transactions sync error,,,,erpnext,خطأ في مزامنة المعاملات المنقوشة,,خطأ في مزامنة المعاملات المنقوشة,,core-actions,pending,,,,,,,,,,,,Approved,
frappe,on_submit,,,,frappe,,,,,core-actions,missing,,,,,,,,,,,,Pending,
erpnext,New fiscal year created :- ,,,,erpnext,,,,,core-actions,missing,,,,,,,,,,whitespace,,Pending,
frappe,Submit this document to complete this step.,,,,frappe,أرسل هذا المستند لإكمال هذه الخطوة.,,أرسل هذا المستند لإكمال هذه الخطوة.,,core-actions,pending,,,,,,,,,,,,Approved,
frappe,Aggregate Field is required to create a number card,,,,frappe,,,,,core-actions,missing,,,,,,,,,,,,Pending,
frappe,Save,,,,frappe,,حفظ,حفظ,,core-actions,missing,,,,,,,,,,,,Pending,
frappe,"Error connecting to QZ Tray Application...<br><br> You need to have QZ Tray application installed and running, to use the Raw Print feature.<br><br><a target=""_blank"" href=""https://qz.io/download/"">Click here to Download and install QZ Tray</a>.<br> <a target=""_blank"" href=""https://erpnext.com/docs/user/manual/en/setting-up/print/raw-printing"">Click here to learn more about Raw Printing</a>.",,,,frappe,"خطأ في الاتصال بـ QZ Tray Application ... <br><br> تحتاج إلى تثبيت تطبيق QZ Tray وتشغيله لاستخدام ميزة Raw Print. <br><br> <a href=""https://qz.io/download/"" target=""_blank"">انقر هنا لتنزيل وتثبيت QZ Tray</a> . <br> <a href=""https://erpnext.com/docs/user/manual/en/setting-up/print/raw-printing"" target=""_blank"">انقر هنا لمعرفة المزيد عن الطباعة الخام</a> .",,"خطأ في الاتصال بـ QZ Tray Application ... <br><br> تحتاج إلى تثبيت تطبيق QZ Tray وتشغيله لاستخدام ميزة Raw Print. <br><br> <a href=""https://qz.io/download/"" target=""_blank"">انقر هنا لتنزيل وتثبيت QZ Tray</a> . <br> <a href=""https://erpnext.com/docs/user/manual/en/setting-up/print/raw-printing"" target=""_blank"">انقر هنا لمعرفة المزيد عن الطباعة الخام</a> .",,core-actions,pending,,,,,,,,,,,,Approved,
frappe,Not allowed to print cancelled documents,,,,frappe,لا يسمح لطباعة الوثائق الملغاة,,لا يسمح لطباعة الوثائق الملغاة,,core-actions,pending,,,,,,,,,,,,Approved,
frappe,Please create Card first,,,,frappe,الرجاء إنشاء البطاقة أولاً,,الرجاء إنشاء البطاقة أولاً,,core-actions,pending,,,,,,,,,,,,Approved,
erpnext,{0} {1} is cancelled so the action cannot be completed,,,,erpnext,{0} {1} تم إلغاؤه لذلك لا يمكن إكمال الإجراء,,{0} {1} تم إلغاؤه لذلك لا يمكن إكمال الإجراء,,core-actions,pending,,,,,,,,,,,,Approved,
erpnext,POS Opening Entry - {0} is outdated. Please close the POS and create a new POS Opening Entry.,,,,erpnext,,,,,core-actions,missing,,,,,,,,,,placeholder_mismatch,,Pending,
frappe,Save Anyway,,,,frappe,حفظ على أي حال,,حفظ على أي حال,,core-actions,pending,,,,,,,,,,,,Approved,
erpnext,The current POS opening entry is outdated. Please close it and create a new one.,,,,erpnext,,,,,core-actions,missing,,,,,,,,,,,,Pending,
frappe,Only mandatory fields are necessary for new records. You can delete non-mandatory columns if you wish.,,,,frappe,ضرورية لسجلات جديدة الحقول الإلزامية فقط. يمكنك حذف الأعمدة غير الإلزامية إذا كنت ترغب في ذلك.,,ضرورية لسجلات جديدة الحقول الإلزامية فقط. يمكنك حذف الأعمدة غير الإلزامية إذا كنت ترغب في ذلك.,,core-actions,pending,,,,,,,,,,,,Approved,
erpnext,This schedule was created when Asset {0} was scrapped.,,,,erpnext,,,,,core-actions,missing,,,,,,,,,,placeholder_mismatch,,Pending,
erpnext,Create Workstation,,,,erpnext,,إنشاء محطة عمل,إنشاء محطة عمل,,core-actions,missing,,,,,,,,,,,,Pending,
erpnext,Role Allowed to Create/Edit Back-dated Transactions,,,,erpnext,,الدور المسموح له بإنشاء/تعديل معاملات بتاريخ سابق,الدور المسموح له بإنشاء/تعديل معاملات بتاريخ سابق,,core-actions,missing,,,,,,,,,,,,Pending,
erpnext,"<p>In your <b>Email Template</b>, you can use the following special variables:
</p>
<ul>
        <li>
            <code>{{ update_password_link }}</code>: A link where your supplier can set a new password to log into your portal.
        </li>
        <li>
            <code>{{ portal_link }}</code>: A link to this RFQ in your supplier portal.
        </li>
        <li>
            <code>{{ supplier_name }}</code>: The company name of your supplier.
        </li>
        <li>
            <code>{{ contact.salutation }} {{ contact.last_name }}</code>: The contact person of your supplier.
        </li><li>
            <code>{{ user_fullname }}</code>: Your full name.
        </li>
    </ul>
<p></p>
<p>Apart from these, you can access all values in this RFQ, like <code>{{ message_for_supplier }}</code> or <code>{{ terms }}</code>.</p>",,,,erpnext,,,,,core-actions,missing,,,,,,,,,,placeholder_mismatch;html_imbalance,,Pending,
erpnext,BOM Created,,,,erpnext,,تم إنشاء قائمة المواد,تم إنشاء قائمة المواد,,core-actions,missing,,,,,,,,,,,,Pending,
frappe,Older backups will be automatically deleted,,,,frappe,سيتم حذف النسخ الاحتياطية القديمة تلقائيا,,سيتم حذف النسخ الاحتياطية القديمة تلقائيا,,core-actions,pending,,,,,,,,,,,,Approved,
erpnext,"Successfully updated {0} records out of {1}. Click on Export Errored Rows, fix the errors and import again.",,,,erpnext,,,,,core-actions,missing,,,,,,,,,,placeholder_mismatch,,Pending,
frappe,Cancel Prepared Report,,,,frappe,,,,,core-actions,missing,,,,,,,,,,,,Pending,
erpnext,[Important] [ERPNext] Auto Reorder Errors,,,,erpnext,[هام] [ERPNext] إعادة ترتيب الأخطاء تلقائيًا,,[هام] [ERPNext] إعادة ترتيب الأخطاء تلقائيًا,,core-actions,pending,,,,,,,,,,,,Approved,
frappe,New {0} {1} created,,,,frappe,تم إنشاء {0} {1} جديد,,تم إنشاء {0} {1} جديد,,core-actions,pending,,,,,,,,,,,,Approved,
frappe,Submit an Issue,,,,frappe,,,,,core-actions,missing,,,,,,,,,,,,Pending,
frappe,Login Failed please try again,,,,frappe,,,,,core-actions,missing,,,,,,,,,,,,Pending,
erpnext,Update Billed Amount in Sales Order,,,,erpnext,تحديث مبلغ فاتورة في أمر المبيعات,,تحديث مبلغ فاتورة في أمر المبيعات,,core-actions,pending,,,,,,,,,,,,Approved,
frappe,on_cancel,,,,frappe,,,,,core-actions,missing,,,,,,,,,,,,Pending,
erpnext,Error evaluating the criteria formula,,,,erpnext,حدث خطأ أثناء تقييم صيغة المعايير,,حدث خطأ أثناء تقييم صيغة المعايير,,core-actions,pending,,,,,,,,,,,,Approved,
frappe,delete,,,,frappe,حذف,,حذف,,core-actions,pending,,,,,,,,,,,,Approved,
frappe,"You are only allowed to update order, do not remove or add apps.",,,,frappe,,,,,core-actions,missing,,,,,,,,,,,,Pending,
erpnext,Plaid Link Updated,,,,erpnext,,,,,core-actions,missing,,,,,,,,,,,,Pending,
erpnext,Enter the name of the bank or lending institution before submitting.,,,,erpnext,,,,,core-actions,missing,,,,,,,,,,,,Pending,
frappe,Error {0}: {1},,,,frappe,,,,,core-actions,missing,,,,,,,,,,placeholder_mismatch,,Pending,
erpnext,Cancelation Date,,,,erpnext,تاريخ الإلغاء,,تاريخ الإلغاء,,core-actions,pending,,,,,,,,,,,,Approved,
erpnext,This schedule was created when Asset {0} was repaired through Asset Repair {1}.,,,,erpnext,,,,,core-actions,missing,,,,,,,,,,placeholder_mismatch,,Pending,
erpnext,Show Failed Logs,,,,erpnext,إظهار السجلات الفاشلة,,إظهار السجلات الفاشلة,,core-actions,pending,,,,,,,,,,,,Approved,
frappe,Filters saved,,,,frappe,مرشحات حفظ,,مرشحات حفظ,,core-actions,pending,,,,,,,,,,,,Approved,
frappe,Auto repeat failed. Please enable auto repeat after fixing the issues.,,,,frappe,,,,,core-actions,missing,,,,,,,,,,,,Pending,
erpnext,Asset's depreciation schedule updated after Asset Shift Allocation {0},,,,erpnext,,,,,core-actions,missing,,,,,,,,,,placeholder_mismatch,,Pending,
erpnext,subscription is already cancelled.,,,,erpnext,,,,,core-actions,missing,,,,,,,,,,,,Pending,
erpnext,POS Opening Entry Cancellation Error,,,,erpnext,,,,,core-actions,missing,,,,,,,,,,,,Pending,
construction,System themes cannot be deleted. Deactivate them instead.,,,,construction,لا يمكن حذف سمات النظام. قم بإلغاء تنشيطها بدلا من ذلك.,لا يمكن حذف سمات النظام. قم بإلغاء تنشيطها بدلا من ذلك.,لا يمكن حذف سمات النظام. قم بإلغاء تنشيطها بدلا من ذلك.,,core-actions,pending,,,,,,,,,,,,Approved,
erpnext,Please select only one row to create a Reposting Entry,,,,erpnext,,,,,core-actions,missing,,,,,,,,,,,,Pending,
frappe,The User record for this request has been auto-deleted due to inactivity by system admins.,,,,frappe,,,,,core-actions,missing,,,,,,,,,,,,Pending,
frappe,Submit on Creation,,,,frappe,,,,,core-actions,missing,,,,,,,,,,,,Pending,
erpnext,Cannot Create Return,,,,erpnext,,لا يمكن إنشاء مرتجع,لا يمكن إنشاء مرتجع,,core-actions,missing,,,,,,,,,,,,Pending,
erpnext,Quotation {0} is cancelled,,,,erpnext,العرض المسعر {0} تم إلغائه,,العرض المسعر {0} تم إلغائه,,core-actions,pending,,,,,,,,,,,,Approved,
frappe,Delete Section,Title of confirmation dialog,,,frappe,,,,,core-actions,missing,,,,,,,,,,,,Pending,
frappe,Update from Frappe Cloud,,,,frappe,,,,,core-actions,missing,,,,,,,,,,,,Pending,
frappe,Failed to decrypt key {0},,,,frappe,,,,,core-actions,missing,,,,,,,,,,placeholder_mismatch,,Pending,
frappe,The system is being updated. Please refresh again after a few moments.,,,,frappe,,,,,core-actions,missing,,,,,,,,,,,,Pending,
erpnext,Create Timesheet,,,,erpnext,إنشاء الجدول الزمني,,إنشاء الجدول الزمني,,core-actions,pending,,,,,,,,,,,,Approved,
frappe,Cancelled,,,,frappe,,ملغى,ملغى,,core-actions,missing,,,,,,,,,,,,Pending,
frappe,CANCELLED,,,,frappe,ملغي,,ملغي,,core-actions,pending,,,,,,,,,,,,Approved,
frappe,"Field that represents the Workflow State of the transaction (if field is not present, a new hidden Custom Field will be created)",,,,frappe,الحقل الذي يمثل حالة سير العمل للصفقة (إذا حقل غير موجود، سيتم إنشاء حقل مخصص جديد مخفي),,الحقل الذي يمثل حالة سير العمل للصفقة (إذا حقل غير موجود، سيتم إنشاء حقل مخصص جديد مخفي),,core-actions,pending,,,,,,,,,,,,Approved,
erpnext,BOM Update Initiated,,,,erpnext,,بدأ تحديث قائمة المواد,بدأ تحديث قائمة المواد,,core-actions,missing,,,,,,,,,,,,Pending,
erpnext,Create {0} {1} ?,,,,erpnext,,,,,core-actions,missing,,,,,,,,,,placeholder_mismatch,,Pending,
erpnext,Delete Bins,,,,erpnext,,حذف الحاويات,حذف الحاويات,,core-actions,missing,,,,,,,,,,,,Pending,
frappe,Update Amendment Naming,,,,frappe,,,,,core-actions,missing,,,,,,,,,,,,Pending,
frappe,Delete,Button in web form,,,frappe,,,,,core-actions,missing,,,,,,,,,,,,Pending,
erpnext,Kindly cancel the Manufacturing Entries first against the work order {0}.,,,,erpnext,,,,,core-actions,missing,,,,,,,,,,placeholder_mismatch,,Pending,
frappe,"Field ""value"" is mandatory. Please specify value to be updated",,,,frappe,"حقل ""قيمة"" إلزامي. يرجى تحديد قيمة ليتم تحديثها",,"حقل ""قيمة"" إلزامي. يرجى تحديد قيمة ليتم تحديثها",,core-actions,pending,,,,,,,,,,,,Approved,
frappe,Submit,Button in list view actions menu,,,frappe,,,,,core-actions,missing,,,,,,,,,,,,Pending,
frappe,Do you want to cancel all linked documents?,,,,frappe,هل تريد إلغاء جميع الوثائق المرتبطة؟,,هل تريد إلغاء جميع الوثائق المرتبطة؟,,core-actions,pending,,,,,,,,,,,,Approved,
frappe,Update Hooks Resolution Order,,,,frappe,,,,,core-actions,missing,,,,,,,,,,,,Pending,
erpnext,Create Grouped Asset,,,,erpnext,,إنشاء أصل مجمع,إنشاء أصل مجمع,,core-actions,missing,,,,,,,,,,,,Pending,
erpnext,Work Order cannot be created for following reason: <br> {0},,,,erpnext,لا يمكن إنشاء أمر العمل للسبب التالي:<br> {0},,لا يمكن إنشاء أمر العمل للسبب التالي:<br> {0},,core-actions,pending,,,,,,,,,,,,Approved,
frappe,"Unique ID assigned by the client developer used to identify the client software to be dynamically registered.
<br>
<b>Should remain same</b> across multiple versions or updates of the software.",,,,frappe,,,,,core-actions,missing,,,,,,,,,,html_imbalance,,Pending,
frappe,Cannot delete Home and Attachments folders,,,,frappe,لا يمكن حذف المجلدات الرئيسية والمرفقات,,لا يمكن حذف المجلدات الرئيسية والمرفقات,,core-actions,pending,,,,,,,,,,,,Approved,
frappe,Cancel,,,,frappe,إلغاء,إلغاء,إلغاء,,core-actions,pending,,,,,,,,,,,,Approved,
erpnext,Delete Dimension,,,,erpnext,,حذف البُعد,حذف البُعد,,core-actions,missing,,,,,,,,,,,,Pending,
frappe,Standard user type {0} can not be deleted.,,,,frappe,,,,,core-actions,missing,,,,,,,,,,placeholder_mismatch,,Pending,
erpnext,Submit your Quotation,,,,erpnext,,ترحيل عرض السعر,ترحيل عرض السعر,,core-actions,missing,,,,,,,,,,,,Pending,
erpnext,You are not allowed to update as per the conditions set in {} Workflow.,,,,erpnext,غير مسموح لك بالتحديث وفقًا للشروط المحددة في {} سير العمل.,,غير مسموح لك بالتحديث وفقًا للشروط المحددة في {} سير العمل.,,core-actions,pending,,,,,,,,,,,,Approved,
erpnext,Do Not Update Serial / Batch on Creation of Auto Bundle,,,,erpnext,,عدم تحديث التسلسل/الدفعة عند إنشاء المجموعة تلقائيا,عدم تحديث التسلسل/الدفعة عند إنشاء المجموعة تلقائيا,,core-actions,missing,,,,,,,,,,,,Pending,
frappe,Table updated,,,,frappe,الجدول محدث,,الجدول محدث,,core-actions,pending,,,,,,,,,,,,Approved,
frappe,Before Delete,,,,frappe,قبل الحذف,,قبل الحذف,,core-actions,pending,,,,,,,,,,,,Approved,
frappe,Error parsing nested filters: {0}. {1},,,,frappe,,,,,core-actions,missing,,,,,,,,,,placeholder_mismatch,,Pending,
frappe,Cancelling documents,,,,frappe,إلغاء الوثائق,,إلغاء الوثائق,,core-actions,pending,,,,,,,,,,,,Approved,
frappe,No changes to update,,,,frappe,,,,,core-actions,missing,,,,,,,,,,,,Pending,
frappe,Delete column,Button text,,,frappe,,,,,core-actions,missing,,,,,,,,,,,,Pending,
frappe,Save Customizations,,,,frappe,,,,,core-actions,missing,,,,,,,,,,,,Pending,
frappe,"Site is running in read only mode for maintenance or site update, this action can not be performed right now. Please try again later.",,,,frappe,,,,,core-actions,missing,,,,,,,,,,,,Pending,
erpnext,Create Supplier Quotation,,,,erpnext,إنشاء اقتباس مورد,,إنشاء اقتباس مورد,,core-actions,pending,,,,,,,,,,,,Approved,
erpnext,Batch Qty updated to {0},,,,erpnext,,,,,core-actions,missing,,,,,,,,,,placeholder_mismatch,,Pending,
frappe,Standard Print Format cannot be updated,,,,frappe,لا يمكن تحديث تنسيق الطباعة القياسية,,لا يمكن تحديث تنسيق الطباعة القياسية,,core-actions,pending,,,,,,,,,,,,Approved,
frappe,Slack Webhook Error,,,,frappe,خطأ Slack Webhook,,خطأ Slack Webhook,,core-actions,pending,,,,,,,,,,,,Approved,
frappe,create,,,,frappe,إنشاء,,إنشاء,,core-actions,pending,,,,,,,,,,,,Approved,
frappe,Please save the report first,,,,frappe,يرجى حفظ التقرير الأول,,يرجى حفظ التقرير الأول,,core-actions,pending,,,,,,,,,,,,Approved,
frappe,There was an error saving filters,,,,frappe,كان هناك خطأ في حفظ المرشحات,,كان هناك خطأ في حفظ المرشحات,,core-actions,pending,,,,,,,,,,,,Approved,
frappe,{0} submitted this document {1},Form timeline,,,frappe,,,,,core-actions,missing,,,,,,,,,,placeholder_mismatch,,Pending,
erpnext,Create Leads,,,,erpnext,إنشاء زبائن محتملين,,إنشاء زبائن محتملين,,core-actions,pending,,,,,,,,,,,,Approved,
erpnext,Unable to find exchange rate for {0} to {1} for key date {2}. Please create a Currency Exchange record manually.,,,,erpnext,تعذر العثور على سعر الصرف من {0} إلى {1} لتاريخ المفتاح {2}. يرجى إنشاء سجل صرف العملات يدويا.,,تعذر العثور على سعر الصرف من {0} إلى {1} لتاريخ المفتاح {2}. يرجى إنشاء سجل صرف العملات يدويا.,,core-actions,pending,,,,,,,,,,,,Approved,
frappe,Invalid token state! Check if the token has been created by the OAuth user.,,,,frappe,,,,,core-actions,missing,,,,,,,,,,,,Pending,
frappe,Create your workflow visually using the Workflow Builder.,,,,frappe,,,,,core-actions,missing,,,,,,,,,,,,Pending,
erpnext,"Stopped Work Order cannot be cancelled, Unstop it first to cancel",,,,erpnext,لا يمكن إلغاء طلب العمل المتوقف ، قم بإلغاء إيقافه أولاً للإلغاء,,لا يمكن إلغاء طلب العمل المتوقف ، قم بإلغاء إيقافه أولاً للإلغاء,,core-actions,pending,,,,,,,,,,,,Approved,
frappe,Template Error,,,,frappe,خطأ في القالب,,خطأ في القالب,,core-actions,pending,,,,,,,,,,,,Approved,
frappe,Delete tab,Button text,,,frappe,,,,,core-actions,missing,,,,,,,,,,,,Pending,
erpnext,Create Missing Party,,,,erpnext,إنشاء طرف مفقود,,إنشاء طرف مفقود,,core-actions,pending,,,,,,,,,,,,Approved,
erpnext,Linked with submitted documents,,,,erpnext,,,,,core-actions,missing,,,,,,,,,,,,Pending,
frappe,"Monitor logs for errors, background jobs, communications, and user activity",,,,frappe,,,,,core-actions,missing,,,,,,,,,,,,Pending,
frappe,Add / Update,,,,frappe,إضافة / تحديث,,إضافة / تحديث,,core-actions,pending,,,,,,,,,,,,Approved,
erpnext,Restart Failed Entries,,,,erpnext,,,,,core-actions,missing,,,,,,,,,,,,Pending,
frappe,Do Not Create New User,,,,frappe,,,,,core-actions,missing,,,,,,,,,,,,Pending,
erpnext,Create Delivery Note,,,,erpnext,,إنشاء إذن تسليم,إنشاء إذن تسليم,,core-actions,missing,,,,,,,,,,,,Pending,
frappe,Delete section,Button text,,,frappe,,,,,core-actions,missing,,,,,,,,,,,,Pending,
frappe,Fetch on Save if Empty,,,,frappe,,,,,core-actions,missing,,,,,,,,,,,,Pending,
erpnext,"Cannot amend {0} {1}, please create a new one instead.",,,,erpnext,,,,,core-actions,missing,,,,,,,,,,placeholder_mismatch,,Pending,
frappe,Last Updated,,,,frappe,,,,,core-actions,missing,,,,,,,,,,,,Pending,
frappe,Show Full Error and Allow Reporting of Issues to the Developer,,,,frappe,إظهار خطأ كامل والسماح للإبلاغ عن القضايا إلى المطور,,إظهار خطأ كامل والسماح للإبلاغ عن القضايا إلى المطور,,core-actions,pending,,,,,,,,,,,,Approved,
frappe,Submit this document to confirm,,,,frappe,إرسال هذه الوثيقة إلى تأكيد,,إرسال هذه الوثيقة إلى تأكيد,,core-actions,pending,,,,,,,,,,,,Approved,
frappe,You need to be Workspace Manager to delete a public workspace.,,,,frappe,,,,,core-actions,missing,,,,,,,,,,,,Pending,
frappe,Auto follow documents that you create,,,,frappe,,,,,core-actions,missing,,,,,,,,,,,,Pending,
frappe,Permanently Submit {0}?,,,,frappe,إرسال دائم {0} ؟,,إرسال دائم {0} ؟,,core-actions,pending,,,,,,,,,,,,Approved,
frappe,Nothing to update,,,,frappe,لا شيء للتحديث,,لا شيء للتحديث,,core-actions,pending,,,,,,,,,,,,Approved,
frappe,Create a new ...,,,,frappe,,,,,core-actions,missing,,,,,,,,,,,,Pending,
frappe,Cannot change docstatus from 1 (Submitted) to 0 (Draft),,,,frappe,,,,,core-actions,missing,,,,,,,,,,,,Pending,
erpnext,BOM Update Tool Log with job status maintained,,,,erpnext,,,,,core-actions,missing,,,,,,,,,,,,Pending,
frappe,Report was not saved (there were errors),,,,frappe,لم يتم حفظ التقرير (كانت هناك أخطاء),,لم يتم حفظ التقرير (كانت هناك أخطاء),,core-actions,pending,,,,,,,,,,,,Approved,
frappe,Implement `clear_old_logs` method to enable auto error clearing.,,,,frappe,,,,,core-actions,missing,,,,,,,,,,,,Pending,
frappe,"Failed to decode token, please provide a valid base64-encoded token.",,,,frappe,فشل فك الرمز المميز ، يرجى تقديم رمز مميز صالح بترميز base64.,,فشل فك الرمز المميز ، يرجى تقديم رمز مميز صالح بترميز base64.,,core-actions,pending,,,,,,,,,,,,Approved,
frappe,"To get the updated report, click on {0}.",,,,frappe,للحصول على التقرير المحدّث ، انقر على {0}.,,للحصول على التقرير المحدّث ، انقر على {0}.,,core-actions,pending,,,,,,,,,,,,Approved,
erpnext,Asset created,,,,erpnext,,تم إنشاء الأصل,تم إنشاء الأصل,,core-actions,missing,,,,,,,,,,,,Pending,
frappe,Invitation is cancelled,,,,frappe,,,,,core-actions,missing,,,,,,,,,,,,Pending,
frappe,Cancelled Document restored as Draft,,,,frappe,تم استعادة المستند الملغى كمسودة,,تم استعادة المستند الملغى كمسودة,,core-actions,pending,,,,,,,,,,,,Approved,
frappe,Cancel {0} documents?,Title of confirmation dialog,,,frappe,إلغاء {0} وثائق؟,,إلغاء {0} وثائق؟,,core-actions,pending,,,,,,,,,,,,Approved,
frappe,{0} submitted this document,,,,frappe,,,,,core-actions,missing,,,,,,,,,,placeholder_mismatch,,Pending,
frappe,Please save before attaching.,,,,frappe,الرجاء حفظ قبل إرفاق.,,الرجاء حفظ قبل إرفاق.,,core-actions,pending,,,,,,,,,,,,Approved,
erpnext,Here are the error logs for the aforementioned failed depreciation entries: {0},,,,erpnext,,,,,core-actions,missing,,,,,,,,,,placeholder_mismatch,,Pending,
frappe,You cancelled this document {1},Form timeline,,,frappe,,,,,core-actions,missing,,,,,,,,,,placeholder_mismatch,,Pending,
erpnext,Update Rate and Availability,,,,erpnext,معدل التحديث والتوفر,,معدل التحديث والتوفر,,core-actions,pending,,,,,,,,,,,,Approved,
frappe,"Google Calendar - Could not update Event {0} in Google Calendar, error code {1}.",,,,frappe,تقويم Google - تعذر تحديث الحدث {0} في تقويم Google ، رمز الخطأ {1}.,,تقويم Google - تعذر تحديث الحدث {0} في تقويم Google ، رمز الخطأ {1}.,,core-actions,pending,,,,,,,,,,,,Approved,
frappe,Created At,,,,frappe,,,,,core-actions,missing,,,,,,,,,,,,Pending,
frappe,Submit {0} documents?,Title of confirmation dialog,,,frappe,إرسال {0} وثائق؟,,إرسال {0} وثائق؟,,core-actions,pending,,,,,,,,,,,,Approved,
erpnext,To cancel a {} you need to cancel the POS Closing Entry {}.,,,,erpnext,,,,,core-actions,missing,,,,,,,,,,,,Pending,
frappe,User {0} does not have the permission to create a Workspace.,,,,frappe,,,,,core-actions,missing,,,,,,,,,,placeholder_mismatch,,Pending,
erpnext,Updated via 'Time Log' (In Minutes),,,,erpnext,,,,,core-actions,missing,,,,,,,,,,,,Pending,
construction,Error generating preview: ,,,,construction,خطأ أثناء توليد المعاينة: ,,خطأ أثناء توليد المعاينة: ,,core-actions,pending,,,,,,,,,,whitespace,,Approved,
erpnext,Create Variant,,,,erpnext,إنشاء متغير,,إنشاء متغير,,core-actions,pending,,,,,,,,,,,,Approved,
erpnext,Create customer quotes,,,,erpnext,إنشاء عروض مسعرة للزبائن,,إنشاء عروض مسعرة للزبائن,,core-actions,pending,,,,,,,,,,,,Approved,
frappe,DELETE,,,,frappe,,,,,core-actions,missing,,,,,,,,,,,,Pending,
erpnext,Clearance Date updated,,,,erpnext,تم تحديث تاريخ التخليص\n<br>\nClearance Date updated,,تم تحديث تاريخ التخليص\n<br>\nClearance Date updated,,core-actions,pending,,,,,,,,,,html_imbalance,,Approved,
frappe,"If you are updating, please select ""Overwrite"" else existing rows will not be deleted.",,,,frappe,"إذا كنت تقوم بتحديث، يرجى تحديد ""الكتابة"" لن يتم حذف الصفوف الموجودة آخر.",,"إذا كنت تقوم بتحديث، يرجى تحديد ""الكتابة"" لن يتم حذف الصفوف الموجودة آخر.",,core-actions,pending,,,,,,,,,,,,Approved,
frappe,Update Existing Records,,,,frappe,تحديث السجلات الموجودة,,تحديث السجلات الموجودة,,core-actions,pending,,,,,,,,,,,,Approved,
erpnext,Bank transaction creation error,,,,erpnext,خطأ في إنشاء معاملة البنك,,خطأ في إنشاء معاملة البنك,,core-actions,pending,,,,,,,,,,,,Approved,
frappe,Auto assignment failed: {0},,,,frappe,فشل التخصيص التلقائي: {0},,فشل التخصيص التلقائي: {0},,core-actions,pending,,,,,,,,,,,,Approved,
frappe,Update Series Number,,,,frappe,تحديث الرقم المتسلسل,,تحديث الرقم المتسلسل,,core-actions,pending,,,,,,,,,,,,Approved,
erpnext,All the Comments and Emails will be copied from one document to another newly created document(Lead -> Opportunity -> Quotation) throughout the CRM documents.,,,,erpnext,,,,,core-actions,missing,,,,,,,,,,,,Pending,
erpnext,Plaid Link Failed,,,,erpnext,,,,,core-actions,missing,,,,,,,,,,,,Pending,
erpnext,Create New Contact,,,,erpnext,إنشاء اتصال جديد,,إنشاء اتصال جديد,,core-actions,pending,,,,,,,,,,,,Approved,
erpnext,You cannot submit empty order.,,,,erpnext,لا يمكنك تقديم طلب فارغ.,,لا يمكنك تقديم طلب فارغ.,,core-actions,pending,,,,,,,,,,,,Approved,
erpnext,In Words will be visible once you save the Delivery Note.,,,,erpnext,بالحروف سوف تكون مرئية بمجرد حفظ اشعارالتسليم.,,بالحروف سوف تكون مرئية بمجرد حفظ اشعارالتسليم.,,core-actions,pending,,,,,,,,,,,,Approved,
frappe,"Build your own reports, print formats, and dashboards. Create personalized workspaces for easier navigation",,,,frappe,,,,,core-actions,missing,,,,,,,,,,,,Pending,
erpnext,Update Billed Amount in Delivery Note,,,,erpnext,,تحديث المبلغ المفوتر في إذن التسليم,تحديث المبلغ المفوتر في إذن التسليم,,core-actions,missing,,,,,,,,,,,,Pending,
frappe,Invitation to join {0} cancelled,,,,frappe,,,,,core-actions,missing,,,,,,,,,,placeholder_mismatch,,Pending,
frappe,No records deleted,,,,frappe,لا توجد سجلات محذوفة,,لا توجد سجلات محذوفة,,core-actions,pending,,,,,,,,,,,,Approved,
erpnext,Email verification failed.,,,,erpnext,,,,,core-actions,missing,,,,,,,,,,,,Pending,
erpnext,BOMs creation failed,,,,erpnext,,,,,core-actions,missing,,,,,,,,,,,,Pending,
construction,Preview shows approximate rendering. Save and apply theme to see full effect.,,,,construction,تعرض المعاينة شكلا تقريبيا. احفظ وطبق السمة لرؤية التأثير الكامل.,تعرض المعاينة شكلا تقريبيا. احفظ وطبق السمة لرؤية التأثير الكامل.,تعرض المعاينة شكلا تقريبيا. احفظ وطبق السمة لرؤية التأثير الكامل.,,core-actions,pending,,,,,,,,,,,,Approved,
frappe,This is the number of the last created transaction with this prefix,,,,frappe,هذا هو عدد المعاملات التي تم إنشاؤها باستخدام مشاركة هذه البادئة,,هذا هو عدد المعاملات التي تم إنشاؤها باستخدام مشاركة هذه البادئة,,core-actions,pending,,,,,,,,,,,,Approved,
frappe,Failed Job Count,,,,frappe,,,,,core-actions,missing,,,,,,,,,,,,Pending,
frappe,You haven't created a {0} yet,,,,frappe,,,,,core-actions,missing,,,,,,,,,,placeholder_mismatch,,Pending,
erpnext,Submit Action Failed,,,,erpnext,,فشل إجراء الترحيل,فشل إجراء الترحيل,,core-actions,missing,,,,,,,,,,,,Pending,
frappe,Save As,,,,frappe,حفظ باسم,,حفظ باسم,,core-actions,pending,,,,,,,,,,,,Approved,
frappe,Error in Client Script,,,,frappe,,,,,core-actions,missing,,,,,,,,,,,,Pending,
frappe,Failed Jobs,,,,frappe,,,,,core-actions,missing,,,,,,,,,,,,Pending,
erpnext,This schedule was created when Asset {0}'s Asset Value Adjustment {1} was cancelled.,,,,erpnext,,,,,core-actions,missing,,,,,,,,,,placeholder_mismatch,,Pending,
erpnext,POS Closing failed while running in a background process. You can resolve the {0} and retry the process again.,,,,erpnext,,,,,core-actions,missing,,,,,,,,,,placeholder_mismatch,,Pending,
frappe,{0} updated,,,,frappe,{0}  تم تحديث,,{0}  تم تحديث,,core-actions,pending,,,,,,,,,,,,Approved,
frappe,You are not allowed to delete a standard Website Theme,,,,frappe,لا يسمح لك بحذف موضوع الموقع القياسي,,لا يسمح لك بحذف موضوع الموقع القياسي,,core-actions,pending,,,,,,,,,,,,Approved,
erpnext,Cannot change Fiscal Year Start Date and Fiscal Year End Date once the Fiscal Year is saved.,,,,erpnext,لا يمكن تغيير تاريخ بدء السنه المالية وتاريخ انتهاء السنه المالية بمجرد حفظ السنه المالية.\n<br>\nCannot change Fiscal Year Start Date and Fiscal Year End Date once the Fiscal Year is saved.,,لا يمكن تغيير تاريخ بدء السنه المالية وتاريخ انتهاء السنه المالية بمجرد حفظ السنه المالية.\n<br>\nCannot change Fiscal Year Start Date and Fiscal Year End Date once the Fiscal Year is saved.,,core-actions,pending,,,,,,,,,,html_imbalance,,Approved,
frappe,canceled,,,,frappe,ألغيت,,ألغيت,,core-actions,pending,,,,,,,,,,,,Approved,
frappe,Cannot delete {0} as it has child nodes,,,,frappe,لا يمكن حذف {0} لأن لديها عُقد تابعة,,لا يمكن حذف {0} لأن لديها عُقد تابعة,,core-actions,pending,,,,,,,,,,,,Approved,
erpnext,Notify Reposting Error to Role,,,,erpnext,,إشعار الدور بخطأ إعادة الترحيل,إشعار الدور بخطأ إعادة الترحيل,,core-actions,missing,,,,,,,,,,,,Pending,
frappe,"{0}: Failed to attach new recurring document. To enable attaching document in the auto repeat notification email, enable {1} in Print Settings",,,,frappe,{0}: فشل في إرفاق وثيقة متكررة جديدة. لتمكين إرفاق المستند في رسالة البريد الإلكتروني لإشعار التكرار التلقائي ، قم بتمكين {1} في إعدادات الطباعة,,{0}: فشل في إرفاق وثيقة متكررة جديدة. لتمكين إرفاق المستند في رسالة البريد الإلكتروني لإشعار التكرار التلقائي ، قم بتمكين {1} في إعدادات الطباعة,,core-actions,pending,,,,,,,,,,,,Approved,
frappe,Update Series Counter,,,,frappe,,,,,core-actions,missing,,,,,,,,,,,,Pending,
erpnext,{0} {1} is not submitted,,,,erpnext,{0} {1} لم يتم تقديمه,,{0} {1} لم يتم تقديمه,,core-actions,pending,,,,,,,,,,,,Approved,
frappe,You must login to submit this form,,,,frappe,يجب عليك تسجيل الدخول لإرسال هذا النموذج,,يجب عليك تسجيل الدخول لإرسال هذا النموذج,,core-actions,pending,,,,,,,,,,,,Approved,
frappe,Submit After Import,,,,frappe,إرسال بعد الاستيراد,,إرسال بعد الاستيراد,,core-actions,pending,,,,,,,,,,,,Approved,
frappe,Cancel All Documents,,,,frappe,الغاء جميع الوثائق,,الغاء جميع الوثائق,,core-actions,pending,,,,,,,,,,,,Approved,
erpnext,Update Outstanding for Self,,,,erpnext,,تحديث المستحق لنفسه,تحديث المستحق لنفسه,,core-actions,missing,,,,,,,,,,,,Pending,
erpnext,Row #{0}: Operation {1} is not completed for {2} qty of finished goods in Work Order {3}. Please update operation status via Job Card {4}.,,,,erpnext,الصف # {0}: العملية {1} لم تكتمل لـ {2} الكمية من السلع تامة الصنع في أمر العمل {3}. يرجى تحديث حالة التشغيل عبر بطاقة العمل {4}.,,الصف # {0}: العملية {1} لم تكتمل لـ {2} الكمية من السلع تامة الصنع في أمر العمل {3}. يرجى تحديث حالة التشغيل عبر بطاقة العمل {4}.,,core-actions,pending,,,,,,,,,,,,Approved,
frappe,User does not have permission to create the new {0},,,,frappe,,,,,core-actions,missing,,,,,,,,,,placeholder_mismatch,,Pending,
frappe,"Google Calendar - Could not find Calendar for {0}, error code {1}.",,,,frappe,,,,,core-actions,missing,,,,,,,,,,placeholder_mismatch,,Pending,
erpnext,Failed to login,,,,erpnext,فشل في تسجيل الدخول,,فشل في تسجيل الدخول,,core-actions,pending,,,,,,,,,,,,Approved,
erpnext,Create Receiver List,,,,erpnext,إنشاء قائمة استقبال,,إنشاء قائمة استقبال,,core-actions,pending,,,,,,,,,,,,Approved,
erpnext,Cannot retrieve link token. Check Error Log for more information,,,,erpnext,,,,,core-actions,missing,,,,,,,,,,,,Pending,
erpnext,Variant Attribute Error,,,,erpnext,خطأ في سمة المتغير,,خطأ في سمة المتغير,,core-actions,pending,,,,,,,,,,,,Approved,
frappe,Defaults Updated,,,,frappe,,,,,core-actions,missing,,,,,,,,,,,,Pending,
frappe,After Delete,,,,frappe,بعد الحذف,,بعد الحذف,,core-actions,pending,,,,,,,,,,,,Approved,
frappe,Permanently Cancel {0}?,,,,frappe,الغاء دائم {0} ؟,,الغاء دائم {0} ؟,,core-actions,pending,,,,,,,,,,,,Approved,
erpnext,"Error: This asset already has {0} depreciation periods booked.
					The `depreciation start` date must be at least {1} periods after the `available for use` date.
					Please correct the dates accordingly.",,,,erpnext,,,,,core-actions,missing,,,,,,,,,,placeholder_mismatch,,Pending,
frappe,Delete All,,,,frappe,,,,,core-actions,missing,,,,,,,,,,,,Pending,
frappe,Failed to evaluate conditions: {},,,,frappe,,,,,core-actions,missing,,,,,,,,,,,,Pending,
erpnext,Create Depreciation Entry,,,,erpnext,,إنشاء قيد إهلاك,إنشاء قيد إهلاك,,core-actions,missing,,,,,,,,,,,,Pending,
erpnext,Asset {0} must be submitted,,,,erpnext,الاصل {0} يجب تقديمه,,الاصل {0} يجب تقديمه,,core-actions,pending,,,,,,,,,,,,Approved,
erpnext,Failed Entries,,,,erpnext,,قيود فاشلة,قيود فاشلة,,core-actions,missing,,,,,,,,,,,,Pending,
erpnext,Individual GL Entry cannot be cancelled.,,,,erpnext,,,,,core-actions,missing,,,,,,,,,,,,Pending,
erpnext,This schedule was created when Asset {0} was consumed through Asset Capitalization {1}.,,,,erpnext,,,,,core-actions,missing,,,,,,,,,,placeholder_mismatch,,Pending,
frappe,Submit,Submit password for Email Account,,,frappe,,,,,core-actions,missing,,,,,,,,,,,,Pending,
erpnext,Revision cancelled,,,,erpnext,,,,,core-actions,missing,,,,,,,,,,,,Pending,
erpnext,Create Tax Template,,,,erpnext,إنشاء قالب الضريبة,,إنشاء قالب الضريبة,,core-actions,pending,,,,,,,,,,,,Approved,
erpnext,BOM Update Batch,,,,erpnext,,دفعة تحديث قائمة المواد,دفعة تحديث قائمة المواد,,core-actions,missing,,,,,,,,,,,,Pending,
erpnext,{0} has been submitted successfully,,,,erpnext,{0} تم التقديم بنجاح,,{0} تم التقديم بنجاح,,core-actions,pending,,,,,,,,,,,,Approved,
erpnext,On enabling this cancellation entries will be posted on the actual cancellation date and reports will consider cancelled entries as well,,,,erpnext,,,,,core-actions,missing,,,,,,,,,,,,Pending,
frappe,Open a dialog with mandatory fields to create a new record quickly. There must be at least one mandatory field to show in dialog.,,,,frappe,,,,,core-actions,missing,,,,,,,,,,,,Pending,
erpnext,At row {0}: Serial and Batch Bundle {1} has already created. Please remove the values from the serial no or batch no fields.,,,,erpnext,,,,,core-actions,missing,,,,,,,,,,placeholder_mismatch,,Pending,
erpnext,Delivery Notes should not be in draft state when submitting a Delivery Trip. The following Delivery Notes are still in draft state: {0}. Please submit them first.,,,,erpnext,,,,,core-actions,missing,,,,,,,,,,placeholder_mismatch,,Pending,
frappe,DocType must be Submittable for the selected Doc Event,,,,frappe,يجب تقديم دوكتيب للحدث دوك المحدد,,يجب تقديم دوكتيب للحدث دوك المحدد,,core-actions,pending,,,,,,,,,,,,Approved,
frappe,Export Errored Rows,,,,frappe,,,,,core-actions,missing,,,,,,,,,,,,Pending,
erpnext,POS Profile - {0} is currently open. Please close the POS or cancel the existing POS Opening Entry before cancelling this POS Closing Entry.,,,,erpnext,,,,,core-actions,missing,,,,,,,,,,placeholder_mismatch,,Pending,
frappe,User with email: {0} does not exist in the system. Please ask 'System Administrator' to create the user for you.,,,,frappe,,,,,core-actions,missing,,,,,,,,,,placeholder_mismatch,,Pending,
erpnext,Submit this Work Order for further processing.,,,,erpnext,أرسل طلب العمل هذا لمزيد من المعالجة.,,أرسل طلب العمل هذا لمزيد من المعالجة.,,core-actions,pending,,,,,,,,,,,,Approved,
frappe,Cannot delete standard field. You can hide it if you want,,,,frappe,,,,,core-actions,missing,,,,,,,,,,,,Pending,
erpnext,Cannot cancel transaction for Completed Work Order.,,,,erpnext,لا يمكن إلغاء المعاملة لأمر العمل المكتمل.,,لا يمكن إلغاء المعاملة لأمر العمل المكتمل.,,core-actions,pending,,,,,,,,,,,,Approved,
frappe,OAuth Error,,,,frappe,,,,,core-actions,missing,,,,,,,,,,,,Pending,
frappe,There were errors while sending email. Please try again.,,,,frappe,,,,,core-actions,missing,,,,,,,,,,,,Pending,
frappe,Authorization error for {}.,,,,frappe,,,,,core-actions,missing,,,,,,,,,,,,Pending,
erpnext,Create Job Card based on Batch Size,,,,erpnext,,إنشاء بطاقة عمل حسب حجم الدفعة,إنشاء بطاقة عمل حسب حجم الدفعة,,core-actions,missing,,,,,,,,,,,,Pending,
erpnext,Child nodes can be only created under 'Group' type nodes,,,,erpnext,العقد التابعة يمكن أن تنشأ إلا في إطار 'مجموعة' نوع العُقد,,العقد التابعة يمكن أن تنشأ إلا في إطار 'مجموعة' نوع العُقد,,core-actions,pending,,,,,,,,,,,,Approved,
frappe,Keep track of all update feeds,,,,frappe,,,,,core-actions,missing,,,,,,,,,,,,Pending,
frappe,Error while evaluating Notification {0}. Please fix your template.,,,,frappe,خطأ أثناء تقييم الإشعار {0}. يرجى تصحيح القالب الخاص بك.,,خطأ أثناء تقييم الإشعار {0}. يرجى تصحيح القالب الخاص بك.,,core-actions,pending,,,,,,,,,,,,Approved,
construction,Disable Update Popup,,,,construction,تعطيل نافذة التحديث المنبثقة,تعطيل نافذة التحديث المنبثقة,تعطيل نافذة التحديث المنبثقة,,core-actions,pending,,,,,,,,,,,,Approved,
erpnext,Error Description,,,,erpnext,وصف خاطئ,,وصف خاطئ,,core-actions,pending,,,,,,,,,,,,Approved,
erpnext,Asset deleted,,,,erpnext,,تم حذف الأصل,تم حذف الأصل,,core-actions,missing,,,,,,,,,,,,Pending,
frappe,Create New,Create a new document from list view,,,frappe,انشاء جديد,,انشاء جديد,,core-actions,pending,,,,,,,,,,,,Approved,
frappe,Submit,Primary action of prompt dialog,,,frappe,,,,,core-actions,missing,,,,,,,,,,,,Pending,
erpnext,Following fields are mandatory to create address:,,,,erpnext,الحقول التالية إلزامية لإنشاء العنوان:,,الحقول التالية إلزامية لإنشاء العنوان:,,core-actions,pending,,,,,,,,,,,,Approved,
erpnext,Receiver List is empty. Please create Receiver List,,,,erpnext,قائمة المرسل اليهم فارغة. يرجى إنشاء قائمة المرسل اليهم,,قائمة المرسل اليهم فارغة. يرجى إنشاء قائمة المرسل اليهم,,core-actions,pending,,,,,,,,,,,,Approved,
frappe,0 - Draft; 1 - Submitted; 2 - Cancelled,,,,frappe,0 - مسودّة؛ 1 - تأكيد؛ 2 - إلغاء,,0 - مسودّة؛ 1 - تأكيد؛ 2 - إلغاء,,core-actions,pending,,,,,,,,,,,,Approved,
frappe,"A version identifier string for the client software.
<br>
The value of the should change on any update of the client software with the same Software ID.",,,,frappe,,,,,core-actions,missing,,,,,,,,,,html_imbalance,,Pending,
frappe,Error: Data missing in table {0},,,,frappe,,,,,core-actions,missing,,,,,,,,,,placeholder_mismatch,,Pending,
frappe,Submit,Button in web form,,,frappe,,,,,core-actions,missing,,,,,,,,,,,,Pending,
frappe,Delete Kanban Board,,,,frappe,,,,,core-actions,missing,,,,,,,,,,,,Pending,
frappe,Successfully updated translations,,,,frappe,تم تحديث الترجمات بنجاح,,تم تحديث الترجمات بنجاح,,core-actions,pending,,,,,,,,,,,,Approved,
frappe,"Google Contacts - Could not sync contacts from Google Contacts {0}, error code {1}.",,,,frappe,جهات اتصال Google - تعذر مزامنة جهات الاتصال من جهات اتصال Google {0} ، رمز الخطأ {1}.,,جهات اتصال Google - تعذر مزامنة جهات الاتصال من جهات اتصال Google {0} ، رمز الخطأ {1}.,,core-actions,pending,,,,,,,,,,,,Approved,
frappe,Select or drag across time slots to create a new event.,,,,frappe,اختر أو اسحب عبر فتحات الوقت لإنشاء حدث جديد.,,اختر أو اسحب عبر فتحات الوقت لإنشاء حدث جديد.,,core-actions,pending,,,,,,,,,,,,Approved,
frappe,Amendment naming rules updated.,,,,frappe,,,,,core-actions,missing,,,,,,,,,,,,Pending,
construction,Block theme save if WCAG AA contrast ratio is not met,,,,construction,منع حفظ السمة إذا لم تتحقق نسبة تباين WCAG AA,منع حفظ السمة إذا لم تتحقق نسبة تباين WCAG AA,منع حفظ السمة إذا لم تتحقق نسبة تباين WCAG AA,,core-actions,pending,,,,,,,,,,,,Approved,
frappe,{0} {1}: Submitted Record cannot be deleted. You must {2} Cancel {3} it first.,,,,frappe,{0} {1}: لا يمكن حذف السجل المقدم. يجب عليك {2} إلغاء {3} أولاً.,,{0} {1}: لا يمكن حذف السجل المقدم. يجب عليك {2} إلغاء {3} أولاً.,,core-actions,pending,,,,,,,,,,,,Approved,
erpnext,"{0} {1} cannot be updated. If you need to make changes, we recommend canceling the existing entry and creating a new one.",,,,erpnext,,,,,core-actions,missing,,,,,,,,,,placeholder_mismatch,,Pending,
erpnext,Please check the error message and take necessary actions to fix the error and then restart the reposting again.,,,,erpnext,,,,,core-actions,missing,,,,,,,,,,,,Pending,
frappe,Are you sure you want to delete the section? All the columns along with fields in the section will be moved to the previous section.,Confirmation dialog message,,,frappe,,,,,core-actions,missing,,,,,,,,,,,,Pending,
frappe,Failed to get site info,,,,frappe,,,,,core-actions,missing,,,,,,,,,,,,Pending,
frappe,Create Letter Head,,,,frappe,,,,,core-actions,missing,,,,,,,,,,,,Pending,
frappe,Check the Error Log for more information: {0},,,,frappe,تحقق من سجل الأخطاء لمزيد من المعلومات: {0},,تحقق من سجل الأخطاء لمزيد من المعلومات: {0},,core-actions,pending,,,,,,,,,,,,Approved,
frappe,{0}: Cannot set Amend without Cancel,,,,frappe,{0}: لا يمكن تعيين تعديل بدون إلغاء,,{0}: لا يمكن تعيين تعديل بدون إلغاء,,core-actions,pending,,,,,,,,,,,,Approved,
frappe,Status Updated. The email will be picked up in the next scheduled run.,,,,frappe,,,,,core-actions,missing,,,,,,,,,,,,Pending,
erpnext,Please save before proceeding.,,,,erpnext,,,,,core-actions,missing,,,,,,,,,,,,Pending,
frappe,Import File Errors and Warnings,,,,frappe,استيراد ملف الأخطاء والتحذيرات,,استيراد ملف الأخطاء والتحذيرات,,core-actions,pending,,,,,,,,,,,,Approved,
erpnext,Last GL Entry update was done {}. This operation is not allowed while system is actively being used. Please wait for 5 minutes before retrying.,,,,erpnext,,,,,core-actions,missing,,,,,,,,,,,,Pending,
frappe,Save filters,,,,frappe,حفظ المرشحات,,حفظ المرشحات,,core-actions,pending,,,,,,,,,,,,Approved,
frappe,You cancelled this document,Form timeline,,,frappe,,,,,core-actions,missing,,,,,,,,,,,,Pending,
frappe,Failed to export python type hints,,,,frappe,,,,,core-actions,missing,,,,,,,,,,,,Pending,
frappe,Failed to request login to Frappe Cloud,,,,frappe,,,,,core-actions,missing,,,,,,,,,,,,Pending,
frappe,Failed to compute request body: {},,,,frappe,,,,,core-actions,missing,,,,,,,,,,,,Pending,
erpnext,Create Employee records.,,,,erpnext,,,,,core-actions,missing,,,,,,,,,,,,Pending,
erpnext,Asset {0} has been updated. Please set the depreciation details if any and submit it.,,,,erpnext,,,,,core-actions,missing,,,,,,,,,,placeholder_mismatch,,Pending,
frappe,"To export this step as JSON, link it in a Onboarding document and save the document.",,,,frappe,,,,,core-actions,missing,,,,,,,,,,,,Pending,
frappe,{0} record deleted,,,,frappe,تم حذف السجل {0},,تم حذف السجل {0},,core-actions,pending,,,,,,,,,,,,Approved,
frappe,Newly created user {0} has no roles enabled.,,,,frappe,,,,,core-actions,missing,,,,,,,,,,placeholder_mismatch,,Pending,
erpnext,First Response SLA Failed by {},,,,erpnext,,,,,core-actions,missing,,,,,,,,,,,,Pending,
frappe,Root {0} cannot be deleted,,,,frappe,الجذر {0} لا يمكن حذف,,الجذر {0} لا يمكن حذف,,core-actions,pending,,,,,,,,,,,,Approved,
frappe,Create New,,,,frappe,انشاء جديد,,انشاء جديد,,core-actions,pending,,,,,,,,,,,,Approved,
erpnext,"Upon enabling this, the JV will be submitted for a different exchange rate.",,,,erpnext,,,,,core-actions,missing,,,,,,,,,,,,Pending,
frappe,Created Custom Field {0} in {1},,,,frappe,إنشاء الحقل المخصص {0} في {1},,إنشاء الحقل المخصص {0} في {1},,core-actions,pending,,,,,,,,,,,,Approved,
frappe,Delete comment?,,,,frappe,حذف التعليق؟,,حذف التعليق؟,,core-actions,pending,,,,,,,,,,,,Approved,
frappe,Are you sure you want to delete this record?,,,,frappe,,,,,core-actions,missing,,,,,,,,,,,,Pending,
erpnext,Sales Order {0} is not submitted,,,,erpnext,لا يتم اعتماد أمر التوريد {0}\n<br>\nSales Order {0} is not submitted,,لا يتم اعتماد أمر التوريد {0}\n<br>\nSales Order {0} is not submitted,,core-actions,pending,,,,,,,,,,html_imbalance,,Approved,
erpnext,A Packing Slip can only be created for Draft Delivery Note.,,,,erpnext,,,,,core-actions,missing,,,,,,,,,,,,Pending,
erpnext,You are not authorized to add or update entries before {0},,,,erpnext,غير مصرح لك باضافه إدخالات أو تحديثها قبل {0}\n<br>\nYou are not authorized to add or update entries before {0},,غير مصرح لك باضافه إدخالات أو تحديثها قبل {0}\n<br>\nYou are not authorized to add or update entries before {0},,core-actions,pending,,,,,,,,,,html_imbalance,,Approved,
frappe,Create Contacts from Incoming Emails,,,,frappe,إنشاء جهات اتصال من رسائل البريد الإلكتروني الواردة,,إنشاء جهات اتصال من رسائل البريد الإلكتروني الواردة,,core-actions,pending,,,,,,,,,,,,Approved,
erpnext,The {0} {1} created successfully,,,,erpnext,,,,,core-actions,missing,,,,,,,,,,placeholder_mismatch,,Pending,
frappe,Allow on Submit,,,,frappe,السماح بالإعتماد,,السماح بالإعتماد,,core-actions,pending,,,,,,,,,,,,Approved,
frappe,Copy error to clipboard,,,,frappe,,,,,core-actions,missing,,,,,,,,,,,,Pending,
frappe,Enable developer mode to create a standard Print Template,,,,frappe,,,,,core-actions,missing,,,,,,,,,,,,Pending,
frappe,{1} saved,,,,frappe,,,,,core-actions,missing,,,,,,,,,,placeholder_mismatch,,Pending,
frappe,Update Translations,,,,frappe,تحديث الترجمات,,تحديث الترجمات,,core-actions,pending,,,,,,,,,,,,Approved,
frappe,Comment publicity can only be updated by the original author or a System Manager.,,,,frappe,,,,,core-actions,missing,,,,,,,,,,,,Pending,
frappe,Invitation cannot be cancelled,,,,frappe,,,,,core-actions,missing,,,,,,,,,,,,Pending,
erpnext,Update latest price in all BOMs,,,,erpnext,تحديث آخر الأسعار في جميع بومس,,تحديث آخر الأسعار في جميع بومس,,core-actions,pending,,,,,,,,,,,,Approved,
frappe,Documents that failed to restore,,,,frappe,المستندات التي فشلت في استعادتها,,المستندات التي فشلت في استعادتها,,core-actions,pending,,,,,,,,,,,,Approved,
frappe,Clear Error Logs,,,,frappe,مسح سجلات سجلات الاخطاء,,مسح سجلات سجلات الاخطاء,,core-actions,pending,,,,,,,,,,,,Approved,
erpnext,Cannot delete Exchange Gain/Loss row,,,,erpnext,,,,,core-actions,missing,,,,,,,,,,,,Pending,
frappe,After Save,,,,frappe,بعد الحفظ,,بعد الحفظ,,core-actions,pending,,,,,,,,,,,,Approved,
erpnext,Create User,,,,erpnext,إنشاء مستخدم جديد,,إنشاء مستخدم جديد,,core-actions,pending,,,,,,,,,,,,Approved,
erpnext,Fetching Error,,,,erpnext,,خطأ في الجلب,خطأ في الجلب,,core-actions,missing,,,,,,,,,,,,Pending,
frappe,You are not allowed to update this Web Form Document,,,,frappe,لا يسمح لك بتحديث الوثيقة نموذج الويب هذه,,لا يسمح لك بتحديث الوثيقة نموذج الويب هذه,,core-actions,pending,,,,,,,,,,,,Approved,
frappe,"Permissions are set on Roles and Document Types (called DocTypes) by setting rights like Read, Write, Create, Delete, Submit, Cancel, Amend, Report, Import, Export, Print, Email and Set User Permissions.",,,,frappe,,,,,core-actions,missing,,,,,,,,,,,,Pending,
erpnext,Serial and Batch Bundle {0} is not submitted,,,,erpnext,,,,,core-actions,missing,,,,,,,,,,placeholder_mismatch,,Pending,
frappe,Cannot delete system generated field <strong>{0}</strong>. You can hide it instead.,,,,frappe,,,,,core-actions,missing,,,,,,,,,,placeholder_mismatch;html_imbalance,,Pending,
frappe,Error in Client Script.,,,,frappe,,,,,core-actions,missing,,,,,,,,,,,,Pending,
erpnext,Import completed. {0} common codes created.,,,,erpnext,,,,,core-actions,missing,,,,,,,,,,placeholder_mismatch,,Pending,
erpnext,POS Opening Entry has been cancelled. Please refresh the page.,,,,erpnext,,,,,core-actions,missing,,,,,,,,,,,,Pending,
frappe,Cannot delete standard document state.,,,,frappe,,,,,core-actions,missing,,,,,,,,,,,,Pending,
frappe,"Enabling this will register your site on a central relay server to send push notifications for all installed apps through Firebase Cloud Messaging. This server only stores user tokens and error logs, and no messages are saved.",,,,frappe,,,,,core-actions,missing,,,,,,,,,,,,Pending,
frappe,Warning: DATA LOSS IMMINENT! Proceeding will permanently delete following database columns from doctype {0}:,,,,frappe,,,,,core-actions,missing,,,,,,,,,,placeholder_mismatch,,Pending,
frappe,Failed to send notification email,,,,frappe,,,,,core-actions,missing,,,,,,,,,,,,Pending,
frappe,"If unchecked, the value will always be re-fetched on save.",,,,frappe,,,,,core-actions,missing,,,,,,,,,,,,Pending,
frappe,Session Defaults Saved,,,,frappe,تم حفظ الإعدادات الافتراضية للجلسة,,تم حفظ الإعدادات الافتراضية للجلسة,,core-actions,pending,,,,,,,,,,,,Approved,
erpnext,Create Lead,,,,erpnext,إنشاء عميل محتمل,,إنشاء عميل محتمل,,core-actions,pending,,,,,,,,,,,,Approved,
erpnext,Timesheet {0} is already completed or cancelled,,,,erpnext,الجدول الزمني {0} بالفعل منتهي أو ملغى,,الجدول الزمني {0} بالفعل منتهي أو ملغى,,core-actions,pending,,,,,,,,,,,,Approved,
erpnext,No Work Orders were created,,,,erpnext,,,,,core-actions,missing,,,,,,,,,,,,Pending,
erpnext,Is created using POS,,,,erpnext,,,,,core-actions,missing,,,,,,,,,,,,Pending,
frappe,Error Message,,,,frappe,,,,,core-actions,missing,,,,,,,,,,,,Pending,
frappe,Cannot Update After Submit,,,,frappe,,,,,core-actions,missing,,,,,,,,,,,,Pending,
erpnext,Production Plan Already Submitted,,,,erpnext,,,,,core-actions,missing,,,,,,,,,,,,Pending,
erpnext,Target Asset {0} cannot be submitted,,,,erpnext,,,,,core-actions,missing,,,,,,,,,,placeholder_mismatch,,Pending,
frappe,Create Child Doctype,,,,frappe,,,,,core-actions,missing,,,,,,,,,,,,Pending,
frappe,Error Log,,,,frappe,سجل الأخطاء,,سجل الأخطاء,,core-actions,pending,,,,,,,,,,,,Approved,
frappe,Prepared report render failed,,,,frappe,,,,,core-actions,missing,,,,,,,,,,,,Pending,
frappe,Document Saved,,,,frappe,,,,,core-actions,missing,,,,,,,,,,,,Pending,
erpnext,Create Reposting Entry,,,,erpnext,,إنشاء قيد إعادة ترحيل,إنشاء قيد إعادة ترحيل,,core-actions,missing,,,,,,,,,,,,Pending,
frappe,Press Enter to save,,,,frappe,اضغط على إنتر للحفظ,,اضغط على إنتر للحفظ,,core-actions,pending,,,,,,,,,,,,Approved,
erpnext,Auto repeat document updated,,,,erpnext,تكرار تلقائي للمستندات المحدثة,,تكرار تلقائي للمستندات المحدثة,,core-actions,pending,,,,,,,,,,,,Approved,
frappe,An unexpected error occurred while authorizing {}.,,,,frappe,,,,,core-actions,missing,,,,,,,,,,,,Pending,
frappe,"Change the starting / current sequence number of an existing series. <br>

Warning: Incorrectly updating counters can prevent documents from getting created.",,,,frappe,,,,,core-actions,missing,,,,,,,,,,html_imbalance,,Pending,
erpnext,Batch Nos are created successfully,,,,erpnext,,,,,core-actions,missing,,,,,,,,,,,,Pending,
frappe,No default Address Template found. Please create a new one from Setup > Printing and Branding > Address Template.,,,,frappe,لم يتم العثور على قالب عنوان افتراضي. يرجى إنشاء واحدة جديدة من الإعداد&gt; الطباعة والعلامة التجارية&gt; قالب العنوان.,,لم يتم العثور على قالب عنوان افتراضي. يرجى إنشاء واحدة جديدة من الإعداد&gt; الطباعة والعلامة التجارية&gt; قالب العنوان.,,core-actions,pending,,,,,,,,,,,,Approved,
frappe,Failed to connect to server,,,,frappe,فشل الاتصال بالخادم,,فشل الاتصال بالخادم,,core-actions,pending,,,,,,,,,,,,Approved,
erpnext,Opportunity {0} created,,,,erpnext,تم إنشاء الفرصة {0},,تم إنشاء الفرصة {0},,core-actions,pending,,,,,,,,,,,,Approved,
frappe,updated to {0},,,,frappe,,,,,core-actions,missing,,,,,,,,,,placeholder_mismatch,,Pending,
frappe,Create Card,,,,frappe,إنشاء بطاقة,,إنشاء بطاقة,,core-actions,pending,,,,,,,,,,,,Approved,
erpnext,Cancel Subscription After Grace Period,,,,erpnext,إلغاء الاشتراك بعد فترة السماح,,إلغاء الاشتراك بعد فترة السماح,,core-actions,pending,,,,,,,,,,,,Approved,
erpnext,The following cancelled repost entries exist for <b>{0}</b>:<br><br>{1}<br><br>Kindly delete these entries before continuing.,,,,erpnext,,,,,core-actions,missing,,,,,,,,,,placeholder_mismatch;html_imbalance,,Pending,
erpnext,BOM Update Tool,,,,erpnext,أداة تحديث بوم,,أداة تحديث بوم,,core-actions,pending,,,,,,,,,,,,Approved,
frappe,Default Address Template cannot be deleted,,,,frappe,لا يمكن حذف القالب الافتراضي العنوان,,لا يمكن حذف القالب الافتراضي العنوان,,core-actions,pending,,,,,,,,,,,,Approved,
erpnext,Update the modified timestamp on new communications received in Lead & Opportunity.,,,,erpnext,,,,,core-actions,missing,,,,,,,,,,,,Pending,
erpnext,Cannot retrieve link token for update. Check Error Log for more information,,,,erpnext,,,,,core-actions,missing,,,,,,,,,,,,Pending,
frappe,Please Update SMS Settings,,,,frappe,يرجى تحديث إعدادات الرسائل القصيرة,,يرجى تحديث إعدادات الرسائل القصيرة,,core-actions,pending,,,,,,,,,,,,Approved,
frappe,There is an error in your Address Template {0},,,,frappe,يوجد خطأ في قالب العناوين {0},,يوجد خطأ في قالب العناوين {0},,core-actions,pending,,,,,,,,,,,,Approved,
frappe,Total Errors (last 1 day),,,,frappe,,,,,core-actions,missing,,,,,,,,,,,,Pending,
frappe,"Simple Python Expression, Example: <code class=""language-python"">status in (""Closed"", ""Cancelled"")</code>",,,,frappe,,,,,core-actions,missing,,,,,,,,,,html_imbalance,,Pending,
erpnext,Report Error,,,,erpnext,,الإبلاغ عن خطأ,الإبلاغ عن خطأ,,core-actions,missing,,,,,,,,,,,,Pending,
frappe,Delete Column,Title of confirmation dialog,,,frappe,,,,,core-actions,missing,,,,,,,,,,,,Pending,
erpnext,Error while posting depreciation entries,,,,erpnext,,خطأ أثناء ترحيل قيود الإهلاك,خطأ أثناء ترحيل قيود الإهلاك,,core-actions,missing,,,,,,,,,,,,Pending,
erpnext,Serial Nos are created successfully,,,,erpnext,,,,,core-actions,missing,,,,,,,,,,,,Pending,
frappe,After Save (Submitted Document),,,,frappe,بعد الحفظ (المستند المقدم),,بعد الحفظ (المستند المقدم),,core-actions,pending,,,,,,,,,,,,Approved,
frappe,Bulk Update,,,,frappe,,,,,core-actions,missing,,,,,,,,,,,,Pending,
frappe,Update,,,,frappe,,تحديث,تحديث,,core-actions,missing,,,,,,,,,,,,Pending,
frappe,Action {0} failed on {1} {2}. View it {3},,,,frappe,,,,,core-actions,missing,,,,,,,,,,placeholder_mismatch,,Pending,
erpnext,Update Type,,,,erpnext,نوع التحديث,,نوع التحديث,,core-actions,pending,,,,,,,,,,,,Approved,
erpnext,"The GL Entries will be cancelled in the background, it can take a few minutes.",,,,erpnext,,,,,core-actions,missing,,,,,,,,,,,,Pending,
erpnext,Auto Created,,,,erpnext,إنشاء تلقائي,,إنشاء تلقائي,,core-actions,pending,,,,,,,,,,,,Approved,
erpnext,This schedule was created when Asset {0} was restored on Asset Capitalization {1}'s cancellation.,,,,erpnext,,,,,core-actions,missing,,,,,,,,,,placeholder_mismatch,,Pending,
frappe,Some of the features might not work in your browser. Please update your browser to the latest version.,,,,frappe,قد لا تعمل بعض الميزات في المتصفح. يرجى تحديث المتصفح إلى أحدث إصدار.,,قد لا تعمل بعض الميزات في المتصفح. يرجى تحديث المتصفح إلى أحدث إصدار.,,core-actions,pending,,,,,,,,,,,,Approved,
frappe,Create Log,,,,frappe,إنشاء سجل,,إنشاء سجل,,core-actions,pending,,,,,,,,,,,,Approved,
erpnext,Please cancel related transaction.,,,,erpnext,,,,,core-actions,missing,,,,,,,,,,,,Pending,
frappe,Before Save,,,,frappe,قبل الحفظ,,قبل الحفظ,,core-actions,pending,,,,,,,,,,,,Approved,
frappe,Auto Repeat failed for {0},,,,frappe,فشل التكرار التلقائي لـ {0},,فشل التكرار التلقائي لـ {0},,core-actions,pending,,,,,,,,,,,,Approved,
frappe,Submitted document cannot be converted back to draft while transitioning from <b>{0} State</b> to <b>{1} State</b>,,,,frappe,,,,,core-actions,missing,,,,,,,,,,placeholder_mismatch;html_imbalance,,Pending,
erpnext,Bank Transaction {0} updated,,,,erpnext,,,,,core-actions,missing,,,,,,,,,,placeholder_mismatch,,Pending,
erpnext,Serial and Batch Bundle updated,,,,erpnext,,تم تحديث مجموعة التسلسل والدفعة,تم تحديث مجموعة التسلسل والدفعة,,core-actions,missing,,,,,,,,,,,,Pending,
frappe,cancel,,,,frappe,إلغاء,,إلغاء,,core-actions,pending,,,,,,,,,,,,Approved,
frappe,Successfully Updated,,,,frappe,تم التحديث بنجاح,,تم التحديث بنجاح,,core-actions,pending,,,,,,,,,,,,Approved,
frappe,Error in print format on line {0}: {1},,,,frappe,,,,,core-actions,missing,,,,,,,,,,placeholder_mismatch,,Pending,
frappe,Document Type and Function are required to create a number card,,,,frappe,,,,,core-actions,missing,,,,,,,,,,,,Pending,
frappe,Saved Filters,,,,frappe,,,,,core-actions,missing,,,,,,,,,,,,Pending,
frappe,A recurring {0} {1} has been created for you via Auto Repeat {2}.,,,,frappe,تم إنشاء {0} {1} متكرر لك من خلال التكرار التلقائي {2}.,,تم إنشاء {0} {1} متكرر لك من خلال التكرار التلقائي {2}.,,core-actions,pending,,,,,,,,,,,,Approved,
erpnext,Asset created after being split from Asset {0},,,,erpnext,,,,,core-actions,missing,,,,,,,,,,placeholder_mismatch,,Pending,
frappe,Failed to delete {0} documents: {1},,,,frappe,,,,,core-actions,missing,,,,,,,,,,placeholder_mismatch,,Pending,
frappe,Disable System Update Notification,,,,frappe,,,,,core-actions,missing,,,,,,,,,,,,Pending,
erpnext,Fetch Subscription Updates,,,,erpnext,جلب تحديثات الاشتراك,,جلب تحديثات الاشتراك,,core-actions,pending,,,,,,,,,,,,Approved,
erpnext,"Capacity Planning Error, planned start time can not be same as end time",,,,erpnext,خطأ في تخطيط السعة ، لا يمكن أن يكون وقت البدء المخطط له هو نفسه وقت الانتهاء,,خطأ في تخطيط السعة ، لا يمكن أن يكون وقت البدء المخطط له هو نفسه وقت الانتهاء,,core-actions,pending,,,,,,,,,,,,Approved,
frappe,Cannot change state of Cancelled Document. Transition row {0},,,,frappe,لا يمكن تغيير حالة الوثيقة ملغاة .,,لا يمكن تغيير حالة الوثيقة ملغاة .,,core-actions,pending,,,,,,,,,,placeholder_mismatch,,Approved,
erpnext,Failed to setup defaults for country {0}. Please contact support.,,,,erpnext,,,,,core-actions,missing,,,,,,,,,,placeholder_mismatch,,Pending,
erpnext,Create User Permission,,,,erpnext,إنشاء صلاحية المستخدم,,إنشاء صلاحية المستخدم,,core-actions,pending,,,,,,,,,,,,Approved,
frappe,{0}: Cannot set Assign Submit if not Submittable,,,,frappe,{0} : لا يمكن تحديد تعيين بالتأكيد إذا لم يكن قابل للتأكيد,,{0} : لا يمكن تحديد تعيين بالتأكيد إذا لم يكن قابل للتأكيد,,core-actions,pending,,,,,,,,,,,,Approved,
erpnext,Is Cancelled,,,,erpnext,هل ملغي,,هل ملغي,,core-actions,pending,,,,,,,,,,,,Approved,
frappe,{0} cancelled this document {1},Form timeline,,,frappe,,,,,core-actions,missing,,,,,,,,,,placeholder_mismatch,,Pending,
erpnext,Maintenance Status has to be Cancelled or Completed to Submit,,,,erpnext,يجب إلغاء حالة الصيانة أو إكمالها لإرسالها,,يجب إلغاء حالة الصيانة أو إكمالها لإرسالها,,core-actions,pending,,,,,,,,,,,,Approved,
erpnext,Auto Created (Reorder),,,,erpnext,,منشأ تلقائيا (إعادة طلب),منشأ تلقائيا (إعادة طلب),,core-actions,missing,,,,,,,,,,,,Pending,
frappe,An error occurred while setting Session Defaults,,,,frappe,حدث خطأ أثناء إعداد الإعدادات الافتراضية للجلسة,,حدث خطأ أثناء إعداد الإعدادات الافتراضية للجلسة,,core-actions,pending,,,,,,,,,,,,Approved,
erpnext,This schedule was created when Asset {0} was {1} into new Asset {2}.,,,,erpnext,,,,,core-actions,missing,,,,,,,,,,placeholder_mismatch,,Pending,
frappe,"All possible Workflow States and roles of the workflow. Docstatus Options: 0 is ""Saved"", 1 is ""Submitted"" and 2 is ""Cancelled""",,,,frappe,,,,,core-actions,missing,,,,,,,,,,,,Pending,
frappe,Failed to get method {0} with {1},,,,frappe,,,,,core-actions,missing,,,,,,,,,,placeholder_mismatch,,Pending,
erpnext,"On save, the Excluded Fee will be converted to an Included Fee.",,,,erpnext,,,,,core-actions,missing,,,,,,,,,,,,Pending,
erpnext,BOM {0} must be submitted,,,,erpnext,قائمة مكونات المواد {0} يجب أن تكون مسجلة\n<br>\nBOM {0} must be submitted,,قائمة مكونات المواد {0} يجب أن تكون مسجلة\n<br>\nBOM {0} must be submitted,,core-actions,pending,,,,,,,,,,html_imbalance,,Approved,
frappe,Cannot share {0} with submit permission as the doctype {1} is not submittable,,,,frappe,,,,,core-actions,missing,,,,,,,,,,placeholder_mismatch,,Pending,
frappe,Submitting,Freeze message while submitting a document,,,frappe,تقديم,,تقديم,,core-actions,pending,,,,,,,,,,,,Approved,
frappe,Unable to update event,,,,frappe,غير قادر على تحديث الحدث,,غير قادر على تحديث الحدث,,core-actions,pending,,,,,,,,,,,,Approved,
erpnext,"If Auto Opt In is checked, then the customers will be automatically linked with the concerned Loyalty Program (on save)",,,,erpnext,,,,,core-actions,missing,,,,,,,,,,,,Pending,
frappe,Successfully updated {0},,,,frappe,,,,,core-actions,missing,,,,,,,,,,placeholder_mismatch,,Pending,
frappe,Created By,,,,frappe,منشئه بواسطه,,منشئه بواسطه,,core-actions,pending,,,,,,,,,,,,Approved,
erpnext,Please select atleast one operation to create Job Card,,,,erpnext,,,,,core-actions,missing,,,,,,,,,,,,Pending,
erpnext,Update Print Format,,,,erpnext,تحديث تنسيق الطباعة,,تحديث تنسيق الطباعة,,core-actions,pending,,,,,,,,,,,,Approved,
erpnext,Additional Information updated successfully.,,,,erpnext,,تم تحديث المعلومات الإضافية بنجاح.,تم تحديث المعلومات الإضافية بنجاح.,,core-actions,missing,,,,,,,,,,,,Pending,
frappe,Create & Continue,,,,frappe,,,,,core-actions,missing,,,,,,,,,,,,Pending,
frappe,Row {0}: Not allowed to enable Allow on Submit for standard fields,,,,frappe,صف {0}: غير مسموح لتمكين السماح إرسال على لحقول القياسية,,صف {0}: غير مسموح لتمكين السماح إرسال على لحقول القياسية,,core-actions,pending,,,,,,,,,,,,Approved,
frappe,on_update_after_submit,,,,frappe,,,,,core-actions,missing,,,,,,,,,,,,Pending,
erpnext,Pricing Rule {0} is updated,,,,erpnext,يتم تحديث قاعدة التسعير {0},,يتم تحديث قاعدة التسعير {0},,core-actions,pending,,,,,,,,,,,,Approved,
erpnext,If enabled then system won't apply the pricing rule on the delivery note which will be create from the pick list,,,,erpnext,,,,,core-actions,missing,,,,,,,,,,,,Pending,
frappe,Submitted Document cannot be converted back to draft. Transition row {0},,,,frappe,الوثيقة المسجلة لا يمكن تحويلها إلى مسودة row {0},,الوثيقة المسجلة لا يمكن تحويلها إلى مسودة row {0},,core-actions,pending,,,,,,,,,,,,Approved,
frappe,Allow editing after submit,,,,frappe,,,,,core-actions,missing,,,,,,,,,,,,Pending,
frappe,Updated,,,,frappe,محدّث,,محدّث,,core-actions,pending,,,,,,,,,,,,Approved,
frappe,Are you sure you want to delete the column? All the fields in the column will be moved to the previous column.,Confirmation dialog message,,,frappe,,,,,core-actions,missing,,,,,,,,,,,,Pending,
erpnext,Create Print Format,,,,erpnext,إنشاء تنسيق طباعة,,إنشاء تنسيق طباعة,,core-actions,pending,,,,,,,,,,,,Approved,
erpnext,Cannot deactivate or cancel BOM as it is linked with other BOMs,,,,erpnext,لا يمكن تعطيل أو إلغاء قائمة المواد لانها مترابطة مع قوائم مواد اخرى,,لا يمكن تعطيل أو إلغاء قائمة المواد لانها مترابطة مع قوائم مواد اخرى,,core-actions,pending,,,,,,,,,,,,Approved,
erpnext,Packing Slip(s) cancelled,,,,erpnext,تم إلغاء قائمة الشحنة,,تم إلغاء قائمة الشحنة,,core-actions,pending,,,,,,,,,,,,Approved,
frappe,Show Only Failed Logs,,,,frappe,,,,,core-actions,missing,,,,,,,,,,,,Pending,
erpnext,Update Price List Based On,,,,erpnext,,تحديث قائمة الأسعار بناء على,تحديث قائمة الأسعار بناء على,,core-actions,missing,,,,,,,,,,,,Pending,
frappe,Cancel Import,,,,frappe,,,,,core-actions,missing,,,,,,,,,,,,Pending,
erpnext,Asset {0} is not submitted. Please submit the asset before proceeding.,,,,erpnext,,,,,core-actions,missing,,,,,,,,,,placeholder_mismatch,,Pending,
erpnext,Auto Created Serial and Batch Bundle,,,,erpnext,,مجموعة تسلسل ودفعة منشأة تلقائيا,مجموعة تسلسل ودفعة منشأة تلقائيا,,core-actions,missing,,,,,,,,,,,,Pending,
frappe,Errors,,,,frappe,,,,,core-actions,missing,,,,,,,,,,,,Pending,
frappe,Failed to generate names from the series,,,,frappe,,,,,core-actions,missing,,,,,,,,,,,,Pending,
frappe,Create a Reminder,,,,frappe,,,,,core-actions,missing,,,,,,,,,,,,Pending,
frappe,Series Updated for {},,,,frappe,,,,,core-actions,missing,,,,,,,,,,,,Pending,
erpnext,Auto Create Exchange Rate Revaluation,,,,erpnext,,إنشاء إعادة تقييم سعر الصرف تلقائيا,إنشاء إعادة تقييم سعر الصرف تلقائيا,,core-actions,missing,,,,,,,,,,,,Pending,
erpnext,{0} is open. Close the POS or cancel the existing POS Opening Entry to create a new POS Opening Entry.,,,,erpnext,,,,,core-actions,missing,,,,,,,,,,placeholder_mismatch,,Pending,
erpnext,Could not auto create Customer due to the following missing mandatory field(s):,,,,erpnext,تعذر إنشاء العميل تلقائيًا بسبب الحقول الإلزامية التالية المفقودة:,,تعذر إنشاء العميل تلقائيًا بسبب الحقول الإلزامية التالية المفقودة:,,core-actions,pending,,,,,,,,,,,,Approved,
frappe,Please save the form before previewing the message,,,,frappe,,,,,core-actions,missing,,,,,,,,,,,,Pending,
frappe,You selected Draft or Cancelled documents,,,,frappe,لقد حددت مسودة أو مستندات تم إلغاؤها,,لقد حددت مسودة أو مستندات تم إلغاؤها,,core-actions,pending,,,,,,,,,,,,Approved,
frappe,Parent Document Type is required to create a number card,,,,frappe,,,,,core-actions,missing,,,,,,,,,,,,Pending,
frappe,Cannot cancel before submitting while transitioning from <b>{0} State</b> to <b>{1} State</b>,,,,frappe,,,,,core-actions,missing,,,,,,,,,,placeholder_mismatch;html_imbalance,,Pending,
frappe,submit,,,,frappe,تسجيل,,تسجيل,,core-actions,pending,,,,,,,,,,,,Approved,
frappe,Before Save (Submitted Document),,,,frappe,قبل الحفظ (المستند المقدم),,قبل الحفظ (المستند المقدم),,core-actions,pending,,,,,,,,,,,,Approved,
erpnext,{0} {1} must be submitted,,,,erpnext,{0} {1} يجب أن يتم اعتماده\n<br>\n{0} {1} must be submitted,,{0} {1} يجب أن يتم اعتماده\n<br>\n{0} {1} must be submitted,,core-actions,pending,,,,,,,,,,html_imbalance,,Approved,
erpnext,The following assets have failed to automatically post depreciation entries: {0},,,,erpnext,,,,,core-actions,missing,,,,,,,,,,placeholder_mismatch,,Pending,
frappe,Submitted,,,,frappe,,تم الترحيل,تم الترحيل,,core-actions,missing,,,,,,,,,,,,Pending,
frappe,New {0} Created,,,,frappe,جديد {0} تم إنشاؤه,,جديد {0} تم إنشاؤه,,core-actions,pending,,,,,,,,,,,,Approved,
frappe,Cannot submit {0}.,,,,frappe,,,,,core-actions,missing,,,,,,,,,,placeholder_mismatch,,Pending,
erpnext,"The {0} prefix '{1}' already exists. Please change the Serial No Series, otherwise you will get a Duplicate Entry error.",,,,erpnext,,,,,core-actions,missing,,,,,,,,,,placeholder_mismatch,,Pending,
erpnext,Credit Note {0} has been created automatically,,,,erpnext,تم إنشاء ملاحظة الائتمان {0} تلقائيًا,,تم إنشاء ملاحظة الائتمان {0} تلقائيًا,,core-actions,pending,,,,,,,,,,,,Approved,
frappe,Error has occurred in {0},,,,frappe,حدث خطأ في {0},,حدث خطأ في {0},,core-actions,pending,,,,,,,,,,,,Approved,
frappe,Cannot link cancelled document: {0},,,,frappe,لا يمكن ربط وثيقة إلغاء: {0},,لا يمكن ربط وثيقة إلغاء: {0},,core-actions,pending,,,,,,,,,,,,Approved,
construction,Created On,,,,construction,تاريخ الإنشاء,,تاريخ الإنشاء,,core-actions,pending,,,,,,,,,,,1,Approved,
frappe,Failed to enable scheduler: {0},,,,frappe,,,,,core-actions,missing,,,,,,,,,,placeholder_mismatch,,Pending,
erpnext,Update timestamp on new communication,,,,erpnext,,تحديث الطابع الزمني عند اتصال جديد,تحديث الطابع الزمني عند اتصال جديد,,core-actions,missing,,,,,,,,,,,,Pending,
frappe,Nested set error. Please contact the Administrator.,,,,frappe,خطأ مجموعة متداخلة . يرجى الاتصال بمدير البرنامج.,,خطأ مجموعة متداخلة . يرجى الاتصال بمدير البرنامج.,,core-actions,pending,,,,,,,,,,,,Approved,
frappe,** Failed: {0} to {1}: {2},,,,frappe,** فشل: {0} إلى {1}: {2},,** فشل: {0} إلى {1}: {2},,core-actions,pending,,,,,,,,,,,,Approved,
erpnext,"Successfully updated {0} record out of {1}. Click on Export Errored Rows, fix the errors and import again.",,,,erpnext,,,,,core-actions,missing,,,,,,,,,,placeholder_mismatch,,Pending,
erpnext,"Successfully imported {0} records out of {1}. Click on Export Errored Rows, fix the errors and import again.",,,,erpnext,,,,,core-actions,missing,,,,,,,,,,placeholder_mismatch,,Pending,
frappe,Delete Background Exported Reports After (Hours),,,,frappe,,,,,core-actions,missing,,,,,,,,,,,,Pending,
frappe,Cannot delete standard field <strong>{0}</strong>. You can hide it instead.,,,,frappe,,,,,core-actions,missing,,,,,,,,,,placeholder_mismatch;html_imbalance,,Pending,
erpnext,Successfully updated {0} records.,,,,erpnext,,,,,core-actions,missing,,,,,,,,,,placeholder_mismatch,,Pending,
erpnext,Create MPS,,,,erpnext,,إنشاء خطة الإنتاج الرئيسية,إنشاء خطة الإنتاج الرئيسية,,core-actions,missing,,,,,,,,,,,,Pending,
frappe,"Couldn't save, please check the data you have entered",,,,frappe,تعذر الحفظ ، يرجى التحقق من البيانات التي أدخلتها,,تعذر الحفظ ، يرجى التحقق من البيانات التي أدخلتها,,core-actions,pending,,,,,,,,,,,,Approved,
erpnext,Create New Lead,,,,erpnext,إنشاء عميل محتمل,,إنشاء عميل محتمل,,core-actions,pending,,,,,,,,,,,,Approved,
frappe,Cannot delete {0},,,,frappe,لا يمكن حذف {0},,لا يمكن حذف {0},,core-actions,pending,,,,,,,,,,,,Approved,
frappe,"If enabled, all responses on the web form will be submitted anonymously",,,,frappe,,,,,core-actions,missing,,,,,,,,,,,,Pending,
frappe,Version Updated,,,,frappe,تحديث الإصدار,,تحديث الإصدار,,core-actions,pending,,,,,,,,,,,,Approved,
frappe,Cancelling,Freeze message while cancelling a document,,,frappe,إلغاء,,إلغاء,,core-actions,pending,,,,,,,,,,,,Approved,
frappe,Are you sure you want to cancel the invitation?,,,,frappe,,,,,core-actions,missing,,,,,,,,,,,,Pending,
erpnext,Deleted Documents,,,,erpnext,,المستندات المحذوفة,المستندات المحذوفة,,core-actions,missing,,,,,,,,,,,,Pending,
erpnext,POS Closing Failed,,,,erpnext,,فشل إغلاق نقطة البيع,فشل إغلاق نقطة البيع,,core-actions,missing,,,,,,,,,,,,Pending,
erpnext,Reconciliation Error Log,,,,erpnext,,سجل أخطاء التسوية,سجل أخطاء التسوية,,core-actions,missing,,,,,,,,,,,,Pending,
erpnext,Create Opportunity,,,,erpnext,,إنشاء فرصة,إنشاء فرصة,,core-actions,missing,,,,,,,,,,,,Pending,
erpnext,Asset Movement record {0} created,,,,erpnext,تم إنشاء سجل حركة الأصول {0}\n<br>\nAsset Movement record {0} created,,تم إنشاء سجل حركة الأصول {0}\n<br>\nAsset Movement record {0} created,,core-actions,pending,,,,,,,,,,html_imbalance,,Approved,
frappe,Internal Server Error,,,,frappe,خطأ في الخادم الداخلي,,خطأ في الخادم الداخلي,,core-actions,pending,,,,,,,,,,,,Approved,
frappe,Setup failed,,,,frappe,,,,,core-actions,missing,,,,,,,,,,,,Pending,
frappe,Update Settings,,,,frappe,إعدادات التحديث,,إعدادات التحديث,,core-actions,pending,,,,,,,,,,,,Approved,
frappe,Are you sure you want to delete the attachment?,,,,frappe,هل أنت متأكد أنك تريد حذف المرفق؟,,هل أنت متأكد أنك تريد حذف المرفق؟,,core-actions,pending,,,,,,,,,,,,Approved,
erpnext,Failed to setup defaults,,,,erpnext,فشل في إعداد الإعدادات الافتراضية,,فشل في إعداد الإعدادات الافتراضية,,core-actions,pending,,,,,,,,,,,,Approved,
frappe,"Google Calendar - Could not insert contact in Google Contacts {0}, error code {1}.",,,,frappe,تقويم Google - تعذر إدراج جهة اتصال في جهات اتصال Google {0} ، رمز الخطأ {1}.,,تقويم Google - تعذر إدراج جهة اتصال في جهات اتصال Google {0} ، رمز الخطأ {1}.,,core-actions,pending,,,,,,,,,,,,Approved,
frappe,Are you sure you want to remove all failed jobs?,,,,frappe,,,,,core-actions,missing,,,,,,,,,,,,Pending,
frappe,Save on Completion,,,,frappe,,,,,core-actions,missing,,,,,,,,,,,,Pending,
erpnext,POS Opening Entry Cancelled,,,,erpnext,,تم إلغاء قيد فتح نقطة البيع,تم إلغاء قيد فتح نقطة البيع,,core-actions,missing,,,,,,,,,,,,Pending,
frappe,This document has unsaved changes which might not appear in final PDF. <br> Consider saving the document before printing.,,,,frappe,,,,,core-actions,missing,,,,,,,,,,html_imbalance,,Pending,
frappe,Permissions Error,,,,frappe,,,,,core-actions,missing,,,,,,,,,,,,Pending,
frappe,There were errors,,,,frappe,كانت هناك أخطاء,,كانت هناك أخطاء,,core-actions,pending,,,,,,,,,,,,Approved,
frappe,QZ Tray Failed:,,,,frappe,,,,,core-actions,missing,,,,,,,,,,,,Pending,
erpnext,Update Clearance Date,,,,erpnext,تحديث تاريخ التخليص,,تحديث تاريخ التخليص,,core-actions,pending,,,,,,,,,,,,Approved,
frappe,Submit,Primary action in dialog,,,frappe,,,,,core-actions,missing,,,,,,,,,,,,Pending,
frappe,Cannot cancel before submitting. See Transition {0},,,,frappe,لا يمكن الإلغاء قبل الإرسال. انظر الانتقال {0},,لا يمكن الإلغاء قبل الإرسال. انظر الانتقال {0},,core-actions,pending,,,,,,,,,,,,Approved,
frappe,File upload failed.,,,,frappe,,,,,core-actions,missing,,,,,,,,,,,,Pending,
frappe,{0} records are not automatically deleted.,,,,frappe,,,,,core-actions,missing,,,,,,,,,,placeholder_mismatch,,Pending,
frappe,Allow Print for Cancelled,,,,frappe,السماح بالطباعة للإلغاء,,السماح بالطباعة للإلغاء,,core-actions,pending,,,,,,,,,,,,Approved,
frappe,First set the name and save the record.,,,,frappe,أولا قم بتعيين الإسم وحفظ السجل.,,أولا قم بتعيين الإسم وحفظ السجل.,,core-actions,pending,,,,,,,,,,,,Approved,
frappe,Updated To A New Version 🎉,,,,frappe,تم التحديث إلى إصدار جديد 🎉,,تم التحديث إلى إصدار جديد 🎉,,core-actions,pending,,,,,,,,,,,,Approved,
erpnext,"Asset Depreciation Schedules created/updated:<br>{0}<br><br>Please check, edit if needed, and submit the Asset.",,,,erpnext,,,,,core-actions,missing,,,,,,,,,,placeholder_mismatch;html_imbalance,,Pending,
frappe,Allow delete,,,,frappe,,,,,core-actions,missing,,,,,,,,,,,,Pending,
erpnext,Authentication Failed,,,,erpnext,المصادقة فشلت,,المصادقة فشلت,,core-actions,pending,,,,,,,,,,,,Approved,
frappe,Deleted Name,,,,frappe,الاسم المحذوف,,الاسم المحذوف,,core-actions,pending,,,,,,,,,,,,Approved,
erpnext,Work Order {0} created,,,,erpnext,,,,,core-actions,missing,,,,,,,,,,placeholder_mismatch,,Pending,
frappe,Cannot change state of Cancelled Document <b>({0} State)</b>,,,,frappe,,,,,core-actions,missing,,,,,,,,,,placeholder_mismatch;html_imbalance,,Pending,
frappe,Your invitation to join {0} has been cancelled by the site administrator.,,,,frappe,,,,,core-actions,missing,,,,,,,,,,placeholder_mismatch,,Pending,
erpnext,{0} {1} has not been submitted so the action cannot be completed,,,,erpnext,{0} {1} لم يتم إرسالها، ولذلك لا يمكن إكمال الإجراء,,{0} {1} لم يتم إرسالها، ولذلك لا يمكن إكمال الإجراء,,core-actions,pending,,,,,,,,,,,,Approved,
frappe,Delete entire tab with fields,Button text,,,frappe,,,,,core-actions,missing,,,,,,,,,,,,Pending,
frappe,Updated successfully,,,,frappe,تم التحديث بنجاح,,تم التحديث بنجاح,,core-actions,pending,,,,,,,,,,,,Approved,
frappe,Top Errors,,,,frappe,,,,,core-actions,missing,,,,,,,,,,,,Pending,
frappe,"Allows clients to register themselves without manual intervention. Registration creates a <b>OAuth Client</b> entry. Reference: <a href=""https://datatracker.ietf.org/doc/html/rfc7591"">RFC7591</a>",,,,frappe,,,,,core-actions,missing,,,,,,,,,,html_imbalance,,Pending,
frappe,Validation Error,,,,frappe,خطئ في التحقق,,خطئ في التحقق,,core-actions,pending,,,,,,,,,,,,Approved,
