app,source_text,suggested_ar,status
construction,"""
""Warning: The following color pairs have contrast ratios below WCAG AA standard (4.5:1):
""
""{0}
""
""
""
""Consider adjusting colors for better accessibility.",,unreviewed
erpnext, Address,,unreviewed
erpnext, Amount,,unreviewed
erpnext, BOM,,unreviewed
erpnext, Is Child Table,,unreviewed
erpnext, Is Subcontracted,,unreviewed
erpnext, Item,,unreviewed
erpnext, Name,,unreviewed
erpnext, Phantom Item,,unreviewed
erpnext, Rate,,unreviewed
erpnext, Raw Material,,unreviewed
erpnext, Skip Material Transfer,,unreviewed
erpnext, Sub Assembly,,unreviewed
erpnext, Summary,,unreviewed
erpnext,# In Stock,,unreviewed
erpnext,# Req'd Items,,unreviewed
erpnext,% of materials billed against this Sales Order,,unreviewed
erpnext,% of materials delivered against this Pick List,,unreviewed
erpnext,% of materials delivered against this Sales Order,,unreviewed
erpnext,'Account' in the Accounting section of Customer {0},,unreviewed
erpnext,'Allow Multiple Sales Orders Against a Customer's Purchase Order',,unreviewed
erpnext,'Default {0} Account' in Company {1},,unreviewed
erpnext,"'Inspection Required before Delivery' has disabled for the item {0}, no need to create the QI",,unreviewed
erpnext,"'Inspection Required before Purchase' has disabled for the item {0}, no need to create the QI",,unreviewed
erpnext,'To Package No.' cannot be less than 'From Package No.',,unreviewed
erpnext,'{0}' account is already used by {1}. Use another account.,,unreviewed
erpnext,'{0}' has been already added.,,unreviewed
erpnext,'{0}' should be in company currency {1}.,,unreviewed
erpnext,(A) Qty After Transaction,,unreviewed
erpnext,(B) Expected Qty After Transaction,,unreviewed
erpnext,(C) Total Qty in Queue,,unreviewed
erpnext,(C) Total qty in queue,,unreviewed
erpnext,(D) Balance Stock Value,,unreviewed
erpnext,(Daily Yield * No of Units Produced) / 100,,unreviewed
erpnext,(E) Balance Stock Value in Queue,,unreviewed
erpnext,(F) Change in Stock Value,,unreviewed
erpnext,(G) Sum of Change in Stock Value,,unreviewed
erpnext,(Good Units Produced / Total Units Produced) × 100,,unreviewed
erpnext,(H) Change in Stock Value (FIFO Queue),,unreviewed
erpnext,(H) Valuation Rate,,unreviewed
erpnext,(I) Valuation Rate,,unreviewed
erpnext,(J) Valuation Rate as per FIFO,,unreviewed
erpnext,(K) Valuation = Value (D) ÷ Qty (A),,unreviewed
erpnext,(Purchase Order + Material Request + Actual Expense),,unreviewed
erpnext,(Total Workstation Time / Manufacturing Time) * 60,,unreviewed
erpnext,0 - 30 Days,,unreviewed
erpnext,0-30,,unreviewed
erpnext,0-30 Days,,unreviewed
erpnext,1-10,,unreviewed
erpnext,1000+,,unreviewed
erpnext,11-50,,unreviewed
erpnext,1{0},,unreviewed
erpnext,201-500,,unreviewed
erpnext,30 - 60 Days,,unreviewed
erpnext,30-60,,unreviewed
erpnext,30-60 Days,,unreviewed
erpnext,501-1000,,unreviewed
erpnext,51-200,,unreviewed
erpnext,60 - 90 Days,,unreviewed
erpnext,60-90,,unreviewed
erpnext,60-90 Days,,unreviewed
erpnext,90 - 120 Days,,unreviewed
erpnext,90 Above,,unreviewed
erpnext,"<b>Cannot create asset.</b><br><br>You're trying to create <b>{0} asset(s)</b> from {2} {3}.<br>However, only <b>{1} item(s)</b> were purchased and <b>{4} asset(s)</b> already exist against {5}.",,unreviewed
erpnext,<b>Row #{0}:</b> Bundle {1} in warehouse {2} has insufficient packed items:<br><div style='margin-top: 15px;'><ul style='line-height: 0.8;'>{3}</ul></div>,,unreviewed
erpnext,"<br>
""
""<h4>Note</h4>
""
""<ul>
""
""<li>
""
""You can use <a href=\""https://jinja.palletsprojects.com/en/2.11.x/\"" target=\""_blank\"">Jinja tags</a> in <b>Subject</b> and <b>Body</b> fields for dynamic values.
""
""</li><li>
""
""    All fields in this doctype are available under the <b>doc</b> object and all fields for the customer to whom the mail will go to is available under the  <b>customer</b> object.
""
""</li></ul>
""
""<h4> Examples</h4>
""
""<!-- {% raw %} -->
""
""<ul>
""
""    <li><b>Subject</b>:<br><br><pre><code>Statement Of Accounts for {{ customer.customer_name }}</code></pre><br></li>
""
""    <li><b>Body</b>: <br><br>
""
""<pre><code>Hello {{ customer.customer_name }},<br>PFA your Statement Of Accounts from {{ doc.from_date }} to {{ doc.to_date }}.</code> </pre></li>
""
""</ul>
""
""<!-- {% endraw %} -->",,unreviewed
erpnext,"<div class=\""columnHeading\"">Other Details</div>",,unreviewed
erpnext,"<div class=\""text-muted text-center\"">No Matching Bank Transactions Found</div>",,unreviewed
erpnext,"<div class=\""text-muted text-center\"">{0}</div>",,unreviewed
erpnext,"<div>
""
""<h3> All dimensions in centimeter only </h3>
""
""</div>",,unreviewed
erpnext,"<h3>About Product Bundle</h3>

""
""<p>Aggregate group of <b>Items</b> into another <b>Item</b>. This is useful if you are bundling a certain <b>Items</b> into a package and you maintain stock of the packed <b>Items</b> and not the aggregate <b>Item</b>.</p>
""
""<p>The package <b>Item</b> will have <code>Is Stock Item</code> as <b>No</b> and <code>Is Sales Item</code> as <b>Yes</b>.</p>
""
""<h4>Example:</h4>
""
""<p>If you are selling Laptops and Backpacks separately and have a special price if the customer buys both, then the Laptop + Backpack will be a new Product Bundle Item.</p>",,unreviewed
erpnext,"<h3>Currency Exchange Settings Help</h3>
""
""<p>There are 3 variables that could be used within the endpoint, result key and in values of the parameter.</p>
""
""<p>Exchange rate between {from_currency} and {to_currency} on {transaction_date} is fetched by the API.</p>
""
""<p>Example: If your endpoint is exchange.com/2021-08-01, then, you will have to input exchange.com/{transaction_date}</p>",,unreviewed
erpnext,"<h4>Body Text and Closing Text Example</h4>

""
""<div>We have noticed that you have not yet paid invoice {{sales_invoice}} for {{frappe.db.get_value(\""Currency\"", currency, \""symbol\"")}} {{outstanding_amount}}. This is a friendly reminder that the invoice was due on {{due_date}}. Please pay the amount due immediately to avoid any further dunning cost.</div>

""
""<h4>How to get fieldnames</h4>

""
""<p>The fieldnames you can use in your template are the fields in the document. You can find out the fields of any documents via Setup &gt; Customize Form View and selecting the document type (e.g. Sales Invoice)</p>

""
""<h4>Templating</h4>

""
""<p>Templates are compiled using the Jinja Templating Language. To learn more about Jinja, <a class=\""strong\"" href=\""http://jinja.pocoo.org/docs/dev/templates/\"">read this documentation.</a></p>",,unreviewed
erpnext,"<h4>Contract Template Example</h4>

""
""<pre>Contract for Customer {{ party_name }}

""
""-Valid From : {{ start_date }} 
""
""-Valid To : {{ end_date }}
""
""</pre>

""
""<h4>How to get fieldnames</h4>

""
""<p>The field names you can use in your Contract Template are the fields in the Contract for which you are creating the template. You can find out the fields of any documents via Setup &gt; Customize Form View and selecting the document type (e.g. Contract)</p>

""
""<h4>Templating</h4>

""
""<p>Templates are compiled using the Jinja Templating Language. To learn more about Jinja, <a class=\""strong\"" href=\""http://jinja.pocoo.org/docs/dev/templates/\"">read this documentation.</a></p>",,unreviewed
erpnext,"<h4>Standard Terms and Conditions Example</h4>

""
""<pre>Delivery Terms for Order number {{ name }}

""
""-Order Date : {{ transaction_date }} 
""
""-Expected Delivery Date : {{ delivery_date }}
""
""</pre>

""
""<h4>How to get fieldnames</h4>

""
""<p>The fieldnames you can use in your email template are the fields in the document from which you are sending the email. You can find out the fields of any documents via Setup &gt; Customize Form View and selecting the document type (e.g. Sales Invoice)</p>

""
""<h4>Templating</h4>

""
""<p>Templates are compiled using the Jinja Templating Language. To learn more about Jinja, <a class=\""strong\"" href=\""http://jinja.pocoo.org/docs/dev/templates/\"">read this documentation.</a></p>",,unreviewed
erpnext,"<label class=\""control-label\"" style=\""margin-bottom: 0px;\"">Account Number Settings</label>",,unreviewed
erpnext,"<label class=\""control-label\"" style=\""margin-bottom: 0px;\"">Amount In Words</label>",,unreviewed
erpnext,"<label class=\""control-label\"" style=\""margin-bottom: 0px;\"">Date Settings</label>",,unreviewed
erpnext,<li>Clearance date must be after cheque date for row(s): {0}</li>,,unreviewed
erpnext,<li>Item {0} in row(s) {1} billed more than {2}</li>,,unreviewed
erpnext,"<li>Packed Item {0}: Required {1}, Available {2}</li>",,unreviewed
erpnext,<li>Payment document required for row(s): {0}</li>,,unreviewed
erpnext,<li>{}</li>,,unreviewed
erpnext,<p>Cannot overbill for the following Items:</p>,,unreviewed
erpnext,<p>Following {0}s doesn't belong to Company {1} :</p>,,unreviewed
erpnext,"<p>In your <b>Email Template</b>, you can use the following special variables:
""
""</p>
""
""<ul>
""
""        <li>
""
""            <code>{{ update_password_link }}</code>: A link where your supplier can set a new password to log into your portal.
""
""        </li>
""
""        <li>
""
""            <code>{{ portal_link }}</code>: A link to this RFQ in your supplier portal.
""
""        </li>
""
""        <li>
""
""            <code>{{ supplier_name }}</code>: The company name of your supplier.
""
""        </li>
""
""        <li>
""
""            <code>{{ contact.salutation }} {{ contact.last_name }}</code>: The contact person of your supplier.
""
""        </li><li>
""
""            <code>{{ user_fullname }}</code>: Your full name.
""
""        </li>
""
""    </ul>
""
""<p></p>
""
""<p>Apart from these, you can access all values in this RFQ, like <code>{{ message_for_supplier }}</code> or <code>{{ terms }}</code>.</p>",,unreviewed
erpnext,<p>Please correct the following row(s):</p><ul>,,unreviewed
erpnext,<p>Posting Date {0} cannot be before Purchase Order date for the following:</p><ul>,,unreviewed
erpnext,"<p>Price List Rate has not been set as editable in Selling Settings. In this scenario, setting <strong>Update Price List Based On</strong> to <strong>Price List Rate</strong> will prevent auto-updation of Item Price.</p>Are you sure you want to continue?",,unreviewed
erpnext,"<p>To allow over-billing, please set allowance in Accounts Settings.</p>",,unreviewed
erpnext,"<pre><h5>Message Example</h5>

""
""&lt;p&gt; Thank You for being a part of {{ doc.company }}! We hope you are enjoying the service.&lt;/p&gt;

""
""&lt;p&gt; Please find enclosed the E Bill statement. The outstanding amount is {{ doc.grand_total }}.&lt;/p&gt;

""
""&lt;p&gt; We don't want you to be spending time running around in order to pay for your Bill.<br>After all, life is beautiful and the time you have in hand should be spent to enjoy it!<br>So here are our little ways to help you get more time for life! &lt;/p&gt;

""
""&lt;a href=\""{{ payment_url }}\""&gt; click here to pay &lt;/a&gt;

""
""</pre>",,unreviewed
erpnext,"<pre><h5>Message Example</h5>

""
""&lt;p&gt;Dear {{ doc.contact_person }},&lt;/p&gt;

""
""&lt;p&gt;Requesting payment for {{ doc.doctype }}, {{ doc.name }} for {{ doc.grand_total }}.&lt;/p&gt;

""
""&lt;a href=\""{{ payment_url }}\""&gt; click here to pay &lt;/a&gt;

""
""</pre>",,unreviewed
erpnext,"<span class=\""h4\""><b>Masters &amp; Reports</b></span>",,unreviewed
erpnext,"<span class=\""h4\""><b>Quick Access</b></span>",,unreviewed
erpnext,"<span class=\""h4\""><b>Reports & Masters</b></span>",,unreviewed
erpnext,"<span class=\""h4\""><b>Reports &amp; Masters</b></span>",,unreviewed
erpnext,"<span class=\""h4\""><b>Shortcuts</b></span>",,unreviewed
erpnext,"<span class=\""h4\""><b>Subcontracting Inward and Outward</b></span>",,unreviewed
erpnext,"<span class=\""h4\""><b>Your Shortcuts
""
""\t\t\t
""
""\t\t
""
""\t\t\t
""
""\t\t
""
""\t\t\t
""
""\t\t</b></span>",,unreviewed
erpnext,"<span class=\""h4\""><b>Your Shortcuts</b></span>",,unreviewed
erpnext,<strong>Grand Total:</strong> {0},,unreviewed
erpnext,<strong>Outstanding Amount:</strong> {0},,unreviewed
erpnext,"<table class=\""table table-bordered table-condensed\"">
""
""<thead>
""
""  <tr>
""
""         <th class=\""table-sr\"" style=\""width: 50%;\"">Child Document</th>
""
""         <th class=\""table-sr\"" style=\""width: 50%;\"">Non Child Document</th>
""
""   </tr>
""
""</thead>
""
""<tbody>
""
""<tr>
""
""         <td>
""
""                  <p> To access parent document field use parent.fieldname and to access child table document field use doc.fieldname </p>

""
""         </td>
""
""         <td>
""
""                    <p>To access document field use doc.fieldname </p>
""
""         </td>
""
""</tr>
""
""<tr>
""
""        <td>
""
""                   <p><b>Example: </b> parent.doctype == \""Stock Entry\"" and doc.item_code == \""Test\"" </p>

""
""        </td>
""
""         <td>
""
""                   <p><b>Example: </b> doc.doctype == \""Stock Entry\"" and doc.purpose == \""Manufacture\""</p>    
""
""          </td>
""
""</tr>

""
""</tbody>
""
""</table>",,unreviewed
erpnext,A - B,,unreviewed
erpnext,A - C,,unreviewed
erpnext,A Holiday List can be added to exclude counting these days for the Workstation.,,unreviewed
erpnext,A Packing Slip can only be created for Draft Delivery Note.,,unreviewed
erpnext,"A Price List is a collection of Item Prices either Selling, Buying, or both",,unreviewed
erpnext,"A Product or a Service that is bought, sold or kept in stock.",,unreviewed
erpnext,A Reconciliation Job {0} is running for the same filters. Cannot reconcile now,,unreviewed
erpnext,A Reverse Journal Entry {0} already exists for this Journal Entry.,,unreviewed
erpnext,A Transaction Deletion Document: {0} is triggered for {0},,unreviewed
erpnext,A condition for a Shipping Rule,,unreviewed
erpnext,A customer must have primary contact email.,,unreviewed
erpnext,A driver must be set to submit.,,unreviewed
erpnext,A logical Warehouse against which stock entries are made.,,unreviewed
erpnext,A naming series conflict occurred while creating serial numbers. Please change the naming series for the item {0}.,,unreviewed
erpnext,A template with tax category {0} already exists. Only one template is allowed with each tax category,,unreviewed
erpnext,A third party distributor / dealer / commission agent / affiliate / reseller who sells the companies products for a commission.,,unreviewed
erpnext,ACC-PINV-.YYYY.-,,unreviewed
erpnext,AMC Expiry (Serial),,unreviewed
erpnext,API Details,,unreviewed
erpnext,AWB Number,,unreviewed
erpnext,Abampere,,unreviewed
erpnext,Abbreviation: {0} must appear only once,,unreviewed
erpnext,Acceptance Criteria Formula,,unreviewed
erpnext,Acceptance Criteria Value,,unreviewed
erpnext,Accepted Qty in Stock UOM,,unreviewed
erpnext,Access Key,,unreviewed
erpnext,Access Key is required for Service Provider: {0},,unreviewed
erpnext,According to CEFACT/ICG/2010/IC013 or CEFACT/ICG/2010/IC010,,unreviewed
erpnext,"According to the BOM {0}, the Item '{1}' is missing in the stock entry.",,unreviewed
erpnext,Account is mandatory,,unreviewed
erpnext,Account not Found,,unreviewed
erpnext,Account {0} added multiple times,,unreviewed
erpnext,Account {0} cannot be converted to Group as it is already set as {1} for {2}.,,unreviewed
erpnext,Account {0} cannot be disabled as it is already set as {1} for {2}.,,unreviewed
erpnext,Account {0} does not belong to company {1},,unreviewed
erpnext,Account {0} doesn't belong to Company {1},,unreviewed
erpnext,Account {0} is disabled.,,unreviewed
erpnext,Account {0} should be of type Expense,,unreviewed
erpnext,Accounting Entry for Landed Cost Voucher for SCR {0},,unreviewed
erpnext,Accounting Entry for {0},,unreviewed
erpnext,Accounting entries are frozen up to this date. Only users with the specified role can create or modify entries before this date.,,unreviewed
erpnext,Accrued Expenses,,unreviewed
erpnext,Accumulated Monthly Budget for Account {0} against {1} {2} is {3}. It will be collectively ({4}) exceeded by {5},,unreviewed
erpnext,Accumulated Monthly Budget for Account {0} against {1}: {2} is {3}. It will be exceeded by {4},,unreviewed
erpnext,Acre,,unreviewed
erpnext,Acre (US),,unreviewed
erpnext,Action if Accumulative Monthly Budget Exceeded on Cumulative Expense,,unreviewed
erpnext,Action if Anual Budget Exceeded on Cumulative Expense,,unreviewed
erpnext,Action if Same Rate is Not Maintained Throughout  Internal Transaction,,unreviewed
erpnext,Action if Same Rate is Not Maintained Throughout Sales Cycle,,unreviewed
erpnext,Actual End Date cannot be before Actual Start Date,,unreviewed
erpnext,Actual Qty {0} / Waiting Qty {1},,unreviewed
erpnext,Actual Qty: Quantity available in the warehouse.,,unreviewed
erpnext,Ad-hoc Qty,,unreviewed
erpnext,Add Corrective Operation Cost in Finished Good Valuation,,unreviewed
erpnext,Add Items in the Purpose Table,,unreviewed
erpnext,Add Serial / Batch No (Rejected Qty),,unreviewed
erpnext,Added Supplier Role to User {0}.,,unreviewed
erpnext,Added {1} Role to User {0}.,,unreviewed
erpnext,Additional Discount Amount ({discount_amount}) cannot exceed the total before such discount ({total_before_discount}),,unreviewed
erpnext,"Additional Transferred Qty {0}
""
""\t\t\t\t\tcannot be greater than {1}.
""
""\t\t\t\t\tTo fix this, increase the percentage value
""
""\t\t\t\t\tof the field 'Transfer Extra Raw Materials to WIP'
""
""\t\t\t\t\tin Manufacturing Settings.",,unreviewed
erpnext,Additional {0} {1} of item {2} required as per BOM to complete this transaction,,unreviewed
erpnext,Adjustment based on Purchase Invoice rate,,unreviewed
erpnext,Advance Account: {0} must be in either customer billing currency: {1} or Company default currency: {2},,unreviewed
erpnext,Advance paid against {0} {1} cannot be greater than Grand Total {2},,unreviewed
erpnext,Advance payments allocated against orders will only be fetched,,unreviewed
erpnext,Aerospace,,unreviewed
erpnext,Against Customer Order {0},,unreviewed
erpnext,Against Supplier Invoice {0},,unreviewed
erpnext,Ageing Report based on {0} up to {1},,unreviewed
erpnext,Aggregate a group of Items into another Item. This is useful if you are maintaining the stock of the packed items and not the bundled item,,unreviewed
erpnext,Airline,,unreviewed
erpnext,All Parties ,,unreviewed
erpnext,All Sales Transactions can be tagged against multiple Sales Persons so that you can set and monitor targets.,,unreviewed
erpnext,All allocations have been successfully reconciled,,unreviewed
erpnext,All items are already requested,,unreviewed
erpnext,All items have already been received,,unreviewed
erpnext,All items in this document already have a linked Quality Inspection.,,unreviewed
erpnext,All items must be linked to a Sales Order or Subcontracting Inward Order for this Sales Invoice.,,unreviewed
erpnext,All linked Sales Orders must be subcontracted.,,unreviewed
erpnext,All the Comments and Emails will be copied from one document to another newly created document(Lead -> Opportunity -> Quotation) throughout the CRM documents.,,unreviewed
erpnext,All the items have been already returned.,,unreviewed
erpnext,"All the required items (raw materials) will be fetched from BOM and populated in this table. Here you can also change the Source Warehouse for any item. And during the production, you can track transferred raw materials from this table.",,unreviewed
erpnext,Allow Alternative Item must be checked on Item {},,unreviewed
erpnext,Allow Editing of Items and Quantities in Work Order,,unreviewed
erpnext,Allow Implicit Pegged Currency Conversion,,unreviewed
erpnext,Allow Item to Be Added Multiple Times in a Transaction,,unreviewed
erpnext,Allow Item to be Added Multiple Times in a Transaction,,unreviewed
erpnext,Allow Lead Duplication based on Emails,,unreviewed
erpnext,Allow Purchase Order with Zero Quantity,,unreviewed
erpnext,Allow Quotation with Zero Quantity,,unreviewed
erpnext,Allow Request for Quotation with Zero Quantity,,unreviewed
erpnext,Allow Sales Order Creation For Expired Quotation,,unreviewed
erpnext,Allow Sales Order with Zero Quantity,,unreviewed
erpnext,Allow Supplier Quotation with Zero Quantity,,unreviewed
erpnext,Allow UOM with Conversion Rate Defined in Item,,unreviewed
erpnext,Allow Variant UOM to be different from Template UOM,,unreviewed
erpnext,Allow existing Serial No to be Manufactured/Received again,,unreviewed
erpnext,Allow material consumptions without immediately manufacturing finished goods against a Work Order,,unreviewed
erpnext,Allow multi-currency invoices against single party account ,,unreviewed
erpnext,Allow to Edit Stock UOM Qty for Purchase Documents,,unreviewed
erpnext,Allow to Edit Stock UOM Qty for Sales Documents,,unreviewed
erpnext,Allow to Make Quality Inspection after Purchase / Delivery,,unreviewed
erpnext,Allow transferring raw materials even after the Required Quantity is fulfilled,,unreviewed
erpnext,Allowed primary roles are 'Customer' and 'Supplier'. Please select one of these roles only.,,unreviewed
erpnext,Allows to keep aside a specific quantity of inventory for a particular order.,,unreviewed
erpnext,Allows users to submit Purchase Orders with zero quantity. Useful when rates are fixed but the quantities are not. Eg. Rate Contracts.,,unreviewed
erpnext,Allows users to submit Quotations with zero quantity. Useful when rates are fixed but the quantities are not. Eg. Rate Contracts.,,unreviewed
erpnext,Allows users to submit Request for Quotations with zero quantity. Useful when rates are fixed but the quantities are not. Eg. Rate Contracts.,,unreviewed
erpnext,Allows users to submit Sales Orders with zero quantity. Useful when rates are fixed but the quantities are not. Eg. Rate Contracts.,,unreviewed
erpnext,Allows users to submit Supplier Quotations with zero quantity. Useful when rates are fixed but the quantities are not. Eg. Rate Contracts.,,unreviewed
erpnext,Also you can't switch back to FIFO after setting the valuation method to Moving Average for this item.,,unreviewed
erpnext,"Alternatively, you can download the template and fill your data in.",,unreviewed
erpnext,Amount (AED),,unreviewed
erpnext,Amount in party's bank account currency,,unreviewed
erpnext,Amount in transaction currency,,unreviewed
erpnext,Amount in {0},,unreviewed
erpnext,Ampere,,unreviewed
erpnext,Ampere-Hour,,unreviewed
erpnext,Ampere-Minute,,unreviewed
erpnext,Ampere-Second,,unreviewed
erpnext,An Item Group is a way to classify items based on types.,,unreviewed
erpnext,An error has been appeared while reposting item valuation via {0},,unreviewed
erpnext,An error occurred for certain Items while creating Material Requests based on Re-order level. Please rectify these issues :,,unreviewed
erpnext,Analysis Chart,,unreviewed
erpnext,Annual Budget for Account {0} against {1} {2} is {3}. It will be collectively ({4}) exceeded by {5},,unreviewed
erpnext,Annual Budget for Account {0} against {1}: {2} is {3}. It will be exceeded by {4},,unreviewed
erpnext,Another Budget record '{0}' already exists against {1} '{2}' and account '{3}' with overlapping fiscal years.,,unreviewed
erpnext,"Another Cost Center Allocation record {0} applicable from {1}, hence this allocation will be applicable upto {2}",,unreviewed
erpnext,Another Payment Request is already processed,,unreviewed
erpnext,"Any one of following filters required: warehouse, Item Code, Item Group",,unreviewed
erpnext,Apparel & Accessories,,unreviewed
erpnext,Applied on each reading.,,unreviewed
erpnext,Applied putaway rules.,,unreviewed
erpnext,Apply Recursion Over (As Per Transaction UOM),,unreviewed
erpnext,Apply Tax Withholding Amount ,,unreviewed
erpnext,Appointment Scheduling has been disabled for this site,,unreviewed
erpnext,Appointment was created. But no lead was found. Please check the email to confirm,,unreviewed
erpnext,Approximately match the description/party name against parties,,unreviewed
erpnext,Are,,unreviewed
erpnext,Are you sure you want to delete {0}?<p>This action will also delete all associated Common Code documents.</p>,,unreviewed
erpnext,Are you sure you want to restart this subscription?,,unreviewed
erpnext,Are you sure you want to revise this budget? The current budget will be cancelled and a new draft will be created.,,unreviewed
erpnext,Arshin,,unreviewed
erpnext,"As there are existing submitted transactions against item {0}, you can not change the value of {1}.",,unreviewed
erpnext,"As there are reserved stock, you cannot disable {0}.",,unreviewed
erpnext,"As there are sufficient Sub Assembly Items, Work Order is not required for Warehouse {0}.",,unreviewed
erpnext,"As {0} is enabled, you can not enable {1}.",,unreviewed
erpnext,Asset Depreciation Schedule for Asset {0} and Finance Book {1} is not using shift based depreciation,,unreviewed
erpnext,Asset Depreciation Schedule not found for Asset {0} and Finance Book {1},,unreviewed
erpnext,Asset Depreciation Schedule {0} for Asset {1} already exists.,,unreviewed
erpnext,Asset Depreciation Schedule {0} for Asset {1} and Finance Book {2} already exists.,,unreviewed
erpnext,"Asset Depreciation Schedules created/updated:<br>{0}<br><br>Please check, edit if needed, and submit the Asset.",,unreviewed
erpnext,Asset Shift Factor {0} is set as default currently. Please change it first.,,unreviewed
erpnext,Asset cannot be scrapped before the last depreciation entry.,,unreviewed
erpnext,Asset capitalized after Asset Capitalization {0} was submitted,,unreviewed
erpnext,Asset created after being split from Asset {0},,unreviewed
erpnext,Asset issued to Employee {0},,unreviewed
erpnext,Asset out of order due to Asset Repair {0},,unreviewed
erpnext,Asset received at Location {0} and issued to Employee {1},,unreviewed
erpnext,Asset restored after Asset Capitalization {0} was cancelled,,unreviewed
erpnext,Asset transferred to Location {0},,unreviewed
erpnext,Asset updated after being split into Asset {0},,unreviewed
erpnext,Asset updated due to Asset Repair {0} {1}.,,unreviewed
erpnext,Asset {0} does not belong to Item {1},,unreviewed
erpnext,Asset {0} does not belong to the custodian {1},,unreviewed
erpnext,Asset {0} does not belong to the location {1},,unreviewed
erpnext,Asset {0} does not exist,,unreviewed
erpnext,Asset {0} has been updated. Please set the depreciation details if any and submit it.,,unreviewed
erpnext,Asset {0} is in {1} status and cannot be repaired.,,unreviewed
erpnext,Asset {0} is not set to calculate depreciation.,,unreviewed
erpnext,Asset {0} is not submitted. Please submit the asset before proceeding.,,unreviewed
erpnext,Asset {assets_link} created for {item_code},,unreviewed
erpnext,Asset's depreciation schedule updated after Asset Shift Allocation {0},,unreviewed
erpnext,Asset's value adjusted after cancellation of Asset Value Adjustment {0},,unreviewed
erpnext,Asset's value adjusted after submission of Asset Value Adjustment {0},,unreviewed
erpnext,Assets {assets_link} created for {item_code},,unreviewed
erpnext,At Row #{0}: The picked quantity {1} for the item {2} is greater than available stock {3} for the batch {4} in the warehouse {5}. Please restock the item.,,unreviewed
erpnext,At Row #{0}: The picked quantity {1} for the item {2} is greater than available stock {3} in the warehouse {4}.,,unreviewed
erpnext,At least one account with exchange gain or loss is required,,unreviewed
erpnext,At least one item should be entered with negative quantity in return document,,unreviewed
erpnext,At least one of the Selling or Buying must be selected,,unreviewed
erpnext,At least one row is required for a financial report template,,unreviewed
erpnext,At least one warehouse is mandatory,,unreviewed
erpnext,"At row #{0}: the Difference Account must not be a Stock type account, please change the Account Type for the account {1} or select a different account",,unreviewed
erpnext,"At row #{0}: you have selected the Difference Account {1}, which is a Cost of Goods Sold type account. Please select a different account",,unreviewed
erpnext,At row {0}: Batch No is mandatory for Item {1},,unreviewed
erpnext,At row {0}: Parent Row No cannot be set for item {1},,unreviewed
erpnext,At row {0}: Qty is mandatory for the batch {1},,unreviewed
erpnext,At row {0}: Serial No is mandatory for Item {1},,unreviewed
erpnext,At row {0}: Serial and Batch Bundle {1} has already created. Please remove the values from the serial no or batch no fields.,,unreviewed
erpnext,At row {0}: set Parent Row No for item {1},,unreviewed
erpnext,Atleast one raw material for Finished Good Item {0} should be customer provided.,,unreviewed
erpnext,Atmosphere,,unreviewed
erpnext,"Attach a comma separated .csv file with two columns, one for the old name and one for the new name.",,unreviewed
erpnext,Attribute value: {0} must appear only once,,unreviewed
erpnext,Auto Insert Item Price If Missing,,unreviewed
erpnext,Auto Reconciliation has started in the background,,unreviewed
erpnext,Auto Reconciliation of Payments has been disabled. Enable it through {0},,unreviewed
erpnext,Auto Reserve Stock for Sales Order on Purchase,,unreviewed
erpnext,Auto close Opportunity Replied after the no. of days mentioned above,,unreviewed
erpnext,Auto match and set the Party in Bank Transactions,,unreviewed
erpnext,Auto write off precision loss while consolidation,,unreviewed
erpnext,Automotive,,unreviewed
erpnext,B+,,unreviewed
erpnext,B-,,unreviewed
erpnext,BOM No (For Semi-Finished Goods),,unreviewed
erpnext,BOM Update Tool Log with job status maintained,,unreviewed
erpnext,BOM Updation already in progress. Please wait until {0} is complete.,,unreviewed
erpnext,BOM Updation is queued and may take a few minutes. Check {0} for progress.,,unreviewed
erpnext,BOM recursion: {1} cannot be parent or child of {0},,unreviewed
erpnext,BOM {0} not found for the item {1},,unreviewed
erpnext,BOMs Updated,,unreviewed
erpnext,BOMs created successfully,,unreviewed
erpnext,BOMs creation failed,,unreviewed
erpnext,"BOMs creation has been enqueued, kindly check the status after some time",,unreviewed
erpnext,Bank Account {} in Bank Transaction {} is not matching with Bank Account {},,unreviewed
erpnext,Bank Transaction {0} Matched,,unreviewed
erpnext,Bank Transaction {0} added as Journal Entry,,unreviewed
erpnext,Bank Transaction {0} added as Payment Entry,,unreviewed
erpnext,Bank Transaction {0} is already fully reconciled,,unreviewed
erpnext,Bank Transaction {0} updated,,unreviewed
erpnext,Bank/Cash Account {0} doesn't belong to company {1},,unreviewed
erpnext,Barleycorn,,unreviewed
erpnext,Barrel (Oil),,unreviewed
erpnext,Barrel(Beer),,unreviewed
erpnext,"Based on your HR Policy, select your leave allocation period's end date",,unreviewed
erpnext,"Based on your HR Policy, select your leave allocation period's start date",,unreviewed
erpnext,Batch No {0} does not exists,,unreviewed
erpnext,Batch No {0} is linked with Item {1} which has serial no. Please scan serial no instead.,,unreviewed
erpnext,"Batch No {0} is not present in the original {1} {2}, hence you can't return it against the {1} {2}",,unreviewed
erpnext,Batch Nos are created successfully,,unreviewed
erpnext,Batch Qty updated to {0},,unreviewed
erpnext,Batch not created for item {} since it does not have a batch series.,,unreviewed
erpnext,Batch {0} and Warehouse,,unreviewed
erpnext,Batch {0} is not available in warehouse {1},,unreviewed
erpnext,Below Subscription Plans are of different currency to the party default billing currency/Company currency: {0},,unreviewed
erpnext,"Billed, Received & Returned",,unreviewed
erpnext,Billing Address does not belong to the {0},,unreviewed
erpnext,Billing Interval in Subscription Plan must be Month to follow calendar months,,unreviewed
erpnext,Biot,,unreviewed
erpnext,Biotechnology,,unreviewed
erpnext,"Bold text for emphasis (totals, major headings)",,unreviewed
erpnext,Booking stock value across multiple accounts will make it harder to track stock and account value.,,unreviewed
erpnext,Both Payable Account: {0} and Advance Account: {1} must be of same currency for company: {2},,unreviewed
erpnext,Both Receivable Account: {0} and Advance Account: {1} must be of same currency for company: {2},,unreviewed
erpnext,Both {0} Account: {1} and Advance Account: {2} must be of same currency for company: {3},,unreviewed
erpnext,Broadcasting,,unreviewed
erpnext,Brokerage,,unreviewed
erpnext,Btu (It),,unreviewed
erpnext,Btu (Mean),,unreviewed
erpnext,Btu (Th),,unreviewed
erpnext,Btu/Hour,,unreviewed
erpnext,Btu/Minutes,,unreviewed
erpnext,Btu/Seconds,,unreviewed
erpnext,Bucket Size,,unreviewed
erpnext,Bushel (UK),,unreviewed
erpnext,Bushel (US Dry Level),,unreviewed
erpnext,Buyer of Goods and Services.,,unreviewed
erpnext,"By default, the Supplier Name is set as per the Supplier Name entered. If you want Suppliers to be named by a <a href='https://docs.erpnext.com/docs/user/manual/en/setting-up/settings/naming-series' target='_blank'>Naming Series</a> choose the 'Naming Series' option.",,unreviewed
erpnext,Bypass credit check at Sales Order,,unreviewed
erpnext,CODE-39,,unreviewed
erpnext,Caballeria,,unreviewed
erpnext,Cable Length,,unreviewed
erpnext,Cable Length (UK),,unreviewed
erpnext,Cable Length (US),,unreviewed
erpnext,Calculate Product Bundle Price based on Child Items' Rates,,unreviewed
erpnext,Calculate but don't show on final report,,unreviewed
erpnext,Calculate daily depreciation using total days in depreciation period,,unreviewed
erpnext,Calibre,,unreviewed
erpnext,Call Again,,unreviewed
erpnext,Call Ended,,unreviewed
erpnext,Call Handling Schedule,,unreviewed
erpnext,Call Received By,,unreviewed
erpnext,Call Receiving Device,,unreviewed
erpnext,Call Routing,,unreviewed
erpnext,Call Schedule Row {0}: To time slot should always be ahead of From time slot.,,unreviewed
erpnext,Call Summary Saved,,unreviewed
erpnext,Call Type,,unreviewed
erpnext,Callback,,unreviewed
erpnext,Calorie (Food),,unreviewed
erpnext,Calorie (It),,unreviewed
erpnext,Calorie (Mean),,unreviewed
erpnext,Calorie (Th),,unreviewed
erpnext,Calorie/Seconds,,unreviewed
erpnext,Can not close Work Order. Since {0} Job Cards are in Work In Progress state.,,unreviewed
erpnext,"Can not filter based on Child Account, if grouped by Account",,unreviewed
erpnext,Can refer row only if the charge type is 'On Previous Row Amount' or 'Previous Row Total',,unreviewed
erpnext,"Can't change the valuation method, as there are transactions against some items which do not have its own valuation method",,unreviewed
erpnext,Cannot Resubmit Ledger entries for vouchers in Closed fiscal year.,,unreviewed
erpnext,"Cannot amend {0} {1}, please create a new one instead.",,unreviewed
erpnext,Cannot apply TDS against multiple parties in one entry,,unreviewed
erpnext,Cannot cancel Asset Depreciation Schedule {0} as it has a draft journal entry {1}.,,unreviewed
erpnext,Cannot cancel POS Closing Entry,,unreviewed
erpnext,"Cannot cancel Stock Reservation Entry {0}, as it has used in the work order {1}. Please cancel the work order first or unreserved the stock",,unreviewed
erpnext,Cannot cancel as processing of cancelled documents is pending.,,unreviewed
erpnext,Cannot cancel the transaction. Reposting of item valuation on submission is not completed yet.,,unreviewed
erpnext,Cannot cancel this Manufacturing Stock Entry as quantity of Finished Good produced cannot be less than quantity delivered in the linked Subcontracting Inward Order.,,unreviewed
erpnext,Cannot cancel this document as it is linked with the submitted asset {asset_link}. Please cancel the asset to continue.,,unreviewed
erpnext,Cannot change Reference Document Type.,,unreviewed
erpnext,Cannot complete task {0} as its dependant task {1} are not completed / cancelled.,,unreviewed
erpnext,Cannot convert Task to non-group because the following child Tasks exist: {0}.,,unreviewed
erpnext,Cannot convert to Group because Account Type is selected.,,unreviewed
erpnext,Cannot create Stock Reservation Entries for future dated Purchase Receipts.,,unreviewed
erpnext,Cannot create a pick list for Sales Order {0} because it has reserved stock. Please unreserve the stock in order to create a pick list.,,unreviewed
erpnext,Cannot create accounting entries against disabled accounts: {0},,unreviewed
erpnext,Cannot create return for consolidated invoice {0}.,,unreviewed
erpnext,Cannot delete Exchange Gain/Loss row,,unreviewed
erpnext,Cannot delete an item which has been ordered,,unreviewed
erpnext,"Cannot disable perpetual inventory, as there are existing Stock Ledger Entries for the company {0}. Please cancel the stock transactions first and try again.",,unreviewed
erpnext,Cannot disassemble more than produced quantity.,,unreviewed
erpnext,"Cannot enable Item-wise Inventory Account, as there are existing Stock Ledger Entries for the company {0} with Warehouse-wise Inventory Account. Please cancel the stock transactions first and try again.",,unreviewed
erpnext,Cannot enqueue multi docs for one company. {0} is already queued/running for company: {1},,unreviewed
erpnext,Cannot find Item or Warehouse with this Barcode,,unreviewed
erpnext,Cannot find a default warehouse for item {0}. Please set one in the Item Master or in Stock Settings.,,unreviewed
erpnext,Cannot make any transactions until the deletion job is completed,,unreviewed
erpnext,Cannot produce more item for {0},,unreviewed
erpnext,Cannot produce more than {0} items for {1},,unreviewed
erpnext,Cannot receive from customer against negative outstanding,,unreviewed
erpnext,Cannot reduce quantity than ordered or purchased quantity,,unreviewed
erpnext,Cannot retrieve link token for update. Check Error Log for more information,,unreviewed
erpnext,Cannot retrieve link token. Check Error Log for more information,,unreviewed
erpnext,Cannot {0} from {1} without any negative outstanding invoice,,unreviewed
erpnext,Canonical URI,,unreviewed
erpnext,Capital Equipment,,unreviewed
erpnext,Capitalize this asset before submitting.,,unreviewed
erpnext,Carat,,unreviewed
erpnext,Carriage Paid To,,unreviewed
erpnext,Carriage and Insurance Paid to,,unreviewed
erpnext,Categorize By,,unreviewed
erpnext,Celsius,,unreviewed
erpnext,Cental,,unreviewed
erpnext,Centiarea,,unreviewed
erpnext,Centigram/Litre,,unreviewed
erpnext,Centilitre,,unreviewed
erpnext,Centimeter,,unreviewed
erpnext,Chain,,unreviewed
erpnext,Changed customer name to '{}' as '{}' already exists.,,unreviewed
erpnext,"Changing the valuation method to Moving Average will affect new transactions. If backdated entries are added, earlier FIFO-based entries will be reposted, which may change closing balances.",,unreviewed
erpnext,Charge of type 'Actual' in row {0} cannot be included in Item Rate or Paid Amount,,unreviewed
erpnext,Charges are updated in Purchase Receipt against each item,,unreviewed
erpnext,"Charges will be distributed proportionately based on item qty or amount, as per your selection",,unreviewed
erpnext,Checking this will round off the tax amount to the nearest integer,,unreviewed
erpnext,Chemical,,unreviewed
erpnext,Chief Executive Officer,,unreviewed
erpnext,Chief Financial Officer,,unreviewed
erpnext,Chief Operating Officer,,unreviewed
erpnext,Chief Technology Officer,,unreviewed
erpnext,Classification of Customers by region,,unreviewed
erpnext,Click on 'Get Finished Goods for Manufacture' to fetch the items from the above Sales Orders. Items only for which a BOM is present will be fetched.,,unreviewed
erpnext,Click on Add to Holidays. This will populate the holidays table with all the dates that fall on the selected weekly off. Repeat the process for populating the dates for all your weekly holidays,,unreviewed
erpnext,Click on Get Sales Orders to fetch sales orders based on the above filters.,,unreviewed
erpnext,Click this button if you encounter a negative stock error for a serial or batch item. The system will fetch the available serials or batches automatically.,,unreviewed
erpnext,Click to add email / phone,,unreviewed
erpnext,Closing [Opening + Total] ,,unreviewed
erpnext,"Code to reference this line in formulas (e.g., REV100, EXP200, ASSET100)",,unreviewed
erpnext,"Color to highlight values (e.g., red for exceptions)",,unreviewed
erpnext,Columns are not according to template. Please compare the uploaded file with standard template,,unreviewed
erpnext,Combined invoice portion must equal 100%,,unreviewed
erpnext,Company Address is missing. You don't have permission to update it. Please contact your System Manager.,,unreviewed
erpnext,Company and Posting Date is mandatory,,unreviewed
erpnext,Company is mandatory,,unreviewed
erpnext,Company is mandatory for company account,,unreviewed
erpnext,Company is mandatory for generating an invoice. Please set a default company in Global Defaults.,,unreviewed
erpnext,Company which internal customer represents,,unreviewed
erpnext,Company which internal customer represents.,,unreviewed
erpnext,Company which internal supplier represents,,unreviewed
erpnext,Company {0} added multiple times,,unreviewed
erpnext,Company {0} is added more than once,,unreviewed
erpnext,Company {} does not exist yet. Taxes setup aborted.,,unreviewed
erpnext,Company {} does not match with POS Profile Company {},,unreviewed
erpnext,Completion Date can not be before Failure Date. Please adjust the dates accordingly.,,unreviewed
erpnext,Conditional Rule Examples,,unreviewed
erpnext,Configure the action to stop the transaction or just warn if the same rate is not maintained.,,unreviewed
erpnext,Consolidated Trial Balance can be generated for Companies having same root Company.,,unreviewed
erpnext,Consolidated Trial balance could not be generated as Exchange Rate from {0} to {1} is not available for {2}.,,unreviewed
erpnext,Consulting,,unreviewed
erpnext,Consumables,,unreviewed
erpnext,Consumed Qty cannot be greater than Reserved Qty for item {0},,unreviewed
erpnext,"Consumed Stock Items, Consumed Asset Items or Consumed Service Items is mandatory for Capitalization",,unreviewed
erpnext,Consumed quantity of item {0} exceeds transferred quantity.,,unreviewed
erpnext,Consumer Products,,unreviewed
erpnext,Contact Person does not belong to the {0},,unreviewed
erpnext,Conversion factor for item {0} has been reset to 1.0 as the uom {1} is same as stock uom {2}.,,unreviewed
erpnext,"Conversion rate is 1.00, but document currency is different from company currency",,unreviewed
erpnext,Conversion rate must be 1.00 if document currency is same as company currency,,unreviewed
erpnext,Cosmetics,,unreviewed
erpnext,Cost Center for Item rows has been updated to {0},,unreviewed
erpnext,"Cost Center is a part of Cost Center Allocation, hence cannot be converted to a group",,unreviewed
erpnext,Cost Center with Allocation records can not be converted to a group,,unreviewed
erpnext,Cost Center {0} cannot be used for allocation as it is used as main cost center in other allocation record.,,unreviewed
erpnext,Cost Center {} doesn't belong to Company {},,unreviewed
erpnext,Cost Center {} is a group cost center and group cost centers cannot be used in transactions,,unreviewed
erpnext,Cost and Freight,,unreviewed
erpnext,Cost of Goods Sold Account in Items Table,,unreviewed
erpnext,"Cost, Insurance and Freight",,unreviewed
erpnext,Costing and Billing fields has been updated,,unreviewed
erpnext,Could Not Delete Demo Data,,unreviewed
erpnext,Could not detect the Company for updating Bank Accounts,,unreviewed
erpnext,Could not find a suitable shift to match the difference: {0},,unreviewed
erpnext,Could not find path for ,,unreviewed
erpnext,Coulomb,,unreviewed
erpnext,Cr,,unreviewed
erpnext,Create Employee records.,,unreviewed
erpnext,Create Payment Entry for Consolidated POS Invoices.,,unreviewed
erpnext,Create a variant with the template image.,,unreviewed
erpnext,Create in Draft Status,,unreviewed
erpnext,Create {0} {1} ?,,unreviewed
erpnext,Creating Delivery Schedule...,,unreviewed
erpnext,Creating Packing Slip ...,,unreviewed
erpnext,Creating Purchase Invoices ...,,unreviewed
erpnext,Creating Sales Invoices ...,,unreviewed
erpnext,Creating Subcontracting Inward Order ...,,unreviewed
erpnext,Creating Subcontracting Order ...,,unreviewed
erpnext,Creating Subcontracting Receipt ...,,unreviewed
erpnext,Creating User...,,unreviewed
erpnext,Creation of <b><a href='/app/{0}'>{1}(s)</a></b> successful,,unreviewed
erpnext,"Creation of {0} failed.
""
""\t\t\t\tCheck <b><a href=\""/app/bulk-transaction-log\"">Bulk Transaction Log</a></b>",,unreviewed
erpnext,"Creation of {0} partially successful.
""
""\t\t\t\tCheck <b><a href=\""/app/bulk-transaction-log\"">Bulk Transaction Log</a></b>",,unreviewed
erpnext,"Credit Note will update it's own outstanding amount, even if 'Return Against' is specified.",,unreviewed
erpnext,Criteria weights must add up to 100%,,unreviewed
erpnext,Cron Interval should be between 1 and 59 Min,,unreviewed
erpnext,Cross Listing of Item in multiple groups,,unreviewed
erpnext,Cubic Centimeter,,unreviewed
erpnext,Cubic Decimeter,,unreviewed
erpnext,Cubic Foot,,unreviewed
erpnext,Cubic Inch,,unreviewed
erpnext,Cubic Meter,,unreviewed
erpnext,Cubic Millimeter,,unreviewed
erpnext,Cubic Yard,,unreviewed
erpnext,Cup,,unreviewed
erpnext,Currency Exchange Settings Details,,unreviewed
erpnext,Currency Exchange Settings Result,,unreviewed
erpnext,Currency filters are currently unsupported in Custom Financial Report.,,unreviewed
erpnext,Curves,,unreviewed
erpnext,Custom API,,unreviewed
erpnext,Custom delimiters,,unreviewed
erpnext,Customer ,,unreviewed
erpnext,Customer / Item / Item Group,,unreviewed
erpnext,Customer > Customer Group > Territory,,unreviewed
erpnext,Customer Group: {0} does not exist,,unreviewed
erpnext,Customer Name: ,,unreviewed
erpnext,Customer Warehouse {0} does not belong to Customer {1}.,,unreviewed
erpnext,Customer's Vendor,,unreviewed
erpnext,Customer: ,,unreviewed
erpnext,Cycle/Second,,unreviewed
erpnext,D - E,,unreviewed
erpnext,Date ,,unreviewed
erpnext,Date must be between {0} and {1},,unreviewed
erpnext,Date: {0} to {1},,unreviewed
erpnext,Dealer,,unreviewed
erpnext,"Debit Note will update it's own outstanding amount, even if 'Return Against' is specified.",,unreviewed
erpnext,Debit-Credit Mismatch,,unreviewed
erpnext,Debit-Credit mismatch,,unreviewed
erpnext,Debtor/Creditor,,unreviewed
erpnext,Debtor/Creditor Advance,,unreviewed
erpnext,Decigram/Litre,,unreviewed
erpnext,Decilitre,,unreviewed
erpnext,Decimeter,,unreviewed
erpnext,Default BOM not found for FG Item {0},,unreviewed
erpnext,Default Service Level Agreement for {0} already exists.,,unreviewed
erpnext,Default Unit of Measure for Item {0} cannot be changed directly because you have already made some transaction(s) with another UOM. You need to either cancel the linked documents or create a new Item.,,unreviewed
erpnext,Default settings for your stock-related transactions,,unreviewed
erpnext,"Default tax templates for sales, purchase and items are created.",,unreviewed
erpnext,Defense,,unreviewed
erpnext,Deferred accounting failed for some invoices:,,unreviewed
erpnext,Dekagram/Litre,,unreviewed
erpnext,Deleting {0} and all associated Common Code documents...,,unreviewed
erpnext,Delivered At Place,,unreviewed
erpnext,Delivered At Place Unloaded,,unreviewed
erpnext,Delivered Duty Paid,,unreviewed
erpnext,Delivery From Date,,unreviewed
erpnext,Delivery Notes should not be in draft state when submitting a Delivery Trip. The following Delivery Notes are still in draft state: {0}. Please submit them first.,,unreviewed
erpnext,Delivery To Date,,unreviewed
erpnext,Delivery to,,unreviewed
erpnext,Demo Bank Account,,unreviewed
erpnext,Demo Company,,unreviewed
erpnext,Demo data cleared,,unreviewed
erpnext,Dependant SLE Voucher Detail No,,unreviewed
erpnext,Dependent Task {0} is not a Template Task,,unreviewed
erpnext,Depreciation Entry against asset {0},,unreviewed
erpnext,Depreciation Entry against {0} worth {1},,unreviewed
erpnext,Depreciation Expense Account should be an Income or Expense Account.,,unreviewed
erpnext,Depreciation Posting Date cannot be before Available-for-use Date,,unreviewed
erpnext,Depreciation Row {0}: Depreciation Posting Date cannot be before Available-for-use Date,,unreviewed
erpnext,Depreciation cannot be calculated for fully depreciated assets,,unreviewed
erpnext,Depreciation eliminated via reversal,,unreviewed
erpnext,"Descriptive name for your template (e.g., 'Standard P&L', 'Detailed Balance Sheet')",,unreviewed
erpnext,Designer,,unreviewed
erpnext,"Difference Account must be a Asset/Liability type account (Temporary Opening), since this Stock Entry is an Opening Entry",,unreviewed
erpnext,Different 'Source Warehouse' and 'Target Warehouse' can be set for each row.,,unreviewed
erpnext,Disable template to prevent use in reports,,unreviewed
erpnext,Disabled Warehouse {0} cannot be used for this transaction.,,unreviewed
erpnext,Disabled pricing rules since this {} is an internal transfer,,unreviewed
erpnext,Disabled tax included prices since this {} is an internal transfer,,unreviewed
erpnext,Disables auto-fetching of existing quantity,,unreviewed
erpnext,Disassemble Qty cannot be less than or equal to <b>0</b>.,,unreviewed
erpnext,Discount (%) on Price List Rate with Margin,,unreviewed
erpnext,Discount Percentage can be applied either against a Price List or for all Price List.,,unreviewed
erpnext,Discount cannot be greater than 100%,,unreviewed
erpnext,Discount cannot be greater than 100%.,,unreviewed
erpnext,Discount of {} applied as per Payment Term,,unreviewed
erpnext,Discount on Price List Rate (%),,unreviewed
erpnext,"Discounts to be applied in sequential ranges like buy 1 get 1, buy 2 get 2, buy 3 get 3 and so on",,unreviewed
erpnext,Discrepancy between General and Payment Ledger,,unreviewed
erpnext,Disposal date {0} cannot be before {1} date {2} of the asset.,,unreviewed
erpnext,Distinct Item and Warehouse,,unreviewed
erpnext,Distinct unit of an Item,,unreviewed
erpnext,Distribute Additional Costs Based On ,,unreviewed
erpnext,Distribute Equally,,unreviewed
erpnext,Distribute Manually,,unreviewed
erpnext,Do you still want to enable immutable ledger?,,unreviewed
erpnext,Do you still want to enable negative inventory?,,unreviewed
erpnext,Do you want to change valuation method?,,unreviewed
erpnext,Do you want to submit the stock entry?,,unreviewed
erpnext,DocTypes should not be added manually to the 'Excluded DocTypes' table. You are only allowed to remove entries from it.,,unreviewed
erpnext,Document Type already used as a dimension,,unreviewed
erpnext,Documentation,,unreviewed
erpnext,Documents Processed on each trigger. Queue Size should be between 5 and 100,,unreviewed
erpnext,Documents: {0} have deferred revenue/expense enabled for them. Cannot repost.,,unreviewed
erpnext,Don't Create Loyalty Points,,unreviewed
erpnext,Don't Enforce Free Item Qty,,unreviewed
erpnext,Don't Reserve Sales Order Qty on Sales Return,,unreviewed
erpnext,Dont Recompute tax,,unreviewed
erpnext,Dram,,unreviewed
erpnext,Drops existing SQL Procedures and Function setup by Accounts Receivable report,,unreviewed
erpnext,"Due to stock closing entry {0}, you cannot repost item valuation before {1}",,unreviewed
erpnext,Duplicate Operating Component {0} found in Operating Components,,unreviewed
erpnext,Duplicate Stock Closing Entry,,unreviewed
erpnext,Duplicate customer group found in the customer group table,,unreviewed
erpnext,Dyne,,unreviewed
erpnext,EAN,,unreviewed
erpnext,EAN-12,,unreviewed
erpnext,EAN-8,,unreviewed
erpnext,EMU Of Charge,,unreviewed
erpnext,EMU of current,,unreviewed
erpnext,Editing {0} is not allowed as per POS Profile settings,,unreviewed
erpnext,Either 'Selling' or 'Buying' must be selected,,unreviewed
erpnext,Either Workstation or Workstation Type is mandatory,,unreviewed
erpnext,Electronics,,unreviewed
erpnext,Ells (UK),,unreviewed
erpnext,"Email Address must be unique, it is already used in {0}",,unreviewed
erpnext,Email or Phone/Mobile of the Contact are mandatory to continue.,,unreviewed
erpnext,Email verification failed.,,unreviewed
erpnext,Employee {0} does not belong to the company {1},,unreviewed
erpnext,Employee {0} is currently working on another workstation. Please assign another employee.,,unreviewed
erpnext,Ems(Pica),,unreviewed
erpnext,Enable Allow Partial Reservation in the Stock Settings to reserve partial stock.,,unreviewed
erpnext,Enable Cut-Off Date on Bulk Delivery Note Creation,,unreviewed
erpnext,Enable Provisional Accounting For Non Stock Items,,unreviewed
erpnext,Enable it if users want to consider rejected materials to dispatch.,,unreviewed
erpnext,Enable this checkbox even if you want to set the zero priority,,unreviewed
erpnext,"Enable this option to calculate daily depreciation by considering the total number of days in the entire depreciation period, (including leap years) while using daily pro-rata based depreciation",,unreviewed
erpnext,Enable to apply SLA on every {0},,unreviewed
erpnext,Enabling the check box will fetch timesheet on select of a Project in Sales Invoice,,unreviewed
erpnext,Enabling this checkbox will force each Job Card Time Log to have From Time and To Time,,unreviewed
erpnext,Enabling this ensures each Purchase Invoice has a unique value in Supplier Invoice No. field within a particular fiscal year,,unreviewed
erpnext,Enabling this option will allow you to record - <br><br> 1. Advances Received in a <b>Liability Account</b> instead of the <b>Asset Account</b><br><br>2. Advances Paid in an <b>Asset Account</b> instead of the <b> Liability Account</b>,,unreviewed
erpnext,Enabling this will allow creation of multi-currency invoices against single party account in company currency,,unreviewed
erpnext,Enabling this will change the way how cancelled transactions are handled.,,unreviewed
erpnext,Encashment Date,,unreviewed
erpnext,Energy,,unreviewed
erpnext,Engineer,,unreviewed
erpnext,"Enter First and Last name of Employee, based on Which Full Name will be updated. IN transactions, it will be Full Name which will be fetched.",,unreviewed
erpnext,Enter a name for Routing.,,unreviewed
erpnext,"Enter a name for the Operation, for example, Cutting.",,unreviewed
erpnext,Enter a name for this Holiday List.,,unreviewed
erpnext,"Enter an Item Code, the name will be auto-filled the same as Item Code on clicking inside the Item Name field.",,unreviewed
erpnext,Enter date to scrap asset,,unreviewed
erpnext,Enter each serial no in a new line,,unreviewed
erpnext,Enter the Bank Guarantee Number before submitting.,,unreviewed
erpnext,"Enter the Operation, the table will fetch the Operation details like Hourly Rate, Workstation automatically.

""
"" After that, set the Operation Time in minutes and the table will calculate the Operation Costs based on the Hourly Rate and Operation Time.",,unreviewed
erpnext,Enter the name of the Beneficiary before submitting.,,unreviewed
erpnext,Enter the name of the bank or lending institution before submitting.,,unreviewed
erpnext,Enter the opening stock units.,,unreviewed
erpnext,Enter the quantity of the Item that will be manufactured from this Bill of Materials.,,unreviewed
erpnext,Enter the quantity to manufacture. Raw material Items will be fetched only when this is set.,,unreviewed
erpnext,Entertainment & Leisure,,unreviewed
erpnext,Erg,,unreviewed
erpnext,Error during caller information update,,unreviewed
erpnext,Error in party matching for Bank Transaction {0},,unreviewed
erpnext,Error while processing deferred accounting for {0},,unreviewed
erpnext,Error while reposting item valuation,,unreviewed
erpnext,"Error: This asset already has {0} depreciation periods booked.
""
""\t\t\t\t\tThe `depreciation start` date must be at least {1} periods after the `available for use` date.
""
""\t\t\t\t\tPlease correct the dates accordingly.",,unreviewed
erpnext,"Even if there are multiple Pricing Rules with highest priority, then following internal priorities are applied:",,unreviewed
erpnext,Example of a linked document: {0},,unreviewed
erpnext,"Example: ABCD.#####
""
""If series is set and Serial No is not mentioned in transactions, then automatic serial number will be created based on this series. If you always want to explicitly mention Serial Nos for this item. leave this blank.",,unreviewed
erpnext,Example: Serial No {0} reserved in {1}.,,unreviewed
erpnext,Exchange Gain/Loss amount has been booked through {0},,unreviewed
erpnext,Executive Search,,unreviewed
erpnext,Exempt Supplies,,unreviewed
erpnext,Exempted Role,,unreviewed
erpnext,Exhibition,,unreviewed
erpnext,Existing Customer,,unreviewed
erpnext,Expected End Date should be less than or equal to parent task's Expected End Date {0}.,,unreviewed
erpnext,Expires in a week or less,,unreviewed
erpnext,Expires today or already expired,,unreviewed
erpnext,"FIFO Stock Queue (qty, rate)",,unreviewed
erpnext,Fahrenheit,,unreviewed
erpnext,"Failed to erase demo data, please delete the demo company manually.",,unreviewed
erpnext,Failed to parse MT940 format. Error: {0},,unreviewed
erpnext,Failed to setup defaults for country {0}. Please contact support.,,unreviewed
erpnext,Faraday,,unreviewed
erpnext,Fathom,,unreviewed
erpnext,Fetched only {0} available serial numbers.,,unreviewed
erpnext,Financial Report Template {0} is disabled,,unreviewed
erpnext,Financial Report Template {0} not found,,unreviewed
erpnext,Financial Services,,unreviewed
erpnext,Financial reports will be generated using GL Entry doctypes (should be enabled if Period Closing Voucher is not posted for all years sequentially or missing) ,,unreviewed
erpnext,Finished Good Item is not specified for service item {0},,unreviewed
erpnext,Finished Good Item {0} Qty can not be zero,,unreviewed
erpnext,Finished Good Item {0} must be a sub-contracted item,,unreviewed
erpnext,Finished Good Quantity ,,unreviewed
erpnext,Finished Good {0} does not have a default BOM.,,unreviewed
erpnext,Finished Good {0} is disabled.,,unreviewed
erpnext,Finished Good {0} must be a stock item.,,unreviewed
erpnext,Finished Good {0} must be a sub-contracted item.,,unreviewed
erpnext,Finished Goods based Operating Cost,,unreviewed
erpnext,Finished Item {0} does not match with Work Order {1},,unreviewed
erpnext,First Response SLA Failed by {},,unreviewed
erpnext,Fix SABB Entry,,unreviewed
erpnext,Fixed Asset item {0} cannot be used in BOMs.,,unreviewed
erpnext,Fluid Ounce (UK),,unreviewed
erpnext,Fluid Ounce (US),,unreviewed
erpnext,"Food, Beverage & Tobacco",,unreviewed
erpnext,Foot,,unreviewed
erpnext,Foot Of Water,,unreviewed
erpnext,Foot/Minute,,unreviewed
erpnext,Foot/Second,,unreviewed
erpnext,For All Stock Asset Accounts,,unreviewed
erpnext,For Item {0} cannot be received more than {1} qty against the {2} {3},,unreviewed
erpnext,For Job Card,,unreviewed
erpnext,For Operation,,unreviewed
erpnext,For Raw Materials,,unreviewed
erpnext,"For Return Invoices with Stock effect, '0' qty Items are not allowed. Following rows are affected: {0}",,unreviewed
erpnext,For Work Order,,unreviewed
erpnext,For dunning fee and interest,,unreviewed
erpnext,"For item <b>{0}</b>, only <b>{1}</b> asset have been created or linked to <b>{2}</b>. Please create or link <b>{3}</b> more asset with the respective document.",,unreviewed
erpnext,"For item {0}, rate must be a positive number. To Allow negative rates, enable {1} in {2}",,unreviewed
erpnext,For operation {0}: Quantity ({1}) can not be greater than pending quantity({2}),,unreviewed
erpnext,"For project {0}, update your status",,unreviewed
erpnext,"For projected and forecast quantities, the system will consider all child warehouses under the selected parent warehouse.",,unreviewed
erpnext,For quantity {0} should not be greater than allowed quantity {1},,unreviewed
erpnext,"For row {0} in {1}. To include {2} in Item rate, rows {3} must also be included",,unreviewed
erpnext,For service item,,unreviewed
erpnext,"For the convenience of customers, these codes can be used in print formats like Invoices and Delivery Notes",,unreviewed
erpnext,"For the item {0}, the quantity should be {1} according to the BOM {2}.",,unreviewed
erpnext,"For the new {0} to take effect, would you like to clear the current {1}?",,unreviewed
erpnext,"For the {0}, no stock is available for the return in the warehouse {1}.",,unreviewed
erpnext,"For the {0}, the quantity is required to make the return entry",,unreviewed
erpnext,Force-Fetch Subscription Updates,,unreviewed
erpnext,Foreign Currency Translation Reserve,,unreviewed
erpnext,Frappe School,,unreviewed
erpnext,Free Alongside Ship,,unreviewed
erpnext,Free Carrier,,unreviewed
erpnext,Free Item Rate,,unreviewed
erpnext,Free On Board,,unreviewed
erpnext,From Corrective Job Card,,unreviewed
erpnext,From Date: {0} cannot be greater than To date: {1},,unreviewed
erpnext,From Employee is required while issuing Asset {0},,unreviewed
erpnext,From External Ecomm Platform,,unreviewed
erpnext,From Fiscal Year cannot be greater than To Fiscal Year,,unreviewed
erpnext,From and To dates are required,,unreviewed
erpnext,Furlong,,unreviewed
erpnext,Further cost centers can be made under Groups but entries can be made against non-Groups,,unreviewed
erpnext,G - D,,unreviewed
erpnext,GS1,,unreviewed
erpnext,GTIN,,unreviewed
erpnext,Gain/Loss accumulated in foreign currency account. Accounts with '0' balance in either Base or Account currency,,unreviewed
erpnext,Gallon (UK),,unreviewed
erpnext,Gallon Dry (US),,unreviewed
erpnext,Gallon Liquid (US),,unreviewed
erpnext,Gamma,,unreviewed
erpnext,Gauss,,unreviewed
erpnext,Generate E-Invoice,,unreviewed
erpnext,"Generate packing slips for packages to be delivered. Used to notify package number, package contents and its weight.",,unreviewed
erpnext,Get stops from,,unreviewed
erpnext,Getting Scrap Items,,unreviewed
erpnext,Goals,,unreviewed
erpnext,Grain,,unreviewed
erpnext,Grain/Cubic Foot,,unreviewed
erpnext,Grain/Gallon (UK),,unreviewed
erpnext,Grain/Gallon (US),,unreviewed
erpnext,Gram,,unreviewed
erpnext,Gram-Force,,unreviewed
erpnext,Gram/Cubic Centimeter,,unreviewed
erpnext,Gram/Cubic Meter,,unreviewed
erpnext,Gram/Cubic Millimeter,,unreviewed
erpnext,Gram/Litre,,unreviewed
erpnext,Grocery,,unreviewed
erpnext,H - F,,unreviewed
erpnext,Hand,,unreviewed
erpnext,Have Default Naming Series for Batch ID?,,unreviewed
erpnext,Heads (or groups) against which Accounting Entries are made and balances are maintained.,,unreviewed
erpnext,Hectare,,unreviewed
erpnext,Hectogram/Litre,,unreviewed
erpnext,Hectometer,,unreviewed
erpnext,Hectopascal,,unreviewed
erpnext,Helps you distribute the Budget/Target across months if you have seasonality in your business.,,unreviewed
erpnext,Here are the error logs for the aforementioned failed depreciation entries: {0},,unreviewed
erpnext,Here are the options to proceed:,,unreviewed
erpnext,"Here, you can select a senior of this Employee. Based on this, Organization Chart will be populated.",,unreviewed
erpnext,"Here, your weekly offs are pre-populated based on the previous selections. You can add more rows to also add public and national holidays individually.",,unreviewed
erpnext,Hertz,,unreviewed
erpnext,"Hi,",,unreviewed
erpnext,Hide this line if amount is zero,,unreviewed
erpnext,Holiday Date {0} added multiple times,,unreviewed
erpnext,Horsepower,,unreviewed
erpnext,Horsepower-Hours,,unreviewed
erpnext,Hour,,unreviewed
erpnext,How Pricing Rule is applied?,,unreviewed
erpnext,How often should Project be updated of Total Purchase Cost ?,,unreviewed
erpnext,How this line gets its data,,unreviewed
erpnext,How to format and present values in the financial report (only if different from column fieldtype),,unreviewed
erpnext,Hundredweight (UK),,unreviewed
erpnext,Hundredweight (US),,unreviewed
erpnext,I - J,,unreviewed
erpnext,I - K,,unreviewed
erpnext,ISBN,,unreviewed
erpnext,ISBN-10,,unreviewed
erpnext,ISBN-13,,unreviewed
erpnext,ISSN,,unreviewed
erpnext,Iches Of Water,,unreviewed
erpnext,Idle,,unreviewed
erpnext,"If <b>Enabled</b> - Reconciliation happens on the <b>Advance Payment posting date</b><br>
""
""If <b>Disabled</b> - Reconciliation happens on oldest of 2 Dates: <b>Invoice Date</b> or the <b>Advance Payment posting date</b><br>",,unreviewed
erpnext,"If Auto Opt In is checked, then the customers will be automatically linked with the concerned Loyalty Program (on save)",,unreviewed
erpnext,"If an operation is divided into sub operations, they can be added here.",,unreviewed
erpnext,"If checked, Rejected Quantity will be included while making Purchase Invoice from Purchase Receipt.",,unreviewed
erpnext,"If checked, Stock will be reserved on <b>Submit</b>",,unreviewed
erpnext,"If checked, picked qty won't automatically be fulfilled on submit of pick list.",,unreviewed
erpnext,"If checked, the tax amount will be considered as already included in the Paid Amount in Payment Entry",,unreviewed
erpnext,"If checked, we will create demo data for you to explore the system. This demo data can be erased later.",,unreviewed
erpnext,If enabled then system won't apply the pricing rule on the delivery note which will be create from the pick list,,unreviewed
erpnext,If enabled then system won't override the picked qty / batches / serial numbers / warehouse.,,unreviewed
erpnext,"If enabled, a print of this document will be attached to each email",,unreviewed
erpnext,"If enabled, additional ledger entries will be made for discounts in a separate Discount Account",,unreviewed
erpnext,"If enabled, all files attached to this document will be attached to each email",,unreviewed
erpnext,"If enabled, do not update serial / batch values in the stock transactions on creation of auto Serial 
""
"" / Batch Bundle. ",,unreviewed
erpnext,"If enabled, formula for <b>Qty to Order</b>: <br>
""
""Required Qty (BOM) - <a href=\""https://docs.frappe.io/erpnext/user/manual/en/projected-quantity\"">Projected Qty</a>. <br> This helps avoid over-ordering.",,unreviewed
erpnext,"If enabled, formula for <b>Required Qty</b>: <br>
""
""Required Qty (BOM) - <a href=\""https://docs.frappe.io/erpnext/user/manual/en/projected-quantity\"">Projected Qty</a>. <br> This helps avoid over-ordering.",,unreviewed
erpnext,"If enabled, ledger entries will be posted for change amount in POS transactions",,unreviewed
erpnext,"If enabled, system will allow user to deliver the entire quantity of the finished goods produced against the Subcontracting Inward Order. If disabled, system will allow delivery of only the ordered quantity.",,unreviewed
erpnext,"If enabled, the Scrap Item generated against a Finished Good will also be added in the Stock Entry when delivering that Finished Good.",,unreviewed
erpnext,"If enabled, the consolidated invoices will have rounded total disabled",,unreviewed
erpnext,"If enabled, the item rate won't adjust to the valuation rate during internal transfers, but accounting will still use the valuation rate.",,unreviewed
erpnext,"If enabled, the source and target warehouse in the Material Transfer Stock Entry must be different else an error will be thrown. If inventory dimensions are present, same source and target warehouse can be allowed but atleast any one of the inventory dimension fields must be different.",,unreviewed
erpnext,"If enabled, the system will allow selecting UOMs in sales and purchase transactions only if the conversion rate is set in the item master.",,unreviewed
erpnext,"If enabled, the system will allow users to edit the raw materials and their quantities in the Work Order. The system will not reset the quantities as per the BOM, if the user has changed them.",,unreviewed
erpnext,"If enabled, the system will generate an accounting entry for materials rejected in the Purchase Receipt.",,unreviewed
erpnext,"If enabled, the system will use the inventory account set in the Item Master or Item Group or Brand. Otherwise, it will use the inventory account set in the Warehouse.",,unreviewed
erpnext,"If enabled, the system will use the moving average valuation method to calculate the valuation rate for the batched items and will not consider the individual batch-wise incoming rate.",,unreviewed
erpnext,"If enabled, then system will only validate the pricing rule and not apply automatically. User has to manually set the discount percentage / margin / free items to validate the pricing rule",,unreviewed
erpnext,"If enabled, this row's values will be displayed on financial charts",,unreviewed
erpnext,"If enabled, user will be alerted before resetting posting date to current date in relevant transactions",,unreviewed
erpnext,"If items in stock, proceed with Material Transfer or Purchase.",,unreviewed
erpnext,"If mentioned, the system will allow only the users with this Role to create or modify any stock transaction earlier than the latest stock transaction for a specific item and warehouse. If set as blank, it allows all users to create/edit back-dated transactions.",,unreviewed
erpnext,"If multiple Pricing Rules continue to prevail, users are asked to set Priority manually to resolve conflict.",,unreviewed
erpnext,"If no taxes are set, and Taxes and Charges Template is selected, the system will automatically apply the taxes from the chosen template.",,unreviewed
erpnext,"If not, you can Cancel / Submit this entry",,unreviewed
erpnext,"If rate is zero then item will be treated as \""Free Item\""",,unreviewed
erpnext,"If selected Pricing Rule is made for 'Rate', it will overwrite Price List. Pricing Rule rate is the final rate, so no further discount should be applied. Hence, in transactions like Sales Order, Purchase Order etc, it will be fetched in 'Rate' field, rather than 'Price List Rate' field.",,unreviewed
erpnext,"If set, the system does not use the user's Email or the standard outgoing Email account for sending request for quotations.",,unreviewed
erpnext,"If the BOM results in Scrap material, the Scrap Warehouse needs to be selected.",,unreviewed
erpnext,"If the reorder check is set at the Group warehouse level, the available quantity becomes the sum of the projected quantities of all its child warehouses.",,unreviewed
erpnext,"If the selected BOM has Operations mentioned in it, the system will fetch all Operations from BOM, these values can be changed.",,unreviewed
erpnext,"If there is no title column, use the code column for the title.",,unreviewed
erpnext,If this is undesirable please cancel the corresponding Payment Entry.,,unreviewed
erpnext,"If two or more Pricing Rules are found based on the above conditions, Priority is applied. Priority is a number between 0 to 20 while default value is zero (blank). Higher number means it will take precedence if there are multiple Pricing Rules with same conditions.",,unreviewed
erpnext,"If unlimited expiry for the Loyalty Points, keep the Expiry Duration empty or 0.",,unreviewed
erpnext,"If yes, then this warehouse will be used to store rejected materials",,unreviewed
erpnext,"If you are maintaining stock of this Item in your Inventory, ERPNext will make a stock ledger entry for each transaction of this item.",,unreviewed
erpnext,"If you need to reconcile particular transactions against each other, then please select accordingly. If not, all the transactions will be allocated in FIFO order.",,unreviewed
erpnext,"If you still want to proceed, please disable 'Skip Available Sub Assembly Items' checkbox.",,unreviewed
erpnext,"If you still want to proceed, please enable {0}.",,unreviewed
erpnext,Ignore Exchange Rate Revaluation and Gain / Loss Journals,,unreviewed
erpnext,Ignore Is Opening check for reporting,,unreviewed
erpnext,Ignore System Generated Credit / Debit Notes,,unreviewed
erpnext,Ignore Voucher Type filter and Select Vouchers Manually,,unreviewed
erpnext,Ignores legacy Is Opening field in GL Entry that allows adding opening balance post the system is in use while generating reports,,unreviewed
erpnext,Impairment,,unreviewed
erpnext,Implementation Partner,,unreviewed
erpnext,Import Chart of Accounts from a csv file,,unreviewed
erpnext,Import MT940 Fromat,,unreviewed
erpnext,Import completed. {0} common codes created.,,unreviewed
erpnext,In Transit Warehouse,,unreviewed
erpnext,In mins,,unreviewed
erpnext,"In row {0} of Appointment Booking Slots: \""To Time\"" must be later than \""From Time\"".",,unreviewed
erpnext,"In the case of multi-tier program, Customers will be auto assigned to the concerned tier as per their spent",,unreviewed
erpnext,"In this section, you can define Company-wide transaction-related defaults for this Item. Eg. Default Warehouse, Default Price List, Supplier, etc.",,unreviewed
erpnext,Inch,,unreviewed
erpnext,Inch Pound-Force,,unreviewed
erpnext,Inch/Minute,,unreviewed
erpnext,Inch/Second,,unreviewed
erpnext,Inches Of Mercury,,unreviewed
erpnext,Include Default FB Assets,,unreviewed
erpnext,Include Returned Invoices (Stand-alone),,unreviewed
erpnext,Included fee is bigger than the withdrawal itself.,,unreviewed
erpnext,Incorrect Batch Consumed,,unreviewed
erpnext,Incorrect Check in (group) Warehouse for Reorder,,unreviewed
erpnext,Incorrect Component Quantity,,unreviewed
erpnext,Incorrect Reference Document (Purchase Receipt Item),,unreviewed
erpnext,Incorrect Serial Number Consumed,,unreviewed
erpnext,Incorrect Type of Transaction,,unreviewed
erpnext,Increase In Asset Life(Months),,unreviewed
erpnext,"Indentation level: 0 = Main heading, 1 = Sub-category, 2 = Individual accounts, etc.",,unreviewed
erpnext,Individual GL Entry cannot be cancelled.,,unreviewed
erpnext,Individual Stock Ledger Entry cannot be cancelled.,,unreviewed
erpnext,Interest and/or dunning fee,,unreviewed
erpnext,Interest on Fixed Deposits,,unreviewed
erpnext,Internal Customer for company {0} already exists,,unreviewed
erpnext,Internal Sale or Delivery Reference missing.,,unreviewed
erpnext,Internal Sales Reference Missing,,unreviewed
erpnext,Internal Supplier for company {0} already exists,,unreviewed
erpnext,Internal Transfer Reference Missing,,unreviewed
erpnext,Internal transfers can only be done in company's default currency,,unreviewed
erpnext,Internet Publishing,,unreviewed
erpnext,Interval should be between 1 to 59 MInutes,,unreviewed
erpnext,Invalid Auto Repeat Date,,unreviewed
erpnext,Invalid Item Defaults,,unreviewed
erpnext,Invalid Net Purchase Amount,,unreviewed
erpnext,Invalid Primary Role,,unreviewed
erpnext,Invalid Priority,,unreviewed
erpnext,Invalid Process Loss Configuration,,unreviewed
erpnext,Invalid Purchase Invoice,,unreviewed
erpnext,Invalid Query,,unreviewed
erpnext,Invalid Sales Invoices,,unreviewed
erpnext,Invalid Schedule,,unreviewed
erpnext,Invalid Serial and Batch Bundle,,unreviewed
erpnext,Invalid Source and Target Warehouse,,unreviewed
erpnext,Invalid amount in accounting entries of {} {} for Account {}: {},,unreviewed
erpnext,Invalid filter formula. Please check the syntax.,,unreviewed
erpnext,Invalid parameter. 'dn' should be of type str,,unreviewed
erpnext,Invalid result key. Response:,,unreviewed
erpnext,Invalid search query,,unreviewed
erpnext,Invalid value {0} for {1} against account {2},,unreviewed
erpnext,Investment Banking,,unreviewed
erpnext,Invoice Document Type Selection Error,,unreviewed
erpnext,Invoices and Payments have been Fetched and Allocated,,unreviewed
erpnext,Is created using POS,,unreviewed
erpnext,Issue a debit note with 0 qty against an existing Sales Invoice,,unreviewed
erpnext,It can take upto few hours for accurate stock values to be visible after merging items.,,unreviewed
erpnext,"It's not possible to distribute charges equally when total amount is zero, please set 'Distribute Charges Based On' as 'Quantity'",,unreviewed
erpnext,Italic Text,,unreviewed
erpnext,Italic text for subtotals or notes,,unreviewed
erpnext,Item Code > Item Group > Brand,,unreviewed
erpnext,"Item Price appears multiple times based on Price List, Supplier/Customer, Currency, Item, Batch, UOM, Qty, and Dates.",,unreviewed
erpnext,Item Tax Row {0}: Account must belong to Company - {1},,unreviewed
erpnext,Item Warehouse based reposting has been enabled.,,unreviewed
erpnext,Item Wise Tax Details do not match with Taxes and Charges at the following rows:,,unreviewed
erpnext,Item is mandatory in Raw Materials table.,,unreviewed
erpnext,Item is removed since no serial / batch no selected.,,unreviewed
erpnext,Item qty can not be updated as raw materials are already processed.,,unreviewed
erpnext,Item rate has been updated to zero as Allow Zero Valuation Rate is checked for item {0},,unreviewed
erpnext,Item valuation rate is recalculated considering landed cost voucher amount,,unreviewed
erpnext,Item valuation reposting in progress. Report might show incorrect item valuation.,,unreviewed
erpnext,Item {0} cannot be added as a sub-assembly of itself,,unreviewed
erpnext,Item {0} cannot be ordered more than {1} against Blanket Order {2}.,,unreviewed
erpnext,Item {0} entered multiple times.,,unreviewed
erpnext,Item {0} has no Serial No. Only serialized items can have delivery based on Serial No,,unreviewed
erpnext,Item {0} is already reserved/delivered against Sales Order {1}.,,unreviewed
erpnext,Item {0} is not a subcontracted item,,unreviewed
erpnext,Item {0} must be a Non-Stock Item,,unreviewed
erpnext,Item {0} not found in 'Raw Materials Supplied' table in {1} {2},,unreviewed
erpnext,Item {0} not found.,,unreviewed
erpnext,Item {} does not exist.,,unreviewed
erpnext,Item/Item Code required to get Item Tax Template.,,unreviewed
erpnext,Items cannot be updated as Subcontracting Inward Order(s) exist against this Subcontracted Sales Order.,,unreviewed
erpnext,Items cannot be updated as Subcontracting Order is created against the Purchase Order {0}.,,unreviewed
erpnext,Items rate has been updated to zero as Allow Zero Valuation Rate is checked for the following items: {0},,unreviewed
erpnext,Items {0} do not exist in the Item master.,,unreviewed
erpnext,JAN,,unreviewed
erpnext,Job Card {0} has been completed,,unreviewed
erpnext,Job: {0} has been triggered for processing failed transactions,,unreviewed
erpnext,Joule,,unreviewed
erpnext,Joule/Meter,,unreviewed
erpnext,Journal Entry for Asset scrapping cannot be cancelled. Please restore the Asset.,,unreviewed
erpnext,"Keep Track of Sales Campaigns. Keep track of Leads, Quotations, Sales Order etc from Campaigns to gauge Return on Investment. ",,unreviewed
erpnext,Kelvin,,unreviewed
erpnext,Kg,,unreviewed
erpnext,Kiloampere,,unreviewed
erpnext,Kilocalorie,,unreviewed
erpnext,Kilocoulomb,,unreviewed
erpnext,Kilogram-Force,,unreviewed
erpnext,Kilogram/Cubic Centimeter,,unreviewed
erpnext,Kilogram/Cubic Meter,,unreviewed
erpnext,Kilogram/Litre,,unreviewed
erpnext,Kilohertz,,unreviewed
erpnext,Kilojoule,,unreviewed
erpnext,Kilometer,,unreviewed
erpnext,Kilometer/Hour,,unreviewed
erpnext,Kilopascal,,unreviewed
erpnext,Kilopond,,unreviewed
erpnext,Kilopound-Force,,unreviewed
erpnext,Kilowatt,,unreviewed
erpnext,Kilowatt-Hour,,unreviewed
erpnext,Kindly cancel the Manufacturing Entries first against the work order {0}.,,unreviewed
erpnext,Kip,,unreviewed
erpnext,Knot,,unreviewed
erpnext,Last GL Entry update was done {}. This operation is not allowed while system is actively being used. Please wait for 5 minutes before retrying.,,unreviewed
erpnext,"Last Name, Email or Phone/Mobile of the user are mandatory to continue.",,unreviewed
erpnext,Lead -> Prospect,,unreviewed
erpnext,Lead Owner cannot be same as the Lead Email Address,,unreviewed
erpnext,Lead {0} has been added to prospect {1}.,,unreviewed
erpnext,Learn Inventory Management,,unreviewed
erpnext,Learn Manufacturing,,unreviewed
erpnext,Learn Procurement,,unreviewed
erpnext,Learn Project Management,,unreviewed
erpnext,Learn Sales Management,,unreviewed
erpnext,"Learn about <a href=\""https://docs.erpnext.com/docs/v13/user/manual/en/accounts/articles/common_party_accounting#:~:text=Common%20Party%20Accounting%20in%20ERPNext,Invoice%20against%20a%20primary%20Supplier.\"">Common Party</a>",,unreviewed
erpnext,"Leave blank for home.
""
""This is relative to site URL, for example \""about\"" will redirect to \""https://yoursitename.com/about\""",,unreviewed
erpnext,Legal Entity / Subsidiary with a separate Chart of Accounts belonging to the Organization.,,unreviewed
erpnext,Legend,,unreviewed
erpnext,Lft,,unreviewed
erpnext,Limit timeslot for Stock Reposting,,unreviewed
erpnext,Limits don't apply on,,unreviewed
erpnext,Linked with submitted documents,,unreviewed
erpnext,Linking to Customer Failed. Please try again.,,unreviewed
erpnext,Linking to Supplier Failed. Please try again.,,unreviewed
erpnext,Litre,,unreviewed
erpnext,Litre-Atmosphere,,unreviewed
erpnext,Log the selling and buying rate of an Item,,unreviewed
erpnext,Long-term Provisions,,unreviewed
erpnext,Lost Reasons are required in case opportunity is Lost.,,unreviewed
erpnext,"Loyalty Points will be calculated from the spent done (via the Sales Invoice), based on collection factor mentioned.",,unreviewed
erpnext,MRP Log documents are being created in the background.,,unreviewed
erpnext,Main Cost Center {0} cannot be entered in the child table,,unreviewed
erpnext,Maintain Same Rate Throughout Internal Transaction,,unreviewed
erpnext,Make {0} Variant,,unreviewed
erpnext,Make {0} Variants,,unreviewed
erpnext,Making Journal Entries against advance accounts: {0} is not recommended. These Journals won't be available for Reconciliation.,,unreviewed
erpnext,Manage,,unreviewed
erpnext,Managing Director,,unreviewed
erpnext,Manufacturers used in Items,,unreviewed
erpnext,Mapping {0} ...,,unreviewed
erpnext,Mass Mailing,,unreviewed
erpnext,Materials are already received against the {0} {1},,unreviewed
erpnext,Materials needs to be transferred to the work in progress warehouse for the job card {0},,unreviewed
erpnext,Max discount allowed for item: {0} is {1}%,,unreviewed
erpnext,Maximum discount for Item {0} is {1}%,,unreviewed
erpnext,Maximum quantity scanned for item {0}.,,unreviewed
erpnext,Megacoulomb,,unreviewed
erpnext,Megagram/Litre,,unreviewed
erpnext,Megahertz,,unreviewed
erpnext,Megajoule,,unreviewed
erpnext,Megawatt,,unreviewed
erpnext,Mention if non-standard Receivable account,,unreviewed
erpnext,Merge taxes from multiple documents,,unreviewed
erpnext,"Merging is only possible if following properties are same in both records. Is Group, Root Type, Company and Account Currency",,unreviewed
erpnext,Merging {0} of {1},,unreviewed
erpnext,Messaging CRM Campagin,,unreviewed
erpnext,Meter,,unreviewed
erpnext,Meter Of Water,,unreviewed
erpnext,Meter/Second,,unreviewed
erpnext,Microbar,,unreviewed
erpnext,Microgram,,unreviewed
erpnext,Microgram/Litre,,unreviewed
erpnext,Micrometer,,unreviewed
erpnext,Microsecond,,unreviewed
erpnext,Mile,,unreviewed
erpnext,Mile (Nautical),,unreviewed
erpnext,Mile/Hour,,unreviewed
erpnext,Mile/Minute,,unreviewed
erpnext,Mile/Second,,unreviewed
erpnext,Milibar,,unreviewed
erpnext,Milliampere,,unreviewed
erpnext,Millicoulomb,,unreviewed
erpnext,Milligram,,unreviewed
erpnext,Milligram/Cubic Centimeter,,unreviewed
erpnext,Milligram/Cubic Meter,,unreviewed
erpnext,Milligram/Cubic Millimeter,,unreviewed
erpnext,Milligram/Litre,,unreviewed
erpnext,Millihertz,,unreviewed
erpnext,Millilitre,,unreviewed
erpnext,Millimeter,,unreviewed
erpnext,Millimeter Of Mercury,,unreviewed
erpnext,Millimeter Of Water,,unreviewed
erpnext,Millisecond,,unreviewed
erpnext,Min Qty (As Per Stock UOM),,unreviewed
erpnext,Min Qty should be greater than Recurse Over Qty,,unreviewed
erpnext,"Min Value: {0}, Max Value: {1}, in Increments of: {2}",,unreviewed
erpnext,Missing Serial No Bundle,,unreviewed
erpnext,Missing required filter: {0},,unreviewed
erpnext,Missing value,,unreviewed
erpnext,More/Less than 12 months.,,unreviewed
erpnext,Motion Picture & Video,,unreviewed
erpnext,Move to Cart,,unreviewed
erpnext,Moving up in tree ...,,unreviewed
erpnext,Multiple Loyalty Programs found for Customer {}. Please select manually.,,unreviewed
erpnext,Multiple POS Opening Entry,,unreviewed
erpnext,Multiple items cannot be marked as finished item,,unreviewed
erpnext,Music,,unreviewed
erpnext,Must be a publicly accessible Google Sheets URL and adding Bank Account column is necessary for importing via Google Sheets,,unreviewed
erpnext,Nanocoulomb,,unreviewed
erpnext,Nanogram/Litre,,unreviewed
erpnext,Nanohertz,,unreviewed
erpnext,Nanometer,,unreviewed
erpnext,Nanosecond,,unreviewed
erpnext,Net Purchase Amount should be <b>equal</b> to purchase amount of one single Asset.,,unreviewed
erpnext,Net Purchase Amount {0} cannot be depreciated over {1} cycles.,,unreviewed
erpnext,Net total calculation precision loss,,unreviewed
erpnext,New Journal Entry will be posted for the difference amount. The Posting Date can be modified.,,unreviewed
erpnext,New fiscal year created :- ,,unreviewed
erpnext,New revised budget created successfully,,unreviewed
erpnext,Newspaper Publishers,,unreviewed
erpnext,Newton,,unreviewed
erpnext,No <strong>Account Data</strong> row found,,unreviewed
erpnext,No Customers found with selected options.,,unreviewed
erpnext,No POS Profile found. Please create a New POS Profile first,,unreviewed
erpnext,No Purchase Orders were created,,unreviewed
erpnext,No Records for these settings.,,unreviewed
erpnext,No Tax Withholding data found for the current posting date.,,unreviewed
erpnext,No Unreconciled Invoices and Payments found for this party and account,,unreviewed
erpnext,No Unreconciled Payments found for this party,,unreviewed
erpnext,No Work Orders were created,,unreviewed
erpnext,No additional fields available,,unreviewed
erpnext,No available quantity to reserve for item {0} in warehouse {1},,unreviewed
erpnext,No billing email found for customer: {0},,unreviewed
erpnext,No difference found for stock account {0},,unreviewed
erpnext,No employee was scheduled for call popup,,unreviewed
erpnext,No item available for transfer.,,unreviewed
erpnext,No items are available in sales orders {0} for production,,unreviewed
erpnext,No items are available in the sales order {0} for production,,unreviewed
erpnext,No matches occurred via auto reconciliation,,unreviewed
erpnext,No more children on Left,,unreviewed
erpnext,No more children on Right,,unreviewed
erpnext,No of Deliveries,,unreviewed
erpnext,No of Docs,,unreviewed
erpnext,No of Employees,,unreviewed
erpnext,No of Months (Expense),,unreviewed
erpnext,No of Months (Revenue),,unreviewed
erpnext,No of Parallel Reposting (Per Item),,unreviewed
erpnext,No of Shift,,unreviewed
erpnext,No of Units Produced,,unreviewed
erpnext,No of Workstations,,unreviewed
erpnext,No open Material Requests found for the given criteria.,,unreviewed
erpnext,No open POS Opening Entry found for POS Profile {0}.,,unreviewed
erpnext,No outstanding {0} found for the {1} {2} which qualify the filters you have specified.,,unreviewed
erpnext,No primary email found for customer: {0},,unreviewed
erpnext,No records found in Allocation table,,unreviewed
erpnext,No records found in the Invoices table,,unreviewed
erpnext,No records found in the Payments table,,unreviewed
erpnext,No sales data found for the selected items.,,unreviewed
erpnext,No stock ledger entries were created. Please set the quantity or valuation rate for the items properly and try again.,,unreviewed
erpnext,No stock transactions can be created or modified before this date.,,unreviewed
erpnext,No {0} Accounts found for this company.,,unreviewed
erpnext,No.,,unreviewed
erpnext,No. of parallel job cards which can be allowed on this workstation. Example: 2 would mean this workstation can process production for two Work Orders at a time.,,unreviewed
erpnext,Non-Zeros,,unreviewed
erpnext,Nos,,unreviewed
erpnext,Not able to find the earliest Fiscal Year for the given company.,,unreviewed
erpnext,Not authorized since {0} exceeds limits,,unreviewed
erpnext,Not permitted to make Purchase Orders,,unreviewed
erpnext,Note: Automatic log deletion only applies to logs of type <i>Update Cost</i>,,unreviewed
erpnext,"Note: If you want to use the finished good {0} as a raw material, then enable the 'Do Not Explode' checkbox in the Items table against the same raw material.",,unreviewed
erpnext,"Note: To merge the items, create a separate Stock Reconciliation for the old item {0}",,unreviewed
erpnext,O+,,unreviewed
erpnext,O-,,unreviewed
erpnext,Offsetting for Accounting Dimension,,unreviewed
erpnext,On enabling this cancellation entries will be posted on the actual cancellation date and reports will consider cancelled entries as well,,unreviewed
erpnext,"On expanding a row in the Items to Manufacture table, you'll see an option to 'Include Exploded Items'. Ticking this includes raw materials of the sub-assembly items in the production process.",,unreviewed
erpnext,"On save, the Excluded Fee will be converted to an Included Fee.",,unreviewed
erpnext,"On submission of the stock transaction, system will auto create the Serial and Batch Bundle based on the Serial No / Batch fields.",,unreviewed
erpnext,Once the Work Order is Closed. It can't be resumed.,,unreviewed
erpnext,One customer can be part of only single Loyalty Program.,,unreviewed
erpnext,Online Auctions,,unreviewed
erpnext,Only 'Payment Entries' made against this advance account are supported.,,unreviewed
erpnext,Only CSV and Excel files can be used to for importing data. Please check the file format you are trying to upload,,unreviewed
erpnext,Only Deduct Tax On Excess Amount ,,unreviewed
erpnext,Only Parent can be of type {0},,unreviewed
erpnext,Only Value available for Payment Entry,,unreviewed
erpnext,Only applies for Normal Payments,,unreviewed
erpnext,Only existing assets,,unreviewed
erpnext,Only one of Deposit or Withdrawal should be non-zero when applying an Excluded Fee.,,unreviewed
erpnext,Only one {0} entry can be created against the Work Order {1},,unreviewed
erpnext,Only payment entries with apply tax withholding unchecked will be considered for checking cumulative threshold breach,,unreviewed
erpnext,Only to be used for Subcontracting Inward.,,unreviewed
erpnext,"Only values between [0,1) are allowed. Like {0.00, 0.04, 0.09, ...}
""
""Ex: If allowance is set at 0.07, accounts that have balance of 0.07 in either of the currencies will be considered as zero balance account",,unreviewed
erpnext,Only {0} are supported,,unreviewed
erpnext,Open BOM {0},,unreviewed
erpnext,Open Call Log,,unreviewed
erpnext,Open Event,,unreviewed
erpnext,Open Item {0},,unreviewed
erpnext,Open Task,,unreviewed
erpnext,Open Work Order {0},,unreviewed
erpnext,"Opening Balance = Start of period, Closing Balance = End of period, Period Movement = Net change during period",,unreviewed
erpnext,Opening Entry can not be created after Period Closing Voucher is created.,,unreviewed
erpnext,"Opening Invoice has rounding adjustment of {0}.<br><br> '{1}' account is required to post these values. Please set it in Company: {2}.<br><br> Or, '{3}' can be enabled to not post any rounding adjustment.",,unreviewed
erpnext,Opening Purchase Invoices have been created.,,unreviewed
erpnext,Opening Sales Invoices have been created.,,unreviewed
erpnext,Operating Component,,unreviewed
erpnext,Operation Row ID,,unreviewed
erpnext,Operation time does not depend on quantity to produce,,unreviewed
erpnext,Opp/Lead %,,unreviewed
erpnext,Opportunities by Campaign,,unreviewed
erpnext,Opportunities by Medium,,unreviewed
erpnext,Opportunities by Source,,unreviewed
erpnext,Opportunity Summary by Sales Stage ,,unreviewed
erpnext,Optional. Used with Financial Report Template,,unreviewed
erpnext,Order/Quot %,,unreviewed
erpnext,Ounce,,unreviewed
erpnext,Ounce-Force,,unreviewed
erpnext,Ounce/Cubic Foot,,unreviewed
erpnext,Ounce/Cubic Inch,,unreviewed
erpnext,Ounce/Gallon (UK),,unreviewed
erpnext,Ounce/Gallon (US),,unreviewed
erpnext,Outdated POS Opening Entry,,unreviewed
erpnext,Over Billing Allowance exceeded for Purchase Receipt Item {0} ({1}) by {2}%,,unreviewed
erpnext,Over Receipt/Delivery of {0} {1} ignored for item {2} because you have {3} role.,,unreviewed
erpnext,Overbilling of {0} {1} ignored for item {2} because you have {3} role.,,unreviewed
erpnext,Overbilling of {} ignored because you have {} role.,,unreviewed
erpnext,Owned,,unreviewed
erpnext,PCV,,unreviewed
erpnext,PCV Paused,,unreviewed
erpnext,PCV Resumed,,unreviewed
erpnext,POS Closing failed while running in a background process. You can resolve the {0} and retry the process again.,,unreviewed
erpnext,POS Invoice is already consolidated,,unreviewed
erpnext,POS Invoice is not submitted,,unreviewed
erpnext,POS Invoice should have the field {0} checked.,,unreviewed
erpnext,POS Invoices can't be added when Sales Invoice is enabled,,unreviewed
erpnext,POS Invoices will be consolidated in a background process,,unreviewed
erpnext,POS Invoices will be unconsolidated in a background process,,unreviewed
erpnext,POS Opening Entry - {0} is outdated. Please close the POS and create a new POS Opening Entry.,,unreviewed
erpnext,POS Opening Entry Cancellation Error,,unreviewed
erpnext,POS Opening Entry cannot be cancelled as unconsolidated Invoices exists.,,unreviewed
erpnext,POS Opening Entry has been cancelled. Please refresh the page.,,unreviewed
erpnext,POS Profile - {0} has multiple open POS Opening Entries. Please close or cancel the existing entries before proceeding.,,unreviewed
erpnext,POS Profile - {0} is currently open. Please close the POS or cancel the existing POS Opening Entry before cancelling this POS Closing Entry.,,unreviewed
erpnext,POS Profile doesn't match {},,unreviewed
erpnext,POS Profile is mandatory to mark this invoice as POS Transaction.,,unreviewed
erpnext,POS Profile {0} cannot be disabled as there are ongoing POS sessions.,,unreviewed
erpnext,POS Profile {} contains Mode of Payment {}. Please remove them to disable this mode.,,unreviewed
erpnext,POS Profile {} does not belong to company {},,unreviewed
erpnext,POS Profile {} does not exist.,,unreviewed
erpnext,POS Profile {} is disabled.,,unreviewed
erpnext,POS has been closed at {0}. Please refresh the page.,,unreviewed
erpnext,POS invoice {0} created successfully,,unreviewed
erpnext,PZN,,unreviewed
erpnext,Pair,,unreviewed
erpnext,Pallets,,unreviewed
erpnext,Parcel weight cannot be 0,,unreviewed
erpnext,Parent Item {0} must not be a Fixed Asset,,unreviewed
erpnext,Parent Row No not found for {0},,unreviewed
erpnext,Parent Task {0} is not a Template Task,,unreviewed
erpnext,Parent Task {0} must be a Group Task,,unreviewed
erpnext,Parsed file is not in valid MT940 format or contains no transactions.,,unreviewed
erpnext,Parsing Error,,unreviewed
erpnext,"Partial stock can be reserved. For example, If you have a Sales Order of 100 units and the Available Stock is 90 units then a Stock Reservation Entry will be created for 90 units. ",,unreviewed
erpnext,Partnership,,unreviewed
erpnext,Parts Per Million,,unreviewed
erpnext,Party Account {0} currency ({1}) and document currency ({2}) should be same,,unreviewed
erpnext,Party Type and Party can only be set for Receivable / Payable account<br><br>{0},,unreviewed
erpnext,Party Type and Party is required for Receivable / Payable account {0},,unreviewed
erpnext,Party can only be one of {0},,unreviewed
erpnext,Pascal,,unreviewed
erpnext,"Payment Entry {0} is linked against Order {1}, check if it should be pulled as advance in this invoice.",,unreviewed
erpnext,Payment Reconciliation Job: {0} is running for this party. Can't reconcile now.,,unreviewed
erpnext,Payment Request created from Sales Order or Purchase Order will be in Draft status. When disabled document will be in unsaved state.,,unreviewed
erpnext,Payment Request is already created,,unreviewed
erpnext,Payment Request took too long to respond. Please try requesting for payment again.,,unreviewed
erpnext,Payment Requests cannot be created against: {0},,unreviewed
erpnext,Payment Terms from orders will be fetched into the invoices as is,,unreviewed
erpnext,Payment of {0} received successfully.,,unreviewed
erpnext,Payment of {0} received successfully. Waiting for other requests to complete...,,unreviewed
erpnext,Payment term {0} not used in {1},,unreviewed
erpnext,Peck (UK),,unreviewed
erpnext,Peck (US),,unreviewed
erpnext,Pension Funds,,unreviewed
erpnext,Per Day,,unreviewed
erpnext,"Per Day
""
""Shift Time (In Hours) * No of Workstations * No of Shift",,unreviewed
erpnext,Per Unit Time in Mins,,unreviewed
erpnext,Percentage Allocation should be equal to 100%,,unreviewed
erpnext,Percentage you are allowed to order beyond the Blanket Order quantity.,,unreviewed
erpnext,Percentage you are allowed to sell beyond the Blanket Order quantity.,,unreviewed
erpnext,Percentage you are allowed to transfer more against the quantity ordered. For example: If you have ordered 100 units. and your Allowance is 10% then you are allowed to transfer 110 units.,,unreviewed
erpnext,Period Closing Voucher {0} GL Entry Cancellation Failed,,unreviewed
erpnext,Period Closing Voucher {0} GL Entry Processing Failed,,unreviewed
erpnext,Period End Date cannot be greater than Fiscal Year End Date,,unreviewed
erpnext,Period Start Date cannot be greater than Period End Date,,unreviewed
erpnext,Period Start Date must be {0},,unreviewed
erpnext,Period_from_date,,unreviewed
erpnext,Periodic Accounting Entry is not allowed for company {0} with perpetual inventory enabled,,unreviewed
erpnext,Phantom Item is mandatory,,unreviewed
erpnext,Pharmaceuticals,,unreviewed
erpnext,Pickup Date cannot be before this day,,unreviewed
erpnext,Pickup To time should be greater than Pickup From time,,unreviewed
erpnext,Pickup from,,unreviewed
erpnext,Pickup to,,unreviewed
erpnext,Pint (UK),,unreviewed
erpnext,Pint (US),,unreviewed
erpnext,"Pint, Dry (US)",,unreviewed
erpnext,"Pint, Liquid (US)",,unreviewed
erpnext,Plaid Link Failed,,unreviewed
erpnext,Plaid Link Refresh Required,,unreviewed
erpnext,Plaid Link Updated,,unreviewed
erpnext,"Planned Qty: Quantity, for which, Work Order has been raised, but is pending to be manufactured.",,unreviewed
erpnext,Please Set Priority,,unreviewed
erpnext,Please add 'Supplier' role to user {0}.,,unreviewed
erpnext,Please add Request for Quotation to the sidebar in Portal Settings.,,unreviewed
erpnext,Please add Root Account for - {0},,unreviewed
erpnext,Please add atleast one Serial No / Batch No,,unreviewed
erpnext,Please add the Bank Account column,,unreviewed
erpnext,Please add the account to root level Company - {0},,unreviewed
erpnext,Please add {1} role to user {0}.,,unreviewed
erpnext,Please adjust the qty or edit {0} to proceed.,,unreviewed
erpnext,Please cancel and amend the Payment Entry,,unreviewed
erpnext,Please cancel payment entry manually first,,unreviewed
erpnext,Please cancel related transaction.,,unreviewed
erpnext,Please capitalize this asset before submitting.,,unreviewed
erpnext,Please check Process Deferred Accounting {0} and submit manually after resolving errors.,,unreviewed
erpnext,Please check either with operations or FG Based Operating Cost.,,unreviewed
erpnext,Please check the error message and take necessary actions to fix the error and then restart the reposting again.,,unreviewed
erpnext,Please check your email to confirm the appointment,,unreviewed
erpnext,Please contact any of the following users to extend the credit limits for {0}: {1},,unreviewed
erpnext,Please contact any of the following users to {} this transaction.,,unreviewed
erpnext,Please contact your administrator to extend the credit limits for {0}.,,unreviewed
erpnext,Please create Landed Cost Vouchers against Invoices that have 'Update Stock' enabled.,,unreviewed
erpnext,Please create a new Accounting Dimension if required.,,unreviewed
erpnext,Please create purchase from internal sale or delivery document itself,,unreviewed
erpnext,"Please delete Product Bundle {0}, before merging {1} into {2}",,unreviewed
erpnext,Please disable workflow temporarily for Journal Entry {0},,unreviewed
erpnext,Please do not book expense of multiple assets against one single Asset.,,unreviewed
erpnext,Please enable Use Old Serial / Batch Fields to make_bundle,,unreviewed
erpnext,Please enable only if the understand the effects of enabling this.,,unreviewed
erpnext,Please enable {0} in the {1}.,,unreviewed
erpnext,Please enable {} in {} to allow same item in multiple rows,,unreviewed
erpnext,Please ensure that the {0} account is a Balance Sheet account. You can change the parent account to a Balance Sheet account or select a different account.,,unreviewed
erpnext,Please ensure that the {0} account {1} is a Payable account. You can change the account type to Payable or select a different account.,,unreviewed
erpnext,Please ensure {} account is a Balance Sheet account.,,unreviewed
erpnext,Please ensure {} account {} is a Receivable account.,,unreviewed
erpnext,Please enter Maintenance Details first,,unreviewed
erpnext,Please enter Root Type for account- {0},,unreviewed
erpnext,Please enter Serial Nos,,unreviewed
erpnext,Please enter Shipment Parcel information,,unreviewed
erpnext,Please enter a valid number of deliveries,,unreviewed
erpnext,Please enter at least one delivery date and quantity,,unreviewed
erpnext,Please enter mobile number first.,,unreviewed
erpnext,Please enter the first delivery date,,unreviewed
erpnext,Please enter the {schedule_date}.,,unreviewed
erpnext,"Please first set Last Name, Email and Phone for the user",,unreviewed
erpnext,Please fix overlapping time slots for {0},,unreviewed
erpnext,Please fix overlapping time slots for {0}.,,unreviewed
erpnext,Please import accounts against parent company or enable {} in company master.,,unreviewed
erpnext,Please make sure the file you are using has 'Parent Account' column present in the header.,,unreviewed
erpnext,Please mention 'Weight UOM' along with Weight.,,unreviewed
erpnext,Please mention '{0}' in Company: {1},,unreviewed
erpnext,Please mention the Current and New BOM for replacement.,,unreviewed
erpnext,Please rectify and try again.,,unreviewed
erpnext,Please refresh or reset the Plaid linking of the Bank {}.,,unreviewed
erpnext,Please save before proceeding.,,unreviewed
erpnext,Please save the Sales Order before adding a delivery schedule.,,unreviewed
erpnext,Please select Finished Good Item for Service Item {0},,unreviewed
erpnext,Please select Periodic Accounting Entry Difference Account,,unreviewed
erpnext,Please select Serial/Batch Nos to reserve or change Reservation Based On to Qty.,,unreviewed
erpnext,Please select Stock Asset Account,,unreviewed
erpnext,Please select Subcontracting Order instead of Purchase Order {0},,unreviewed
erpnext,Please select Unrealized Profit / Loss account or add default Unrealized Profit / Loss account account for company {0},,unreviewed
erpnext,Please select a Subcontracting Purchase Order.,,unreviewed
erpnext,Please select a Work Order first.,,unreviewed
erpnext,Please select a country,,unreviewed
erpnext,Please select a customer for fetching payments.,,unreviewed
erpnext,Please select a frequency for delivery schedule,,unreviewed
erpnext,Please select a supplier for fetching payments.,,unreviewed
erpnext,Please select a valid Purchase Order that has Service Items.,,unreviewed
erpnext,Please select a valid Purchase Order that is configured for Subcontracting.,,unreviewed
erpnext,Please select an item code before setting the warehouse.,,unreviewed
erpnext,"Please select at least one filter: Item Code, Batch, or Serial No.",,unreviewed
erpnext,Please select at least one row with difference value,,unreviewed
erpnext,Please select atleast one item to continue,,unreviewed
erpnext,Please select atleast one operation to create Job Card,,unreviewed
erpnext,Please select either the Item or Warehouse or Warehouse Type filter to generate the report.,,unreviewed
erpnext,Please select only one row to create a Reposting Entry,,unreviewed
erpnext,Please select rows to create Reposting Entries,,unreviewed
erpnext,Please select the required filters,,unreviewed
erpnext,Please select valid document type.,,unreviewed
erpnext,Please set '{0}' in Company: {1},,unreviewed
erpnext,Please set Accounting Dimension {} in {},,unreviewed
erpnext,Please set Customer Address to determine if the transaction is an export.,,unreviewed
erpnext,Please set Email/Phone for the contact,,unreviewed
erpnext,Please set Fiscal Code for the customer '%s',,unreviewed
erpnext,Please set Fiscal Code for the public administration '%s',,unreviewed
erpnext,Please set Fixed Asset Account in Asset Category {0},,unreviewed
erpnext,Please set Fixed Asset Account in {} against {}.,,unreviewed
erpnext,Please set Parent Row No for item {0},,unreviewed
erpnext,Please set Purchase Expense Contra Account in Company {0},,unreviewed
erpnext,Please set Tax ID for the customer '%s',,unreviewed
erpnext,Please set VAT Accounts in {0},,unreviewed
erpnext,"Please set Vat Accounts for Company: \""{0}\"" in UAE VAT Settings",,unreviewed
erpnext,Please set a Cost Center for the Asset or set an Asset Depreciation Cost Center for the Company {},,unreviewed
erpnext,Please set a default Holiday List for Company {0},,unreviewed
erpnext,Please set actual demand or sales forecast to generate Material Requirements Planning Report.,,unreviewed
erpnext,Please set an Address on the Company '%s',,unreviewed
erpnext,Please set an Expense Account in the Items table,,unreviewed
erpnext,Please set both the Tax ID and Fiscal Code on Company {0},,unreviewed
erpnext,Please set default cost of goods sold account in company {0} for booking rounding gain and loss during stock transfer,,unreviewed
erpnext,"Please set default inventory account for item {0}, or their item group or brand.",,unreviewed
erpnext,Please set one of the following:,,unreviewed
erpnext,Please set opening number of booked depreciations,,unreviewed
erpnext,Please set the Target Warehouse in the Job Card,,unreviewed
erpnext,Please set the WIP Warehouse in the Job Card,,unreviewed
erpnext,Please set the cost center field in {0} or setup a default Cost Center for the Company.,,unreviewed
erpnext,Please set {0} first.,,unreviewed
erpnext,Please set {0} in BOM Creator {1},,unreviewed
erpnext,Please set {0} in Company {1} to account for Exchange Gain / Loss,,unreviewed
erpnext,"Please set {0} to {1}, the same account that was used in the original invoice {2}.",,unreviewed
erpnext,Please setup and enable a group account with the Account Type - {0} for the company {1},,unreviewed
erpnext,Please share this email with your support team so that they can find and fix the issue.,,unreviewed
erpnext,Please specify a {0} first.,,unreviewed
erpnext,Please uncheck 'Show in Bucket View' to create Orders,,unreviewed
erpnext,Please update Repair Status.,,unreviewed
erpnext,Pond,,unreviewed
erpnext,Pood,,unreviewed
erpnext,Portal User,,unreviewed
erpnext,Portal Users,,unreviewed
erpnext,Post Route Key List,,unreviewed
erpnext,Posting Date will change to today's date as Edit Posting Date and Time is unchecked. Are you sure want to proceed?,,unreviewed
erpnext,Pound,,unreviewed
erpnext,Pound-Force,,unreviewed
erpnext,Pound/Cubic Foot,,unreviewed
erpnext,Pound/Cubic Inch,,unreviewed
erpnext,Pound/Cubic Yard,,unreviewed
erpnext,Pound/Gallon (UK),,unreviewed
erpnext,Pound/Gallon (US),,unreviewed
erpnext,Poundal,,unreviewed
erpnext,Powered by {0},,unreviewed
erpnext,President,,unreviewed
erpnext,"Previous Year is not closed, please close it first",,unreviewed
erpnext,Price ({0}),,unreviewed
erpnext,Price Per Unit ({0}),,unreviewed
erpnext,"Pricing Rule is first selected based on 'Apply On' field, which can be Item, Item Group or Brand.",,unreviewed
erpnext,"Pricing Rule is made to overwrite Price List / define discount percentage, based on some criteria.",,unreviewed
erpnext,Pricing Rules are further filtered based on quantity.,,unreviewed
erpnext,Print Format Type should be Jinja.,,unreviewed
erpnext,Print Format must be an enabled Report Print Format matching the selected Report.,,unreviewed
erpnext,Priority cannot be lesser than 1.,,unreviewed
erpnext,Private Equity,,unreviewed
erpnext,Procedures dropped,,unreviewed
erpnext,Process Loss Percentage cannot be greater than 100,,unreviewed
erpnext,Process in Single Transaction,,unreviewed
erpnext,Product Price ID,,unreviewed
erpnext,Production Plan Already Submitted,,unreviewed
erpnext,Progress % for a task cannot be more than 100.,,unreviewed
erpnext,Prospect {0} already exists,,unreviewed
erpnext,Psi/1000 Feet,,unreviewed
erpnext,Publisher,,unreviewed
erpnext,Publisher ID,,unreviewed
erpnext,Publishing,,unreviewed
erpnext,Purchase Order Item reference is missing in Subcontracting Receipt {0},,unreviewed
erpnext,Purchase Order {0} created,,unreviewed
erpnext,Purchase Orders {0} are un-linked,,unreviewed
erpnext,Purchase Receipt (Draft) will be auto-created on submission of Subcontracting Receipt.,,unreviewed
erpnext,Purchase Receipt {0} created.,,unreviewed
erpnext,Purposes Required,,unreviewed
erpnext,Putaway Rule already exists for Item {0} in Warehouse {1}.,,unreviewed
erpnext,Qty ,,unreviewed
erpnext,"Qty To Manufacture ({0}) cannot be a fraction for the UOM {2}. To allow this, disable '{1}' in the UOM {2}.",,unreviewed
erpnext,Qty To Manufacture in the job card cannot be greater than Qty To Manufacture in the work order for the operation {0}. <br><br><b>Solution: </b> Either you can reduce the Qty To Manufacture in the job card or set the 'Overproduction Percentage For Work Order' in the {1}.,,unreviewed
erpnext,Qty To Produce,,unreviewed
erpnext,Qty for which recursion isn't applicable.,,unreviewed
erpnext,Qty of Finished Goods Item should be greater than 0.,,unreviewed
erpnext,Quality Inspection(s),,unreviewed
erpnext,Quantity cannot be greater than {0} for Item {1},,unreviewed
erpnext,"Quantity must be greater than zero, and less or equal to {0}",,unreviewed
erpnext,Quantity to Produce should be greater than zero.,,unreviewed
erpnext,Quart (UK),,unreviewed
erpnext,Quart Dry (US),,unreviewed
erpnext,Quart Liquid (US),,unreviewed
erpnext,Quarter {0} {1},,unreviewed
erpnext,Quintal,,unreviewed
erpnext,Quot/Lead %,,unreviewed
erpnext,Rate of '{}' items cannot be changed,,unreviewed
erpnext,Rates cannot be modified for quoted items,,unreviewed
erpnext,Raw materials consumed qty will be validated based on FG BOM required qty,,unreviewed
erpnext,Real Estate,,unreviewed
erpnext,Reason for hold:,,unreviewed
erpnext,Rebuilding BTree for period ...,,unreviewed
erpnext,Receivable/Payable Account: {0} doesn't belong to company {1},,unreviewed
erpnext,Received Amount cannot be greater than Paid Amount,,unreviewed
erpnext,Recoverable Standard Rated expenses should not be set when Reverse Charge Applicable is Y,,unreviewed
erpnext,Recurse Over Qty cannot be less than 0,,unreviewed
erpnext,Recursive Discounts with Mixed condition is not supported by the system,,unreviewed
erpnext,Reference number of the invoice from the previous system,,unreviewed
erpnext,References to Sales Invoices are Incomplete,,unreviewed
erpnext,References to Sales Orders are Incomplete,,unreviewed
erpnext,References {0} of type {1} had no outstanding amount left before submitting the Payment Entry. Now they have a negative outstanding amount.,,unreviewed
erpnext,Rejected Warehouse and Accepted Warehouse cannot be same.,,unreviewed
erpnext,Remove Parent Row No in Items Table,,unreviewed
erpnext,Remove item if charges is not applicable to that item,,unreviewed
erpnext,Removing rows without exchange gain or loss,,unreviewed
erpnext,Rename jobs for doctype {0} have not been enqueued.,,unreviewed
erpnext,"Replace a particular BOM in all other BOMs where it is used. It will replace the old BOM link, update cost and regenerate \""BOM Explosion Item\"" table as per new BOM.
""
""It also updates latest price in all the BOMs.",,unreviewed
erpnext,Report an Issue,,unreviewed
erpnext,Reporting Currency Exchange Not Found,,unreviewed
erpnext,Repost Item Valuation restarted for selected failed records.,,unreviewed
erpnext,Repost has started in the background,,unreviewed
erpnext,Repost in background,,unreviewed
erpnext,Repost started in the background,,unreviewed
erpnext,Reposting Completed {0}%,,unreviewed
erpnext,Reposting entries created: {0},,unreviewed
erpnext,Reposting has been started in the background.,,unreviewed
erpnext,Reposting in the background.,,unreviewed
erpnext,Represents a Financial Year. All accounting entries and other major transactions are tracked against the Fiscal Year.,,unreviewed
erpnext,Reqired Qty,,unreviewed
erpnext,"Requested Qty: Quantity requested for purchase, but not ordered.",,unreviewed
erpnext,Reseller,,unreviewed
erpnext,Reservation,,unreviewed
erpnext,"Reserved Qty ({0}) cannot be a fraction. To allow this, disable '{1}' in UOM {3}.",,unreviewed
erpnext,Reserved Qty for Production: Raw materials quantity to make manufacturing items.,,unreviewed
erpnext,Reserved Qty for Subcontract: Raw materials quantity to make subcontracted items.,,unreviewed
erpnext,Reserved Qty should be greater than Delivered Qty.,,unreviewed
erpnext,"Reserved Qty: Quantity ordered for sale, but not delivered.",,unreviewed
erpnext,Reserved Warehouse is mandatory for the Item {item_code} in Raw Materials supplied.,,unreviewed
erpnext,Reset Company Default Values,,unreviewed
erpnext,Reset Plaid Link,,unreviewed
erpnext,Resignation Letter Date,,unreviewed
erpnext,Resolution Date,,unreviewed
erpnext,Resolution Details,,unreviewed
erpnext,Resolved By,,unreviewed
erpnext,Response and Resolution,,unreviewed
erpnext,Restart,,unreviewed
erpnext,Restart Failed Entries,,unreviewed
erpnext,Restore Asset,,unreviewed
erpnext,Restrict,,unreviewed
erpnext,Restrict Items Based On,,unreviewed
erpnext,Result Key,,unreviewed
erpnext,Retail & Wholesale,,unreviewed
erpnext,Retailer,,unreviewed
erpnext,Return invoice of asset cancelled,,unreviewed
erpnext,Return on Asset Ratio,,unreviewed
erpnext,Return on Equity Ratio,,unreviewed
erpnext,Returned Qty ,,unreviewed
erpnext,Returned exchange rate is neither integer not float.,,unreviewed
erpnext,Revaluation Journals,,unreviewed
erpnext,Revaluation Surplus,,unreviewed
erpnext,Revision cancelled,,unreviewed
erpnext,Rgt,,unreviewed
erpnext,Rod,,unreviewed
erpnext,Role Allowed to Over Bill ,,unreviewed
erpnext,Role allowed to bypass period restrictions.,,unreviewed
erpnext,"Root Type for {0} must be one of the Asset, Liability, Income, Expense and Equity",,unreviewed
erpnext,Rounding Loss Allowance should be between 0 and 1,,unreviewed
erpnext,Rounding gain/loss Entry for Stock Transfer,,unreviewed
erpnext,Row # {0}: Please add Serial and Batch Bundle for Item {1},,unreviewed
erpnext,Row # {0}: Please enter quantity for Item {1} as it is not zero.,,unreviewed
erpnext,Row #1: Sequence ID must be 1 for Operation {0}.,,unreviewed
erpnext,Row #{0}: A reorder entry already exists for warehouse {1} with reorder type {2}.,,unreviewed
erpnext,Row #{0}: Acceptance Criteria Formula is incorrect.,,unreviewed
erpnext,Row #{0}: Acceptance Criteria Formula is required.,,unreviewed
erpnext,Row #{0}: Accepted Warehouse and Rejected Warehouse cannot be same,,unreviewed
erpnext,Row #{0}: Accepted Warehouse is mandatory for the accepted Item {1},,unreviewed
erpnext,Row #{0}: Allocated Amount cannot be greater than Outstanding Amount of Payment Request {1},,unreviewed
erpnext,Row #{0}: Allocated amount:{1} is greater than outstanding amount:{2} for Payment Term {3},,unreviewed
erpnext,Row #{0}: Amount must be a positive number,,unreviewed
erpnext,"Row #{0}: Asset {1} cannot be sold, it is already {2}",,unreviewed
erpnext,Row #{0}: Asset {1} is already sold,,unreviewed
erpnext,Row #{0}: BOM is not specified for subcontracting item {0},,unreviewed
erpnext,Row #{0}: BOM not found for FG Item {1},,unreviewed
erpnext,Row #{0}: Batch No {1} is already selected.,,unreviewed
erpnext,Row #{0}: Batch No(s) {1} is not a part of the linked Subcontracting Inward Order. Please select valid Batch No(s).,,unreviewed
erpnext,Row #{0}: Cannot allocate more than {1} against payment term {2},,unreviewed
erpnext,Row #{0}: Cannot cancel this Manufacturing Stock Entry as billed quantity of Item {1} cannot be greater than consumed quantity.,,unreviewed
erpnext,Row #{0}: Cannot cancel this Manufacturing Stock Entry as quantity of Scrap Item {1} produced cannot be less than quantity delivered.,,unreviewed
erpnext,Row #{0}: Cannot cancel this Stock Entry as returned quantity cannot be greater than delivered quantity for Item {1} in the linked Subcontracting Inward Order,,unreviewed
erpnext,Row #{0}: Cannot set Rate if the billed amount is greater than the amount for Item {1}.,,unreviewed
erpnext,Row #{0}: Cannot transfer more than Required Qty {1} for Item {2} against Job Card {3},,unreviewed
erpnext,Row #{0}: Consumed Asset {1} cannot be Draft,,unreviewed
erpnext,Row #{0}: Consumed Asset {1} cannot be cancelled,,unreviewed
erpnext,Row #{0}: Consumed Asset {1} cannot be the same as the Target Asset,,unreviewed
erpnext,Row #{0}: Consumed Asset {1} cannot be {2},,unreviewed
erpnext,Row #{0}: Consumed Asset {1} does not belong to company {2},,unreviewed
erpnext,Row #{0}: Cumulative threshold cannot be less than Single Transaction threshold,,unreviewed
erpnext,Row #{0}: Customer Provided Item {1} against Subcontracting Inward Order Item {2} ({3}) cannot be added multiple times.,,unreviewed
erpnext,Row #{0}: Customer Provided Item {1} cannot be added multiple times in the Subcontracting Inward process.,,unreviewed
erpnext,Row #{0}: Customer Provided Item {1} cannot be added multiple times.,,unreviewed
erpnext,Row #{0}: Customer Provided Item {1} does not exist in the Required Items table linked to the Subcontracting Inward Order.,,unreviewed
erpnext,Row #{0}: Customer Provided Item {1} exceeds quantity available through Subcontracting Inward Order,,unreviewed
erpnext,Row #{0}: Customer Provided Item {1} has insufficient quantity in the Subcontracting Inward Order. Available quantity is {2}.,,unreviewed
erpnext,Row #{0}: Customer Provided Item {1} is not a part of Subcontracting Inward Order {2},,unreviewed
erpnext,Row #{0}: Customer Provided Item {1} is not a part of Work Order {2},,unreviewed
erpnext,Row #{0}: Dates overlapping with other row,,unreviewed
erpnext,Row #{0}: Default BOM not found for FG Item {1},,unreviewed
erpnext,Row #{0}: Expense Account not set for the Item {1}. {2},,unreviewed
erpnext,Row #{0}: Expense account {1} is not valid for Purchase Invoice {2}. Only expense accounts from non-stock items are allowed.,,unreviewed
erpnext,Row #{0}: Finished Good Item Qty can not be zero,,unreviewed
erpnext,Row #{0}: Finished Good Item is not specified for service item {1},,unreviewed
erpnext,Row #{0}: Finished Good Item {1} must be a sub-contracted item,,unreviewed
erpnext,Row #{0}: Finished Good must be {1},,unreviewed
erpnext,Row #{0}: Finished Good reference is mandatory for Scrap Item {1}.,,unreviewed
erpnext,"Row #{0}: For Customer Provided Item {1}, Source Warehouse must be {2}",,unreviewed
erpnext,"Row #{0}: For {1}, you can select reference document only if account gets credited",,unreviewed
erpnext,"Row #{0}: For {1}, you can select reference document only if account gets debited",,unreviewed
erpnext,Row #{0}: From Date cannot be before To Date,,unreviewed
erpnext,Row #{0}: From Time and To Time fields are required,,unreviewed
erpnext,Row #{0}: Item {1} does not exist,,unreviewed
erpnext,"Row #{0}: Item {1} has been picked, please reserve stock from the Pick List.",,unreviewed
erpnext,Row #{0}: Item {1} has no stock in warehouse {2}.,,unreviewed
erpnext,Row #{0}: Item {1} has zero rate but 'Allow Zero Valuation Rate' is not enabled.,,unreviewed
erpnext,"Row #{0}: Item {1} in warehouse {2}: Available {3}, Needed {4}.",,unreviewed
erpnext,Row #{0}: Item {1} is not a Customer Provided Item.,,unreviewed
erpnext,Row #{0}: Item {1} is not a part of Subcontracting Inward Order {2},,unreviewed
erpnext,Row #{0}: Item {1} is not a service item,,unreviewed
erpnext,Row #{0}: Item {1} is not a stock item,,unreviewed
erpnext,"Row #{0}: Item {1} mismatch. Changing of item code is not permitted, add another row instead.",,unreviewed
erpnext,Row #{0}: Item {1} mismatch. Changing of item code is not permitted.,,unreviewed
erpnext,Row #{0}: Next Depreciation Date cannot be before Available-for-use Date,,unreviewed
erpnext,Row #{0}: Next Depreciation Date cannot be before Purchase Date,,unreviewed
erpnext,Row #{0}: Only {1} available to reserve for the Item {2},,unreviewed
erpnext,Row #{0}: Opening Accumulated Depreciation must be less than or equal to {1},,unreviewed
erpnext,Row #{0}: Overconsumption of Customer Provided Item {1} against Work Order {2} is not allowed in the Subcontracting Inward process.,,unreviewed
erpnext,Row #{0}: Please select Item Code in Assembly Items,,unreviewed
erpnext,Row #{0}: Please select the BOM No in Assembly Items,,unreviewed
erpnext,Row #{0}: Please select the Finished Good Item against which this Customer Provided Item will be used.,,unreviewed
erpnext,Row #{0}: Please select the Sub Assembly Warehouse,,unreviewed
erpnext,Row #{0}: Please update deferred revenue/expense account in item row or default account in company master,,unreviewed
erpnext,Row #{0}: Qty increased by {1},,unreviewed
erpnext,Row #{0}: Qty must be a positive number,,unreviewed
erpnext,Row #{0}: Qty should be less than or equal to Available Qty to Reserve (Actual Qty - Reserved Qty) {1} for Iem {2} against Batch {3} in Warehouse {4}.,,unreviewed
erpnext,Row #{0}: Quality Inspection is required for Item {1},,unreviewed
erpnext,Row #{0}: Quality Inspection {1} is not submitted for the item: {2},,unreviewed
erpnext,Row #{0}: Quality Inspection {1} was rejected for item {2},,unreviewed
erpnext,Row #{0}: Quantity cannot be a non-positive number. Please increase the quantity or remove the Item {1},,unreviewed
erpnext,Row #{0}: Quantity of Item {1} cannot be more than {2} {3} against Subcontracting Inward Order {4},,unreviewed
erpnext,Row #{0}: Quantity to reserve for the Item {1} should be greater than 0.,,unreviewed
erpnext,Row #{0}: Rate must be same as {1}: {2} ({3} / {4}),,unreviewed
erpnext,Row #{0}: Rejected Qty cannot be set for Scrap Item {1}.,,unreviewed
erpnext,Row #{0}: Rejected Warehouse is mandatory for the rejected Item {1},,unreviewed
erpnext,Row #{0}: Repair cost {1} exceeds available amount {2} for Purchase Invoice {3} and Account {4},,unreviewed
erpnext,Row #{0}: Return Against is required for returning asset,,unreviewed
erpnext,Row #{0}: Returned quantity cannot be greater than available quantity for Item {1},,unreviewed
erpnext,Row #{0}: Returned quantity cannot be greater than available quantity to return for Item {1},,unreviewed
erpnext,Row #{0}: Scrap Item Qty cannot be zero,,unreviewed
erpnext,"Row #{0}: Selling rate for item {1} is lower than its {2}.
""
""\t\t\t\t\tSelling {3} should be atleast {4}.<br><br>Alternatively,
""
""\t\t\t\t\tyou can disable selling price validation in {5} to bypass
""
""\t\t\t\t\tthis validation.",,unreviewed
erpnext,Row #{0}: Sequence ID must be {1} or {2} for Operation {3}.,,unreviewed
erpnext,Row #{0}: Serial No {1} for Item {2} is not available in {3} {4} or might be reserved in another {5}.,,unreviewed
erpnext,Row #{0}: Serial No {1} is already selected.,,unreviewed
erpnext,Row #{0}: Serial No(s) {1} are not a part of the linked Subcontracting Inward Order. Please select valid Serial No(s).,,unreviewed
erpnext,"Row #{0}: Since 'Track Semi Finished Goods' is enabled, the BOM {1} cannot be used for Sub Assembly Items",,unreviewed
erpnext,Row #{0}: Source Warehouse must be same as Customer Warehouse {1} from the linked Subcontracting Inward Order,,unreviewed
erpnext,Row #{0}: Source Warehouse {1} for item {2} cannot be a customer warehouse.,,unreviewed
erpnext,Row #{0}: Source Warehouse {1} for item {2} must be same as Source Warehouse {3} in the Work Order.,,unreviewed
erpnext,Row #{0}: Source and Target Warehouse cannot be the same for Material Transfer,,unreviewed
erpnext,"Row #{0}: Source, Target Warehouse and Inventory Dimensions cannot be the exact same for Material Transfer",,unreviewed
erpnext,Row #{0}: Start Time and End Time are required,,unreviewed
erpnext,Row #{0}: Start Time must be before End Time,,unreviewed
erpnext,Row #{0}: Status is mandatory,,unreviewed
erpnext,Row #{0}: Stock cannot be reserved for Item {1} against a disabled Batch {2}.,,unreviewed
erpnext,Row #{0}: Stock cannot be reserved for a non-stock Item {1},,unreviewed
erpnext,Row #{0}: Stock cannot be reserved in group warehouse {1}.,,unreviewed
erpnext,Row #{0}: Stock is already reserved for the Item {1}.,,unreviewed
erpnext,Row #{0}: Stock is reserved for item {1} in warehouse {2}.,,unreviewed
erpnext,Row #{0}: Stock not available to reserve for Item {1} against Batch {2} in Warehouse {3}.,,unreviewed
erpnext,Row #{0}: Stock not available to reserve for the Item {1} in Warehouse {2}.,,unreviewed
erpnext,Row #{0}: Stock quantity {1} ({2}) for item {3} cannot exceed {4},,unreviewed
erpnext,Row #{0}: Target Warehouse must be same as Customer Warehouse {1} from the linked Subcontracting Inward Order,,unreviewed
erpnext,Row #{0}: The warehouse {1} is not a child warehouse of a group warehouse {2},,unreviewed
erpnext,Row #{0}: Total Number of Depreciations cannot be less than or equal to Opening Number of Booked Depreciations,,unreviewed
erpnext,Row #{0}: Work Order exists against full or partial quantity of Item {1},,unreviewed
erpnext,Row #{0}: You cannot use the inventory dimension '{1}' in Stock Reconciliation to modify the quantity or valuation rate. Stock reconciliation with inventory dimensions is intended solely for performing opening entries.,,unreviewed
erpnext,Row #{0}: You must select an Asset for Item {1}.,,unreviewed
erpnext,Row #{0}: {1} is not a valid reading field. Please refer to the field description.,,unreviewed
erpnext,Row #{0}: {1} of {2} should be {3}. Please update the {1} or select a different account.,,unreviewed
erpnext,Row #{1}: Warehouse is mandatory for stock Item {0},,unreviewed
erpnext,Row #{idx}: Cannot select Supplier Warehouse while suppling raw materials to subcontractor.,,unreviewed
erpnext,Row #{idx}: Item rate has been updated as per valuation rate since its an internal stock transfer.,,unreviewed
erpnext,Row #{idx}: Please enter a location for the asset item {item_code}.,,unreviewed
erpnext,Row #{idx}: Received Qty must be equal to Accepted + Rejected Qty for Item {item_code}.,,unreviewed
erpnext,Row #{idx}: {field_label} can not be negative for item {item_code}.,,unreviewed
erpnext,Row #{idx}: {field_label} is mandatory.,,unreviewed
erpnext,Row #{idx}: {field_label} is not allowed in Purchase Return.,,unreviewed
erpnext,Row #{idx}: {from_warehouse_field} and {to_warehouse_field} cannot be same.,,unreviewed
erpnext,Row #{idx}: {schedule_date} cannot be before {transaction_date}.,,unreviewed
erpnext,Row #{}: Finance Book should not be empty since you're using multiple.,,unreviewed
erpnext,Row #{}: Please assign task to a member.,,unreviewed
erpnext,Row #{}: Please use a different Finance Book.,,unreviewed
erpnext,Row #{}: The original Invoice {} of return invoice {} is not consolidated.,,unreviewed
erpnext,Row #{}: You cannot add positive quantities in a return invoice. Please remove item {} to complete the return.,,unreviewed
erpnext,Row #{}: item {} has been picked already.,,unreviewed
erpnext,Row #{}: {} {} doesn't belong to Company {}. Please select valid {}.,,unreviewed
erpnext,Row No {0}: Warehouse is required. Please set a Default Warehouse for Item {1} and Company {2},,unreviewed
erpnext,"Row {0} picked quantity is less than the required quantity, additional {1} {2} required.",,unreviewed
erpnext,Row {0}# Item {1} cannot be transferred more than {2} against {3} {4},,unreviewed
erpnext,Row {0}# Item {1} not found in 'Raw Materials Supplied' table in {2} {3},,unreviewed
erpnext,Row {0}: Accepted Qty and Rejected Qty can't be zero at the same time.,,unreviewed
erpnext,Row {0}: Account {1} and Party Type {2} have different account types,,unreviewed
erpnext,Row {0}: Allocated amount {1} must be less than or equal to invoice outstanding amount {2},,unreviewed
erpnext,Row {0}: Allocated amount {1} must be less than or equal to remaining payment amount {2},,unreviewed
erpnext,"Row {0}: As {1} is enabled, raw materials cannot be added to {2} entry. Use {3} entry to consume raw materials.",,unreviewed
erpnext,Row {0}: Both Debit and Credit values cannot be zero,,unreviewed
erpnext,"Row {0}: Consumed Qty {1} {2} must be less than or equal to Available Qty For Consumption
""
""\t\t\t\t\t{3} {4} in Consumed Items Table.",,unreviewed
erpnext,Row {0}: Cost Center {1} does not belong to Company {2},,unreviewed
erpnext,Row {0}: Delivery Warehouse cannot be same as Customer Warehouse for Item {1}.,,unreviewed
erpnext,Row {0}: Either Delivery Note Item or Packed Item reference is mandatory.,,unreviewed
erpnext,Row {0}: Expected Value After Useful Life must be less than Net Purchase Amount,,unreviewed
erpnext,Row {0}: Expense Head changed to {1} as no Purchase Receipt is created against Item {2}.,,unreviewed
erpnext,Row {0}: Expense Head changed to {1} because account {2} is not linked to warehouse {3} or it is not the default inventory account,,unreviewed
erpnext,Row {0}: Expense Head changed to {1} because expense is booked against this account in Purchase Receipt {2},,unreviewed
erpnext,Row {0}: From Warehouse is mandatory for internal transfers,,unreviewed
erpnext,Row {0}: Item Tax template updated as per validity and rate applied,,unreviewed
erpnext,Row {0}: Item rate has been updated as per valuation rate since its an internal stock transfer,,unreviewed
erpnext,Row {0}: Item {1} must be a stock item.,,unreviewed
erpnext,Row {0}: Item {1} must be a subcontracted item.,,unreviewed
erpnext,Row {0}: Item {1}'s quantity cannot be higher than the available quantity.,,unreviewed
erpnext,Row {0}: Packed Qty must be equal to {1} Qty.,,unreviewed
erpnext,Row {0}: Packing Slip is already created for Item {1}.,,unreviewed
erpnext,Row {0}: Payment Term is mandatory,,unreviewed
erpnext,Row {0}: Please provide a valid Delivery Note Item or Packed Item reference.,,unreviewed
erpnext,Row {0}: Please select a BOM for Item {1}.,,unreviewed
erpnext,Row {0}: Please select an active BOM for Item {1}.,,unreviewed
erpnext,Row {0}: Please select an valid BOM for Item {1}.,,unreviewed
erpnext,Row {0}: Project must be same as the one set in the Timesheet: {1}.,,unreviewed
erpnext,Row {0}: Purchase Invoice {1} has no stock impact.,,unreviewed
erpnext,Row {0}: Qty cannot be greater than {1} for the Item {2}.,,unreviewed
erpnext,Row {0}: Qty in Stock UOM can not be zero.,,unreviewed
erpnext,Row {0}: Qty must be greater than 0.,,unreviewed
erpnext,Row {0}: Quantity cannot be negative.,,unreviewed
erpnext,Row {0}: Shift cannot be changed since the depreciation has already been processed,,unreviewed
erpnext,Row {0}: Target Warehouse is mandatory for internal transfers,,unreviewed
erpnext,Row {0}: Task {1} does not belong to Project {2},,unreviewed
erpnext,Row {0}: The entire expense amount for account {1} in {2} has already been allocated.,,unreviewed
erpnext,Row {0}: The {3} Account {1} does not belong to the company {2},,unreviewed
erpnext,"Row {0}: To set {1} periodicity, difference between from and to date must be greater than or equal to {2}",,unreviewed
erpnext,Row {0}: Transferred quantity cannot be greater than the requested quantity.,,unreviewed
erpnext,Row {0}: Workstation or Workstation Type is mandatory for an operation {1},,unreviewed
erpnext,Row {0}: {1} account already applied for Accounting Dimension {2},,unreviewed
erpnext,Row {0}: {1} {2} cannot be same as {3} (Party Account) {4},,unreviewed
erpnext,Row {0}: {2} Item {1} does not exist in {2} {3},,unreviewed
erpnext,Row {idx}: Asset Naming Series is mandatory for the auto creation of assets for item {item_code}.,,unreviewed
erpnext,Row({0}): Outstanding Amount cannot be greater than actual Outstanding Amount {1} in {2},,unreviewed
erpnext,Rows with Same Account heads will be merged on Ledger,,unreviewed
erpnext,Rows: {0} have 'Payment Entry' as reference_type. This should not be set manually.,,unreviewed
erpnext,Rows: {0} in {1} section are Invalid. Reference Name should point to a valid Payment Entry or Journal Entry.,,unreviewed
erpnext,SCIO Detail,,unreviewed
erpnext,SCO Supplied Item,,unreviewed
erpnext,SLA will be applied if {1} is set as {2}{3},,unreviewed
erpnext,SLA will be applied on every {0},,unreviewed
erpnext,Sales Invoice does not have Payments,,unreviewed
erpnext,Sales Invoice is already consolidated,,unreviewed
erpnext,Sales Invoice is not created using POS,,unreviewed
erpnext,Sales Invoice is not submitted,,unreviewed
erpnext,Sales Invoice isn't created by user {},,unreviewed
erpnext,Sales Invoice mode is activated in POS. Please create Sales Invoice instead.,,unreviewed
erpnext,Sales Invoice {0} must be deleted before cancelling this Sales Order,,unreviewed
erpnext,Sales Opportunities by Campaign,,unreviewed
erpnext,Sales Opportunities by Medium,,unreviewed
erpnext,Sales Opportunities by Source,,unreviewed
erpnext,"Sales Order {0} already exists against Customer's Purchase Order {1}. To allow multiple Sales Orders, Enable {2} in {3}",,unreviewed
erpnext,Sales Partner ,,unreviewed
erpnext,Sales Partner Target Variance Based On Item Group,,unreviewed
erpnext,Sales Person <b>{0}</b> is disabled.,,unreviewed
erpnext,Sales Pipeline by Stage,,unreviewed
erpnext,Same item and warehouse combination already entered.,,unreviewed
erpnext,Sazhen,,unreviewed
erpnext,Scan Job Card Qrcode,,unreviewed
erpnext,Scan barcode for item {0},,unreviewed
erpnext,"Scan mode enabled, existing quantity will not be fetched.",,unreviewed
erpnext,Scheduler is Inactive. Can't trigger job now.,,unreviewed
erpnext,Scheduler is Inactive. Can't trigger jobs now.,,unreviewed
erpnext,Scheduler is inactive. Cannot enqueue job.,,unreviewed
erpnext,Scheduler is inactive. Cannot merge accounts.,,unreviewed
erpnext,Scheduling...,,unreviewed
erpnext,"Scorecard variables can be used, as well as:
""
""{total_score} (the total score from that period),
""
""{period_number} (the number of periods to present day)",,unreviewed
erpnext,Scrap date cannot be before purchase date,,unreviewed
erpnext,Second,,unreviewed
erpnext,Secretary,,unreviewed
erpnext,Securities & Commodity Exchanges,,unreviewed
erpnext,Select Date of Birth. This will validate Employees age and prevent hiring of under-age staff.,,unreviewed
erpnext,"Select Date of joining. It will have impact on the first salary calculation, Leave allocation on pro-rata bases.",,unreviewed
erpnext,Select Dispatch Address ,,unreviewed
erpnext,Select an item from each set to be used in the Sales Order.,,unreviewed
erpnext,Select the Default Workstation where the Operation will be performed. This will be fetched in BOMs and Work Orders.,,unreviewed
erpnext,Select the Item to be manufactured.,,unreviewed
erpnext,"Select the Item to be manufactured. The Item name, UoM, Company, and Currency will be fetched automatically.",,unreviewed
erpnext,Select the Warehouse,,unreviewed
erpnext,Select the date,,unreviewed
erpnext,Select the date and your timezone,,unreviewed
erpnext,Select the raw materials (Items) required to manufacture the Item,,unreviewed
erpnext,"Select whether to get items from a Sales Order or a Material Request. For now select <b>Sales Order</b>.
""
"" A Production Plan can also be created manually where you can select the Items to manufacture.",,unreviewed
erpnext,Select your weekly off day,,unreviewed
erpnext,Selected Serial and Batch Bundle entries have been fixed.,,unreviewed
erpnext,Selected document must be in submitted state,,unreviewed
erpnext,Sell Asset,,unreviewed
erpnext,Send regular summary reports via Email.,,unreviewed
erpnext,Serial No and Batch Selector cannot be use when Use Serial / Batch Fields is enabled.,,unreviewed
erpnext,Serial No and Batch Traceability,,unreviewed
erpnext,Serial No {0} already exists,,unreviewed
erpnext,Serial No {0} already scanned,,unreviewed
erpnext,Serial No {0} does not exists,,unreviewed
erpnext,Serial No {0} is already Delivered. You cannot use them again in Manufacture / Repack entry.,,unreviewed
erpnext,Serial No {0} is already added,,unreviewed
erpnext,Serial No {0} is already assigned to customer {1}. Can only be returned against the customer {1},,unreviewed
erpnext,"Serial No {0} is not present in the {1} {2}, hence you can't return it against the {1} {2}",,unreviewed
erpnext,Serial Nos are created successfully,,unreviewed
erpnext,"Serial Nos are reserved in Stock Reservation Entries, you need to unreserve them before proceeding.",,unreviewed
erpnext,Serial Nos {0} are already Delivered. You cannot use them again in Manufacture / Repack entry.,,unreviewed
erpnext,Serial and Batch Bundle {0} is already used in {1} {2}.,,unreviewed
erpnext,Serial and Batch Bundle {0} is not submitted,,unreviewed
erpnext,Serial and Batch Nos will be auto-reserved based on <b>Pick Serial / Batch Based On</b>,,unreviewed
erpnext,Serial numbers unavailable for Item {0} under warehouse {1}. Please try changing warehouse.,,unreviewed
erpnext,Service Item {0} is disabled.,,unreviewed
erpnext,Service Item {0} must be a non-stock item.,,unreviewed
erpnext,Service Level Agreement for {0} {1} already exists.,,unreviewed
erpnext,Set Operating Cost / Scrap Items From Sub-assemblies,,unreviewed
erpnext,Set Response Time for Priority {0} in row {1}.,,unreviewed
erpnext,Set default {0} account for non stock items,,unreviewed
erpnext,Set fieldname from which you want to fetch the data from the parent form.,,unreviewed
erpnext,Set quantity of process loss item:,,unreviewed
erpnext,Set the Planned Start Date (an Estimated Date at which you want the Production to begin),,unreviewed
erpnext,Set the status manually.,,unreviewed
erpnext,Set {0} in asset category {1} for company {2},,unreviewed
erpnext,Sets 'Accepted Warehouse' in each row of the Items table.,,unreviewed
erpnext,Sets 'Rejected Warehouse' in each row of the Items table.,,unreviewed
erpnext,Sets 'Reserve Warehouse' in each row of the Supplied Items table.,,unreviewed
erpnext,Setting the account as a Company Account is necessary for Bank Reconciliation,,unreviewed
erpnext,Setting {0} is required,,unreviewed
erpnext,Shipping Address does not belong to the {0},,unreviewed
erpnext,Short-term Investments,,unreviewed
erpnext,Short-term Provisions,,unreviewed
erpnext,Show Aggregate Value from Subsidiary Companies,,unreviewed
erpnext,Show negative values as positive (for expenses in P&L),,unreviewed
erpnext,Show net values in opening and closing columns,,unreviewed
erpnext,Similar types of workstations where the same operations run in parallel.,,unreviewed
erpnext,"Simple Python Expression, Example: doc.status == 'Open' and doc.issue_type == 'Bug'",,unreviewed
erpnext,"Simple Python formula applied on Reading fields.<br> Numeric eg. 1: <b>reading_1 &gt; 0.2 and reading_1 &lt; 0.5</b><br>
""
""Numeric eg. 2: <b>mean &gt; 3.5</b> (mean of populated fields)<br>
""
""Value based eg.:  <b>reading_value in (\""A\"", \""B\"", \""C\"")</b>",,unreviewed
erpnext,"Since there is a process loss of {0} units for the finished good {1}, you should reduce the quantity by {0} units for the finished good {1} in the Items Table.",,unreviewed
erpnext,"Since {0} are Serial No/Batch No items, you cannot enable 'Recreate Stock Ledgers' in Repost Item Valuation.",,unreviewed
erpnext,Skipping Tax Withholding Category {0} as there is no associated account set for Company {1} in it.,,unreviewed
erpnext,Slug/Cubic Foot,,unreviewed
erpnext,Soap & Detergent,,unreviewed
erpnext,Software,,unreviewed
erpnext,Software Developer,,unreviewed
erpnext,Sold by,,unreviewed
erpnext,Solvency Ratios,,unreviewed
erpnext,Some required Company details are missing. You don't have permission to update them. Please contact your System Manager.,,unreviewed
erpnext,Something went wrong please try again,,unreviewed
erpnext,Source Warehouse is mandatory for the Item {0}.,,unreviewed
erpnext,Source Warehouse {0} must be same as Customer Warehouse {1} in the Subcontracting Inward Order.,,unreviewed
erpnext,Specify Exchange Rate to convert one currency into another,,unreviewed
erpnext,Specify conditions to calculate shipping amount,,unreviewed
erpnext,"Spending for Account {0} ({1}) between {2} and {3} has already exceeded the new allocated budget. Spent: {4}, Budget: {5}",,unreviewed
erpnext,Split Early Payment Discount Loss into Income and Tax Loss,,unreviewed
erpnext,Split Quantity must be less than Asset Quantity,,unreviewed
erpnext,Splitting {0} {1} into {2} rows as per Payment Terms,,unreviewed
erpnext,Sports,,unreviewed
erpnext,Square Centimeter,,unreviewed
erpnext,Square Foot,,unreviewed
erpnext,Square Inch,,unreviewed
erpnext,Square Kilometer,,unreviewed
erpnext,Square Meter,,unreviewed
erpnext,Square Mile,,unreviewed
erpnext,Square Yard,,unreviewed
erpnext,Stage,,unreviewed
erpnext,Stale Days should start from 1.,,unreviewed
erpnext,"Standard Terms and Conditions that can be added to Sales and Purchases. Examples: Validity of the offer, Payment Terms, Safety and Usage, etc.",,unreviewed
erpnext,Standard rated supplies in {0},,unreviewed
erpnext,"Standard tax template that can be applied to all Purchase Transactions. This template can contain a list of tax heads and also other expense heads like \""Shipping\"", \""Insurance\"", \""Handling\"", etc.",,unreviewed
erpnext,"Standard tax template that can be applied to all Sales Transactions. This template can contain a list of tax heads and also other expense/income heads like \""Shipping\"", \""Insurance\"", \""Handling\"" etc.",,unreviewed
erpnext,Start Date should be lower than End Date,,unreviewed
erpnext,Start Time can't be greater than or equal to End Time for {0}.,,unreviewed
erpnext,Started a background job to create {1} {0}. {2},,unreviewed
erpnext,Status set to rejected as there are one or more rejected readings.,,unreviewed
erpnext,Stock Closing Entry {0} already exists for the selected date range,,unreviewed
erpnext,"Stock Closing Entry {0} has been queued for processing, system will take sometime to complete it.",,unreviewed
erpnext,Stock Entries already created for Work Order {0}: {1},,unreviewed
erpnext,Stock Entry {0} has created,,unreviewed
erpnext,Stock Ledger Entries and GL Entries are reposted for the selected Purchase Receipts,,unreviewed
erpnext,Stock Ledgers won’t be reposted.,,unreviewed
erpnext,Stock Reservation Entries created,,unreviewed
erpnext,Stock Reservation Entry cannot be updated as it has been delivered.,,unreviewed
erpnext,"Stock Reservation Entry created against a Pick List cannot be updated. If you need to make changes, we recommend canceling the existing entry and creating a new one.",,unreviewed
erpnext,Stock Reservation can only be created against {0}.,,unreviewed
erpnext,Stock cannot be reserved in group warehouse {0}.,,unreviewed
erpnext,Stock cannot be reserved in the group warehouse {0}.,,unreviewed
erpnext,Stock cannot be updated against the following Delivery Notes: {0},,unreviewed
erpnext,Stock cannot be updated because the invoice contains a drop shipping item. Please disable 'Update Stock' or remove the drop shipping item.,,unreviewed
erpnext,Stock has been unreserved for work order {0}.,,unreviewed
erpnext,Stock not available for Item {0} in Warehouse {1}.,,unreviewed
erpnext,Stock quantity not enough for Item Code: {0} under warehouse {1}. Available quantity {2} {3}.,,unreviewed
erpnext,Stock transactions that are older than the mentioned days cannot be modified.,,unreviewed
erpnext,Stock will be reserved on submission of <b>Purchase Receipt</b> created against Material Request for Sales Order.,,unreviewed
erpnext,Stock/Accounts can not be frozen as processing of backdated entries is going on. Please try again later.,,unreviewed
erpnext,Stone,,unreviewed
erpnext,Sub Assembly Item is mandatory,,unreviewed
erpnext,Sub assembly item references are missing. Please fetch the sub assemblies and raw materials again.,,unreviewed
erpnext,Subcontracting Order (Draft) will be auto-created on submission of Purchase Order.,,unreviewed
erpnext,Subcontracting Order {0} created.,,unreviewed
erpnext,Subscription for Future dates cannot be processed.,,unreviewed
erpnext,"Successfully changed Stock UOM, please redefine conversion factors for new UOM.",,unreviewed
erpnext,"Successfully imported {0} record out of {1}. Click on Export Errored Rows, fix the errors and import again.",,unreviewed
erpnext,Successfully imported {0} record.,,unreviewed
erpnext,"Successfully imported {0} records out of {1}. Click on Export Errored Rows, fix the errors and import again.",,unreviewed
erpnext,Successfully imported {0} records.,,unreviewed
erpnext,Successfully linked to Customer,,unreviewed
erpnext,Successfully linked to Supplier,,unreviewed
erpnext,Successfully merged {0} out of {1}.,,unreviewed
erpnext,"Successfully updated {0} record out of {1}. Click on Export Errored Rows, fix the errors and import again.",,unreviewed
erpnext,Successfully updated {0} record.,,unreviewed
erpnext,"Successfully updated {0} records out of {1}. Click on Export Errored Rows, fix the errors and import again.",,unreviewed
erpnext,Successfully updated {0} records.,,unreviewed
erpnext,Supplied Item,,unreviewed
erpnext,Supplier > Supplier Type,,unreviewed
erpnext,Supplier is required for all selected Items,,unreviewed
erpnext,Supplier numbers assigned by the customer,,unreviewed
erpnext,Supplier of Goods or Services.,,unreviewed
erpnext,Supplies subject to the reverse charge provision,,unreviewed
erpnext,System will automatically create the serial numbers / batch for the Finished Good on submission of work order,,unreviewed
erpnext,"System will do an implicit conversion using the pegged currency. <br>
""
""Ex: Instead of AED -&gt; INR, system will do AED -&gt; USD -&gt; INR using the pegged exchange rate of AED against USD.",,unreviewed
erpnext,System will not check over billing since amount for Item {0} in {1} is zero,,unreviewed
erpnext,Table for Item that will be shown in Web Site,,unreviewed
erpnext,Tablespoon (US),,unreviewed
erpnext,Target Asset {0} cannot be cancelled,,unreviewed
erpnext,Target Asset {0} cannot be submitted,,unreviewed
erpnext,Target Asset {0} cannot be {1},,unreviewed
erpnext,Target Asset {0} does not belong to company {1},,unreviewed
erpnext,Target Asset {0} needs to be composite asset,,unreviewed
erpnext,Target Item {0} must be a Fixed Asset item,,unreviewed
erpnext,Target Location is required for transferring Asset {0},,unreviewed
erpnext,Target Location is required while receiving Asset {0},,unreviewed
erpnext,Target Warehouse Reservation Error,,unreviewed
erpnext,Target Warehouse for Finished Good must be same as Finished Good Warehouse {1} in Work Order {2} linked to the Subcontracting Inward Order.,,unreviewed
erpnext,Target Warehouse is required before Submit,,unreviewed
erpnext,Target Warehouse is set for some items but the customer is not an internal customer.,,unreviewed
erpnext,Target Warehouse {0} must be same as Delivery Warehouse {1} in the Subcontracting Inward Order Item.,,unreviewed
erpnext,Task {0} depends on Task {1}. Please add Task {1} to the Tasks list.,,unreviewed
erpnext,Tax Amount will be rounded on a row(items) level,,unreviewed
erpnext,Tax Id: {0},,unreviewed
erpnext,Tax Refunds provided to Tourists under the Tax Refunds for Tourists Scheme,,unreviewed
erpnext,Tax Withholding Category {} against Company {} for Customer {} should have Cumulative Threshold value.,,unreviewed
erpnext,"Tax detail table fetched from item master as a string and stored in this field.
""
""Used for Taxes and Charges",,unreviewed
erpnext,Tax will be withheld only for amount exceeding the cumulative threshold,,unreviewed
erpnext,Taxes row #{0}: {1} cannot be smaller than {2},,unreviewed
erpnext,Teaspoon,,unreviewed
erpnext,Technical Atmosphere,,unreviewed
erpnext,Technology,,unreviewed
erpnext,Telecommunications,,unreviewed
erpnext,Television,,unreviewed
erpnext,Tesla,,unreviewed
erpnext,"Text displayed on the financial statement (e.g., 'Total Revenue', 'Cash and Cash Equivalents')",,unreviewed
erpnext,"The Batch {0} has negative batch quantity {1}. To fix this, go to the batch and click on Recalculate Batch Qty. If the issue still persists, create an inward entry.",,unreviewed
erpnext,The Company {0} of Sales Forecast {1} does not match with the Company {2} of Master Production Schedule {3}.,,unreviewed
erpnext,The Document Type {0} must have a Status field to configure Service Level Agreement,,unreviewed
erpnext,The Excluded Fee is bigger than the Deposit it is deducted from.,,unreviewed
erpnext,"The GL Entries and closing balances will be processed in the background, it can take a few minutes.",,unreviewed
erpnext,"The GL Entries will be cancelled in the background, it can take a few minutes.",,unreviewed
erpnext,"The Payment Request {0} is already paid, cannot process payment twice",,unreviewed
erpnext,"The Pick List having Stock Reservation Entries cannot be updated. If you need to make changes, we recommend canceling the existing Stock Reservation Entries before updating the Pick List.",,unreviewed
erpnext,The Process Loss Qty has reset as per job cards Process Loss Qty,,unreviewed
erpnext,The Sales Person is linked with {0},,unreviewed
erpnext,The Serial No at Row #{0}: {1} is not available in warehouse {2}.,,unreviewed
erpnext,The Serial No {0} is reserved against the {1} {2} and cannot be used for any other transaction.,,unreviewed
erpnext,The Serial and Batch Bundle {0} is not valid for this transaction. The 'Type of Transaction' should be 'Outward' instead of 'Inward' in Serial and Batch Bundle {0},,unreviewed
erpnext,The Work Order is mandatory for Disassembly Order,,unreviewed
erpnext,The allocated amount is greater than the outstanding amount of Payment Request {0},,unreviewed
erpnext,"The batch {0} is already reserved in {1} {2}. So, cannot proceed with the {3} {4}, which is created against the {5} {6}.",,unreviewed
erpnext,The completed quantity {0} of an operation {1} cannot be greater than the completed quantity {2} of a previous operation {3}.,,unreviewed
erpnext,The currency of invoice {} ({}) is different from the currency of this dunning ({}).,,unreviewed
erpnext,The current POS opening entry is outdated. Please close it and create a new one.,,unreviewed
erpnext,The default BOM for that item will be fetched by the system. You can also change the BOM.,,unreviewed
erpnext,The field {0} in row {1} is not set,,unreviewed
erpnext,"The following Items, having Putaway Rules, could not be accomodated:",,unreviewed
erpnext,The following Purchase Invoices are not submitted:,,unreviewed
erpnext,The following assets have failed to automatically post depreciation entries: {0},,unreviewed
erpnext,"The following batches are expired, please restock them: <br> {0}",,unreviewed
erpnext,The following cancelled repost entries exist for <b>{0}</b>:<br><br>{1}<br><br>Kindly delete these entries before continuing.,,unreviewed
erpnext,The following invalid Pricing Rules are deleted:,,unreviewed
erpnext,The following rows are duplicates:,,unreviewed
erpnext,The item {item} is not marked as {type_of} item. You can enable it as {type_of} item from its Item master.,,unreviewed
erpnext,The items {0} and {1} are present in the following {2} :,,unreviewed
erpnext,The items {items} are not marked as {type_of} item. You can enable them as {type_of} item from their Item masters.,,unreviewed
erpnext,The job card {0} is in {1} state and you cannot complete.,,unreviewed
erpnext,The job card {0} is in {1} state and you cannot start it again.,,unreviewed
erpnext,The last scanned warehouse has been cleared and won't be set in the subsequently scanned items,,unreviewed
erpnext,The lowest tier must have a minimum spent amount of 0. Customers need to be part of a tier as soon as they are enrolled in the program.,,unreviewed
erpnext,The operation {0} can not add multiple times,,unreviewed
erpnext,The operation {0} can not be the sub operation,,unreviewed
erpnext,The original invoice should be consolidated before or along with the return invoice.,,unreviewed
erpnext,"The percentage you are allowed to bill more against the amount ordered. For example, if the order value is $100 for an item and tolerance is set as 10%, then you are allowed to bill up to $110 ",,unreviewed
erpnext,The percentage you are allowed to pick more items in the pick list than the ordered quantity.,,unreviewed
erpnext,"The percentage you are allowed to receive or deliver more against the quantity ordered. For example, if you have ordered 100 units, and your Allowance is 10%, then you are allowed to receive 110 units.",,unreviewed
erpnext,"The percentage you are allowed to transfer more against the quantity ordered. For example, if you have ordered 100 units, and your Allowance is 10%, then you are allowed transfer 110 units.",,unreviewed
erpnext,The reserved stock will be released when you update items. Are you certain you wish to proceed?,,unreviewed
erpnext,The reserved stock will be released. Are you certain you wish to proceed?,,unreviewed
erpnext,The serial and batch bundle {0} not linked to {1} {2},,unreviewed
erpnext,"The stock for the item {0} in the {1} warehouse was negative on the {2}. You should create a positive entry {3} before the date {4} and time {5} to post the correct valuation rate. For more details, please read the <a href='https://docs.erpnext.com/docs/user/manual/en/stock-adjustment-cogs-with-negative-stock'>documentation<a>.",,unreviewed
erpnext,"The stock has been reserved for the following Items and Warehouses, un-reserve the same to {0} the Stock Reconciliation: <br /><br /> {1}",,unreviewed
erpnext,"The sync has started in the background, please check the {0} list for new records.",,unreviewed
erpnext,"The system will create a Sales Invoice or a POS Invoice from the POS interface based on this setting. For high-volume transactions, it is recommended to use POS Invoice.",,unreviewed
erpnext,The task has been enqueued as a background job.,,unreviewed
erpnext,"The task has been enqueued as a background job. In case there is any issue on processing in background, the system will add a comment about the error on this Stock Reconciliation and revert to the Submitted stage",,unreviewed
erpnext,The total Issue / Transfer quantity {0} in Material Request {1}  cannot be greater than allowed requested quantity {2} for Item {3},,unreviewed
erpnext,The total Issue / Transfer quantity {0} in Material Request {1} cannot be greater than requested quantity {2} for Item {3},,unreviewed
erpnext,The uploaded file does not appear to be in valid MT940 format.,,unreviewed
erpnext,The uploaded file does not match the selected Code List.,,unreviewed
erpnext,The user cannot submit the Serial and Batch Bundle manually,,unreviewed
erpnext,The user will be able to transfer additional materials from the store to the Work in Progress (WIP) warehouse.,,unreviewed
erpnext,"The users with this Role are allowed to create/modify a stock transaction, even though the transaction is frozen.",,unreviewed
erpnext,The warehouse where you store finished Items before they are shipped.,,unreviewed
erpnext,"The warehouse where you store your raw materials. Each required item can have a separate source warehouse. Group warehouse also can be selected as source warehouse. On submission of the Work Order, the raw materials will be reserved in these warehouses for production usage.",,unreviewed
erpnext,The warehouse where your Items will be transferred when you begin production. Group Warehouse can also be selected as a Work in Progress warehouse.,,unreviewed
erpnext,The {0} contains Unit Price Items.,,unreviewed
erpnext,"The {0} prefix '{1}' already exists. Please change the Serial No Series, otherwise you will get a Duplicate Entry error.",,unreviewed
erpnext,The {0} {1} created successfully,,unreviewed
erpnext,The {0} {1} does not match with the {0} {2} in the {3} {4},,unreviewed
erpnext,The {0} {1} is used to calculate the valuation cost for the finished good {2}.,,unreviewed
erpnext,"Then Pricing Rules are filtered out based on Customer, Customer Group, Territory, Supplier, Supplier Type, Campaign, Sales Partner etc.",,unreviewed
erpnext,There are ledger entries against this account. Changing {0} to non-{1} in live system will cause incorrect output in 'Accounts {2}' report,,unreviewed
erpnext,There are no Failed transactions,,unreviewed
erpnext,There are no active Fiscal Years for which Demo Data can be generated.,,unreviewed
erpnext,There are no slots available on this date,,unreviewed
erpnext,"There are two options to maintain valuation of stock. FIFO (first in - first out) and Moving Average. To understand this topic in detail please visit <a href='https://docs.erpnext.com/docs/v13/user/manual/en/stock/articles/item-valuation-fifo-and-moving-average' target='_blank'>Item Valuation, FIFO and Moving Average.</a>",,unreviewed
erpnext,There aren't any item variants for the selected item,,unreviewed
erpnext,There can be multiple tiered collection factor based on the total spent. But the conversion factor for redemption will always be same for all the tier.,,unreviewed
erpnext,There is already a valid Lower Deduction Certificate {0} for Supplier {1} against category {2} for this time period.,,unreviewed
erpnext,There is already an active Subcontracting BOM {0} for the Finished Good {1}.,,unreviewed
erpnext,There must be atleast 1 Finished Good in this Stock Entry,,unreviewed
erpnext,There was an error creating Bank Account while linking with Plaid.,,unreviewed
erpnext,There was an error syncing transactions.,,unreviewed
erpnext,There was an error updating Bank Account {} while linking with Plaid.,,unreviewed
erpnext,There was an issue connecting to Plaid's authentication server. Check browser console for more information,,unreviewed
erpnext,There were issues unlinking payment entry {0}.,,unreviewed
erpnext,This Account has '0' balance in either Base Currency or Account Currency,,unreviewed
erpnext,This Purchase Order has been fully subcontracted.,,unreviewed
erpnext,This Sales Order has been fully subcontracted.,,unreviewed
erpnext,This asset category is marked as non-depreciable. Please disable depreciation calculation or choose a different category.,,unreviewed
erpnext,This field is used to set the 'Customer'.,,unreviewed
erpnext,This filter will be applied to Journal Entry.,,unreviewed
erpnext,This invoice has already been paid.,,unreviewed
erpnext,This is a Template BOM and will be used to make the work order for {0} of the item {1},,unreviewed
erpnext,This is a preview of the email to be sent. A PDF of the document will automatically be attached with the email.,,unreviewed
erpnext,This is considered dangerous from accounting point of view.,,unreviewed
erpnext,"This is enabled by default. If you want to plan materials for sub-assemblies of the Item you're manufacturing leave this enabled. If you plan and manufacture the sub-assemblies separately, you can disable this checkbox.",,unreviewed
erpnext,"This is for raw material Items that'll be used to create finished goods. If the Item is an additional service like 'washing' that'll be used in the BOM, keep this unchecked.",,unreviewed
erpnext,This item filter has already been applied for the {0},,unreviewed
erpnext,This option can be checked to edit the 'Posting Date' and 'Posting Time' fields.,,unreviewed
erpnext,This schedule was created when Asset {0} was adjusted through Asset Value Adjustment {1}.,,unreviewed
erpnext,This schedule was created when Asset {0} was consumed through Asset Capitalization {1}.,,unreviewed
erpnext,This schedule was created when Asset {0} was repaired through Asset Repair {1}.,,unreviewed
erpnext,This schedule was created when Asset {0} was restored due to Sales Invoice {1} cancellation.,,unreviewed
erpnext,This schedule was created when Asset {0} was restored on Asset Capitalization {1}'s cancellation.,,unreviewed
erpnext,This schedule was created when Asset {0} was restored.,,unreviewed
erpnext,This schedule was created when Asset {0} was returned through Sales Invoice {1}.,,unreviewed
erpnext,This schedule was created when Asset {0} was scrapped.,,unreviewed
erpnext,This schedule was created when Asset {0} was {1} into new Asset {2}.,,unreviewed
erpnext,This schedule was created when Asset {0} was {1} through Sales Invoice {2}.,,unreviewed
erpnext,This schedule was created when Asset {0}'s Asset Value Adjustment {1} was cancelled.,,unreviewed
erpnext,This schedule was created when Asset {0}'s shifts were adjusted through Asset Shift Allocation {1}.,,unreviewed
erpnext,"This table is used to set details about the 'Item', 'Qty', 'Basic Rate', etc.",,unreviewed
erpnext,This tool helps you to update or fix the quantity and valuation of stock in the system. It is typically used to synchronise the system values and what actually exists in your warehouses.,,unreviewed
erpnext,This value shall be used when no matching Common Code for a record is found.,,unreviewed
erpnext,This {} will be treated as material transfer.,,unreviewed
erpnext,Threshold for Suggestion (In Percentage),,unreviewed
erpnext,Time in mins.,,unreviewed
erpnext,"Timesheets help keep track of time, cost and billing for activities done by your team",,unreviewed
erpnext,To add Operations tick the 'With Operations' checkbox.,,unreviewed
erpnext,To add subcontracted Item's raw materials if include exploded items is disabled.,,unreviewed
erpnext,To apply condition on parent field use parent.field_name and to apply condition on child table use doc.field_name. Here field_name could be based on the actual column name of the respective field.,,unreviewed
erpnext,To be Delivered to Customer,,unreviewed
erpnext,To cancel a {} you need to cancel the POS Closing Entry {}.,,unreviewed
erpnext,To cancel this Sales Invoice you need to cancel the POS Closing Entry {}.,,unreviewed
erpnext,"To enable Capital Work in Progress Accounting,",,unreviewed
erpnext,To include non-stock items in the material request planning. i.e. Items for which 'Maintain Stock' checkbox is unticked.,,unreviewed
erpnext,"To include sub-assembly costs and scrap items in Finished Goods on a work order without using a job card, when the 'Use Multi-Level BOM' option is enabled.",,unreviewed
erpnext,"To not apply Pricing Rule in a particular transaction, all applicable Pricing Rules should be disabled.",,unreviewed
erpnext,To submit the invoice without purchase order please set {0} as {1} in {2},,unreviewed
erpnext,To submit the invoice without purchase receipt please set {0} as {1} in {2},,unreviewed
erpnext,"To use a different finance book, please uncheck 'Include Default FB Assets'",,unreviewed
erpnext,"To use a different finance book, please uncheck 'Include Default FB Entries'",,unreviewed
erpnext,Ton (Long)/Cubic Yard,,unreviewed
erpnext,Ton (Short)/Cubic Yard,,unreviewed
erpnext,Ton-Force (UK),,unreviewed
erpnext,Ton-Force (US),,unreviewed
erpnext,Tonne,,unreviewed
erpnext,Tonne-Force(Metric),,unreviewed
erpnext,Too many columns. Export the report and print it using a spreadsheet application.,,unreviewed
erpnext,Torr,,unreviewed
erpnext,Total Contribution Amount Against Invoices: {0},,unreviewed
erpnext,Total Contribution Amount Against Orders: {0},,unreviewed
erpnext,Total Expenses booked through,,unreviewed
erpnext,Total Number of Booked Depreciations ,,unreviewed
erpnext,Total Only,,unreviewed
erpnext,Total Picked Quantity {0} is more than ordered qty {1}. You can set the Over Picking Allowance in Stock Settings.,,unreviewed
erpnext,Total Views,,unreviewed
erpnext,Total distributed amount {0} must be equal to Budget Amount {1},,unreviewed
erpnext,Total distribution percent must equal 100 (currently {0}),,unreviewed
erpnext,Total hours: {0},,unreviewed
erpnext,Total percentage against cost centers should be 100,,unreviewed
erpnext,Total quantity in delivery schedule cannot be greater than the item quantity,,unreviewed
erpnext,Track separate Income and Expense for product verticals or divisions.,,unreviewed
erpnext,Transaction Deletion Document: {0} is running for this Company. {1},,unreviewed
erpnext,Transaction currency: {0} cannot be different from Bank Account({1}) currency: {2},,unreviewed
erpnext,Transactions against the Company already exist! Chart of Accounts can only be imported for a Company with no transactions.,,unreviewed
erpnext,Transactions using Sales Invoice in POS are disabled.,,unreviewed
erpnext,Transportation,,unreviewed
erpnext,Truncates 'Remarks' column to set character length,,unreviewed
erpnext,Type of financial statement this template generates,,unreviewed
erpnext,UOM conversion factor required for UOM: {0} in Item: {1},,unreviewed
erpnext,UOM {0} not found in Item {1},,unreviewed
erpnext,UPC,,unreviewed
erpnext,UPC-A,,unreviewed
erpnext,UnBuffered Cursor,,unreviewed
erpnext,Unable to find the time slot in the next {0} days for the operation {1}. Please increase the 'Capacity Planning For (Days)' in the {2}.,,unreviewed
erpnext,Unable to find variable:,,unreviewed
erpnext,"Under Working Hours table, you can add start and end times for a Workstation. For example, a Workstation may be active from 9 am to 1 pm, then 2 pm to 5 pm. You can also specify the working hours based on shifts. While scheduling a Work Order, the system will check for the availability of the Workstation based on the working hours specified.",,unreviewed
erpnext,Unrealized Profit / Loss account for intra-company transfers,,unreviewed
erpnext,Unrealized Profit/Loss account for intra-company transfers,,unreviewed
erpnext,Up,,unreviewed
erpnext,Update stock must be enabled for the purchase invoice {0},,unreviewed
erpnext,Update the modified timestamp on new communications received in Lead & Opportunity.,,unreviewed
erpnext,Updated via 'Time Log' (In Minutes),,unreviewed
erpnext,Updated {0} Financial Report Row(s) with new category name,,unreviewed
erpnext,Updating details.,,unreviewed
erpnext,"Upon enabling this, the JV will be submitted for a different exchange rate.",,unreviewed
erpnext,"Upon submission of the Sales Order, Work Order, or Production Plan, the system will automatically reserve the stock.",,unreviewed
erpnext,Use 'Repost in background' button to trigger background job. Job can only be triggered when document is in Queued or Failed status.,,unreviewed
erpnext,Use <strong>Python</strong> filters to get Accounts,,unreviewed
erpnext,Use Legacy (Client side) Reactivity,,unreviewed
erpnext,Use Legacy Controller For Period Closing Voucher,,unreviewed
erpnext,Used with Financial Report Template,,unreviewed
erpnext,User Forum,,unreviewed
erpnext,User {0}: Removed Employee Self Service role as there is no mapped employee.,,unreviewed
erpnext,User {0}: Removed Employee role as there is no mapped employee.,,unreviewed
erpnext,Users can consume raw materials and add semi-finished goods or final finished goods against the operation using job cards.,,unreviewed
erpnext,Users can enable the checkbox If they want to adjust the incoming rate (set using purchase receipt) based on the purchase invoice rate.,,unreviewed
erpnext,Users with this role are allowed to over bill above the allowance percentage,,unreviewed
erpnext,Users with this role are allowed to over deliver/receive against orders above the allowance percentage,,unreviewed
erpnext,Users with this role will be notified if the asset depreciation gets failed,,unreviewed
erpnext,Using negative stock disables FIFO/Moving average valuation when inventory is negative.,,unreviewed
erpnext,Valid From must be after {0} as last GL Entry against the cost center {1} posted on this date,,unreviewed
erpnext,Valid Up To date cannot be before Valid From date,,unreviewed
erpnext,Valid Up To date not in Fiscal Year {0},,unreviewed
erpnext,Valuation (I - K),,unreviewed
erpnext,Valuation rate for customer provided items has been set to zero.,,unreviewed
erpnext,Valuation rate for the item as per Sales Invoice (Only for Internal Transfers),,unreviewed
erpnext,Value (G - D),,unreviewed
erpnext,Value ({0}),,unreviewed
erpnext,Value as on,,unreviewed
erpnext,Value of goods cannot be 0,,unreviewed
erpnext,Vara,,unreviewed
erpnext,Venture Capital,,unreviewed
erpnext,Versta,,unreviewed
erpnext,Vice President,,unreviewed
erpnext,Visits,,unreviewed
erpnext,Volt-Ampere,,unreviewed
erpnext,Voucher {0} is over-allocated by {1},,unreviewed
erpnext,"WARNING: Exotel app has been separated from ERPNext, please install the app to continue using Exotel integration.",,unreviewed
erpnext,Walk In,,unreviewed
erpnext,Warehouse Capacity for Item '{0}' must be greater than the existing stock level of {1} {2}.,,unreviewed
erpnext,Warehouse {0} does not belong to Company {1}.,,unreviewed
erpnext,Warehouse {0} does not exist,,unreviewed
erpnext,"Warehouse {0} is not allowed for Sales Order {1}, it should be {2}",,unreviewed
erpnext,"Warehouse {0} is not linked to any account, please mention the account in the warehouse record or set default inventory account in company {1}.",,unreviewed
erpnext,Warehouse's Stock Value has already been booked in the following accounts:,,unreviewed
erpnext,Warning - Row {0}: Billing Hours are more than Actual Hours,,unreviewed
erpnext,Warning!,,unreviewed
erpnext,Warning: Quantity exceeds maximum producible quantity based on quantity of raw materials received through the Subcontracting Inward Order {0}.,,unreviewed
erpnext,Watt,,unreviewed
erpnext,Watt-Hour,,unreviewed
erpnext,Wavelength In Gigametres,,unreviewed
erpnext,Wavelength In Kilometres,,unreviewed
erpnext,Wavelength In Megametres,,unreviewed
erpnext,Week {0} {1},,unreviewed
erpnext,"When a parent warehouse is chosen, the system conducts Project Qty checks against the associated child warehouses",,unreviewed
erpnext,"When creating an Item, entering a value for this field will automatically create an Item Price at the backend.",,unreviewed
erpnext,"While making Purchase Invoice from Purchase Order, use Exchange Rate on Invoice's transaction date rather than inheriting it from Purchase Order. Only applies for Purchase Invoice.",,unreviewed
erpnext,With Period Closing Entry For Opening Balances,,unreviewed
erpnext,Work Order {0} created,,unreviewed
erpnext,Wrong Company,,unreviewed
erpnext,Wrong Template,,unreviewed
erpnext,Yard,,unreviewed
erpnext,You are importing data for the code list:,,unreviewed
erpnext,You are not authorized to make/edit Stock Transactions for Item {0} under warehouse {1} before this time.,,unreviewed
erpnext,You are picking more than required quantity for the item {0}. Check if there is any other pick list created for the sales order {1}.,,unreviewed
erpnext,You can add the original invoice {} manually to proceed.,,unreviewed
erpnext,"You can set it as a machine name or operation type. For example, stiching machine 12",,unreviewed
erpnext,You can't make any changes to Job Card since Work Order is closed.,,unreviewed
erpnext,You can't process the serial number {0} as it has already been used in the SABB {1}. {2} if you want to inward same serial number multiple times then enabled 'Allow existing Serial No to be Manufactured/Received again' in the {3},,unreviewed
erpnext,You can't redeem Loyalty Points having more value than the Total Amount.,,unreviewed
erpnext,You cannot change the rate if BOM is mentioned against any Item.,,unreviewed
erpnext,You cannot create a {0} within the closed Accounting Period {1},,unreviewed
erpnext,You cannot create/amend any accounting entries till this date.,,unreviewed
erpnext,You cannot enable both the settings '{0}' and '{1}'.,,unreviewed
erpnext,You cannot repost item valuation before {},,unreviewed
erpnext,You cannot {0} this document because another Period Closing Entry {1} exists after {2},,unreviewed
erpnext,You have been invited to collaborate on the project {0}.,,unreviewed
erpnext,You have enabled {0} and {1} in {2}. This can lead to prices from the default price list being inserted in the transaction price list.,,unreviewed
erpnext,You have enabled {0} and {1} in {2}. This can lead to prices from the default price list being inserted into the transaction price list.,,unreviewed
erpnext,You have entered a duplicate Delivery Note on Row,,unreviewed
erpnext,You have unsaved changes. Do you want to save the invoice?,,unreviewed
erpnext,You need to cancel POS Closing Entry {} to be able to cancel this document.,,unreviewed
erpnext,You selected the account group {1} as {2} Account in row {0}. Please select a single account.,,unreviewed
erpnext,"\""SN-01::10\"" for \""SN-01\"" to \""SN-10\""",,unreviewed
erpnext,`Allow Negative rates for Items`,,unreviewed
erpnext,after,,unreviewed
erpnext,as Code,,unreviewed
erpnext,as Description,,unreviewed
erpnext,as Title,,unreviewed
erpnext,as a percentage of finished item quantity,,unreviewed
erpnext,at,,unreviewed
erpnext,by {},,unreviewed
erpnext,cannot be greater than 100,,unreviewed
erpnext,dated {0},,unreviewed
erpnext,description,,unreviewed
erpnext,discount applied,,unreviewed
erpnext,doc_type,,unreviewed
erpnext,doctype,,unreviewed
erpnext,exchangerate.host,,unreviewed
erpnext,fieldname,,unreviewed
erpnext,frankfurter.dev,,unreviewed
erpnext,hidden,,unreviewed
erpnext,hours,,unreviewed
erpnext,image,,unreviewed
erpnext,material_request_item,,unreviewed
erpnext,must be between 0 and 100,,unreviewed
erpnext,on,,unreviewed
erpnext,or its descendants,,unreviewed
erpnext,out of 5,,unreviewed
erpnext,paid to,,unreviewed
erpnext,payments app is not installed. Please install it from {0} or {1},,unreviewed
erpnext,payments app is not installed. Please install it from {} or {},,unreviewed
erpnext,performing either one below:,,unreviewed
erpnext,product bundle item row's name in sales order. Also indicates that picked item is to be used for a product bundle,,unreviewed
erpnext,quotation_item,,unreviewed
erpnext,ratings,,unreviewed
erpnext,subscription is already cancelled.,,unreviewed
erpnext,target_ref_field,,unreviewed
erpnext,temporary name,,unreviewed
erpnext,to unallocate the amount of this Return Invoice before cancelling it.,,unreviewed
erpnext,variance,,unreviewed
erpnext,via Asset Repair,,unreviewed
erpnext,via BOM Update Tool,,unreviewed
erpnext,{0} <b>{1}</b> has submitted Assets. Remove Item <b>{2}</b> from table to continue.,,unreviewed
erpnext,{0} Account not found against Customer {1}.,,unreviewed
erpnext,{0} Account: {1} ({2}) must be in either customer billing currency: {3} or Company default currency: {4},,unreviewed
erpnext,{0} Budget for Account {1} against {2} {3} is {4}. It is already exceeded by {5}.,,unreviewed
erpnext,{0} Budget for Account {1} against {2} {3} is {4}. It will be exceeded by {5}.,,unreviewed
erpnext,{0} Operating Cost for operation {1},,unreviewed
erpnext,{0} Transaction(s) Reconciled,,unreviewed
erpnext,{0} account is not of company {1},,unreviewed
erpnext,{0} account is not of type {1},,unreviewed
erpnext,{0} account not found while submitting purchase receipt,,unreviewed
erpnext,{0} cannot be changed with opened Opening Entries.,,unreviewed
erpnext,{0} cannot be used as a Main Cost Center because it has been used as child in Cost Center Allocation {1},,unreviewed
erpnext,{0} cannot be zero,,unreviewed
erpnext,{0} creation for the following records will be skipped.,,unreviewed
erpnext,{0} currency must be same as company's default currency. Please select another account.,,unreviewed
erpnext,{0} does not belong to the Company {1}.,,unreviewed
erpnext,{0} entered twice {1} in Item Taxes,,unreviewed
erpnext,{0} has Payment Term based allocation enabled. Select a Payment Term for Row #{1} in Payment References section,,unreviewed
erpnext,{0} has been modified after you pulled it. Please pull it again.,,unreviewed
erpnext,{0} hours,,unreviewed
erpnext,{0} is a mandatory Accounting Dimension. <br>Please set a value for {0} in Accounting Dimensions section.,,unreviewed
erpnext,{0} is added multiple times on rows: {1},,unreviewed
erpnext,{0} is already running for {1},,unreviewed
erpnext,{0} is in Draft. Submit it before creating the Asset.,,unreviewed
erpnext,{0} is mandatory for account {1},,unreviewed
erpnext,{0} is not running. Cannot trigger events for this Document,,unreviewed
erpnext,{0} is open. Close the POS or cancel the existing POS Opening Entry to create a new POS Opening Entry.,,unreviewed
erpnext,{0} items lost during process.,,unreviewed
erpnext,{0} not allowed to transact with {1}. Please change the Company or add the Company in the 'Allowed To Transact With'-Section in the Customer record.,,unreviewed
erpnext,{0} qty of Item {1} is being received into Warehouse {2} with capacity {3}.,,unreviewed
erpnext,"{0} units are reserved for Item {1} in Warehouse {2}, please un-reserve the same to {3} the Stock Reconciliation.",,unreviewed
erpnext,{0} units of Item {1} is not available in any of the warehouses.,,unreviewed
erpnext,{0} units of Item {1} is picked in another Pick List.,,unreviewed
erpnext,{0} units of {1} are required in {2} with the inventory dimension: {3} on {4} {5} for {6} to complete the transaction.,,unreviewed
erpnext,{0} units of {1} needed in {2} on {3} {4} to complete this transaction.,,unreviewed
erpnext,{0} until {1},,unreviewed
erpnext,{0} view is currently unsupported in Custom Financial Report.,,unreviewed
erpnext,{0} will be given as discount.,,unreviewed
erpnext,{0} will be set as the {1} in subsequently scanned items,,unreviewed
erpnext,{0} {1},,unreviewed
erpnext,{0} {1} Manually,,unreviewed
erpnext,{0} {1} Partially Reconciled,,unreviewed
erpnext,"{0} {1} cannot be updated. If you need to make changes, we recommend canceling the existing entry and creating a new one.",,unreviewed
erpnext,{0} {1} has already been fully paid.,,unreviewed
erpnext,{0} {1} has already been partly paid. Please use the 'Get Outstanding Invoice' or the 'Get Outstanding Orders' button to get the latest outstanding amounts.,,unreviewed
erpnext,{0} {1} is allocated twice in this Bank Transaction,,unreviewed
erpnext,{0} {1} is already linked to Common Code {2}.,,unreviewed
erpnext,{0} {1} is not in any active Fiscal Year,,unreviewed
erpnext,{0} {1} is on hold,,unreviewed
erpnext,{0} {1} not allowed to be reposted. Modify {2} to enable reposting.,,unreviewed
erpnext,{0} {1} via CSV File,,unreviewed
erpnext,{0} {1}: Account {2} is a Group Account and group accounts cannot be used in transactions,,unreviewed
erpnext,{0} {1}: Cost Center is required for 'Profit and Loss' account {2}.,,unreviewed
erpnext,{0} {1}: Cost Center {2} is a group cost center and group cost centers cannot be used in transactions,,unreviewed
erpnext,{0}%,,unreviewed
erpnext,{0}% Billed,,unreviewed
erpnext,{0}% Delivered,,unreviewed
erpnext,{0}% of total invoice value will be given as discount.,,unreviewed
erpnext,{0}'s {1} cannot be after {2}'s Expected End Date.,,unreviewed
erpnext,{0}: {1} does not belong to the Company: {2},,unreviewed
erpnext,{0}: {1} is a group account.,,unreviewed
erpnext,{count} Assets created for {item_code},,unreviewed
erpnext,{field_label} is mandatory for sub-contracted {doctype}.,,unreviewed
erpnext,{item_name}'s Sample Size ({sample_size}) cannot be greater than the Accepted Quantity ({accepted_quantity}),,unreviewed
erpnext,{ref_doctype} {ref_name} is {status}.,,unreviewed
erpnext,{},,unreviewed
erpnext,{}  To Deliver,,unreviewed
erpnext,{}  To Receive,,unreviewed
erpnext,{} Open,,unreviewed
erpnext,{} Pending,,unreviewed
erpnext,{} To Bill,,unreviewed
erpnext,{} is a child company.,,unreviewed
erpnext,{} {} is already linked with another {},,unreviewed
erpnext,{} {} is already linked with {} {},,unreviewed
erpnext,{} {} is not affecting bank account {},,unreviewed
frappe,!=,,unreviewed
frappe,#{0},,unreviewed
frappe,${values.doctype_name} has been added to queue for optimization,,unreviewed
frappe,&copy; Frappe Technologies Pvt. Ltd. and contributors,,unreviewed
frappe,'*' is only allowed in {0} SQL function(s),,unreviewed
frappe,'In Global Search' is not allowed for field {0} of type {1},,unreviewed
frappe,'{0}' is not a valid IBAN,,unreviewed
frappe,'{0}' is not a valid URL,,unreviewed
frappe,(Mandatory),,unreviewed
frappe,+ Add / Remove Fields,,unreviewed
frappe,"0 - too guessable: risky password.
""
""<br>
""
""1 - very guessable: protection from throttled online attacks. 
""
""<br>
""
""2 - somewhat guessable: protection from unthrottled online attacks.
""
""<br>
""
""3 - safely unguessable: moderate protection from offline slow-hash scenario.
""
""<br>
""
""4 - very unguessable: strong protection from offline slow-hash scenario.",,unreviewed
frappe,1 = True & 0 = False,,unreviewed
frappe,"1 Currency = [?] Fraction
""
""For e.g. 1 USD = 100 Cent",,unreviewed
frappe,1 Day,,unreviewed
frappe,1 Report,,unreviewed
frappe,1 day ago,,unreviewed
frappe,1 hour,,unreviewed
frappe,1 of 2,,unreviewed
frappe,1 row from {0},,unreviewed
frappe,1 row to {0},,unreviewed
frappe,1 second ago,,unreviewed
frappe,2 hours ago,,unreviewed
frappe,2 months ago,,unreviewed
frappe,2 weeks ago,,unreviewed
frappe,2 years ago,,unreviewed
frappe,3 minutes ago,,unreviewed
frappe,30 minutes,,unreviewed
frappe,4 hours,,unreviewed
frappe,5 days ago,,unreviewed
frappe,<,,unreviewed
frappe,<=,,unreviewed
frappe,"<a href=\""https://docs.frappe.io/framework/user/en/api/rest#1-token-based-authentication\"" target=\""_blank\"">
""
""  Click here to learn about token-based authentication
""
""</a>",,unreviewed
frappe,<b>{0}</b> is not a valid URL,,unreviewed
frappe,"<div class=\""alert\"">Please don't update it as it can mess up your form. Use the Customize Form View and Custom Fields to set properties!</div>",,unreviewed
frappe,"<div class=\""ql-editor read-mode\""><p>Request a file containing your personally identifiable information (PII) that is saved on our system. The file will be in JSON format and is sent to you by email. If you would like to have your PII deleted from our system, please make a <a href=\""/request-to-delete-data\"" rel=\""noopener noreferrer\"">request to delete data</a>.</p></div>",,unreviewed
frappe,"<div class=\""ql-editor read-mode\""><p>Send a request to delete your account and personally identifiable information (PII) that is stored on our system. You will receive an email to verify your request. Once the request is verified we will take care of deleting your PII. If you just want to check what PII we have stored, you can <a href=\""/request-data\"" rel=\""noopener noreferrer\"">request your data</a>.</p></div>",,unreviewed
frappe,"<div class=\""well\"">
""
""    Edit list of Series in the box. Rules:
""
""    <ul>
""
""        <li>Each Series Prefix on a new line.</li>
""
""        <li>Allowed special characters are \""/\"" and \""-\""</li>
""
""        <li>
""
""            Optionally, set the number of digits in the series using dot (.)
""
""            followed by hashes (#). For example, \"".####\"" means that the series
""
""            will have four digits. Default is five digits.
""
""        </li>
""
""        <li>
""
""            You can also use variables in the series name by putting them
""
""            between (.) dots
""
""            <br>
""
""            Supported Variables:
""
""            <ul>
""
""                <li><code>.YYYY.</code> - Year in 4 digits</li>
""
""                <li><code>.YY.</code> - Year in 2 digits</li>
""
""                <li><code>.MM.</code> - Month</li>
""
""                <li><code>.DD.</code> - Day of month</li>
""
""                <li><code>.WW.</code> - Week of the year</li>
""
""                <li>
""
""                    <code>.{fieldname}.</code> - fieldname on the document e.g.
""
""                    <code>branch</code>
""
""                </li>
""
""                <li><code>.FY.</code> - Fiscal Year (requires ERPNext to be installed)</li>
""
""                <li><code>.ABBR.</code> - Company Abbreviation (requires ERPNext to be installed)</li>
""
""            </ul>
""
""        </li>
""
""    </ul>
""
""    Examples:
""
""    <ul>
""
""        <li>INV-</li>
""
""        <li>INV-10-</li>
""
""        <li>INVK-</li>
""
""        <li>INV-.YYYY.-.{branch}.-.MM.-.####</li>
""
""    </ul>
""
""</div>
""
""<br>",,unreviewed
frappe,"<h3>Custom CSS Help</h3>

""
""<p>Notes:</p>

""
""<ol>
""
""<li>All field groups (label + value) are set attributes <code>data-fieldtype</code> and <code>data-fieldname</code></li>
""
""<li>All values are given class <code>value</code></li>
""
""<li>All Section Breaks are given class <code>section-break</code></li>
""
""<li>All Column Breaks are given class <code>column-break</code></li>
""
""</ol>

""
""<h4>Examples</h4>

""
""<p>1. Left align integers</p>

""
""<pre><code>[data-fieldtype=\""Int\""] .value { text-align: left; }</code></pre>

""
""<p>1. Add border to sections except the last section</p>

""
""<pre><code>.section-break { padding: 30px 0px; border-bottom: 1px solid #eee; }
""
"".section-break:last-child { padding-bottom: 0px; border-bottom: 0px;  }</code></pre>",,unreviewed
frappe,"<h3>Print Format Help</h3>
""
""<hr>
""
""<h4>Introduction</h4>
""
""<p>Print Formats are rendered on the server side using the Jinja Templating Language. All forms have access to the <code>doc</code> object which contains information about the document that is being formatted. You can also access common utilities via the <code>frappe</code> module.</p>
""
""<p>For styling, the Boostrap CSS framework is provided and you can enjoy the full range of classes.</p>
""
""<hr>
""
""<h4>References</h4>
""
""<ol>
""
""\t<li><a href=\""http://jinja.pocoo.org/docs/templates/\"" target=\""_blank\"">Jinja Templating Language</a></li>
""
""\t<li><a href=\""http://getbootstrap.com\"" target=\""_blank\"">Bootstrap CSS Framework</a></li>
""
""</ol>
""
""<hr>
""
""<h4>Example</h4>
""
""<pre><code>&lt;h3&gt;{{ doc.select_print_heading or \""Invoice\"" }}&lt;/h3&gt;
""
""&lt;div class=\""row\""&gt;
""
""\t&lt;div class=\""col-md-3 text-right\""&gt;Customer Name&lt;/div&gt;
""
""\t&lt;div class=\""col-md-9\""&gt;{{ doc.customer_name }}&lt;/div&gt;
""
""&lt;/div&gt;
""
""&lt;div class=\""row\""&gt;
""
""\t&lt;div class=\""col-md-3 text-right\""&gt;Date&lt;/div&gt;
""
""\t&lt;div class=\""col-md-9\""&gt;{{ doc.get_formatted(\""invoice_date\"") }}&lt;/div&gt;
""
""&lt;/div&gt;
""
""&lt;table class=\""table table-bordered\""&gt;
""
""\t&lt;tbody&gt;
""
""\t\t&lt;tr&gt;
""
""\t\t\t&lt;th&gt;Sr&lt;/th&gt;
""
""\t\t\t&lt;th&gt;Item Name&lt;/th&gt;
""
""\t\t\t&lt;th&gt;Description&lt;/th&gt;
""
""\t\t\t&lt;th class=\""text-right\""&gt;Qty&lt;/th&gt;
""
""\t\t\t&lt;th class=\""text-right\""&gt;Rate&lt;/th&gt;
""
""\t\t\t&lt;th class=\""text-right\""&gt;Amount&lt;/th&gt;
""
""\t\t&lt;/tr&gt;
""
""\t\t{%- for row in doc.items -%}
""
""\t\t&lt;tr&gt;
""
""\t\t\t&lt;td style=\""width: 3%;\""&gt;{{ row.idx }}&lt;/td&gt;
""
""\t\t\t&lt;td style=\""width: 20%;\""&gt;
""
""\t\t\t\t{{ row.item_name }}
""
""\t\t\t\t{% if row.item_code != row.item_name -%}
""
""\t\t\t\t&lt;br&gt;Item Code: {{ row.item_code}}
""
""\t\t\t\t{%- endif %}
""
""\t\t\t&lt;/td&gt;
""
""\t\t\t&lt;td style=\""width: 37%;\""&gt;
""
""\t\t\t\t&lt;div style=\""border: 0px;\""&gt;{{ row.description }}&lt;/div&gt;&lt;/td&gt;
""
""\t\t\t&lt;td style=\""width: 10%; text-align: right;\""&gt;{{ row.qty }} {{ row.uom or row.stock_uom }}&lt;/td&gt;
""
""\t\t\t&lt;td style=\""width: 15%; text-align: right;\""&gt;{{
""
""\t\t\t\trow.get_formatted(\""rate\"", doc) }}&lt;/td&gt;
""
""\t\t\t&lt;td style=\""width: 15%; text-align: right;\""&gt;{{
""
""\t\t\t\trow.get_formatted(\""amount\"", doc) }}&lt;/td&gt;
""
""\t\t&lt;/tr&gt;
""
""\t\t{%- endfor -%}
""
""\t&lt;/tbody&gt;
""
""&lt;/table&gt;</code></pre>
""
""<hr>
""
""<h4>Common Functions</h4>
""
""<table class=\""table table-bordered\"">
""
""\t<tbody>
""
""\t\t<tr>
""
""\t\t\t<td style=\""width: 30%;\""><code>doc.get_formatted(\""[fieldname]\"", [parent_doc])</code></td>
""
""\t\t\t<td>Get document value formatted as Date, Currency, etc. Pass parent <code>doc</code> for currency type fields.</td>
""
""\t\t</tr>
""
""\t\t<tr>
""
""\t\t\t<td style=\""width: 30%;\""><code>frappe.db.get_value(\""[doctype]\"", \""[name]\"", \""fieldname\"")</code></td>
""
""\t\t\t<td>Get value from another document.</td>
""
""\t\t</tr>
""
""\t</tbody>
""
""</table>",,unreviewed
frappe,"<h4>Default Template</h4>
""
""<p>Uses <a href=\""http://jinja.pocoo.org/docs/templates/\"">Jinja Templating</a> and all the fields of Address (including Custom Fields if any) will be available</p>
""
""<pre><code>{{ address_line1 }}&lt;br&gt;
""
""{% if address_line2 %}{{ address_line2 }}&lt;br&gt;{% endif -%}
""
""{{ city }}&lt;br&gt;
""
""{% if state %}{{ state }}&lt;br&gt;{% endif -%}
""
""{% if pincode %} PIN:  {{ pincode }}&lt;br&gt;{% endif -%}
""
""{{ country }}&lt;br&gt;
""
""{% if phone %}Phone: {{ phone }}&lt;br&gt;{% endif -%}
""
""{% if fax %}Fax: {{ fax }}&lt;br&gt;{% endif -%}
""
""{% if email_id %}Email: {{ email_id }}&lt;br&gt;{% endif -%}
""
""</code></pre>",,unreviewed
frappe,"<h5 class=\""text-muted uppercase\"">Or</h5>",,unreviewed
frappe,"<h5>Message Example</h5>

""
""<pre>&lt;h3&gt;Order Overdue&lt;/h3&gt;

""
""&lt;p&gt;Transaction {{ doc.name }} has exceeded Due Date. Please take necessary action.&lt;/p&gt;

""
""&lt;!-- show last comment --&gt;
""
""{% if comments %}
""
""Last comment: {{ comments[-1].comment }} by {{ comments[-1].by }}
""
""{% endif %}

""
""&lt;h4&gt;Details&lt;/h4&gt;

""
""&lt;ul&gt;
""
""&lt;li&gt;Customer: {{ doc.customer }}
""
""&lt;li&gt;Amount: {{ doc.grand_total }}
""
""&lt;/ul&gt;
""
""</pre>",,unreviewed
frappe,"<p><strong>Condition Examples:</strong></p>
""
""<pre><code class=\""language-python\"">doc.status==\""Open\""<br>doc.due_date==nowdate()<br>doc.total &gt; 40000
""
""</code></pre>",,unreviewed
frappe,"<p><strong>Condition Examples:</strong></p>
""
""<pre>doc.status==\""Open\""<br>doc.due_date==nowdate()<br>doc.total &gt; 40000
""
""</pre>",,unreviewed
frappe,"<p>Multiple webforms can be created for a single doctype. Add filters specific to this webform to display correct record after submission.</p><p>For Example:</p>
""
""<p>If you create a separate webform every year to capture feedback from employees add a 
""
"" field named year in doctype and add a filter <b>year = 2023</b></p>",,unreviewed
frappe,"<p>Set context before rendering a template. Example:</p><p>
""
""</p><div><pre><code>
""
""context.project = frappe.get_doc(\""Project\"", frappe.form_dict.name)
""
""</code></pre></div>",,unreviewed
frappe,"<p>To interact with above HTML you will have to use `root_element` as a parent selector.</p><p>For example:</p><pre class=\""p-3 bg-gray-100 border-radius rounded-sm mb-0\"" style=\""width: fit-content;\""><code>// here root_element is provided by default
""
""let some_class_element = root_element.querySelector('.some-class');
""
""some_class_element.textContent = \""New content\"";
""
""</code></pre>",,unreviewed
frappe,"<pre>*  *  *  *  *
""
""┬  ┬  ┬  ┬  ┬
""
""│  │  │  │  │
""
""│  │  │  │  └ day of week (0 - 6) (0 is Sunday)
""
""│  │  │  └───── month (1 - 12)
""
""│  │  └────────── day of month (1 - 31)
""
""│  └─────────────── hour (0 - 23)
""
""└──────────────────── minute (0 - 59)

""
""---

""
""* - Any value
""
""/ - Step values
""
""</pre>",,unreviewed
frappe,"<pre><code>doc.grand_total &gt; 0</code></pre>

""
""<p>Conditions should be written in simple Python. Please use properties available in the form only.</p>
""
""<p>Allowed functions:
""
""</p><ul>
""
""<li>frappe.db.get_value</li>
""
""<li>frappe.db.get_list</li>
""
""<li>frappe.session</li>
""
""<li>frappe.utils.now_datetime</li>
""
""<li>frappe.utils.get_datetime</li>
""
""<li>frappe.utils.add_to_date</li>
""
""<li>frappe.utils.now</li>
""
""</ul>
""
""<p>Example: </p><pre><code>doc.creation &gt; frappe.utils.add_to_date(frappe.utils.now_datetime(), days=-5, as_string=True, as_datetime=True) </code></pre><p></p>",,unreviewed
frappe,"<span class=\""h2\"">Hi,</span>",,unreviewed
frappe,=,,unreviewed
frappe,>,,unreviewed
frappe,>=,,unreviewed
frappe,"A Frappe Framework instance can function as an OAuth Client, Resource, or Authorization server. This DocType contains settings related to all three.",,unreviewed
frappe,A download link with your data will be sent to the email address associated with your account.,,unreviewed
frappe,"A version identifier string for the client software.
""
""<br>
""
""The value of the should change on any update of the client software with the same Software ID.",,unreviewed
frappe,A0,,unreviewed
frappe,A1,,unreviewed
frappe,A2,,unreviewed
frappe,A3,,unreviewed
frappe,A5,,unreviewed
frappe,A6,,unreviewed
frappe,A7,,unreviewed
frappe,A8,,unreviewed
frappe,A9,,unreviewed
frappe,API Endpoint Args should be valid JSON,,unreviewed
frappe,API Key and Secret to interact with the relay server. These will be auto-generated when the first push notification is sent from any of the apps installed on this site.,,unreviewed
frappe,API Key cannot be regenerated,,unreviewed
frappe,API Keys,,unreviewed
frappe,API Logging,,unreviewed
frappe,API Request Log,,unreviewed
frappe,About Us,,unreviewed
frappe,About Us Settings,,unreviewed
frappe,About {0} minute remaining,,unreviewed
frappe,About {0} minutes remaining,,unreviewed
frappe,About {0} seconds remaining,,unreviewed
frappe,Accept Invitation,,unreviewed
frappe,Accepted At,,unreviewed
frappe,Accounts Manager,,unreviewed
frappe,Accounts User,,unreviewed
frappe,"Accurate count can not be fetched, click here to view all documents",,unreviewed
frappe,Action,,unreviewed
frappe,Action Complete,,unreviewed
frappe,Action Label,,unreviewed
frappe,Action {0} completed successfully on {1} {2}. View it {3},,unreviewed
frappe,Action {0} failed on {1} {2}. View it {3},,unreviewed
frappe,Activate,,unreviewed
frappe,Active Directory,,unreviewed
frappe,Activity,,unreviewed
frappe,Add / Remove Columns,,unreviewed
frappe,Add Card to Dashboard,,unreviewed
frappe,Add Child,,unreviewed
frappe,Add Indexes,,unreviewed
frappe,Add Multiple,,unreviewed
frappe,Add Participants,,unreviewed
frappe,Add Roles,,unreviewed
frappe,Add Tags,,unreviewed
frappe,Add Template,,unreviewed
frappe,Add Translate Data,,unreviewed
frappe,Add Video Conferencing,,unreviewed
frappe,Add a Filter,,unreviewed
frappe,Add a New Role,,unreviewed
frappe,Add a Row,,unreviewed
frappe,Add a new section,,unreviewed
frappe,Add a row above the current row,,unreviewed
frappe,Add a row at the bottom,,unreviewed
frappe,Add a row at the top,,unreviewed
frappe,Add a row below the current row,,unreviewed
frappe,Add column,,unreviewed
frappe,Add field,,unreviewed
frappe,Add new tab,,unreviewed
frappe,Add numbers or special characters.,,unreviewed
frappe,Add page break,,unreviewed
frappe,Add tab,,unreviewed
frappe,Add to this activity by mailing to {0},,unreviewed
frappe,Add {0},,unreviewed
frappe,Added,,unreviewed
frappe,Added default log doctypes: {},,unreviewed
frappe,Added {0} ({1}),,unreviewed
frappe,Address Line 1,,unreviewed
frappe,Address Line 2,,unreviewed
frappe,Adds a custom client script to a DocType,,unreviewed
frappe,Adds a custom field to a DocType,,unreviewed
frappe,Administrator can't follow,,unreviewed
frappe,After,,unreviewed
frappe,After Discard,,unreviewed
frappe,After Insert,,unreviewed
frappe,After Rename,,unreviewed
frappe,Aggregate Field is required to create a number card,,unreviewed
frappe,Alias must be a string,,unreviewed
frappe,Align,,unreviewed
frappe,All Day,,unreviewed
frappe,All Submissions,,unreviewed
frappe,All fields are necessary to submit the comment.,,unreviewed
frappe,"All possible Workflow States and roles of the workflow. Docstatus Options: 0 is \""Saved\"", 1 is \""Submitted\"" and 2 is \""Cancelled\""",,unreviewed
frappe,Allow Bulk Editing,,unreviewed
frappe,Allow Consecutive Login Attempts,,unreviewed
frappe,Allow Sending Usage Data for Improving Applications,,unreviewed
frappe,Allow comments,,unreviewed
frappe,Allow delete,,unreviewed
frappe,Allow editing after submit,,unreviewed
frappe,"Allow editing even if the doctype has a workflow set up.

""
""Does nothing if a workflow isn't set up.",,unreviewed
frappe,Allow incomplete forms,,unreviewed
frappe,Allow multiple responses,,unreviewed
frappe,Allow print,,unreviewed
frappe,Allow recording my first session to improve user experience,,unreviewed
frappe,Allow sending usage data for improving applications,,unreviewed
frappe,"Allow users to log in without a password, using a login link sent to their email",,unreviewed
frappe,Allowed File Extensions,,unreviewed
frappe,Allowed Modules,,unreviewed
frappe,Allowed Public Client Origins,,unreviewed
frappe,Allowed Roles,,unreviewed
frappe,Allowed embedding domains,,unreviewed
frappe,"Allows clients to fetch metadata from the <code>/.well-known/oauth-authorization-server</code> endpoint. Reference: <a href=\""https://datatracker.ietf.org/doc/html/rfc8414\"">RFC8414</a>",,unreviewed
frappe,"Allows clients to fetch metadata from the <code>/.well-known/oauth-protected-resource</code> endpoint. Reference: <a href=\""https://datatracker.ietf.org/doc/html/rfc9728#name-protected-resource-metadata\"">RFC9728</a>",,unreviewed
frappe,"Allows clients to register themselves without manual intervention. Registration creates a <b>OAuth Client</b> entry. Reference: <a href=\""https://datatracker.ietf.org/doc/html/rfc7591\"">RFC7591</a>",,unreviewed
frappe,Allows clients to view this as an Authorization Server when querying the <code>/.well-known/oauth-protected-resource</code> end point.,,unreviewed
frappe,Allows enabled Social Login Key Base URL to be shown as authorization server.,,unreviewed
frappe,Allows skipping authorization if a user has active tokens.,,unreviewed
frappe,Alternative Email ID,,unreviewed
frappe,Always,,unreviewed
frappe,Always BCC Address,,unreviewed
frappe,Always use this email address as sender address,,unreviewed
frappe,Always use this name as sender name,,unreviewed
frappe,Amend Counter,,unreviewed
frappe,Amended Document Naming Settings,,unreviewed
frappe,Amended Documents,,unreviewed
frappe,Amended From,,unreviewed
frappe,Amendment Naming Override,,unreviewed
frappe,Amendment Not Allowed,,unreviewed
frappe,Amendment naming rules updated.,,unreviewed
frappe,An email to verify your request has been sent to your email address. Please verify your request to complete the process.,,unreviewed
frappe,An unexpected error occurred while authorizing {}.,,unreviewed
frappe,Announcement Widget,,unreviewed
frappe,Announcements,,unreviewed
frappe,Annual,,unreviewed
frappe,Anonymization Matrix,,unreviewed
frappe,Anonymous responses,,unreviewed
frappe,"Apart from System Manager, roles with Set User Permissions right can set permissions for other users for that Document Type.",,unreviewed
frappe,App ID,,unreviewed
frappe,App Logo,,unreviewed
frappe,App Name (Client Name),,unreviewed
frappe,App not found for module: {0},,unreviewed
frappe,"Append as communication against this DocType (must have fields: \""Sender\"" and \""Subject\""). These fields can be defined in the email settings section of the appended doctype.",,unreviewed
frappe,Applicable For,,unreviewed
frappe,Application is not installed,,unreviewed
frappe,Applies To (DocType),,unreviewed
frappe,Apply Filters,,unreviewed
frappe,Apply To,,unreviewed
frappe,Apply User Permission On,,unreviewed
frappe,Apply document permissions,,unreviewed
frappe,Apps,,unreviewed
frappe,Apps with Search,,unreviewed
frappe,Ar,,unreviewed
frappe,Archived,,unreviewed
frappe,Are you sure you want to cancel the invitation?,,unreviewed
frappe,Are you sure you want to clear the assignments?,,unreviewed
frappe,Are you sure you want to delete the column? All the fields in the column will be moved to the previous column.,,unreviewed
frappe,Are you sure you want to delete the section? All the columns along with fields in the section will be moved to the previous section.,,unreviewed
frappe,Are you sure you want to delete the tab? All the sections along with fields in the tab will be moved to the previous tab.,,unreviewed
frappe,Are you sure you want to delete this record?,,unreviewed
frappe,Are you sure you want to discard the changes?,,unreviewed
frappe,Are you sure you want to generate a new report?,,unreviewed
frappe,Are you sure you want to proceed?,,unreviewed
frappe,Are you sure you want to re-enable scheduler?,,unreviewed
frappe,Are you sure you want to remove all failed jobs?,,unreviewed
frappe,Are you sure you want to remove the {0} filter?,,unreviewed
frappe,Are you sure you want to save this document?,,unreviewed
frappe,Are you sure you want to {0}?,,unreviewed
frappe,Arguments,,unreviewed
frappe,Arial,,unreviewed
frappe,"As a best practice, do not assign the same set of permission rule to different Roles. Instead, set multiple Roles to the same User.",,unreviewed
frappe,"As document sharing is disabled, please give them the required permissions before assigning.",,unreviewed
frappe,"As per your request, your account and data on {0} associated with email {1} has been permanently deleted",,unreviewed
frappe,Ask,,unreviewed
frappe,Assign To User Group,,unreviewed
frappe,Assign a user,,unreviewed
frappe,Assigned To,,unreviewed
frappe,Assignee,,unreviewed
frappe,Assigning...,,unreviewed
frappe,Assignment,,unreviewed
frappe,Assignment Rule is not allowed on document type {0},,unreviewed
frappe,Assignment of {0} removed by {1},,unreviewed
frappe,Asynchronous,,unreviewed
frappe,At least one column is required to show in the grid.,,unreviewed
frappe,At least one field is required in Web Form Fields Table,,unreviewed
frappe,At least one field of Parent Document Type is mandatory,,unreviewed
frappe,Attach Files,,unreviewed
frappe,Attach Package,,unreviewed
frappe,Attach a web link,,unreviewed
frappe,Attached To Name must be a string or an integer,,unreviewed
frappe,Attachment Limit Reached,,unreviewed
frappe,Attachment Settings,,unreviewed
frappe,Attribution,,unreviewed
frappe,Audit System Hooks,,unreviewed
frappe,Audit Trail,,unreviewed
frappe,Auth URL data should be valid JSON,,unreviewed
frappe,Authenticate as Service Principal,,unreviewed
frappe,Authentication Apps you can use are:,,unreviewed
frappe,Authorization,,unreviewed
frappe,Authorization URI,,unreviewed
frappe,Authorization error for {}.,,unreviewed
frappe,Authorize API Access,,unreviewed
frappe,Authors,,unreviewed
frappe,Authors / Maintainers,,unreviewed
frappe,Auto Email Report,,unreviewed
frappe,Auto Repeat Day,,unreviewed
frappe,Auto Repeat Day{0} {1} has been repeated.,,unreviewed
frappe,Auto Repeat Schedule,,unreviewed
frappe,Auto Repeat User,,unreviewed
frappe,Auto follow documents that are assigned to you,,unreviewed
frappe,Auto follow documents that are shared with you,,unreviewed
frappe,Auto follow documents that you Like,,unreviewed
frappe,Auto follow documents that you comment on,,unreviewed
frappe,Auto follow documents that you create,,unreviewed
frappe,Auto repeat failed. Please enable auto repeat after fixing the issues.,,unreviewed
frappe,Autocomplete,,unreviewed
frappe,Autoincrement,,unreviewed
frappe,Automate processes and extend standard functionality using scripts and background jobs,,unreviewed
frappe,Automated Message,,unreviewed
frappe,Automatic,,unreviewed
frappe,Automatic sending of emails is disabled via site config.,,unreviewed
frappe,Automatically Assign Documents to Users,,unreviewed
frappe,Automatically applied a filter for recent data. You can disable this behavior from the list view settings.,,unreviewed
frappe,Automatically delete account within (hours),,unreviewed
frappe,Awesome Work,,unreviewed
frappe,"Awesome, now try making an entry yourself",,unreviewed
frappe,Awesomebar,,unreviewed
frappe,B,,unreviewed
frappe,B0,,unreviewed
frappe,B1,,unreviewed
frappe,B10,,unreviewed
frappe,B2,,unreviewed
frappe,B3,,unreviewed
frappe,B4,,unreviewed
frappe,B5,,unreviewed
frappe,B6,,unreviewed
frappe,B7,,unreviewed
frappe,B8,,unreviewed
frappe,B9,,unreviewed
frappe,BCC,,unreviewed
frappe,Background Job Activity,,unreviewed
frappe,Background Jobs Check,,unreviewed
frappe,Background Jobs Queue,,unreviewed
frappe,Background Print (required for >25 documents),,unreviewed
frappe,Backup Encryption Key,,unreviewed
frappe,Backups (MB),,unreviewed
frappe,Bad Cron Expression,,unreviewed
frappe,Banker's Rounding,,unreviewed
frappe,Banker's Rounding (legacy),,unreviewed
frappe,Bar,,unreviewed
frappe,Based On,,unreviewed
frappe,Basic Info,,unreviewed
frappe,Before,,unreviewed
frappe,Before Discard,,unreviewed
frappe,Before Print,,unreviewed
frappe,Before Rename,,unreviewed
frappe,Before Validate,,unreviewed
frappe,Beginner,,unreviewed
frappe,Billing Contact,,unreviewed
frappe,Binary Logging,,unreviewed
frappe,Blue,,unreviewed
frappe,Both login and password required,,unreviewed
frappe,Bottom Center,,unreviewed
frappe,Bottom Left,,unreviewed
frappe,Bottom Right,,unreviewed
frappe,Brand,,unreviewed
frappe,Brand Logo with Search,,unreviewed
frappe,"Brand is what appears on the top-left of the toolbar. If it is an image, make sure it
""
""has a transparent background and use the &lt;img /&gt; tag. Keep size as 200px x 30px",,unreviewed
frappe,Bufferpool Size,,unreviewed
frappe,Build,,unreviewed
frappe,"Build your own reports, print formats, and dashboards. Create personalized workspaces for easier navigation",,unreviewed
frappe,Build {0},,unreviewed
frappe,Built on {0},,unreviewed
frappe,Bulk Actions,,unreviewed
frappe,Bulk Edit,,unreviewed
frappe,Bulk Operation Failed,,unreviewed
frappe,Bulk Operation Successful,,unreviewed
frappe,Bulk PDF Export,,unreviewed
frappe,Bulk Update,,unreviewed
frappe,Bulk approval only support up to 500 documents.,,unreviewed
frappe,Bulk operation is enqueued in background.,,unreviewed
frappe,Bulk operations only support up to 500 documents.,,unreviewed
frappe,Bulk {0} is enqueued in background.,,unreviewed
frappe,Button Color,,unreviewed
frappe,"By \""Naming Series\"" field",,unreviewed
frappe,By fieldname,,unreviewed
frappe,By script,,unreviewed
frappe,C5E,,unreviewed
frappe,CMD,,unreviewed
frappe,COLOR PICKER,,unreviewed
frappe,CSS,,unreviewed
frappe,CSS selector for the element you want to highlight.,,unreviewed
frappe,CSV,,unreviewed
frappe,Cache,,unreviewed
frappe,Campaign Description (Optional),,unreviewed
frappe,Can not rename as column {0} is already present on DocType.,,unreviewed
frappe,Can only change to/from Autoincrement naming rule when there is no data in the doctype,,unreviewed
frappe,Can only list down the document types which has been linked to the User document type.,,unreviewed
frappe,Can't follow since changes are not tracked.,,unreviewed
frappe,Can't rename {0} to {1} because {0} doesn't exist.,,unreviewed
frappe,Cancel All,,unreviewed
frappe,Cancel Import,,unreviewed
frappe,Cancel Prepared Report,,unreviewed
frappe,Cannot Download Report due to insufficient permissions,,unreviewed
frappe,Cannot Fetch Values,,unreviewed
frappe,Cannot Update After Submit,,unreviewed
frappe,Cannot access file path {0},,unreviewed
frappe,Cannot cancel before submitting while transitioning from <b>{0} State</b> to <b>{1} State</b>,,unreviewed
frappe,Cannot cancel {0}.,,unreviewed
frappe,Cannot change docstatus from 0 (Draft) to 2 (Cancelled),,unreviewed
frappe,Cannot change docstatus from 1 (Submitted) to 0 (Draft),,unreviewed
frappe,Cannot change state of Cancelled Document <b>({0} State)</b>,,unreviewed
frappe,Cannot change to/from autoincrement autoname in Customize Form,,unreviewed
frappe,Cannot create private workspace of other users,,unreviewed
frappe,Cannot delete standard document state.,,unreviewed
frappe,Cannot delete standard field <strong>{0}</strong>. You can hide it instead.,,unreviewed
frappe,Cannot delete standard field. You can hide it if you want,,unreviewed
frappe,Cannot delete system generated field <strong>{0}</strong>. You can hide it instead.,,unreviewed
frappe,Cannot edit Standard Dashboards,,unreviewed
frappe,Cannot edit Standard charts,,unreviewed
frappe,Cannot edit filters for standard number cards,,unreviewed
frappe,Cannot enable {0} for a non-submittable doctype,,unreviewed
frappe,Cannot find file {} on disk,,unreviewed
frappe,Cannot get file contents of a Folder,,unreviewed
frappe,Cannot import table with more than 5000 rows.,,unreviewed
frappe,Cannot map because following condition fails:,,unreviewed
frappe,Cannot set 'Report' permission if 'Only If Creator' permission is set,,unreviewed
frappe,Cannot set Notification with event {0} on Document Type {1},,unreviewed
frappe,Cannot share {0} with submit permission as the doctype {1} is not submittable,,unreviewed
frappe,Cannot submit {0}.,,unreviewed
frappe,Cannot use sub-query here.,,unreviewed
frappe,Cannot use {0} in order/group by,,unreviewed
frappe,Cannot {0} {1}.,,unreviewed
frappe,Capture,,unreviewed
frappe,Card Break,,unreviewed
frappe,Card Links,,unreviewed
frappe,"Certain documents, like an Invoice, should not be changed once final. The final state for such documents is called Submitted. You can restrict which roles can Submit.",,unreviewed
frappe,Change Image,,unreviewed
frappe,Change Letter Head,,unreviewed
frappe,Change Print Format,,unreviewed
frappe,"Change the starting / current sequence number of an existing series. <br>

""
""Warning: Incorrectly updating counters can prevent documents from getting created.",,unreviewed
frappe,Changed at,,unreviewed
frappe,Changed by,,unreviewed
frappe,Changelog Feed,,unreviewed
frappe,Changes,,unreviewed
frappe,Changing any setting will reflect on all the email accounts associated with this domain.,,unreviewed
frappe,Changing rounding method on site with data can result in unexpected behaviour.,,unreviewed
frappe,Chart,,unreviewed
frappe,"Check columns to select, drag to set order.",,unreviewed
frappe,"Check to display the full numeric value (e.g., 1,234,567 instead of 1.2M).",,unreviewed
frappe,Child DocTypes are not allowed,,unreviewed
frappe,Child Doctype,,unreviewed
frappe,Child Item,,unreviewed
frappe,Child Table {0} for field {1} must be virtual,,unreviewed
frappe,Child query fields for '{0}' must be a list or tuple.,,unreviewed
frappe,Choose a block or continue typing,,unreviewed
frappe,Choose a color,,unreviewed
frappe,Choose an icon,,unreviewed
frappe,Chromium is not downloaded. Please run the setup first.,,unreviewed
frappe,City,المدينة,unreviewed
frappe,Clear & Add Template,,unreviewed
frappe,Clear & Add template,,unreviewed
frappe,Clear All,,unreviewed
frappe,Clear Assignment,,unreviewed
frappe,Clear Filters,,unreviewed
frappe,Clear Logs After (days),,unreviewed
frappe,Clear the email message and add the template,,unreviewed
frappe,Click On Customize to add your first widget,,unreviewed
frappe,Click below to get started:,,unreviewed
frappe,Click here,,unreviewed
frappe,Click on a file to select it.,,unreviewed
frappe,Click on the button to log in to {0},,unreviewed
frappe,Click to Set Dynamic Filters,,unreviewed
frappe,Click to Set Filters,,unreviewed
frappe,Click to sort by {0},,unreviewed
frappe,Client Id,,unreviewed
frappe,Client Metadata,,unreviewed
frappe,Client Secret Basic,,unreviewed
frappe,Client Secret Post,,unreviewed
frappe,Client URI,,unreviewed
frappe,Client script,,unreviewed
frappe,Close properties,,unreviewed
frappe,Cmd+Enter to add comment,,unreviewed
frappe,Code Challenge,,unreviewed
frappe,Code Editor Type,,unreviewed
frappe,Code challenge method,,unreviewed
frappe,Collapse All,,unreviewed
frappe,Collapsible Depends On (JS),,unreviewed
frappe,Column,,unreviewed
frappe,Column 1,,unreviewed
frappe,Column 2,,unreviewed
frappe,Column Width,,unreviewed
frappe,Column width cannot be zero.,,unreviewed
frappe,Column {0},,unreviewed
frappe,Comm10E,,unreviewed
frappe,Comment publicity can only be updated by the original author or a System Manager.,,unreviewed
frappe,Commercial Rounding,,unreviewed
frappe,Committed,,unreviewed
frappe,Common words are easy to guess.,,unreviewed
frappe,Communication,,unreviewed
frappe,Communication Date,,unreviewed
frappe,Communication Logs,,unreviewed
frappe,Communication secret not set,,unreviewed
frappe,Company Name,,unreviewed
frappe,Compare Versions,,unreviewed
frappe,Compilation warning,,unreviewed
frappe,Complete,,unreviewed
frappe,Complete Setup,,unreviewed
frappe,Completed By Role,,unreviewed
frappe,Completed By User,,unreviewed
frappe,Component,,unreviewed
frappe,Compressed,,unreviewed
frappe,Condition,,unreviewed
frappe,Condition JSON,,unreviewed
frappe,Condition Type,,unreviewed
frappe,Condition description,,unreviewed
frappe,Conditions,,unreviewed
frappe,Config,,unreviewed
frappe,Configuration,,unreviewed
frappe,Configure Columns,,unreviewed
frappe,Configure Recorder,,unreviewed
frappe,Configure columns for {0},,unreviewed
frappe,"Configure how amended documents will be named.<br>

""
""Default behaviour is to follow an amend counter which adds a number to the end of the original name indicating the amended version. <br>

""
""Default Naming will make the amended document to behave same as new documents.",,unreviewed
frappe,"Configure various aspects of how document naming works like naming series, current counter.",,unreviewed
frappe,Confirm Access,,unreviewed
frappe,Confirm Deletion of Account,,unreviewed
frappe,Confirm Password,,unreviewed
frappe,"Congratulations on completing the module setup. If you want to learn more you can refer to the documentation <a target=\""_blank\"" href=\""{0}\"">here</a>.",,unreviewed
frappe,Connect to {},,unreviewed
frappe,Connected App,,unreviewed
frappe,Connected User,,unreviewed
frappe,Connection Lost,,unreviewed
frappe,Connections,,unreviewed
frappe,Console Logs can not be deleted,,unreviewed
frappe,Constraints,,unreviewed
frappe,Contact / email not found. Did not add attendee for -<br>{0},,unreviewed
frappe,Contact Us,,unreviewed
frappe,Contact Us Settings,,unreviewed
frappe,Contacts,,unreviewed
frappe,Contains {0} security fix,,unreviewed
frappe,Contains {0} security fixes,,unreviewed
frappe,Content data shoud be a list,,unreviewed
frappe,"Controls whether new users can sign up using this Social Login Key. If unset, Website Settings is respected.",,unreviewed
frappe,Copied {0} {1} to clipboard,,unreviewed
frappe,Copy Link,,unreviewed
frappe,Copy embed code,,unreviewed
frappe,Copy error to clipboard,,unreviewed
frappe,Copy to Clipboard,,unreviewed
frappe,Copy token to clipboard,,unreviewed
frappe,Correct version :,,unreviewed
frappe,Could not parse field: {0},,unreviewed
frappe,Could not start Chromium. Check logs for details.,,unreviewed
frappe,Could not start up:,,unreviewed
frappe,Count of linked documents,,unreviewed
frappe,Country,البلد,unreviewed
frappe,Country Code Required,,unreviewed
frappe,Create & Continue,,unreviewed
frappe,Create Address,,unreviewed
frappe,Create Child Doctype,,unreviewed
frappe,Create Letter Head,,unreviewed
frappe,Create New DocType,,unreviewed
frappe,Create New Kanban Board,,unreviewed
frappe,Create Saved Filter,,unreviewed
frappe,Create a New Format,,unreviewed
frappe,Create a Reminder,,unreviewed
frappe,Create a new ...,,unreviewed
frappe,Create a {0} Account,,unreviewed
frappe,Create or Edit Print Format,,unreviewed
frappe,Create or Edit Workflow,,unreviewed
frappe,Create your workflow visually using the Workflow Builder.,,unreviewed
frappe,Created At,,unreviewed
frappe,Creation of this document is only permitted in developer mode.,,unreviewed
frappe,Cron format is required for job types with Cron frequency.,,unreviewed
frappe,Crop,,unreviewed
frappe,Ctrl + Down,,unreviewed
frappe,Ctrl + Up,,unreviewed
frappe,"Currency list stores the currency value, its symbol and fraction unit",,unreviewed
frappe,Current,,unreviewed
frappe,Current Job ID,,unreviewed
frappe,Current Value,,unreviewed
frappe,Current status,,unreviewed
frappe,Custom Block Name,,unreviewed
frappe,Custom Blocks,,unreviewed
frappe,Custom Delimiters,,unreviewed
frappe,Custom Document Types (Select Permission),,unreviewed
frappe,Custom Document Types Limit Exceeded,,unreviewed
frappe,Custom Footer,,unreviewed
frappe,Custom Group Search,,unreviewed
frappe,"Custom Group Search if filled needs to contain the user placeholder {0}, eg uid={0},ou=users,dc=example,dc=com",,unreviewed
frappe,Custom HTML Block,,unreviewed
frappe,"Custom LDAP Directoy Selected, please ensure 'LDAP Group Member attribute' and 'Group Object Class' are entered",,unreviewed
frappe,Custom Label,,unreviewed
frappe,Custom Translation,,unreviewed
frappe,Custom field renamed to {0} successfully.,,unreviewed
frappe,"Custom get_list method for {0} must return a QueryBuilder object or None, got {1}",,unreviewed
frappe,Customizations Discarded,,unreviewed
frappe,Customize Child Table,,unreviewed
frappe,Customize Dashboard,,unreviewed
frappe,Customize Form - {0},,unreviewed
frappe,"Customize properties, naming, fields and more for standard doctypes",,unreviewed
frappe,Cyan,,unreviewed
frappe,DELETE,,unreviewed
frappe,DLE,,unreviewed
frappe,Daily,,unreviewed
frappe,Daily Maintenance,,unreviewed
frappe,Dark,,unreviewed
frappe,Dashboard View,,unreviewed
frappe,Data Clipped,,unreviewed
frappe,Data Import Log,,unreviewed
frappe,Data Import is not allowed for {0}. Enable 'Allow Import' in DocType settings.,,unreviewed
frappe,Database,,unreviewed
frappe,Database Processes,,unreviewed
frappe,Database Row Size Utilization,,unreviewed
frappe,Database Storage Usage By Tables,,unreviewed
frappe,Database Table Row Size Limit,,unreviewed
frappe,"Database Table Row Size Utilization: {0}%, this limits number of fields you can add.",,unreviewed
frappe,Database Version,,unreviewed
frappe,Date Range,,unreviewed
frappe,Deadlock Occurred,,unreviewed
frappe,Dear,,unreviewed
frappe,"Dear System Manager,",,unreviewed
frappe,Debug Log,,unreviewed
frappe,Decimal Separator must be '.' when Quoting is set to Non-numeric,,unreviewed
frappe,Decimal Separator must be a single character,,unreviewed
frappe,Default Amendment Naming,,unreviewed
frappe,Default App,,unreviewed
frappe,Default Email Template,,unreviewed
frappe,Default Naming,,unreviewed
frappe,Default Template For Field,,unreviewed
frappe,Default User Role,,unreviewed
frappe,Default User Type,,unreviewed
frappe,Default View,,unreviewed
frappe,Default Workspace,,unreviewed
frappe,Default display currency,,unreviewed
frappe,Defaults Updated,,unreviewed
frappe,Defines actions on states and the next step and allowed roles.,,unreviewed
frappe,Defines how long exported reports sent via email are kept in the system. Older files will be automatically deleted.,,unreviewed
frappe,Defines workflow states and rules for a document.,,unreviewed
frappe,Delayed,,unreviewed
frappe,Delete Account,,unreviewed
frappe,Delete All,,unreviewed
frappe,Delete Background Exported Reports After (Hours),,unreviewed
frappe,Delete Column,,unreviewed
frappe,Delete Kanban Board,,unreviewed
frappe,Delete Section,,unreviewed
frappe,Delete Tab,,unreviewed
frappe,Delete and Generate New,,unreviewed
frappe,Delete column,,unreviewed
frappe,Delete entire column with fields,,unreviewed
frappe,Delete entire section with fields,,unreviewed
frappe,Delete entire tab with fields,,unreviewed
frappe,Delete section,,unreviewed
frappe,Delete tab,,unreviewed
frappe,Delete {0} item permanently?,,unreviewed
frappe,Deleted all documents successfully,,unreviewed
frappe,Deleting {0} records...,,unreviewed
frappe,Deleting {0}...,,unreviewed
frappe,Deletion Steps,,unreviewed
frappe,Deletion of this document is only permitted in developer mode.,,unreviewed
frappe,Delimiter Options,,unreviewed
frappe,Delimiter detection failed. Try to enable custom delimiters and adjust the delimiter options as per your data.,,unreviewed
frappe,Delimiter must be a single character,,unreviewed
frappe,Delivery Status,,unreviewed
frappe,Dependencies,,unreviewed
frappe,Dependencies & Licenses,,unreviewed
frappe,Descendants Of (inclusive),,unreviewed
frappe,Description to inform the user about any action that is going to be performed,,unreviewed
frappe,Desk Settings,,unreviewed
frappe,Desk Theme,,unreviewed
frappe,Desk User,,unreviewed
frappe,Desktop,,unreviewed
frappe,Desktop Settings,,unreviewed
frappe,Detect CSV type,,unreviewed
frappe,Diff,,unreviewed
frappe,Directory Server,,unreviewed
frappe,Disable Automatic Recency Filters,,unreviewed
frappe,Disable Change Log Notification,,unreviewed
frappe,Disable Comment Count,,unreviewed
frappe,Disable Document Sharing,,unreviewed
frappe,Disable Product Suggestion,,unreviewed
frappe,Disable Scrolling,,unreviewed
frappe,Disable System Update Notification,,unreviewed
frappe,Disable Username/Password Login,,unreviewed
frappe,Disable signups,,unreviewed
frappe,Discard {0},,unreviewed
frappe,Discard?,,unreviewed
frappe,Discarded,,unreviewed
frappe,Disclaimer: These indexes are suggested based on data and queries performed during this recording. These suggestions may or may not help.,,unreviewed
frappe,Discussion Reply,,unreviewed
frappe,Discussion Topic,,unreviewed
frappe,Display Depends On (JS),,unreviewed
frappe,Divider,,unreviewed
frappe,Do Not Create New User,,unreviewed
frappe,Do not create new user if user with email does not exist in the system,,unreviewed
frappe,Do not warn me again about {0},,unreviewed
frappe,Do you still want to proceed?,,unreviewed
frappe,DocField,,unreviewed
frappe,DocPerm,,unreviewed
frappe,DocShare,,unreviewed
frappe,"DocStatus of the following states have changed:<br><strong>{0}</strong><br>
""
""\t\t\t\tDo you want to update the docstatus of existing documents in those states?<br>
""
""\t\t\t\tThis does not undo any effect bought in by the document's existing docstatus.
""
""\t\t\t\t",,unreviewed
frappe,DocType,,unreviewed
frappe,DocType Layout,,unreviewed
frappe,DocType Layout Field,,unreviewed
frappe,DocType Missing,,unreviewed
frappe,DocType State,,unreviewed
frappe,DocType is a Table / Form in the application.,,unreviewed
frappe,DocType must be a string,,unreviewed
frappe,DocType must have atleast one field,,unreviewed
frappe,DocType not supported by Log Settings.,,unreviewed
frappe,DocType required,,unreviewed
frappe,DocType {0} does not exist.,,unreviewed
frappe,DocType {} not found,,unreviewed
frappe,"DocTypes cannot be modified, please use {0} instead",,unreviewed
frappe,Doctype,,unreviewed
frappe,Doctype name is limited to {0} characters ({1}),,unreviewed
frappe,Document Linking,,unreviewed
frappe,Document Links Row #{0}: Could not find field {1} in {2} DocType,,unreviewed
frappe,Document Links Row #{0}: Invalid doctype or fieldname.,,unreviewed
frappe,Document Links Row #{0}: Parent DocType is mandatory for internal links,,unreviewed
frappe,Document Links Row #{0}: Table Fieldname is mandatory for internal links,,unreviewed
frappe,Document Name,,unreviewed
frappe,Document Name must be a string,,unreviewed
frappe,Document Naming Settings,,unreviewed
frappe,Document Saved,,unreviewed
frappe,Document Share Key,,unreviewed
frappe,Document Share Key Expiry (in Days),,unreviewed
frappe,Document Type,,unreviewed
frappe,Document Type and Function are required to create a number card,,unreviewed
frappe,Document Types (Select Permissions Only),,unreviewed
frappe,Document Types and Permissions,,unreviewed
frappe,Document Unlocked,,unreviewed
frappe,Document cannot be used as a filter value,,unreviewed
frappe,Document follow is not enabled for this user.,,unreviewed
frappe,Document has been cancelled,,unreviewed
frappe,Document has been submitted,,unreviewed
frappe,Document is in draft state,,unreviewed
frappe,Document is only editable by users with role,,unreviewed
frappe,Document not Relinked,,unreviewed
frappe,Document renaming from {0} to {1} has been queued,,unreviewed
frappe,Document {0} {1} does not exist,,unreviewed
frappe,Documents,,unreviewed
frappe,Domain Name,,unreviewed
frappe,Domain Settings,,unreviewed
frappe,"Don't encode HTML tags like &lt;script&gt; or just characters like &lt; or &gt;, as they could be intentionally used in this field",,unreviewed
frappe,Don't have an account?,,unreviewed
frappe,Done,,unreviewed
frappe,Double click to edit label,,unreviewed
frappe,Download Backups,,unreviewed
frappe,Download PDF,,unreviewed
frappe,Download Template,,unreviewed
frappe,Download as CSV,,unreviewed
frappe,Download vCard,,unreviewed
frappe,Download vCards,,unreviewed
frappe,Dr,,unreviewed
frappe,Drag,,unreviewed
frappe,Drag & Drop a section here from another tab,,unreviewed
frappe,Drag and drop files here or upload from,,unreviewed
frappe,Drag columns to set order. Column width is set in percentage. The total width should not be more than 100. Columns marked in red will be removed.,,unreviewed
frappe,Drag elements from the sidebar to add. Drag them back to trash.,,unreviewed
frappe,Drag to add state,,unreviewed
frappe,Drop files here,,unreviewed
frappe,Duplicate Entry,,unreviewed
frappe,Duplicate Row,,unreviewed
frappe,Duplicate current row,,unreviewed
frappe,Duplicate field,,unreviewed
frappe,Duration,,unreviewed
frappe,Dynamic,,unreviewed
frappe,ESC,,unreviewed
frappe,Edit Address in Form,,unreviewed
frappe,Edit Chart,,unreviewed
frappe,Edit Custom Block,,unreviewed
frappe,Edit Existing,,unreviewed
frappe,Edit Filters,,unreviewed
frappe,Edit Footer,,unreviewed
frappe,Edit Full Form,,unreviewed
frappe,Edit HTML,,unreviewed
frappe,Edit Header,,unreviewed
frappe,Edit Letter Head,,unreviewed
frappe,Edit Letter Head Footer,,unreviewed
frappe,Edit Links,,unreviewed
frappe,Edit Number Card,,unreviewed
frappe,Edit Onboarding,,unreviewed
frappe,Edit Print Format,,unreviewed
frappe,Edit Quick List,,unreviewed
frappe,Edit Shortcut,,unreviewed
frappe,Edit Sidebar,,unreviewed
frappe,Edit mode,,unreviewed
frappe,Edit the {0} Doctype,,unreviewed
frappe,Edit your response,,unreviewed
frappe,Edit your workflow visually using the Workflow Builder.,,unreviewed
frappe,Editing Row,,unreviewed
frappe,Editing {0},,unreviewed
frappe,Either key or IP flag is required.,,unreviewed
frappe,Element Selector,,unreviewed
frappe,Email Account Disabled.,,unreviewed
frappe,Email Account not setup. Please create a new Email Account from Settings > Email Account,,unreviewed
frappe,Email Account {0} Disabled,,unreviewed
frappe,Email Domain,,unreviewed
frappe,Email Header,,unreviewed
frappe,Email ID,,unreviewed
frappe,Email Id,,unreviewed
frappe,Email Queue flushing aborted due to too many failures.,,unreviewed
frappe,Email Queue records.,,unreviewed
frappe,Email Retry Limit,,unreviewed
frappe,Email Sent At,,unreviewed
frappe,Email Threads on Assigned Document,,unreviewed
frappe,Email is mandatory to create User Email,,unreviewed
frappe,Email not sent to {0} (unsubscribed / disabled),,unreviewed
frappe,Email queue is currently suspended. Resume to automatically send other emails.,,unreviewed
frappe,Emails,,unreviewed
frappe,Emails Pulled,,unreviewed
frappe,Emails are already being pulled from this account.,,unreviewed
frappe,Embed code copied,,unreviewed
frappe,Empty alias is not allowed,,unreviewed
frappe,Empty column,,unreviewed
frappe,Empty string arguments are not allowed,,unreviewed
frappe,Enable Action Confirmation,,unreviewed
frappe,Enable Address Autocompletion,,unreviewed
frappe,Enable Dynamic Client Registration,,unreviewed
frappe,Enable Google indexing,,unreviewed
frappe,Enable Prepared Report,,unreviewed
frappe,Enable Push Notification Relay,,unreviewed
frappe,Enable Rate Limit,,unreviewed
frappe,Enable Scheduler,,unreviewed
frappe,Enable developer mode to create a standard Print Template,,unreviewed
frappe,"Enable if on click
""
""opens modal.",,unreviewed
frappe,Enable in-app website tracking,,unreviewed
frappe,Enabled Scheduler,,unreviewed
frappe,Enables Calendar and Gantt views.,,unreviewed
frappe,Enabling auto reply on an incoming email account will send automated replies to all the synchronized emails. Do you wish to continue?,,unreviewed
frappe,"Enabling this will register your site on a central relay server to send push notifications for all installed apps through Firebase Cloud Messaging. This server only stores user tokens and error logs, and no messages are saved.",,unreviewed
frappe,Enabling this will submit documents in background,,unreviewed
frappe,Encrypt Backups,,unreviewed
frappe,Encryption key is in invalid format!,,unreviewed
frappe,Encryption key is invalid! Please check site_config.json,,unreviewed
frappe,End,,unreviewed
frappe,End Date cannot be today.,,unreviewed
frappe,Ended At,,unreviewed
frappe,Endpoints,,unreviewed
frappe,Enqueued By,,unreviewed
frappe,Enqueued creation of indexes,,unreviewed
frappe,Ensure the user and group search paths are correct.,,unreviewed
frappe,Enter Code displayed in OTP App.,,unreviewed
frappe,"Enter Email Recipient(s) in the To, CC, or BCC fields",,unreviewed
frappe,Enter a name for this {0},,unreviewed
frappe,Entity Type,,unreviewed
frappe,Error,,unreviewed
frappe,Error Logs,,unreviewed
frappe,Error Message,,unreviewed
frappe,Error connecting via IMAP/POP3: {e},,unreviewed
frappe,Error connecting via SMTP: {e},,unreviewed
frappe,Error in Client Script,,unreviewed
frappe,Error in Client Script.,,unreviewed
frappe,Error in Header/Footer Script,,unreviewed
frappe,Error in print format on line {0}: {1},,unreviewed
frappe,Error in {0}.get_list: {1},,unreviewed
frappe,Error parsing nested filters: {0}. {1},,unreviewed
frappe,"Error validating \""Ignore User Permissions\""",,unreviewed
frappe,Error {0}: {1},,unreviewed
frappe,Error: Data missing in table {0},,unreviewed
frappe,Error: {0} Row #{1}: Value missing for: {2},,unreviewed
frappe,Errors,,unreviewed
frappe,Event Frequency,,unreviewed
frappe,Events,,unreviewed
frappe,Exact Copies,,unreviewed
frappe,Example: Setting this to 24:00 will log out a user if they are not active for 24:00 hours.,,unreviewed
frappe,Excellent,,unreviewed
frappe,Executing Code,,unreviewed
frappe,Executing...,,unreviewed
frappe,Executive,,unreviewed
frappe,Existing Role,,unreviewed
frappe,Expand All,,unreviewed
frappe,"Expected 'and' or 'or' operator, found: {0}",,unreviewed
frappe,Experimental,,unreviewed
frappe,Expired,,unreviewed
frappe,Expires On,,unreviewed
frappe,Export Data,,unreviewed
frappe,Export Errored Rows,,unreviewed
frappe,Export Import Log,,unreviewed
frappe,Export all matching rows?,,unreviewed
frappe,Export all {0} rows?,,unreviewed
frappe,Export as zip,,unreviewed
frappe,Export in Background,,unreviewed
frappe,Export the data without any header notes and column descriptions,,unreviewed
frappe,Export without main header,,unreviewed
frappe,Exported permissions will be force-synced on every migrate overriding any other customization.,,unreviewed
frappe,Expression,,unreviewed
frappe,Expression (old style),,unreviewed
frappe,External,,unreviewed
frappe,External Link,,unreviewed
frappe,Extra Parameters,,unreviewed
frappe,Fail,,unreviewed
frappe,Failed,,unreviewed
frappe,Failed Emails,,unreviewed
frappe,Failed Job Count,,unreviewed
frappe,Failed Jobs,,unreviewed
frappe,Failed Logins (Last 30 days),,unreviewed
frappe,Failed to aquire lock: {}. Lock may be held by another process.,,unreviewed
frappe,Failed to compute request body: {},,unreviewed
frappe,Failed to decrypt key {0},,unreviewed
frappe,Failed to delete {0} documents: {1},,unreviewed
frappe,Failed to enable scheduler: {0},,unreviewed
frappe,Failed to evaluate conditions: {},,unreviewed
frappe,Failed to export python type hints,,unreviewed
frappe,Failed to generate names from the series,,unreviewed
frappe,Failed to generate preview of series,,unreviewed
frappe,Failed to get method for command {0} with {1},,unreviewed
frappe,Failed to get method {0} with {1},,unreviewed
frappe,Failed to get site info,,unreviewed
frappe,"Failed to import virtual doctype {}, is controller file present?",,unreviewed
frappe,Failed to optimize image: {0},,unreviewed
frappe,Failed to render message: {},,unreviewed
frappe,Failed to render subject: {},,unreviewed
frappe,Failed to request login to Frappe Cloud,,unreviewed
frappe,Failed to send email with subject:,,unreviewed
frappe,Failed to send notification email,,unreviewed
frappe,Failed to update global settings,,unreviewed
frappe,Failed while calling API {0},,unreviewed
frappe,Failing Scheduled Jobs (last 7 days),,unreviewed
frappe,Failure,,unreviewed
frappe,Failure Rate,,unreviewed
frappe,Feedback,,unreviewed
frappe,Female,,unreviewed
frappe,Fetch on Save if Empty,,unreviewed
frappe,Fetching fields from {0}...,,unreviewed
frappe,Field <code>{0}</code> not found in {1},,unreviewed
frappe,Field Missing,,unreviewed
frappe,Field Name,,unreviewed
frappe,Field Orientation (Left-Right),,unreviewed
frappe,Field Orientation (Top-Down),,unreviewed
frappe,Field Template,,unreviewed
frappe,"Field \""title\"" is mandatory if \""Website Search Field\"" is set.",,unreviewed
frappe,Field not permitted in query,,unreviewed
frappe,Field {0} does not exist on {1},,unreviewed
frappe,Field {0} is referring to non-existing doctype {1}.,,unreviewed
frappe,Field {0} must be a virtual field to support virtual doctype.,,unreviewed
frappe,Field {0} on document {1} is neither a Mobile number field nor a Customer or User link,,unreviewed
frappe,Fieldname '{0}' conflicting with a {1} of the name {2} in {3},,unreviewed
frappe,Fieldname called {0} must exist to enable autonaming,,unreviewed
frappe,Fieldname {0} appears multiple times,,unreviewed
frappe,Fields `file_name` or `file_url` must be set for File,,unreviewed
frappe,Fields must be a list or tuple when as_list is enabled,,unreviewed
frappe,"Fields must be a string, list, tuple, pypika Field, or pypika Function",,unreviewed
frappe,Fieldtype cannot be changed from {0} to {1},,unreviewed
frappe,File Storage,,unreviewed
frappe,"File \""{0}\"" was skipped because of invalid file type",,unreviewed
frappe,File type of {0} is not allowed,,unreviewed
frappe,File upload failed.,,unreviewed
frappe,Filter List,,unreviewed
frappe,Filter condition missing after operator: {0},,unreviewed
frappe,Filter fields have invalid backtick notation: {0},,unreviewed
frappe,Filter...,,unreviewed
frappe,Filtered By,,unreviewed
frappe,Filters Editor,,unreviewed
frappe,Filters {0},,unreviewed
frappe,Filters:,,unreviewed
frappe,Find '{0}' in ...,,unreviewed
frappe,Finished At,,unreviewed
frappe,First Day of the Week,,unreviewed
frappe,Fit,,unreviewed
frappe,Folder Name,,unreviewed
frappe,Folio,,unreviewed
frappe,Followed by,,unreviewed
frappe,Following Report Filters have missing values:,,unreviewed
frappe,Following document {0},,unreviewed
frappe,Following fields have invalid values:,,unreviewed
frappe,Following fields have missing values,,unreviewed
frappe,Footer Based On,,unreviewed
frappe,Footer Content,,unreviewed
frappe,Footer Details,,unreviewed
frappe,Footer HTML set from attachment {0},,unreviewed
frappe,Footer Image,,unreviewed
frappe,Footer Script,,unreviewed
frappe,"Footer \""Powered By\""",,unreviewed
frappe,Footer might not be visible as {0} option is disabled</div>,,unreviewed
frappe,For DocType,,unreviewed
frappe,For Document,,unreviewed
frappe,"For Links, enter the DocType as range.
""
""For Select, enter list of Options, each on a new line.",,unreviewed
frappe,"For a dynamic subject, use Jinja tags like this: <code>{{ doc.name }} Delivered</code>",,unreviewed
frappe,For example if you cancel and amend INV004 it will become a new document INV004-1. This helps you to keep track of each amendment.,,unreviewed
frappe,For example:,,unreviewed
frappe,"For multiple addresses, enter the address on different line. e.g. test@test.com ⏎ test1@test.com",,unreviewed
frappe,Force Re-route to Default View,,unreviewed
frappe,Force Stop job,,unreviewed
frappe,Force Web Capture Mode for Uploads,,unreviewed
frappe,Form Builder,,unreviewed
frappe,Form Dict,,unreviewed
frappe,Form Tour,,unreviewed
frappe,Form Tour Step,,unreviewed
frappe,Forward Query Parameters,,unreviewed
frappe,Frappe Blog,,unreviewed
frappe,Frappe Forum,,unreviewed
frappe,Frappe Light,,unreviewed
frappe,Frappe Mail,,unreviewed
frappe,Frappe Mail OAuth Error,,unreviewed
frappe,Frappe Mail Site,,unreviewed
frappe,Frappe Support,,unreviewed
frappe,Frappe page builder using components,,unreviewed
frappe,Free,,unreviewed
frappe,Friday,,unreviewed
frappe,From Attach Field,,unreviewed
frappe,From Date,,unreviewed
frappe,From Field,,unreviewed
frappe,From User,,unreviewed
frappe,From version,,unreviewed
frappe,Function {0} is not whitelisted.,,unreviewed
frappe,Function {0} requires arguments but none were provided,,unreviewed
frappe,Further sub-groups can only be created under records marked as 'Group',,unreviewed
frappe,GET,,unreviewed
frappe,GNU Affero General Public License,,unreviewed
frappe,GNU General Public License,,unreviewed
frappe,Gantt View,,unreviewed
frappe,Genderqueer,,unreviewed
frappe,Generate Random Password,,unreviewed
frappe,Generate Separate Documents For Each Assignee,,unreviewed
frappe,Generate Tracking URL,,unreviewed
frappe,Geoapify,,unreviewed
frappe,Geolocation Settings,,unreviewed
frappe,Get Backup Encryption Key,,unreviewed
frappe,Get Header and Footer wkhtmltopdf variables,,unreviewed
frappe,Get Items,,unreviewed
frappe,Get OpenID Configuration,,unreviewed
frappe,Get PDF,,unreviewed
frappe,Get a preview of generated names with a series.,,unreviewed
frappe,Get notified when an email is received on any of the documents assigned to you.,,unreviewed
frappe,Github flavoured markdown syntax,,unreviewed
frappe,Go to Notification Settings List,,unreviewed
frappe,Go to Workflow,,unreviewed
frappe,Go to Workspace,,unreviewed
frappe,Go to this URL after completing the form,,unreviewed
frappe,Go to {0} List,,unreviewed
frappe,Google Analytics anonymise IP,,unreviewed
frappe,"Google Calendar - Could not find Calendar for {0}, error code {1}.",,unreviewed
frappe,Google Drive Picker,,unreviewed
frappe,Google Drive Picker Enabled,,unreviewed
frappe,Google Meet Link,,unreviewed
frappe,Graph,,unreviewed
frappe,Gray,,unreviewed
frappe,Greater Than,,unreviewed
frappe,Greater Than Or Equal To,,unreviewed
frappe,Green,,unreviewed
frappe,Grid Empty State,,unreviewed
frappe,Grid Page Length,,unreviewed
frappe,Grid Shortcuts,,unreviewed
frappe,Group,,unreviewed
frappe,Group By must be a string,,unreviewed
frappe,Group Object Class,,unreviewed
frappe,Group your custom doctypes under modules,,unreviewed
frappe,Grouped by <span style='font-weight:600;'>{0}</b>,,unreviewed
frappe,HEAD,,unreviewed
frappe,HERE,,unreviewed
frappe,HTML,,unreviewed
frappe,HTML with jinja support,,unreviewed
frappe,Half Yearly,,unreviewed
frappe,Handled Emails,,unreviewed
frappe,Has Next Condition,,unreviewed
frappe,Has Setup Wizard,,unreviewed
frappe,Header Icon,,unreviewed
frappe,Header Script,,unreviewed
frappe,"Header, Robots",,unreviewed
frappe,Header/Footer scripts can be used to add dynamic behaviours.,,unreviewed
frappe,Headers must be a dictionary,,unreviewed
frappe,Hello,,unreviewed
frappe,Help Articles,,unreviewed
frappe,"Help: To link to another record in the system, use \""/desk/note/[Note Name]\"" as the Link URL. (don't use \""http://\"")",,unreviewed
frappe,Helpful,,unreviewed
frappe,Helvetica Neue,,unreviewed
frappe,Here's your tracking URL,,unreviewed
frappe,Hidden Fields,,unreviewed
frappe,Hidden columns include: {0},,unreviewed
frappe,Hide Buttons,,unreviewed
frappe,Hide Descendants,,unreviewed
frappe,Hide Empty Read-Only Fields,,unreviewed
frappe,Hide Error,,unreviewed
frappe,Hide Label,,unreviewed
frappe,Hide Preview,,unreviewed
frappe,"Hide Previous, Next and Close button on highlight dialog.",,unreviewed
frappe,"Hide Sidebar, Menu, and Comments",,unreviewed
frappe,Hide descendant records of <b>For Value</b>.,,unreviewed
frappe,Hide footer,,unreviewed
frappe,Hide footer signup,,unreviewed
frappe,Hide navbar,,unreviewed
frappe,High,,unreviewed
frappe,Highlight,,unreviewed
frappe,Hourly Maintenance,,unreviewed
frappe,Human-readable name intended for display to the end user.,,unreviewed
frappe,"I guess you don't have access to any workspace yet, but you can create one just for yourself. Click on the <b>Create Workspace</b> button to create one.<br>",,unreviewed
frappe,ID,,unreviewed
frappe,ID (name),,unreviewed
frappe,"IDs must contain only alphanumeric characters, not contain spaces, and should be unique.",,unreviewed
frappe,IMAP Details,,unreviewed
frappe,IMAP Folder,,unreviewed
frappe,Icon Style,,unreviewed
frappe,Icon Type,,unreviewed
frappe,"If a Role does not have access at Level 0, then higher levels are meaningless.",,unreviewed
frappe,"If checked, a confirmation will be required before performing workflow actions.",,unreviewed
frappe,"If checked, negative numeric values of Currency, Quantity or Count would be shown as positive",,unreviewed
frappe,"If enabled, all responses on the web form will be submitted anonymously",,unreviewed
frappe,"If enabled, only System Managers can upload public files. Other users can't see the checkbox <i>Is Private</i> in the upload dialog.",,unreviewed
frappe,"If enabled, the password strength will be enforced based on the Minimum Password Score value. A value of 1 being very weak and 4 being very strong.",,unreviewed
frappe,"If left empty, the default workspace will be the last visited workspace",,unreviewed
frappe,"If set, only user with these roles can access this chart. If not set, DocType or Report permissions will be used.",,unreviewed
frappe,"If these instructions where not helpful, please add in your suggestions on GitHub Issues.",,unreviewed
frappe,"If this was a mistake or you need access again, please reach out to your team.",,unreviewed
frappe,"If unchecked, the value will always be re-fetched on save.",,unreviewed
frappe,"If you have any questions, reach out to your system administrator.",,unreviewed
frappe,"If you have recently restored the site, you may need to copy the site_config.json containing the original encryption key.",,unreviewed
frappe,"If your CSV uses a different delimiter, add that character here, ensuring no spaces or additional characters are included.",,unreviewed
frappe,Illegal template,,unreviewed
frappe,Image Height,,unreviewed
frappe,Image View,,unreviewed
frappe,Image Width,,unreviewed
frappe,Image link '{0}' is not valid,,unreviewed
frappe,Image optimized,,unreviewed
frappe,Image: Corrupted Data Stream,,unreviewed
frappe,Impersonate,,unreviewed
frappe,Impersonate as {0},,unreviewed
frappe,Impersonated by {0},,unreviewed
frappe,Impersonating {0},,unreviewed
frappe,Implement `clear_old_logs` method to enable auto error clearing.,,unreviewed
frappe,Import Log,,unreviewed
frappe,Import Progress,,unreviewed
frappe,"Import timed out, please re-try.",,unreviewed
frappe,Importing {0} is not allowed.,,unreviewed
frappe,"Importing {0} of {1}, {2}",,unreviewed
frappe,In Minutes,,unreviewed
frappe,In Read Only Mode,,unreviewed
frappe,Inbox View,,unreviewed
frappe,Include Disabled,,unreviewed
frappe,Include Name Field,,unreviewed
frappe,Include filters,,unreviewed
frappe,Include hidden columns,,unreviewed
frappe,Incoming,,unreviewed
frappe,Incoming (POP/IMAP) Settings,,unreviewed
frappe,Incoming Emails (Last 7 days),,unreviewed
frappe,Incoming Server,,unreviewed
frappe,Incoming Settings,,unreviewed
frappe,Incomplete Virtual Doctype Implementation,,unreviewed
frappe,Incorrect value in row {0}:,,unreviewed
frappe,Incorrect value:,,unreviewed
frappe,Indent,,unreviewed
frappe,Index created successfully on column {0} of doctype {1},,unreviewed
frappe,Indexing authorization code,,unreviewed
frappe,Indexing refresh token,,unreviewed
frappe,Indicator Color,,unreviewed
frappe,Indicator color,,unreviewed
frappe,InnoDB,,unreviewed
frappe,Input existing role name if you would like to extend it with access of another role.,,unreviewed
frappe,Insert Above,,unreviewed
frappe,Insert Below,,unreviewed
frappe,Insert Image in Markdown,,unreviewed
frappe,Instagram,,unreviewed
frappe,Install {0} from Marketplace,,unreviewed
frappe,Installed Apps,,unreviewed
frappe,Instructions Emailed,,unreviewed
frappe,Insufficient Permission Level for {0},,unreviewed
frappe,Insufficient Permissions for deleting Report,,unreviewed
frappe,Insufficient Permissions for editing Report,,unreviewed
frappe,Insufficient attachment limit,,unreviewed
frappe,Inter,,unreviewed
frappe,Intermediate,,unreviewed
frappe,Internal record of document shares,,unreviewed
frappe,Intro Video URL,,unreviewed
frappe,Introduction,,unreviewed
frappe,Introspection URI,,unreviewed
frappe,Invalid,,unreviewed
frappe,Invalid Action,,unreviewed
frappe,Invalid Code. Please try again.,,unreviewed
frappe,Invalid Condition: {},,unreviewed
frappe,Invalid Credentials,,unreviewed
frappe,Invalid Credentials for Email Account: {0},,unreviewed
frappe,Invalid DocType,,unreviewed
frappe,Invalid DocType: {0},,unreviewed
frappe,Invalid Doctype,,unreviewed
frappe,Invalid Fieldname,,unreviewed
frappe,Invalid File URL,,unreviewed
frappe,Invalid Filter,,unreviewed
frappe,Invalid Filter Format for field {0} of type {1}. Try using filter icon on the field to set it correctly,,unreviewed
frappe,Invalid Login. Try again.,,unreviewed
frappe,Invalid Naming Series: {},,unreviewed
frappe,Invalid Operation,,unreviewed
frappe,Invalid Outgoing Mail Server or Port: {0},,unreviewed
frappe,Invalid Override,,unreviewed
frappe,Invalid Parameters.,,unreviewed
frappe,Invalid Phone Number,,unreviewed
frappe,Invalid Table Fieldname,,unreviewed
frappe,Invalid Transition,,unreviewed
frappe,Invalid URL,,unreviewed
frappe,Invalid Values,,unreviewed
frappe,Invalid Webhook Secret,,unreviewed
frappe,"Invalid \""mandatory_depends_on\"" expression",,unreviewed
frappe,Invalid aggregate function,,unreviewed
frappe,Invalid alias format: {0}. Alias must be a simple identifier.,,unreviewed
frappe,Invalid app,,unreviewed
frappe,Invalid argument format: {0}. Only quoted string literals or simple field names are allowed.,,unreviewed
frappe,"Invalid argument type: {0}. Only strings, numbers, dicts, and None are allowed.",,unreviewed
frappe,"Invalid characters in fieldname: {0}. Only letters, numbers, and underscores are allowed.",,unreviewed
frappe,Invalid characters in table name: {0},,unreviewed
frappe,Invalid condition type in nested filters: {0},,unreviewed
frappe,Invalid direction in Order By: {0}. Must be 'ASC' or 'DESC'.,,unreviewed
frappe,Invalid docstatus,,unreviewed
frappe,"Invalid field format for SELECT: {0}. Field names must be simple, backticked, table-qualified, aliased, or '*'.",,unreviewed
frappe,"Invalid field format in {0}: {1}. Use 'field', 'link_field.field', or 'child_table.field'.",,unreviewed
frappe,Invalid field type: {0},,unreviewed
frappe,Invalid filter condition: {0}. Expected a list or tuple.,,unreviewed
frappe,Invalid filter field format: {0}. Use 'fieldname' or 'link_fieldname.target_fieldname'.,,unreviewed
frappe,"Invalid function argument type: {0}. Only strings, numbers, lists, and None are allowed.",,unreviewed
frappe,Invalid input,,unreviewed
frappe,Invalid key,,unreviewed
frappe,Invalid name type (integer) for varchar name column,,unreviewed
frappe,Invalid naming series {}: dot (.) missing,,unreviewed
frappe,Invalid naming series {}: dot (.) missing before the numeric placeholders. Kindly use a format like <b>ABCD.#####</b>.,,unreviewed
frappe,Invalid nested expression: dictionary must represent a function or operator,,unreviewed
frappe,Invalid redirect regex in row #{}: {},,unreviewed
frappe,Invalid request arguments,,unreviewed
frappe,Invalid request body,,unreviewed
frappe,Invalid role,,unreviewed
frappe,Invalid simple filter format: {0},,unreviewed
frappe,Invalid start for filter condition: {0}. Expected a list or tuple.,,unreviewed
frappe,Invalid token state! Check if the token has been created by the OAuth user.,,unreviewed
frappe,Invalid value specified for UUID: {},,unreviewed
frappe,Invalid values for fields:,,unreviewed
frappe,Invalid wkhtmltopdf version,,unreviewed
frappe,Invalid {0} dictionary format,,unreviewed
frappe,Invitation already accepted,,unreviewed
frappe,Invitation already exists,,unreviewed
frappe,Invitation cannot be cancelled,,unreviewed
frappe,Invitation is cancelled,,unreviewed
frappe,Invitation is expired,,unreviewed
frappe,Invitation not found,,unreviewed
frappe,Invitation to join {0} cancelled,,unreviewed
frappe,Invitation to join {0} expired,,unreviewed
frappe,Invited By,,unreviewed
frappe,Is Calendar and Gantt,,unreviewed
frappe,Is Current,,unreviewed
frappe,Is Custom,,unreviewed
frappe,Is Dynamic URL?,,unreviewed
frappe,Is Hidden,,unreviewed
frappe,Is Primary Address,,unreviewed
frappe,Is Query Report,,unreviewed
frappe,Is Remote Request?,,unreviewed
frappe,Is Setup Complete?,,unreviewed
frappe,Is System Generated,,unreviewed
frappe,Is Table Field,,unreviewed
frappe,Is Virtual,,unreviewed
frappe,Is standard,,unreviewed
frappe,JS,,unreviewed
frappe,JS Message,,unreviewed
frappe,JSON,,unreviewed
frappe,Jane Doe,,unreviewed
frappe,Job ID,,unreviewed
frappe,Job Id,,unreviewed
frappe,Job Info,,unreviewed
frappe,Job Name,,unreviewed
frappe,Job Status,,unreviewed
frappe,Job Stopped Successfully,,unreviewed
frappe,Job is in {0} state and can't be cancelled,,unreviewed
frappe,Job is not running.,,unreviewed
frappe,Job stopped successfully,,unreviewed
frappe,Join video conference with {0},,unreviewed
frappe,K,,unreviewed
frappe,Kanban Board,,unreviewed
frappe,Kanban Settings,,unreviewed
frappe,Kanban View,,unreviewed
frappe,Keep Closed,,unreviewed
frappe,Keep track of all update feeds,,unreviewed
frappe,Keeps track of all communications,,unreviewed
frappe,Keycloak,,unreviewed
frappe,Kh,,unreviewed
frappe,L,,unreviewed
frappe,LDAP Auth,,unreviewed
frappe,LDAP Custom Settings,,unreviewed
frappe,LDAP Group Member attribute,,unreviewed
frappe,LDAP Mobile Field,,unreviewed
frappe,"LDAP Search String must be enclosed in '()' and needs to contian the user placeholder {0}, eg sAMAccountName={0}",,unreviewed
frappe,LDAP Search and Paths,,unreviewed
frappe,LDAP Server Settings,,unreviewed
frappe,LDAP search path for Groups,,unreviewed
frappe,LDAP search path for Users,,unreviewed
frappe,LDAP settings incorrect. validation response was: {0},,unreviewed
frappe,Last 10 active users,,unreviewed
frappe,Last 14 Days,,unreviewed
frappe,Last 30 Days,,unreviewed
frappe,Last 6 Months,,unreviewed
frappe,Last 7 Days,,unreviewed
frappe,Last 90 Days,,unreviewed
frappe,Last Heartbeat,,unreviewed
frappe,Last Modified Date,,unreviewed
frappe,Last Received At,,unreviewed
frappe,Last Reset Password Key Generated On,,unreviewed
frappe,Last Run,,unreviewed
frappe,Last Updated,,unreviewed
frappe,Layout Reset,,unreviewed
frappe,"Layout will be reset to standard layout, are you sure you want to do this?",,unreviewed
frappe,Learn more,,unreviewed
frappe,Ledger,,unreviewed
frappe,Left Bottom,,unreviewed
frappe,Left Center,,unreviewed
frappe,Legal,,unreviewed
frappe,Length,,unreviewed
frappe,Length of passed data array is greater than value of maximum allowed label points!,,unreviewed
frappe,Less Than,,unreviewed
frappe,Less Than Or Equal To,,unreviewed
frappe,Let us continue with the onboarding,,unreviewed
frappe,Let's set up your account,,unreviewed
frappe,Letter Head Scripts,,unreviewed
frappe,Letter Head cannot be both disabled and default,,unreviewed
frappe,Library,,unreviewed
frappe,License Type,,unreviewed
frappe,Light,,unreviewed
frappe,Light Blue,,unreviewed
frappe,Likes,,unreviewed
frappe,Limit must be a non-negative integer,,unreviewed
frappe,Link,,unreviewed
frappe,Link Count,,unreviewed
frappe,Link Details,,unreviewed
frappe,Link Field Results Limit,,unreviewed
frappe,Link Filters,,unreviewed
frappe,Link To in Row,,unreviewed
frappe,Link Type,,unreviewed
frappe,Link Type in Row,,unreviewed
frappe,"Link for About Us Page is \""/about\"".",,unreviewed
frappe,"Link that is the website home page. Standard Links (home, login, products, blog, about, contact)",,unreviewed
frappe,LinkedIn,,unreviewed
frappe,List / Search Settings,,unreviewed
frappe,List Columns,,unreviewed
frappe,List View,,unreviewed
frappe,"List of email addresses, separated by comma or new line.",,unreviewed
frappe,List of patches executed,,unreviewed
frappe,List setting message,,unreviewed
frappe,Lists,,unreviewed
frappe,Load More Communications,,unreviewed
frappe,Load more,,unreviewed
frappe,Loading Filters...,,unreviewed
frappe,Loading import file...,,unreviewed
frappe,Loading versions...,,unreviewed
frappe,Location,,unreviewed
frappe,Log API Requests,,unreviewed
frappe,Log DocType,,unreviewed
frappe,Log In To {0},,unreviewed
frappe,Log Index,,unreviewed
frappe,Log out,,unreviewed
frappe,Login Failed please try again,,unreviewed
frappe,Login Methods,,unreviewed
frappe,Login To {0},,unreviewed
frappe,Login is required to see web form list view. Enable {0} to see list settings,,unreviewed
frappe,Login link sent to your email,,unreviewed
frappe,Login required,,unreviewed
frappe,Login to start a new discussion,,unreviewed
frappe,Login to {0},,unreviewed
frappe,Login token required,,unreviewed
frappe,Login with Email Link,,unreviewed
frappe,Login with Frappe Cloud,,unreviewed
frappe,Login with email link,,unreviewed
frappe,Login with email link expiry (in minutes),,unreviewed
frappe,Login with username and password is not allowed.,,unreviewed
frappe,Login with {0},,unreviewed
frappe,Logo URI,,unreviewed
frappe,Logs To Clear,,unreviewed
frappe,Logs to Clear,,unreviewed
frappe,Looks like you haven’t added any third party apps.,,unreviewed
frappe,Looks like you haven’t received any notifications.,,unreviewed
frappe,Low,,unreviewed
frappe,M,,unreviewed
frappe,MIT License,,unreviewed
frappe,Madam,,unreviewed
frappe,Maintenance Manager,,unreviewed
frappe,Maintenance User,,unreviewed
frappe,Major,,unreviewed
frappe,Make Attachment Public (by default),,unreviewed
frappe,Make Attachments Public by Default,,unreviewed
frappe,Make sure to configure a Social Login Key before disabling to prevent lockout,,unreviewed
frappe,Male,,unreviewed
frappe,Manage 3rd party apps,,unreviewed
frappe,Mandatory Depends On (JS),,unreviewed
frappe,Mandatory fields required:,,unreviewed
frappe,Map View,,unreviewed
frappe,Map columns from {0} to fields in {1},,unreviewed
frappe,Margin Bottom,,unreviewed
frappe,Margin Left,,unreviewed
frappe,Margin Right,,unreviewed
frappe,Margin Top,,unreviewed
frappe,MariaDB Variables,,unreviewed
frappe,Mark all as read,,unreviewed
frappe,Marketing Manager,,unreviewed
frappe,Master,,unreviewed
frappe,Max File Size (MB),,unreviewed
frappe,Max Height,,unreviewed
frappe,Max Report Rows,,unreviewed
frappe,Max attachment size,,unreviewed
frappe,Max auto email report per user,,unreviewed
frappe,Max signups allowed per hour,,unreviewed
frappe,Maximum Attachment Limit of {0} has been reached for {1} {2}.,,unreviewed
frappe,Maximum attachment limit of {0} has been reached.,,unreviewed
frappe,"Meaning of Submit, Cancel, Amend",,unreviewed
frappe,Medium,,unreviewed
frappe,Meeting,,unreviewed
frappe,Meets Condition?,,unreviewed
frappe,Members,,unreviewed
frappe,Memory Usage,,unreviewed
frappe,Memory Usage in MB,,unreviewed
frappe,Merge with existing,,unreviewed
frappe,Message Sent,,unreviewed
frappe,Message Type,,unreviewed
frappe,Message to be displayed on successful completion,,unreviewed
frappe,Meta,,unreviewed
frappe,Meta image,,unreviewed
frappe,Meta title,,unreviewed
frappe,Metadata,,unreviewed
frappe,Method Not Allowed,,unreviewed
frappe,Method is required to create a number card,,unreviewed
frappe,Mid Center,,unreviewed
frappe,Middle Name (Optional),,unreviewed
frappe,Minor,,unreviewed
frappe,Minutes After,,unreviewed
frappe,Minutes Before,,unreviewed
frappe,Minutes Offset,,unreviewed
frappe,Misconfigured,,unreviewed
frappe,Miss,,unreviewed
frappe,Missing DocType,,unreviewed
frappe,Missing Field,,unreviewed
frappe,Missing Filters Required,,unreviewed
frappe,Missing Permission,,unreviewed
frappe,Missing Value,,unreviewed
frappe,Missing Values Required,,unreviewed
frappe,Mobile,,unreviewed
frappe,Modal Trigger,,unreviewed
frappe,Module (for export),,unreviewed
frappe,Module HTML,,unreviewed
frappe,Module Profile,,unreviewed
frappe,Module Profile Name,,unreviewed
frappe,Module onboarding progress reset,,unreviewed
frappe,Module {} not found,,unreviewed
frappe,Monday,,unreviewed
frappe,"Monitor logs for errors, background jobs, communications, and user activity",,unreviewed
frappe,Month,,unreviewed
frappe,Monthly,,unreviewed
frappe,More Info,,unreviewed
frappe,Most probably your password is too long.,,unreviewed
frappe,Move,,unreviewed
frappe,Move current and all subsequent sections to a new tab,,unreviewed
frappe,Move cursor to above row,,unreviewed
frappe,Move cursor to below row,,unreviewed
frappe,Move cursor to next column,,unreviewed
frappe,Move cursor to previous column,,unreviewed
frappe,Move sections to new tab,,unreviewed
frappe,Move the current field and the following fields to a new column,,unreviewed
frappe,Move to next step when clicked inside highlighted area.,,unreviewed
frappe,Mozilla doesn't support :has() so you can pass parent selector here as workaround,,unreviewed
frappe,Mr,,unreviewed
frappe,Mrs,,unreviewed
frappe,Ms,,unreviewed
frappe,"Must be enclosed in '()' and include '{0}', which is a placeholder for the user/login name. i.e. (&(objectclass=user)(uid={0}))",,unreviewed
frappe,Mx,,unreviewed
frappe,My Device,,unreviewed
frappe,"NOTE: If you add states or transitions in the table, it will be reflected in the Workflow Builder but you will have to position them manually. Also Workflow Builder is currently in <b>BETA</b>.",,unreviewed
frappe,NOTE: This box is due for depreciation. Please re-setup LDAP to work with the newer settings,,unreviewed
frappe,Name (Doc Name),,unreviewed
frappe,"Name already taken, please set a new name",,unreviewed
frappe,"Naming Options:
""
""<ol><li><b>field:[fieldname]</b> - By Field</li><li><b>naming_series:</b> - By Naming Series (field called naming_series must be present)</li><li><b>Prompt</b> - Prompt user for a name</li><li><b>[series]</b> - Series by prefix (separated by a dot); for example PRE.#####</li>
""
""<li><b>format:EXAMPLE-{MM}morewords{fieldname1}-{fieldname2}-{#####}</b> - Replace all braced words (fieldnames, date words (DD, MM, YY), series) with their value. Outside braces, any characters can be used.</li></ol>",,unreviewed
frappe,Naming Rule,,unreviewed
frappe,Naming Series,,unreviewed
frappe,Navbar Style,,unreviewed
frappe,Navigate to main content,,unreviewed
frappe,Navigation Settings,,unreviewed
frappe,Need Help?,,unreviewed
frappe,Need Workspace Manager role to edit private workspace of other users,,unreviewed
frappe,Nested filters must be provided as a list or tuple.,,unreviewed
frappe,Network Printer Settings,,unreviewed
frappe,Never,,unreviewed
frappe,New Address,,unreviewed
frappe,New Chart,,unreviewed
frappe,New Contact,,unreviewed
frappe,New Custom Block,,unreviewed
frappe,New Document Form,,unreviewed
frappe,New Event,,unreviewed
frappe,New Links,,unreviewed
frappe,New Number Card,,unreviewed
frappe,New Onboarding,,unreviewed
frappe,New Quick List,,unreviewed
frappe,New Role,,unreviewed
frappe,New Shortcut,,unreviewed
frappe,New Users (Last 30 days),,unreviewed
frappe,New Value,,unreviewed
frappe,New Workflow Name,,unreviewed
frappe,New Workspace,,unreviewed
frappe,"New line separated list of allowed public client URLs (eg <code>https://frappe.io</code>), or <code>*</code> to accept all.
""
""<br>
""
""Public clients are restricted by default.",,unreviewed
frappe,New line separated list of scope values.,,unreviewed
frappe,"New lines separated list of strings representing ways to contact people responsible for this client, typically email addresses.",,unreviewed
frappe,New password cannot be same as old password,,unreviewed
frappe,New users will have to be manually registered by system managers.,,unreviewed
frappe,Newly created user {0} has no roles enabled.,,unreviewed
frappe,Next 14 Days,,unreviewed
frappe,Next 30 Days,,unreviewed
frappe,Next 6 Months,,unreviewed
frappe,Next 7 Days,,unreviewed
frappe,Next Document,,unreviewed
frappe,Next Execution,,unreviewed
frappe,Next Form Tour,,unreviewed
frappe,Next Month,,unreviewed
frappe,Next Quarter,,unreviewed
frappe,Next Scheduled Date,,unreviewed
frappe,Next Step Condition,,unreviewed
frappe,Next Sync Token,,unreviewed
frappe,Next Week,,unreviewed
frappe,Next Year,,unreviewed
frappe,Next actions,,unreviewed
frappe,Next on Click,,unreviewed
frappe,No Data,,unreviewed
frappe,No Data...,,unreviewed
frappe,No Email Accounts Assigned,,unreviewed
frappe,No Email field found in {0},,unreviewed
frappe,No Images,,unreviewed
frappe,No Label,,unreviewed
frappe,No Letterhead,,unreviewed
frappe,No New notifications,,unreviewed
frappe,No Preview,,unreviewed
frappe,No Preview Available,,unreviewed
frappe,No RQ Workers connected. Try restarting the bench.,,unreviewed
frappe,No Results found,,unreviewed
frappe,No Roles Specified,,unreviewed
frappe,No Select Field Found,,unreviewed
frappe,No Suggestions,,unreviewed
frappe,No Upcoming Events,,unreviewed
frappe,No address added yet.,,unreviewed
frappe,No automatic optimization suggestions available.,,unreviewed
frappe,No changes made,,unreviewed
frappe,No changes made because old and new name are the same.,,unreviewed
frappe,No changes to sync,,unreviewed
frappe,No changes to update,,unreviewed
frappe,No contacts added yet.,,unreviewed
frappe,No currency fields in {0},,unreviewed
frappe,No data to export,,unreviewed
frappe,No email addresses to invite,,unreviewed
frappe,No failed logs,,unreviewed
frappe,"No fields found that can be used as a Kanban Column. Use the Customize Form to add a Custom Field of type \""Select\"".",,unreviewed
frappe,No filters found,,unreviewed
frappe,No filters selected,,unreviewed
frappe,No of Requested SMS,,unreviewed
frappe,No of Sent SMS,,unreviewed
frappe,No records tagged.,,unreviewed
frappe,No rows,,unreviewed
frappe,No rows selected,,unreviewed
frappe,No subject,,unreviewed
frappe,No user has the role <strong>{0}</strong>,,unreviewed
frappe,No values to show,,unreviewed
frappe,No {0},,unreviewed
frappe,No {0} found,,unreviewed
frappe,No {0} found with matching filters. Clear filters to see all {0}.,,unreviewed
frappe,Nomatim,,unreviewed
frappe,Non-Conforming,,unreviewed
frappe,Normalized Copies,,unreviewed
frappe,Normalized Query,,unreviewed
frappe,Not Allowed,,unreviewed
frappe,Not Allowed: Disabled User,,unreviewed
frappe,Not Helpful,,unreviewed
frappe,Not Nullable,,unreviewed
frappe,Not Permitted,,unreviewed
frappe,Not Permitted to read {0},,unreviewed
frappe,Not a valid user,,unreviewed
frappe,Not active,,unreviewed
frappe,Not allowed to create custom Virtual DocType.,,unreviewed
frappe,Not allowed via controller permission check,,unreviewed
frappe,Not permitted. {0}.,,unreviewed
frappe,Note,,unreviewed
frappe,Note: Etc timezones have their signs reversed.,,unreviewed
frappe,Note: This will be shared with user.,,unreviewed
frappe,Note: Your request for account deletion will be fulfilled within {0} hours.,,unreviewed
frappe,Nothing New,,unreviewed
frappe,Nothing left to redo,,unreviewed
frappe,Nothing left to undo,,unreviewed
frappe,Notification Settings,,unreviewed
frappe,Notification Summary,,unreviewed
frappe,Notification sent to,,unreviewed
frappe,Notification: customer {0} has no Mobile number set,,unreviewed
frappe,Notification: document {0} has no {1} number set (field: {2}),,unreviewed
frappe,Notification: user {0} has no Mobile number set,,unreviewed
frappe,Notifications Disabled,,unreviewed
frappe,Number Card Name,,unreviewed
frappe,Number of Queries,,unreviewed
frappe,"Number of attachment fields are more than {}, limit updated to {}.",,unreviewed
frappe,Number of backups must be greater than zero.,,unreviewed
frappe,Number of days after which the document Web View link shared on email will be expired,,unreviewed
frappe,Number of keys,,unreviewed
frappe,Number of onsite backups,,unreviewed
frappe,OAuth,,unreviewed
frappe,OAuth Client Role,,unreviewed
frappe,OAuth Error,,unreviewed
frappe,OAuth Scope,,unreviewed
frappe,OAuth Settings,,unreviewed
frappe,"OAuth has been enabled but not authorised. Please use \""Authorise API Access\"" button to do the same.",,unreviewed
frappe,OPTIONS,,unreviewed
frappe,OR,,unreviewed
frappe,OTP SMS Template,,unreviewed
frappe,OTP SMS Template must contain <code>{0}</code> placeholder to insert the OTP.,,unreviewed
frappe,OTP Secret Reset - {0},,unreviewed
frappe,OTP placeholder should be defined as <code>{{ otp }}</code> ,,unreviewed
frappe,OTP setup using OTP App was not completed. Please contact Administrator.,,unreviewed
frappe,Occurrences,,unreviewed
frappe,Official Documentation,,unreviewed
frappe,Offset X,,unreviewed
frappe,Offset Y,,unreviewed
frappe,Offset must be a non-negative integer,,unreviewed
frappe,Old and new fieldnames are same.,,unreviewed
frappe,Oldest Unscheduled Job,,unreviewed
frappe,On Payment Authorization,,unreviewed
frappe,On Payment Charge Processed,,unreviewed
frappe,On Payment Failed,,unreviewed
frappe,On Payment Mandate Acquisition Processed,,unreviewed
frappe,On Payment Mandate Charge Processed,,unreviewed
frappe,On Payment Paid,,unreviewed
frappe,"On checking this option, URL will be treated like a jinja template string",,unreviewed
frappe,On or After,,unreviewed
frappe,On or Before,,unreviewed
frappe,"On {0}, {1} wrote:",,unreviewed
frappe,Onboard,,unreviewed
frappe,Onboarding Name,,unreviewed
frappe,Onboarding Status,,unreviewed
frappe,Onboarding complete,,unreviewed
frappe,"Once you have set this, the users will only be able access documents (eg. Blog Post) where the link exists (eg. Blogger).",,unreviewed
frappe,Only System Managers can make this file public.,,unreviewed
frappe,Only Workspace Manager can edit public workspaces,,unreviewed
frappe,Only allow System Managers to upload public files,,unreviewed
frappe,Only allowed to export customizations in developer mode,,unreviewed
frappe,Only draft documents can be discarded,,unreviewed
frappe,Only for,,unreviewed
frappe,Only reports of type Report Builder can be deleted,,unreviewed
frappe,Only reports of type Report Builder can be edited,,unreviewed
frappe,Only the Administrator can delete a standard DocType.,,unreviewed
frappe,Only the assignee can complete this to-do.,,unreviewed
frappe,Only {0} emailed reports are allowed per user.,,unreviewed
frappe,Oops! Something went wrong.,,unreviewed
frappe,Open Communication,,unreviewed
frappe,Open Source Applications for the Web,,unreviewed
frappe,Open a dialog with mandatory fields to create a new record quickly. There must be at least one mandatory field to show in dialog.,,unreviewed
frappe,Open console,,unreviewed
frappe,Open in a new tab,,unreviewed
frappe,Open in new tab,,unreviewed
frappe,Open reference document,,unreviewed
frappe,OpenID Configuration,,unreviewed
frappe,OpenID Configuration fetched successfully!,,unreviewed
frappe,OpenLDAP,,unreviewed
frappe,Operator {0} requires exactly 2 arguments (left and right operands),,unreviewed
frappe,Optimize,,unreviewed
frappe,Optimizing image...,,unreviewed
frappe,Options for Rating field can range from 3 to 10,,unreviewed
frappe,Options is required for field {0} of type {1},,unreviewed
frappe,Orange,,unreviewed
frappe,Order By must be a string,,unreviewed
frappe,Original Value,,unreviewed
frappe,Outgoing,,unreviewed
frappe,Outgoing (SMTP) Settings,,unreviewed
frappe,Outgoing Emails (Last 7 days),,unreviewed
frappe,Outgoing Server,,unreviewed
frappe,Outgoing Settings,,unreviewed
frappe,Outlook.com,,unreviewed
frappe,Overview,,unreviewed
frappe,PATCH,,unreviewed
frappe,PDF,,unreviewed
frappe,PDF Generation in Progress,,unreviewed
frappe,PDF Generator,,unreviewed
frappe,PDF Page Height (in mm),,unreviewed
frappe,PDF Page Width (in mm),,unreviewed
frappe,PDF generation may not work as expected.,,unreviewed
frappe,"PDF printing via \""Raw Print\"" is not supported.",,unreviewed
frappe,PID,,unreviewed
frappe,POST,,unreviewed
frappe,PUT,,unreviewed
frappe,Package,,unreviewed
frappe,Package Import,,unreviewed
frappe,Package Name,,unreviewed
frappe,Package Release,,unreviewed
frappe,Packages,,unreviewed
frappe,"Packages are lightweight apps (collection of Module Defs) that can be created, imported, or released right from the UI",,unreviewed
frappe,Page Break,,unreviewed
frappe,Page Height (in mm),,unreviewed
frappe,Page Margins,,unreviewed
frappe,Page Number,,unreviewed
frappe,Page Route,,unreviewed
frappe,Page Size,,unreviewed
frappe,Page Title,,unreviewed
frappe,Page Width (in mm),,unreviewed
frappe,Page height and width cannot be zero,,unreviewed
frappe,Page to show on the website,,unreviewed
frappe,Page {0} of {1},,unreviewed
frappe,Parameter,,unreviewed
frappe,Parent DocType,,unreviewed
frappe,Parent Document Type,,unreviewed
frappe,Parent Document Type is required to create a number card,,unreviewed
frappe,Parent Element Selector,,unreviewed
frappe,Parent Field,,unreviewed
frappe,Parent Icon,,unreviewed
frappe,Parent Missing,,unreviewed
frappe,Parent Page,,unreviewed
frappe,Parent document type is required to create a dashboard chart,,unreviewed
frappe,Parent-to-child or child-to-different-child grouping is not allowed.,,unreviewed
frappe,Parentfield not specified in {0}: {1},,unreviewed
frappe,"Parenttype, Parent and Parentfield are required to insert a child record",,unreviewed
frappe,Partial,,unreviewed
frappe,Partial Success,,unreviewed
frappe,Partially Sent,,unreviewed
frappe,Pass,,unreviewed
frappe,Password Email Sent,,unreviewed
frappe,Password cannot be filtered,,unreviewed
frappe,Password is valid. 👍,,unreviewed
frappe,Password missing in Email Account,,unreviewed
frappe,Password not found for {0} {1} {2},,unreviewed
frappe,Password requirements not met,,unreviewed
frappe,Password reset instructions have been sent to {}'s email,,unreviewed
frappe,Password set,,unreviewed
frappe,Password size exceeded the maximum allowed size,,unreviewed
frappe,Password size exceeded the maximum allowed size.,,unreviewed
frappe,Passwords do not match,,unreviewed
frappe,Patch type {} not found in patches.txt,,unreviewed
frappe,Path {0} is not within module {1},,unreviewed
frappe,Path {0} it not a valid path,,unreviewed
frappe,Payload Count,,unreviewed
frappe,Peak Memory Usage,,unreviewed
frappe,Pending Emails,,unreviewed
frappe,Pending Jobs,,unreviewed
frappe,Percent,,unreviewed
frappe,Permanently Discard {0}?,,unreviewed
frappe,Permission Inspector,,unreviewed
frappe,Permission Levels,,unreviewed
frappe,Permission Log,,unreviewed
frappe,Permission Manager,,unreviewed
frappe,Permission Query,,unreviewed
frappe,Permission Type,,unreviewed
frappe,Permission Type '{0}' is reserved. Please choose another name.,,unreviewed
frappe,Permissions Error,,unreviewed
frappe,Permissions are automatically applied to Standard Reports and searches.,,unreviewed
frappe,"Permissions are set on Roles and Document Types (called DocTypes) by setting rights like Read, Write, Create, Delete, Submit, Cancel, Amend, Report, Import, Export, Print, Email and Set User Permissions.",,unreviewed
frappe,Permissions at higher levels are Field Level permissions. All Fields have a Permission Level set against them and the rules defined at that permissions apply to the field. This is useful in case you want to hide or make certain field read-only for certain Roles.,,unreviewed
frappe,"Permissions at level 0 are Document Level permissions, i.e. they are primary for access to the document.",,unreviewed
frappe,Permissions get applied on Users based on what Roles they are assigned.,,unreviewed
frappe,Permitted Roles,,unreviewed
frappe,Personal Data Deletion Step,,unreviewed
frappe,Phone,الهاتف,unreviewed
frappe,Phone Number {0} set in field {1} is not valid.,,unreviewed
frappe,Pink,,unreviewed
frappe,Placeholder,,unreviewed
frappe,Plain Text,,unreviewed
frappe,Please Authorize OAuth for Email Account {0},,unreviewed
frappe,Please Authorize OAuth for Email Account {},,unreviewed
frappe,Please attach an image file to set HTML for Footer.,,unreviewed
frappe,Please attach an image file to set HTML for Letter Head.,,unreviewed
frappe,Please attach the package,,unreviewed
frappe,Please check your email login credentials.,,unreviewed
frappe,Please click Edit on the Workspace for best results,,unreviewed
frappe,"Please click on 'Export Errored Rows', fix the errors and import again.",,unreviewed
frappe,Please click on the following link and follow the instructions on the page. {0},,unreviewed
frappe,Please contact your system manager to install correct version.,,unreviewed
frappe,Please delete the field from {0} or add the required doctype.,,unreviewed
frappe,Please enable atleast one Social Login Key or LDAP or Login With Email Link before disabling username/password based login.,,unreviewed
frappe,Please enable pop-ups,,unreviewed
frappe,Please enable {} before continuing.,,unreviewed
frappe,Please enter OpenID Configuration URL,,unreviewed
frappe,Please enter a valid email address.,,unreviewed
frappe,Please enter both your email and message so that we can get back to you. Thanks!,,unreviewed
frappe,Please enter the password for: <b>{0}</b>,,unreviewed
frappe,Please enter your new password.,,unreviewed
frappe,Please enter your old password.,,unreviewed
frappe,Please login to post a comment.,,unreviewed
frappe,Please remove the printer mapping in Printer Settings and try again.,,unreviewed
frappe,Please save the form before previewing the message,,unreviewed
frappe,Please select X and Y fields,,unreviewed
frappe,Please select a DocType in options before setting filters,,unreviewed
frappe,Please select a country code for field {1}.,,unreviewed
frappe,Please select a file first.,,unreviewed
frappe,Please select the LDAP Directory being used,,unreviewed
frappe,Please select {0},,unreviewed
frappe,Please set filters,,unreviewed
frappe,Please set the document name,,unreviewed
frappe,Please setup default outgoing Email Account from Settings > Email Account,,unreviewed
frappe,Please setup default outgoing Email Account from Tools > Email Account,,unreviewed
frappe,Please specify,,unreviewed
frappe,Please specify a valid parent DocType for {0},,unreviewed
frappe,Please specify at least 10 minutes due to the trigger cadence of the scheduler,,unreviewed
frappe,Please specify the field from which to attach files,,unreviewed
frappe,Please specify the minutes offset,,unreviewed
frappe,Please specify which datetime field must be checked,,unreviewed
frappe,Please update {} before continuing.,,unreviewed
frappe,Please use a valid LDAP search filter,,unreviewed
frappe,Please use following links to download file backup.,,unreviewed
frappe,Please visit https://frappecloud.com/docs/sites/migrate-an-existing-site#encryption-key for more information.,,unreviewed
frappe,Policy URI,,unreviewed
frappe,Polling,,unreviewed
frappe,Popover Element,,unreviewed
frappe,Popover or Modal Description,,unreviewed
frappe,Portal,,unreviewed
frappe,"Post it here, our mentors will help you out.",,unreviewed
frappe,Postal Code,الرمز البريدي,unreviewed
frappe,Posting Timestamp,,unreviewed
frappe,Precision ({0}) for {1} cannot be greater than its length ({2}).,,unreviewed
frappe,Prefer not to say,,unreviewed
frappe,Prepared Report Analytics,,unreviewed
frappe,Prepared report render failed,,unreviewed
frappe,Prepend the template to the email message,,unreviewed
frappe,Press Alt Key to trigger additional shortcuts in Menu and Sidebar,,unreviewed
frappe,Preview Mode,,unreviewed
frappe,Preview of generated names,,unreviewed
frappe,Preview on {0},,unreviewed
frappe,Preview type,,unreviewed
frappe,Preview:,,unreviewed
frappe,Previous Document,,unreviewed
frappe,Previous Submission,,unreviewed
frappe,Primary Contact,,unreviewed
frappe,Primary Email,,unreviewed
frappe,Primary Mobile,,unreviewed
frappe,Primary Phone,,unreviewed
frappe,Primary key of doctype {0} can not be changed as there are existing values.,,unreviewed
frappe,Print Format Builder,,unreviewed
frappe,Print Format Builder Beta,,unreviewed
frappe,Print Format Error,,unreviewed
frappe,Print Format Field Template,,unreviewed
frappe,Print Format For,,unreviewed
frappe,Print Format not found,,unreviewed
frappe,Print Heading,,unreviewed
frappe,Print Style,,unreviewed
frappe,Print document,,unreviewed
frappe,Printer mapping not set.,,unreviewed
frappe,Priority,,unreviewed
frappe,Private Files (MB),,unreviewed
frappe,Private Files Backup:,,unreviewed
frappe,Proceed,,unreviewed
frappe,Prof,,unreviewed
frappe,Profile,,unreviewed
frappe,Profile Picture,,unreviewed
frappe,Progress,,unreviewed
frappe,Property,,unreviewed
frappe,Property Setter overrides a standard DocType or Field property,,unreviewed
frappe,Protect Attached Files,,unreviewed
frappe,Protected File,,unreviewed
frappe,"Provide a list of allowed file extensions for file uploads. Each line should contain one allowed file type. If unset, all file extensions are allowed. Example: <br>CSV<br>JPG<br>PNG",,unreviewed
frappe,Public Files (MB),,unreviewed
frappe,Public Files Backup:,,unreviewed
frappe,Published Web Forms,,unreviewed
frappe,Published Web Pages,,unreviewed
frappe,Publishing Dates,,unreviewed
frappe,Pull Emails,,unreviewed
frappe,Pulling emails...,,unreviewed
frappe,Purchase Manager,,unreviewed
frappe,Purchase Master Manager,,unreviewed
frappe,Purchase User,,unreviewed
frappe,Purple,,unreviewed
frappe,Push Notification Settings,,unreviewed
frappe,Push Notifications,,unreviewed
frappe,Put on Hold,,unreviewed
frappe,Python,,unreviewed
frappe,QZ Tray Failed:,,unreviewed
frappe,Quarterly,,unreviewed
frappe,Query Parameters,,unreviewed
frappe,Query analysis complete. Check suggested indexes.,,unreviewed
frappe,Query must be of SELECT or read-only WITH type.,,unreviewed
frappe,Queue,,unreviewed
frappe,Queue Overloaded,,unreviewed
frappe,Queue Status,,unreviewed
frappe,Queue Type(s),,unreviewed
frappe,Queue in Background (BETA),,unreviewed
frappe,Queue(s),,unreviewed
frappe,Queued At,,unreviewed
frappe,Queued By,,unreviewed
frappe,Queued for Submission. You can track the progress over {0}.,,unreviewed
frappe,Queues,,unreviewed
frappe,Queuing {0} for Submission,,unreviewed
frappe,Quick Entry,,unreviewed
frappe,Quick Help for Setting Permissions,,unreviewed
frappe,Quick List Filter,,unreviewed
frappe,Quick Lists,,unreviewed
frappe,Quoting must be between 0 and 3,,unreviewed
frappe,RQ Job,,unreviewed
frappe,RQ Worker,,unreviewed
frappe,Random,,unreviewed
frappe,Range,,unreviewed
frappe,Rate Limiting,,unreviewed
frappe,Rate limit for email link login,,unreviewed
frappe,Rating,,unreviewed
frappe,Raw Printing Setting,,unreviewed
frappe,Raw Printing Settings,,unreviewed
frappe,Re-Run in Console,,unreviewed
frappe,Re:,,unreviewed
frappe,Read Only Depends On (JS),,unreviewed
frappe,Read Only Mode,,unreviewed
frappe,Read mode,,unreviewed
frappe,Read the documentation to know more,,unreviewed
frappe,Readme,,unreviewed
frappe,Realtime (SocketIO),,unreviewed
frappe,Reason,,unreviewed
frappe,Rebuild Tree,,unreviewed
frappe,Rebuilding of tree is not supported for {},,unreviewed
frappe,Received,,unreviewed
frappe,Received an invalid token type.,,unreviewed
frappe,Recents,,unreviewed
frappe,Recipient Account Field,,unreviewed
frappe,Recorder Query,,unreviewed
frappe,Recorder Suggested Index,,unreviewed
frappe,Records for following doctypes will be filtered,,unreviewed
frappe,Recursive Fetch From,,unreviewed
frappe,Red,,unreviewed
frappe,Redirect HTTP Status,,unreviewed
frappe,Redirect To Path,,unreviewed
frappe,Redirect URI,,unreviewed
frappe,Redirect to the selected app after login,,unreviewed
frappe,Redirect to this URL after successful confirmation.,,unreviewed
frappe,Redirects,,unreviewed
frappe,Redo,,unreviewed
frappe,Redo last action,,unreviewed
frappe,Referance Doctype and Dashboard Name both can't be used at the same time.,,unreviewed
frappe,Reference Datetime,,unreviewed
frappe,Reference Doc,,unreviewed
frappe,Reference Document,,unreviewed
frappe,Reference Document Name,,unreviewed
frappe,Reference Document Type,,unreviewed
frappe,Reference Name,,unreviewed
frappe,Refresh Print Preview,,unreviewed
frappe,Refreshing,,unreviewed
frappe,Relay Server URL missing,,unreviewed
frappe,Relay Settings,,unreviewed
frappe,Release,,unreviewed
frappe,Release Notes,,unreviewed
frappe,Reload File,,unreviewed
frappe,Reload List,,unreviewed
frappe,Reload Report,,unreviewed
frappe,Remind At,,unreviewed
frappe,Remind Me,,unreviewed
frappe,Remind Me In,,unreviewed
frappe,Reminder,,unreviewed
frappe,Reminder cannot be created in past.,,unreviewed
frappe,Reminder set at {0},,unreviewed
frappe,Remove,,unreviewed
frappe,Remove Failed Jobs,,unreviewed
frappe,Remove all fields in the column,,unreviewed
frappe,Remove column,,unreviewed
frappe,Remove field,,unreviewed
frappe,Remove last column,,unreviewed
frappe,Remove page break,,unreviewed
frappe,Remove section,,unreviewed
frappe,Remove tab,,unreviewed
frappe,Removed,,unreviewed
frappe,Rename Fieldname,,unreviewed
frappe,Render labels to the left and values to the right in this section,,unreviewed
frappe,Reopen,,unreviewed
frappe,Repeat Header and Footer,,unreviewed
frappe,Repeat on Days,,unreviewed
frappe,Replicate,,unreviewed
frappe,Replicating...,,unreviewed
frappe,Replication completed.,,unreviewed
frappe,Replied,,unreviewed
frappe,"Report Name, Report Field and Fucntion are required to create a number card",,unreviewed
frappe,Report Ref DocType,,unreviewed
frappe,Report View,,unreviewed
frappe,Report bug,,unreviewed
frappe,"Report initiated, click to view status",,unreviewed
frappe,Report limit reached,,unreviewed
frappe,Report timed out.,,unreviewed
frappe,Report {0} deleted,,unreviewed
frappe,Report {0} saved,,unreviewed
frappe,Represents a User in the system.,,unreviewed
frappe,Represents the states allowed in one document and role assigned to change the state.,,unreviewed
frappe,Request Body,,unreviewed
frappe,Request Description,,unreviewed
frappe,Request Headers,,unreviewed
frappe,Request ID,,unreviewed
frappe,Request Limit,,unreviewed
frappe,Request Method,,unreviewed
frappe,Request Timeout,,unreviewed
frappe,Request for Account Deletion,,unreviewed
frappe,Requested Numbers,,unreviewed
frappe,"Requires any valid fdn path. i.e. ou=groups,dc=example,dc=com",,unreviewed
frappe,"Requires any valid fdn path. i.e. ou=users,dc=example,dc=com",,unreviewed
frappe,Reset All Customizations,,unreviewed
frappe,Reset Changes,,unreviewed
frappe,Reset Dashboard Customizations,,unreviewed
frappe,Reset Layout,,unreviewed
frappe,Reset Password Link Expiry Duration,,unreviewed
frappe,Reset Password Template,,unreviewed
frappe,Reset To Default,,unreviewed
frappe,Reset sorting,,unreviewed
frappe,Reset to default,,unreviewed
frappe,Resource,,unreviewed
frappe,Resource Documentation,,unreviewed
frappe,Resource Name,,unreviewed
frappe,Resource Policy URI,,unreviewed
frappe,Resource TOS URI,,unreviewed
frappe,Response Headers,,unreviewed
frappe,Rest of the day,,unreviewed
frappe,Result,,unreviewed
frappe,Retry Sending,,unreviewed
frappe,Revocation URI,,unreviewed
frappe,Right Bottom,,unreviewed
frappe,Right Center,,unreviewed
frappe,Role 'All' will be given to all system + website users.,,unreviewed
frappe,Role 'Desk User' will be given to all system users.,,unreviewed
frappe,Role Profiles,,unreviewed
frappe,Role Replication,,unreviewed
frappe,Role has been set as per the user type {0},,unreviewed
frappe,Roles & Permissions,,unreviewed
frappe,Roles can be set for users from their User page.,,unreviewed
frappe,Rounding Method,,unreviewed
frappe,Route,,unreviewed
frappe,Route Options,,unreviewed
frappe,"Route: Example \""/app\""",,unreviewed
frappe,Row #,,unreviewed
frappe,Row # {0}: Non administrator user can not set the role {1} to the custom doctype,,unreviewed
frappe,Row #{}: Fieldname is required,,unreviewed
frappe,Row Format,,unreviewed
frappe,Row Indexes,,unreviewed
frappe,Row Number,,unreviewed
frappe,Row Values Changed,,unreviewed
frappe,Row {0},,unreviewed
frappe,Rows Threshold for Grid Search,,unreviewed
frappe,"Rule for this doctype, role, permlevel and if-owner combination already exists.",,unreviewed
frappe,Rules,,unreviewed
frappe,Runtime in Minutes,,unreviewed
frappe,Runtime in Seconds,,unreviewed
frappe,SMS Log,,unreviewed
frappe,SMS Settings,,unreviewed
frappe,SMS sent successfully,,unreviewed
frappe,SMS was not sent. Please contact Administrator.,,unreviewed
frappe,SMTP Server is required,,unreviewed
frappe,SQL,,unreviewed
frappe,SQL Explain,,unreviewed
frappe,SQL Output,,unreviewed
frappe,SQL Queries,,unreviewed
frappe,SQL functions are not allowed as strings in SELECT: {0}. Use dict syntax like {{'COUNT': '*'}} instead.,,unreviewed
frappe,SWATCHES,,unreviewed
frappe,Sales Manager,,unreviewed
frappe,Sales Master Manager,,unreviewed
frappe,Sales User,,unreviewed
frappe,Saturday,,unreviewed
frappe,Save Customizations,,unreviewed
frappe,Save on Completion,,unreviewed
frappe,Save the document.,,unreviewed
frappe,Saved Filters,,unreviewed
frappe,Saving Changes...,,unreviewed
frappe,Saving Customization...,,unreviewed
frappe,Saving Sidebar,,unreviewed
frappe,Saving this will export this document as well as the steps linked here as json.,,unreviewed
frappe,Scan QRCode,,unreviewed
frappe,Schedule,,unreviewed
frappe,Schedule Send At,,unreviewed
frappe,Scheduled Against,,unreviewed
frappe,Scheduled Jobs Logs,,unreviewed
frappe,Scheduler,,unreviewed
frappe,Scheduler Inactive,,unreviewed
frappe,Scheduler Status,,unreviewed
frappe,Scheduler can not be re-enabled when maintenance mode is active.,,unreviewed
frappe,Scheduler is inactive. Cannot import data.,,unreviewed
frappe,Scheduler: Active,,unreviewed
frappe,Scheduler: Inactive,,unreviewed
frappe,Scope,,unreviewed
frappe,Scopes Supported,,unreviewed
frappe,Script to attach to all web pages.,,unreviewed
frappe,Scripting,,unreviewed
frappe,Scripting / Style,,unreviewed
frappe,Scripts,,unreviewed
frappe,Search Results,,unreviewed
frappe,Search by filename or extension,,unreviewed
frappe,Search fields,,unreviewed
frappe,Search fieldtypes...,,unreviewed
frappe,Search for {0},,unreviewed
frappe,Search properties...,,unreviewed
frappe,Seconds,,unreviewed
frappe,Section ID,,unreviewed
frappe,Section Title,,unreviewed
frappe,Section must have at least one column,,unreviewed
frappe,See all Activity,,unreviewed
frappe,See previous responses,,unreviewed
frappe,Select Country,,unreviewed
frappe,Select Currency,,unreviewed
frappe,Select Document Types to set which User Permissions are used to limit access.,,unreviewed
frappe,Select Field...,,unreviewed
frappe,Select Fields (Up to {0}),,unreviewed
frappe,Select Group By...,,unreviewed
frappe,Select Kanban,,unreviewed
frappe,Select List View,,unreviewed
frappe,Select Network Printer,,unreviewed
frappe,Select Page,,unreviewed
frappe,Select Report,,unreviewed
frappe,Select Time Zone,,unreviewed
frappe,Select Workflow,,unreviewed
frappe,Select Workspace,,unreviewed
frappe,Select Workspaces,,unreviewed
frappe,Select a field to edit its properties.,,unreviewed
frappe,Select a group {0} first.,,unreviewed
frappe,Select an Image,,unreviewed
frappe,Select an existing format to edit or start a new format.,,unreviewed
frappe,Select records for removing assignment,,unreviewed
frappe,Select two versions to view the diff.,,unreviewed
frappe,Send,,unreviewed
frappe,Send <b>at the earliest</b> this number of minutes before or after the reference datetime. The actual sending may be delayed by up to 5 minutes due to the scheduler's trigger cadence.,,unreviewed
frappe,Send Email On State,,unreviewed
frappe,Send Email To Creator,,unreviewed
frappe,Send Now,,unreviewed
frappe,Send alert if datetime matches this field's value,,unreviewed
frappe,Send email when document transitions to the state.,,unreviewed
frappe,Send login link,,unreviewed
frappe,Sender,,unreviewed
frappe,Sender Email,,unreviewed
frappe,Sender Email Field,,unreviewed
frappe,Sender Name,,unreviewed
frappe,Sender Name Field,,unreviewed
frappe,Sendgrid,,unreviewed
frappe,Sending,,unreviewed
frappe,Sent Folder Name,,unreviewed
frappe,Sent On,,unreviewed
frappe,Sent To,,unreviewed
frappe,Sequence Id,,unreviewed
frappe,Series Updated for {},,unreviewed
frappe,Series counter for {} updated to {} successfully,,unreviewed
frappe,Server Scripts are disabled. Please enable server scripts from bench configuration.,,unreviewed
frappe,Server Scripts feature is not available on this site.,,unreviewed
frappe,Server failed to process this request because of a concurrent conflicting request. Please try again.,,unreviewed
frappe,Server was too busy to process this request. Please try again.,,unreviewed
frappe,Service,,unreviewed
frappe,Session Created,,unreviewed
frappe,Session Expiry (idle timeout),,unreviewed
frappe,Sessions,,unreviewed
frappe,Set Level,,unreviewed
frappe,Set Limit,,unreviewed
frappe,Set Naming Series options on your transactions.,,unreviewed
frappe,Set Properties,,unreviewed
frappe,Set Quantity,,unreviewed
frappe,Set all private,,unreviewed
frappe,Set all public,,unreviewed
frappe,Set by user,,unreviewed
frappe,Set dynamic filter values in JavaScript for the required fields here.,,unreviewed
frappe,"Set non-standard precision for a Float, Currency or Percent field",,unreviewed
frappe,Set only once,,unreviewed
frappe,Set size in MB,,unreviewed
frappe,"Set the filters here. For example:
""
""<pre class=\""small text-muted\""><code>
""
""[{
""
""\tfieldname: \""company\"",
""
""\tlabel: __(\""Company\""),
""
""\tfieldtype: \""Link\"",
""
""\toptions: \""Company\"",
""
""\tdefault: frappe.defaults.get_user_default(\""Company\""),
""
""\treqd: 1
""
""},
""
""{
""
""\tfieldname: \""account\"",
""
""\tlabel: __(\""Account\""),
""
""\tfieldtype: \""Link\"",
""
""\toptions: \""Account\"",
""
""\treqd: 1
""
""}]
""
""</code></pre>",,unreviewed
frappe,"Set the path to a whitelisted function that will return the data for the number card in the format:

""
""<pre class=\""small text-muted\""><code>
""
""{
""
""\t\""value\"": value,
""
""\t\""fieldtype\"": \""Currency\"",
""
""\t\""route_options\"": {\""from_date\"": \""2023-05-23\""},
""
""\t\""route\"": [\""query-report\"", \""Permitted Documents For User\""]
""
""}</code></pre>",,unreviewed
frappe,Settings for Contact Us Page,,unreviewed
frappe,Settings for the About Us Page,,unreviewed
frappe,Setup > Customize Form,,unreviewed
frappe,Setup > User,,unreviewed
frappe,Setup > User Permissions,,unreviewed
frappe,Setup Series for transactions,,unreviewed
frappe,Setup failed,,unreviewed
frappe,Share this document with,,unreviewed
frappe,Shipping Address,,unreviewed
frappe,Show Absolute Datetime in Timeline,,unreviewed
frappe,Show Absolute Values,,unreviewed
frappe,Show All,,unreviewed
frappe,Show App Icons As Folder,,unreviewed
frappe,Show Arrow,,unreviewed
frappe,Show Auth Server Metadata,,unreviewed
frappe,Show Currency Symbol on Right Side,,unreviewed
frappe,Show Error,,unreviewed
frappe,Show External Link Warning,,unreviewed
frappe,Show Fieldname (click to copy on clipboard),,unreviewed
frappe,Show First Document Tour,,unreviewed
frappe,Show Full Number,,unreviewed
frappe,Show Labels,,unreviewed
frappe,Show Language Picker,,unreviewed
frappe,Show Links,,unreviewed
frappe,Show Only Failed Logs,,unreviewed
frappe,Show Preview,,unreviewed
frappe,Show Processlist,,unreviewed
frappe,Show Protected Resource Metadata,,unreviewed
frappe,Show Related Errors,,unreviewed
frappe,Show Social Login Key as Authorization Server,,unreviewed
frappe,Show Title in Link Fields,,unreviewed
frappe,Show Tour,,unreviewed
frappe,Show Traceback,,unreviewed
frappe,Show Values over Chart,,unreviewed
frappe,Show account deletion link in My Account page,,unreviewed
frappe,Show all activity,,unreviewed
frappe,Show attachments,,unreviewed
frappe,Show footer on login,,unreviewed
frappe,Show in Resource Metadata,,unreviewed
frappe,Show link to document,,unreviewed
frappe,Show list,,unreviewed
frappe,Show on Timeline,,unreviewed
frappe,Show sidebar,,unreviewed
frappe,Show {0} List,,unreviewed
frappe,Showing only first {0} rows out of {1},,unreviewed
frappe,Sidebar Item Group,,unreviewed
frappe,Sidebar Item Group Link,,unreviewed
frappe,Sign Out,,unreviewed
frappe,Sign Up and Confirmation,,unreviewed
frappe,Sign ups,,unreviewed
frappe,"Simple Python Expression, Example: <code class=\""language-python\"">status == 'Open' and issue_type == 'Bug'</code>",,unreviewed
frappe,"Simple Python Expression, Example: <code class=\""language-python\"">status == \""Invalid\""</code>",,unreviewed
frappe,"Simple Python Expression, Example: <code class=\""language-python\"">status in (\""Closed\"", \""Cancelled\"")</code>",,unreviewed
frappe,"Site is running in read only mode for maintenance or site update, this action can not be performed right now. Please try again later.",,unreviewed
frappe,Size,,unreviewed
frappe,Size (MB),,unreviewed
frappe,Size exceeds the maximum allowed file size.,,unreviewed
frappe,Skipped,,unreviewed
frappe,Skipping fixture syncing for doctype {0} from file {1},,unreviewed
frappe,"Skipping {0} of {1}, {2}",,unreviewed
frappe,Slack Webhook URL,,unreviewed
frappe,Slideshow like display for the website,,unreviewed
frappe,Slug,,unreviewed
frappe,Snippet and more variables:  {0},,unreviewed
frappe,SocketIO Ping Check,,unreviewed
frappe,SocketIO Transport Mode,,unreviewed
frappe,Software ID,,unreviewed
frappe,Software Version,,unreviewed
frappe,Solid,,unreviewed
frappe,Some columns might get cut off when printing to PDF. Try to keep number of columns under 10.,,unreviewed
frappe,"Some mailboxes require a different Sent Folder Name e.g. \""INBOX.Sent\""",,unreviewed
frappe,Something went wrong.,,unreviewed
frappe,Sort Options,,unreviewed
frappe,Source,,unreviewed
frappe,Source Code,,unreviewed
frappe,Source Name,,unreviewed
frappe,Spacer,,unreviewed
frappe,SparkPost,,unreviewed
frappe,Spawns actions in a background job,,unreviewed
frappe,"Specify a custom timeout, default timeout is 1500 seconds",,unreviewed
frappe,"Specify the domains or origins that are permitted to embed this form. Enter one domain per line (e.g., https://example.com). If no domains are specified, the form can only be embedded on the same origin.",,unreviewed
frappe,Splash Image,,unreviewed
frappe,Sr,,unreviewed
frappe,Sr No.,,unreviewed
frappe,Stack Trace,,unreviewed
frappe,Standard DocType can not be deleted.,,unreviewed
frappe,Standard Permissions,,unreviewed
frappe,Standard Reports cannot be deleted,,unreviewed
frappe,Standard Reports cannot be edited,,unreviewed
frappe,"Standard Web Forms can not be modified, duplicate the Web Form instead.",,unreviewed
frappe,Standard rich text editor with controls,,unreviewed
frappe,Standard user type {0} can not be deleted.,,unreviewed
frappe,Start,,unreviewed
frappe,Start Import,,unreviewed
frappe,Start Recording,,unreviewed
frappe,Start Time,,unreviewed
frappe,Start a new discussion,,unreviewed
frappe,Started At,,unreviewed
frappe,State,,unreviewed
frappe,State Properties,,unreviewed
frappe,Statistics,,unreviewed
frappe,Status Updated. The email will be picked up in the next scheduled run.,,unreviewed
frappe,Sticky,,unreviewed
frappe,Stop,,unreviewed
frappe,Storage Usage (MB),,unreviewed
frappe,Storage Usage By Table,,unreviewed
frappe,Store Attached PDF Document,,unreviewed
frappe,Store the API secret securely. It won't be displayed again.,,unreviewed
frappe,Stores the datetime when the last reset password key was generated.,,unreviewed
frappe,Strip EXIF tags from uploaded images,,unreviewed
frappe,Strong,,unreviewed
frappe,Subject,,unreviewed
frappe,Submission Queue,,unreviewed
frappe,Submit an Issue,,unreviewed
frappe,Submit another response,,unreviewed
frappe,Submit button label,,unreviewed
frappe,Submit on Creation,,unreviewed
frappe,Submitted document cannot be converted back to draft while transitioning from <b>{0} State</b> to <b>{1} State</b>,,unreviewed
frappe,Subtle,,unreviewed
frappe,Success,,unreviewed
frappe,Success URI,,unreviewed
frappe,Success message,,unreviewed
frappe,Success title,,unreviewed
frappe,Successful Job Count,,unreviewed
frappe,Successfully imported {0},,unreviewed
frappe,Successfully imported {0} out of {1} records.,,unreviewed
frappe,Successfully reset onboarding status for all users.,,unreviewed
frappe,Successfully signed out,,unreviewed
frappe,Successfully updated {0},,unreviewed
frappe,Successfully updated {0} out of {1} records.,,unreviewed
frappe,Suggest Optimizations,,unreviewed
frappe,Suggested Indexes,,unreviewed
frappe,Sunday,,unreviewed
frappe,Switch Camera,,unreviewed
frappe,Switch Theme,,unreviewed
frappe,Switching Camera,,unreviewed
frappe,Sync events from Google as public,,unreviewed
frappe,"Sync token was invalid and has been reset, Retry syncing.",,unreviewed
frappe,Sync {0} Fields,,unreviewed
frappe,Synced Fields,,unreviewed
frappe,Syntax Error,,unreviewed
frappe,System Generated Fields can not be renamed,,unreviewed
frappe,System Health,,unreviewed
frappe,System Health Report,,unreviewed
frappe,System Health Report Errors,,unreviewed
frappe,System Health Report Failing Jobs,,unreviewed
frappe,System Health Report Queue,,unreviewed
frappe,System Health Report Tables,,unreviewed
frappe,System Health Report Workers,,unreviewed
frappe,System Logs,,unreviewed
frappe,System Manager privileges required.,,unreviewed
frappe,System Settings,,unreviewed
frappe,T,,unreviewed
frappe,TOS URI,,unreviewed
frappe,Tab Break,,unreviewed
frappe,Tab Label,,unreviewed
frappe,Table Field,,unreviewed
frappe,Table Fieldname,,unreviewed
frappe,Table Fieldname Missing,,unreviewed
frappe,"Table MultiSelect requires a table with at least one Link field, but none was found in {0}",,unreviewed
frappe,Table Trimmed,,unreviewed
frappe,Tabloid,,unreviewed
frappe,Tag,,unreviewed
frappe,Target,,unreviewed
frappe,Team Members Subtitle,,unreviewed
frappe,Telemetry,,unreviewed
frappe,Template,,unreviewed
frappe,Template File,,unreviewed
frappe,Templates,,unreviewed
frappe,Test Data,,unreviewed
frappe,Test Job ID,,unreviewed
frappe,Test Spanish,,unreviewed
frappe,"Thank you for reaching out to us. We will get back to you at the earliest.


""
""Your query:

""
""{0}",,unreviewed
frappe,Thank you for spending your valuable time to fill this form,,unreviewed
frappe,Thank you for your message,,unreviewed
frappe,Thanks,,unreviewed
frappe,"The Client ID obtained from the Google Cloud Console under <a href=\""https://console.cloud.google.com/apis/credentials\"">
""
""\""APIs &amp; Services\"" &gt; \""Credentials\""
""
""</a>",,unreviewed
frappe,The Condition '{0}' is invalid,,unreviewed
frappe,The File URL you've entered is incorrect,,unreviewed
frappe,The Next Scheduled Date cannot be later than the End Date.,,unreviewed
frappe,The Push Relay Server URL key (`push_relay_server_url`) is missing in your site config,,unreviewed
frappe,The User record for this request has been auto-deleted due to inactivity by system admins.,,unreviewed
frappe,The application name will be used in the Login page.,,unreviewed
frappe,"The browser API key obtained from the Google Cloud Console under <a href=\""https://console.cloud.google.com/apis/credentials\"">
""
""\""APIs &amp; Services\"" &gt; \""Credentials\""
""
""</a>",,unreviewed
frappe,The changes have been reverted.,,unreviewed
frappe,The contents of this email are strictly confidential. Please do not forward this email to anyone.,,unreviewed
frappe,The count shown is an estimated count. Click here to see the accurate count.,,unreviewed
frappe,The country's ISO 3166 ALPHA-2 code.,,unreviewed
frappe,"The document type selected is a child table, so the parent document type is required.",,unreviewed
frappe,The field {0} in {1} does not allow ignoring user permissions,,unreviewed
frappe,The field {0} in {1} links to {2} and not {3},,unreviewed
frappe,The field {0} is mandatory,,unreviewed
frappe,The fieldname you've specified in Attached To Field is invalid,,unreviewed
frappe,The following Assignment Days have been repeated: {0},,unreviewed
frappe,The following Header Script will add the current date to an element in 'Header HTML' with class 'header-content',,unreviewed
frappe,The following values are invalid: {0}. Values must be one of {1},,unreviewed
frappe,The following values do not exist for {0}: {1},,unreviewed
frappe,The limit has not set for the user type {0} in the site config file.,,unreviewed
frappe,The link will expire in {0} minutes,,unreviewed
frappe,The link you trying to login is invalid or expired.,,unreviewed
frappe,The next tour will start from where the user left off.,,unreviewed
frappe,The number of seconds until the request expires,,unreviewed
frappe,"The project number obtained from Google Cloud Console under <a href=\""https://console.cloud.google.com/iam-admin/settings\"">
""
""\""IAM &amp; Admin\"" &gt; \""Settings\""
""
""</a>",,unreviewed
frappe,The report you requested has been generated.<br><br>Click here to download:<br><a href='{0}'>{0}</a><br><br>This link will expire in {1} hours.,,unreviewed
frappe,The reset password link has been expired,,unreviewed
frappe,The reset password link has either been used before or is invalid,,unreviewed
frappe,The role {0} should be a custom role.,,unreviewed
frappe,The selected document {0} is not a {1}.,,unreviewed
frappe,The system is being updated. Please refresh again after a few moments.,,unreviewed
frappe,The system provides many pre-defined roles. You can add new roles to set finer permissions.,,unreviewed
frappe,The total number of user document types limit has been crossed.,,unreviewed
frappe,The value you pasted was {0} characters long. Max allowed characters is {1}.,,unreviewed
frappe,Theme Changed,,unreviewed
frappe,There are documents which have workflow states that do not exist in this Workflow. It is recommended that you add these states to the Workflow and change their states before removing these states.,,unreviewed
frappe,There are no upcoming events for you.,,unreviewed
frappe,"There are no {0} for this {1}, why don't you start one!",,unreviewed
frappe,There are {0} with the same filters already in the queue:,,unreviewed
frappe,There can be only 9 Page Break fields in a Web Form,,unreviewed
frappe,"There is no task called \""{}\""",,unreviewed
frappe,There is nothing new to show you right now.,,unreviewed
frappe,There is {0} with the same filters already in the queue:,,unreviewed
frappe,There were errors while sending email. Please try again.,,unreviewed
frappe,These announcements will appear inside a dismissible alert below the Navbar.,,unreviewed
frappe,"These fields are used to provide resource server metadata to clients querying the \""well known protected resource\"" end point.",,unreviewed
frappe,These settings are required if 'Custom' LDAP Directory is used,,unreviewed
frappe,This Month,,unreviewed
frappe,This PDF cannot be uploaded as it contains unsafe content.,,unreviewed
frappe,This Quarter,,unreviewed
frappe,This Week,,unreviewed
frappe,This Year,,unreviewed
frappe,This action is irreversible. Do you wish to continue?,,unreviewed
frappe,This card is visible only to Administrator and System Managers by default. Set a DocType to share with users who have read access.,,unreviewed
frappe,This doctype has no orphan fields to trim,,unreviewed
frappe,"This doctype has pending migrations, run 'bench migrate' before modifying the doctype to avoid losing changes.",,unreviewed
frappe,This document can not be deleted right now as it's being modified by another user. Please try again after some time.,,unreviewed
frappe,This document has already been queued for submission. You can track the progress over {0}.,,unreviewed
frappe,This document has unsaved changes which might not appear in final PDF. <br> Consider saving the document before printing.,,unreviewed
frappe,This document is currently locked and queued for execution. Please try again after some time.,,unreviewed
frappe,"This feature can not be used as dependencies are missing.
""
""\t\t\t\tPlease contact your system manager to enable this by installing pycups!",,unreviewed
frappe,This feature is brand new and still experimental,,unreviewed
frappe,"This field will appear only if the fieldname defined here has value OR the rules are true (examples):
""
""myfield
""
""eval:doc.myfield=='My Value'
""
""eval:doc.age&gt;18",,unreviewed
frappe,This file is attached to a protected document and cannot be deleted.,,unreviewed
frappe,"This file is public and can be accessed by anyone, even without logging in. Mark it private to limit access.",,unreviewed
frappe,This file is public. It can be accessed without authentication.,,unreviewed
frappe,This form is not editable due to a Workflow.,,unreviewed
frappe,This geolocation provider is not supported yet.,,unreviewed
frappe,This is a virtual doctype and data is cleared periodically.,,unreviewed
frappe,"This report contains {0} rows and is too big to display in browser, you can {1} this report instead.",,unreviewed
frappe,"This site is in read only mode, full functionality will be restored soon.",,unreviewed
frappe,This site is running in developer mode. Any change made here will be updated in code.,,unreviewed
frappe,This software is built on top of many open source packages.,,unreviewed
frappe,This value is fetched from {0}'s {1} field,,unreviewed
frappe,This value specifies the max number of rows that can be rendered in report view.,,unreviewed
frappe,This will reset this tour and show it to all users. Are you sure?,,unreviewed
frappe,"This will terminate the job immediately and might be dangerous, are you sure?",,unreviewed
frappe,Thursday,,unreviewed
frappe,Time Interval,,unreviewed
frappe,Time Taken,,unreviewed
frappe,Time Window (Seconds),,unreviewed
frappe,Time in Queries,,unreviewed
frappe,Timed Out,,unreviewed
frappe,Timeless Launchpad,,unreviewed
frappe,Timeless Night,,unreviewed
frappe,Timeline,,unreviewed
frappe,Timeout,,unreviewed
frappe,Timeout (In Seconds),,unreviewed
frappe,Tip: Try the new dropdown console using,,unreviewed
frappe,To Date,,unreviewed
frappe,"To add dynamic subject, use jinja tags like

""
""<div><pre><code>New {{ doc.doctype }} #{{ doc.name }}</code></pre></div>",,unreviewed
frappe,"To add dynamic values from the document, use jinja tags like

""
""<div>
""
""<pre><code>{ \""id\"": \""{{ doc.name }}\"" }</code>
""
""</pre>
""
""</div>",,unreviewed
frappe,To allow more reports update limit in System Settings.,,unreviewed
frappe,"To begin the date range at the start of the chosen period. For example, if 'Year' is selected as the period, the report will start from January 1st of the current year.",,unreviewed
frappe,"To enable server scripts, read the {0}.",,unreviewed
frappe,"To export this step as JSON, link it in a Onboarding document and save the document.",,unreviewed
frappe,To generate password click {0},,unreviewed
frappe,To know more click {0},,unreviewed
frappe,To print output use <code>print(text)</code>,,unreviewed
frappe,"To set the role {0} in the user {1}, kindly set the {2} field as {3} in one of the {4} record.",,unreviewed
frappe,"To use Google Indexing, enable <a href=\""/desk/google-settings\"">Google Settings</a>.",,unreviewed
frappe,"To use Slack Channel, add a <a href=\""#List/Slack%20Webhook%20URL/List\"">Slack Webhook URL</a>.",,unreviewed
frappe,To version,,unreviewed
frappe,Toggle Full Width,,unreviewed
frappe,Toggle Theme,,unreviewed
frappe,Token Cache,,unreviewed
frappe,Token Endpoint Auth Method,,unreviewed
frappe,Token Type,,unreviewed
frappe,Token URI,,unreviewed
frappe,Tomorrow,,unreviewed
frappe,Too Many Documents,,unreviewed
frappe,Too many changes to database in single action.,,unreviewed
frappe,Too many queued background jobs ({0}). Please retry after some time.,,unreviewed
frappe,Top 10,,unreviewed
frappe,Top Center,,unreviewed
frappe,Top Errors,,unreviewed
frappe,Top Left,,unreviewed
frappe,Top Right,,unreviewed
frappe,Total Background Workers,,unreviewed
frappe,Total Errors (last 1 day),,unreviewed
frappe,Total Images,,unreviewed
frappe,Total Outgoing Emails,,unreviewed
frappe,Total Users,,unreviewed
frappe,Total Working Time,,unreviewed
frappe,Total number of emails to sync in initial sync process,,unreviewed
frappe,Totals,,unreviewed
frappe,Trace ID,,unreviewed
frappe,Traceback,,unreviewed
frappe,Track Steps,,unreviewed
frappe,"Track if your email has been opened by the recipient.
""
""<br>
""
""Note: If you're sending to multiple recipients, even if 1 recipient reads the email, it'll be considered \""Opened\""",,unreviewed
frappe,Track milestones for any document,,unreviewed
frappe,Tracking URL generated and copied to clipboard,,unreviewed
frappe,Transgender,,unreviewed
frappe,Transition Properties,,unreviewed
frappe,Transition Tasks,,unreviewed
frappe,Translate Data,,unreviewed
frappe,Translate Link Fields,,unreviewed
frappe,Translate values,,unreviewed
frappe,Translator,,unreviewed
frappe,Trigger caching,,unreviewed
frappe,Trim Table,,unreviewed
frappe,Try Again,,unreviewed
frappe,Try a Naming Series,,unreviewed
frappe,Try the new Print Designer,,unreviewed
frappe,Tuesday,,unreviewed
frappe,Type a reply / comment,,unreviewed
frappe,Type title,,unreviewed
frappe,Type your reply here...,,unreviewed
frappe,UI Tour,,unreviewed
frappe,UIDNEXT,,unreviewed
frappe,UIDVALIDITY,,unreviewed
frappe,"URIs for receiving authorization code once the user allows access, as well as failure responses. Typically a REST endpoint exposed by the Client App.
""
""<br>e.g. http://hostname/api/method/frappe.integrations.oauth2_logins.login_via_facebook",,unreviewed
frappe,URL must start with http:// or https://,,unreviewed
frappe,URL of a human-readable page with info that developers might need.,,unreviewed
frappe,URL of a web page providing information about the client.,,unreviewed
frappe,URL of human-readable page with info about the protected resource's terms of service.,,unreviewed
frappe,URL of human-readable page with info on requirements about how the client can use the data.,,unreviewed
frappe,URL that points to a human-readable policy document for the client. Should be shown to end-user before authorizing.,,unreviewed
frappe,URL that points to a human-readable terms of service document for the client. Should be shown to end-user before authorizing.,,unreviewed
frappe,URL that references a logo for the client.,,unreviewed
frappe,UTM Campaign,,unreviewed
frappe,UTM Medium,,unreviewed
frappe,UTM Source,,unreviewed
frappe,UUID,,unreviewed
frappe,Un-following document {0},,unreviewed
frappe,Unable to send mail because of a missing email account. Please setup default Email Account from Settings > Email Account,,unreviewed
frappe,Uncaught Exception,,unreviewed
frappe,Undo,,unreviewed
frappe,Undo last action,,unreviewed
frappe,Unhandled Emails,,unreviewed
frappe,"Unique ID assigned by the client developer used to identify the client software to be dynamically registered.
""
""<br>
""
""<b>Should remain same</b> across multiple versions or updates of the software.",,unreviewed
frappe,Unknown,,unreviewed
frappe,Unknown Rounding Method: {},,unreviewed
frappe,Unknown file encoding. Tried to use: {0},,unreviewed
frappe,Unlock Reference Document,,unreviewed
frappe,Unpublish,,unreviewed
frappe,Unsafe SQL query,,unreviewed
frappe,Unselect All,,unreviewed
frappe,Unsubscribe Params,,unreviewed
frappe,Unsupported function or operator: {0},,unreviewed
frappe,Unsupported {0}: {1},,unreviewed
frappe,Update Amendment Naming,,unreviewed
frappe,Update Hooks Resolution Order,,unreviewed
frappe,Update Order,,unreviewed
frappe,Update Password,,unreviewed
frappe,Update Profile,,unreviewed
frappe,Update Series Counter,,unreviewed
frappe,Update from Frappe Cloud,,unreviewed
frappe,Update {0} records,,unreviewed
frappe,Updating Email Queue Statuses. The emails will be picked up in the next scheduled run.,,unreviewed
frappe,Updating counter may lead to document name conflicts if not done properly,,unreviewed
frappe,Updating global settings,,unreviewed
frappe,Updating naming series options,,unreviewed
frappe,Updating related fields...,,unreviewed
frappe,"Updating {0} of {1}, {2}",,unreviewed
frappe,Upgrade plan,,unreviewed
frappe,Upload Image,,unreviewed
frappe,Upload file,,unreviewed
frappe,Upload {0} files,,unreviewed
frappe,Use % for any non empty value.,,unreviewed
frappe,Use First Day of Period,,unreviewed
frappe,Use HTML,,unreviewed
frappe,Use Number Format from Currency,,unreviewed
frappe,Use STARTTLS,,unreviewed
frappe,Use a few uncommon words together.,,unreviewed
frappe,Use different Email ID,,unreviewed
frappe,Use if the default settings don't seem to detect your data correctly,,unreviewed
frappe,Use the new Print Format Builder,,unreviewed
frappe,"Use this, for example, if all sent emails should also be send to an archive.",,unreviewed
frappe,Used OAuth,,unreviewed
frappe,User Activity Report,,unreviewed
frappe,User Activity Report Without Sort,,unreviewed
frappe,User Changed,,unreviewed
frappe,User Details,,unreviewed
frappe,User Doctype Permissions,,unreviewed
frappe,User Document Type,,unreviewed
frappe,User Document Types Limit Exceeded,,unreviewed
frappe,User Group,,unreviewed
frappe,User Group Member,,unreviewed
frappe,User Id Field,,unreviewed
frappe,User Id Field is mandatory in the user type {0},,unreviewed
frappe,User Invitation,,unreviewed
frappe,User Menu,,unreviewed
frappe,User Permissions are used to limit users to specific records.,,unreviewed
frappe,User Permissions created successfully,,unreviewed
frappe,User Role,,unreviewed
frappe,User Role Profile,,unreviewed
frappe,User Select Document Type,,unreviewed
frappe,User Session Display,,unreviewed
frappe,User Settings,,unreviewed
frappe,User Type Module,,unreviewed
frappe,User does not exist.,,unreviewed
frappe,User does not have permission to create the new {0},,unreviewed
frappe,User is disabled,,unreviewed
frappe,User with email address {0} does not exist,,unreviewed
frappe,User with email: {0} does not exist in the system. Please ask 'System Administrator' to create the user for you.,,unreviewed
frappe,User {0} does not have the permission to create a Workspace.,,unreviewed
frappe,User {0} impersonated as {1},,unreviewed
frappe,User {0} is disabled,,unreviewed
frappe,User {0} is disabled. Please contact your System Manager.,,unreviewed
frappe,User {0} is not permitted to access this document.,,unreviewed
frappe,Userinfo URI,,unreviewed
frappe,Users are only able to delete attached files if the document is either in draft or if the document is canceled and they are also able to delete the document.,,unreviewed
frappe,Uses system's theme to switch between light and dark mode,,unreviewed
frappe,Utilization,,unreviewed
frappe,Utilization %,,unreviewed
frappe,Valid Login id required.,,unreviewed
frappe,Valid email and name required,,unreviewed
frappe,Validate Frappe Mail Settings,,unreviewed
frappe,Validate SSL Certificate,,unreviewed
frappe,Value,,unreviewed
frappe,Value Change,,unreviewed
frappe,"Value of \""None\"" implies a public client. In such a case Client Secret is not given to the client and token exchange makes use of PKCE.",,unreviewed
frappe,Values Changed,,unreviewed
frappe,Verification,,unreviewed
frappe,Verification Code,,unreviewed
frappe,Verification code email not sent. Please contact Administrator.,,unreviewed
frappe,Verifying...,,unreviewed
frappe,View Audit Trail,,unreviewed
frappe,View Doctype Permissions,,unreviewed
frappe,View File,,unreviewed
frappe,View Full Log,,unreviewed
frappe,View Sidebar,,unreviewed
frappe,View Switcher,,unreviewed
frappe,View all {0} users,,unreviewed
frappe,View your response,,unreviewed
frappe,Views,,unreviewed
frappe,Virtual,,unreviewed
frappe,Virtual DocType {} requires a static method called {} found {},,unreviewed
frappe,Virtual DocType {} requires overriding an instance method called {} found {},,unreviewed
frappe,Virtual tables must be virtual fields,,unreviewed
frappe,Visibility,,unreviewed
frappe,Visible to website/portal users.,,unreviewed
frappe,Visit Desktop,,unreviewed
frappe,Visitor ID,,unreviewed
frappe,Want to discuss?,,unreviewed
frappe,Warning,,unreviewed
frappe,Warning: DATA LOSS IMMINENT! Proceeding will permanently delete following database columns from doctype {0}:,,unreviewed
frappe,Warning: Naming is not set,,unreviewed
frappe,Warning: Updating counter may lead to document name conflicts if not done properly,,unreviewed
frappe,Warning: Usage of 'format:' is discouraged.,,unreviewed
frappe,Watch Tutorial,,unreviewed
frappe,Watch Video,,unreviewed
frappe,We do not allow editing of this document. Simply click the Edit button on the workspace page to make your workspace editable and customize it as you wish,,unreviewed
frappe,We would like to thank the authors of these packages for their contribution.,,unreviewed
frappe,We've received your query!,,unreviewed
frappe,Weak,,unreviewed
frappe,Web Form List Column,,unreviewed
frappe,Web Page URL,,unreviewed
frappe,Web Template is not specified,,unreviewed
frappe,Webhook,,unreviewed
frappe,Webhook Request Log,,unreviewed
frappe,Webhook Secret,,unreviewed
frappe,Webhook Trigger,,unreviewed
frappe,Webhook URL,,unreviewed
frappe,Website Manager,,unreviewed
frappe,Website Script,,unreviewed
frappe,Website Search Field,,unreviewed
frappe,Website Search Field must be a valid fieldname,,unreviewed
frappe,Website Settings,,unreviewed
frappe,Website Theme,,unreviewed
frappe,Website Theme image link,,unreviewed
frappe,Website Themes Available,,unreviewed
frappe,Website Visits,,unreviewed
frappe,Websocket,,unreviewed
frappe,Wednesday,,unreviewed
frappe,Weekly,,unreviewed
frappe,Welcome,,unreviewed
frappe,Welcome URL,,unreviewed
frappe,Welcome Workspace,,unreviewed
frappe,Welcome to {0},,unreviewed
frappe,What's New,,unreviewed
frappe,"When uploading files, force the use of the web-based image capture. If this is unchecked, the default behavior is to use the mobile native camera when use from a mobile is detected.",,unreviewed
frappe,"When you Amend a document after Cancel and save it, it will get a new number that is a version of the old number.",,unreviewed
frappe,Widths can be set in px or %.,,unreviewed
frappe,"Will add \""%\"" before and after the query",,unreviewed
frappe,Will run scheduled jobs only once a day for inactive sites. Set it to 0 to avoid automatically disabling the scheduler.,,unreviewed
frappe,Worker Information,,unreviewed
frappe,Worker Name,,unreviewed
frappe,Workflow Action,,unreviewed
frappe,Workflow Action Permitted Role,,unreviewed
frappe,Workflow Builder,,unreviewed
frappe,Workflow Builder ID,,unreviewed
frappe,Workflow Builder allows you to create workflows visually. You can drag and drop states and link them to create transitions. Also you can update their properties from the sidebar.,,unreviewed
frappe,Workflow Data,,unreviewed
frappe,Workflow Details,,unreviewed
frappe,Workflow State,,unreviewed
frappe,Workflow States Don't Exist,,unreviewed
frappe,Workflow Task,,unreviewed
frappe,Workflow Transition Task,,unreviewed
frappe,Workflow Transition Tasks,,unreviewed
frappe,Workflow state represents the current state of a document.,,unreviewed
frappe,Workflow updated successfully,,unreviewed
frappe,Workspace <b>{0}</b> does not exist,,unreviewed
frappe,Workspace Chart,,unreviewed
frappe,Workspace Custom Block,,unreviewed
frappe,Workspace Link,,unreviewed
frappe,Workspace Manager,,unreviewed
frappe,Workspace Number Card,,unreviewed
frappe,Workspace Quick List,,unreviewed
frappe,Workspace Settings,,unreviewed
frappe,Workspace Setup Completed,,unreviewed
frappe,Workspace Shortcut,,unreviewed
frappe,Workspace Sidebar,,unreviewed
frappe,Workspace Sidebar Item,,unreviewed
frappe,Workspace Visibility,,unreviewed
frappe,Workspace {0} created,,unreviewed
frappe,Workspaces,,unreviewed
frappe,Would you like to publish this comment? This means it will become visible to website/portal users.,,unreviewed
frappe,Would you like to unpublish this comment? This means it will no longer be visible to website/portal users.,,unreviewed
frappe,Wrapping up,,unreviewed
frappe,XLSX,,unreviewed
frappe,XMLHttpRequest Error,,unreviewed
frappe,Yandex.Mail,,unreviewed
frappe,Year,,unreviewed
frappe,Yearly,,unreviewed
frappe,Yellow,,unreviewed
frappe,Yesterday,,unreviewed
frappe,You Liked,,unreviewed
frappe,You added 1 row to {0},,unreviewed
frappe,You added {0} rows to {1},,unreviewed
frappe,"You are about to open an external link. To confirm, click the link again.",,unreviewed
frappe,You are impersonating as another user.,,unreviewed
frappe,You are not allowed to access this resource,,unreviewed
frappe,"You are not allowed to access this {0} record because it is linked to {1} '{2}' in row {3}, field {4}",,unreviewed
frappe,You are not allowed to edit the report.,,unreviewed
frappe,You are not permitted to access this page without login.,,unreviewed
frappe,You are not permitted to access this resource. Login to access,,unreviewed
frappe,"You are only allowed to update order, do not remove or add apps.",,unreviewed
frappe,"You are selecting Sync Option as ALL, It will resync all read as well as unread message from server. This may also cause the duplication of Communication (emails).",,unreviewed
frappe,You attached {0},,unreviewed
frappe,You can also access wkhtmltopdf variables (valid only in PDF print):,,unreviewed
frappe,You can also copy-paste following link in your browser,,unreviewed
frappe,You can also copy-paste this,,unreviewed
frappe,You can ask your team to resend the invitation if you'd still like to join.,,unreviewed
frappe,"You can change Submitted documents by cancelling them and then, amending them.",,unreviewed
frappe,You can change the retention policy from {0}.,,unreviewed
frappe,You can continue with the onboarding after exploring this page,,unreviewed
frappe,You can disable this {0} instead of deleting it.,,unreviewed
frappe,You can increase the limit from System Settings.,,unreviewed
frappe,You can manually remove the lock if you think it's safe: {},,unreviewed
frappe,You can only insert images in Markdown fields,,unreviewed
frappe,You can only print upto {0} documents at a time,,unreviewed
frappe,You can only set the 3 custom doctypes in the Document Types table.,,unreviewed
frappe,"You can only upload JPG, PNG, GIF, PDF, TXT, CSV or Microsoft documents.",,unreviewed
frappe,"You can select one from the following,",,unreviewed
frappe,You can set a high value here if multiple users will be logging in from the same network.,,unreviewed
frappe,You can use Customize Form to set levels on fields.,,unreviewed
frappe,You can use wildcard %,,unreviewed
frappe,You cancelled this document,,unreviewed
frappe,You cancelled this document {1},,unreviewed
frappe,You changed the value of {0},,unreviewed
frappe,You changed the value of {0} {1},,unreviewed
frappe,You changed the values for {0},,unreviewed
frappe,You changed the values for {0} {1},,unreviewed
frappe,You changed {0} to {1},,unreviewed
frappe,You created this,,unreviewed
frappe,You created this document {0},,unreviewed
frappe,You do not have Read or Select Permissions for {},,unreviewed
frappe,You do not have import permission for {0},,unreviewed
frappe,You do not have permission to access field: {0},,unreviewed
frappe,You do not have permission to access {0}: {1}.,,unreviewed
frappe,You don't have permission to access the {0} DocType.,,unreviewed
frappe,You have a new message from:,,unreviewed
frappe,You have hit the row size limit on database table: {0},,unreviewed
frappe,You have not entered a value. The field will be set to empty.,,unreviewed
frappe,You have to enable Two Factor Auth from System Settings.,,unreviewed
frappe,You haven't added any Dashboard Charts or Number Cards yet.,,unreviewed
frappe,You haven't created a {0} yet,,unreviewed
frappe,You hit the rate limit because of too many requests. Please try after sometime.,,unreviewed
frappe,You last edited this,,unreviewed
frappe,You must add atleast one link.,,unreviewed
frappe,You must be logged in to use this form.,,unreviewed
frappe,You need the '{0}' permission on {1} {2} to perform this action.,,unreviewed
frappe,You need to be Workspace Manager to delete a public workspace.,,unreviewed
frappe,You need to be Workspace Manager to edit this document,,unreviewed
frappe,You need to be a system user to access this page.,,unreviewed
frappe,You need to create these first:,,unreviewed
frappe,You need to select indexes you want to add first.,,unreviewed
frappe,You need to set one IMAP folder for {0},,unreviewed
frappe,You need write permission on {0} {1} to merge,,unreviewed
frappe,You need write permission on {0} {1} to rename,,unreviewed
frappe,You need {0} permission to fetch values from {1} {2},,unreviewed
frappe,You removed 1 row from {0},,unreviewed
frappe,You removed attachment {0},,unreviewed
frappe,You removed {0} rows from {1},,unreviewed
frappe,You seem to have written your name instead of your email. Please enter a valid email address so that we can get back.,,unreviewed
frappe,You submitted this document,,unreviewed
frappe,You submitted this document {0},,unreviewed
frappe,You viewed this,,unreviewed
frappe,You will be redirected to:,,unreviewed
frappe,You've been invited to join {0},,unreviewed
frappe,You've been invited to join {0}.,,unreviewed
frappe,You've logged in as another user from another tab. Refresh this page to continue using system.,,unreviewed
frappe,"Your CSV file is being generated and will appear in the Attachments section once ready. Additionally, you will get notified when the file is available for download.",,unreviewed
frappe,Your PDF is ready for download,,unreviewed
frappe,Your account has been deleted,,unreviewed
frappe,Your browser does not support the audio element.,,unreviewed
frappe,Your browser does not support the video element.,,unreviewed
frappe,Your exported report: {0},,unreviewed
frappe,Your form has been successfully updated,,unreviewed
frappe,Your invitation to join {0} has been cancelled by the site administrator.,,unreviewed
frappe,Your invitation to join {0} has expired.,,unreviewed
frappe,Your new password has been set successfully.,,unreviewed
frappe,Your old password is incorrect.,,unreviewed
frappe,Your report is being generated in the background. You will receive an email on {0} with a download link once it is ready.,,unreviewed
frappe,Your site is undergoing maintenance or being updated.,,unreviewed
frappe,Your verification code is {0},,unreviewed
frappe,[Action taken by {0}],,unreviewed
frappe,`as_iterator` only works with `as_list=True` or `as_dict=True`,,unreviewed
frappe,`job_id` paramater is required for deduplication.,,unreviewed
frappe,and,,unreviewed
frappe,ascending,,unreviewed
frappe,by Role,,unreviewed
frappe,cProfile Output,,unreviewed
frappe,chrome,,unreviewed
frappe,commented,,unreviewed
frappe,cyan,,unreviewed
frappe,dd.mm.yyyy,,unreviewed
frappe,deferred,,unreviewed
frappe,descending,,unreviewed
frappe,emacs,,unreviewed
frappe,email,,unreviewed
frappe,esc,,unreviewed
frappe,fairlogin,,unreviewed
frappe,gray,,unreviewed
frappe,grey,,unreviewed
frappe,gzip not found in PATH! This is required to take a backup.,,unreviewed
frappe,jane@example.com,,unreviewed
frappe,label,,unreviewed
frappe,light-blue,,unreviewed
frappe,login_required,,unreviewed
frappe,long,,unreviewed
frappe,macOS Launchpad,,unreviewed
frappe,nonce,,unreviewed
frappe,notified,,unreviewed
frappe,of,,unreviewed
frappe,on_cancel,,unreviewed
frappe,on_submit,,unreviewed
frappe,on_trash,,unreviewed
frappe,on_update,,unreviewed
frappe,on_update_after_submit,,unreviewed
frappe,or,,unreviewed
frappe,pink,,unreviewed
frappe,plain,,unreviewed
frappe,processlist,,unreviewed
frappe,s256,,unreviewed
frappe,short,,unreviewed
frappe,starting the setup...,,unreviewed
frappe,"string value, i.e. group",,unreviewed
frappe,"string value, i.e. member",,unreviewed
frappe,"string value, i.e. {0} or uid={0},ou=users,dc=example,dc=com",,unreviewed
frappe,this form,,unreviewed
frappe,this shouldn't break,,unreviewed
frappe,to close,,unreviewed
frappe,to navigate,,unreviewed
frappe,to select,,unreviewed
frappe,to your browser,,unreviewed
frappe,updated to {0},,unreviewed
frappe,use % as wildcard,,unreviewed
frappe,version_table,,unreviewed
frappe,via Auto Repeat,,unreviewed
frappe,via Google Meet,,unreviewed
frappe,vim,,unreviewed
frappe,vscode,,unreviewed
frappe,wants to access the following details from your account,,unreviewed
frappe,when clicked on element it will focus popover if present.,,unreviewed
frappe,wkhtmltopdf,,unreviewed
frappe,wkhtmltopdf 0.12.x (with patched qt).,,unreviewed
frappe,workflow_transition,,unreviewed
frappe,yyyy-mm-dd,,unreviewed
frappe,{0},,unreviewed
frappe,"{0} ${skip_list ? \""\"" : type}",,unreviewed
frappe,{0} ${type},,unreviewed
frappe,{0} ({1}),,unreviewed
frappe,{0} ({1}) - {2}%,,unreviewed
frappe,{0} = {1},,unreviewed
frappe,{0} Liked,,unreviewed
frappe,{0} List View Settings,,unreviewed
frappe,{0} Map,,unreviewed
frappe,{0} Not allowed to change {1} after submission from {2} to {3},,unreviewed
frappe,{0} Reports,,unreviewed
frappe,{0} added 1 row to {1},,unreviewed
frappe,{0} added {1} rows to {2},,unreviewed
frappe,{0} and {1},,unreviewed
frappe,{0} attached {1},,unreviewed
frappe,{0} can not be more than {1},,unreviewed
frappe,{0} cancelled this document,,unreviewed
frappe,{0} cancelled this document {1},,unreviewed
frappe,{0} cannot be amended because it is not cancelled. Please cancel the document before creating an amendment.,,unreviewed
frappe,{0} cannot be hidden and mandatory without any default value,,unreviewed
frappe,{0} changed the value of {1},,unreviewed
frappe,{0} changed the value of {1} {2},,unreviewed
frappe,{0} changed the values for {1},,unreviewed
frappe,{0} changed the values for {1} {2},,unreviewed
frappe,{0} changed {1} to {2},,unreviewed
frappe,"{0} contains an invalid Fetch From expression, Fetch From can't be self-referential.",,unreviewed
frappe,{0} created this,,unreviewed
frappe,{0} created this document {1},,unreviewed
frappe,{0} format could not be determined from the values in this column. Defaulting to {1}.,,unreviewed
frappe,{0} from {1} to {2},,unreviewed
frappe,{0} from {1} to {2} in row #{3},,unreviewed
frappe,{0} has invalid backtick notation: {1},,unreviewed
frappe,{0} if you are not redirected within {1} seconds,,unreviewed
frappe,{0} is a not a valid zip file,,unreviewed
frappe,{0} is between {1} and {2},,unreviewed
frappe,{0} is equal to {1},,unreviewed
frappe,{0} is greater than or equal to {1},,unreviewed
frappe,{0} is greater than {1},,unreviewed
frappe,{0} is less than or equal to {1},,unreviewed
frappe,{0} is less than {1},,unreviewed
frappe,{0} is like {1},,unreviewed
frappe,{0} is mandatory,,unreviewed
frappe,{0} is not a child table of {1},,unreviewed
frappe,{0} is not a field of doctype {1},,unreviewed
frappe,{0} is not a valid Calendar. Redirecting to default Calendar.,,unreviewed
frappe,{0} is not a valid Cron expression.,,unreviewed
frappe,{0} is not a valid ISO 3166 ALPHA-2 code.,,unreviewed
frappe,{0} is not a valid parent DocType for {1},,unreviewed
frappe,{0} is not a valid parentfield for {1},,unreviewed
frappe,{0} is not a zip file,,unreviewed
frappe,{0} is not an allowed role for {1},,unreviewed
frappe,{0} is not equal to {1},,unreviewed
frappe,{0} is not like {1},,unreviewed
frappe,{0} is not one of {1},,unreviewed
frappe,{0} is not set,,unreviewed
frappe,{0} is one of {1},,unreviewed
frappe,{0} is set,,unreviewed
frappe,{0} is within {1},,unreviewed
frappe,{0} just impersonated as you. They gave this reason: {1},,unreviewed
frappe,{0} last edited this,,unreviewed
frappe,{0} must be beginning with '{1}',,unreviewed
frappe,{0} must be equal to '{1}',,unreviewed
frappe,{0} must be none of {1},,unreviewed
frappe,{0} must be {1} {2},,unreviewed
frappe,"{0} must begin and end with a letter and can only contain letters, hyphen or underscore.",,unreviewed
frappe,{0} only.,,unreviewed
frappe,{0} records are not automatically deleted.,,unreviewed
frappe,{0} records are retained for {1} days.,,unreviewed
frappe,{0} removed 1 row from {1},,unreviewed
frappe,{0} removed attachment {1},,unreviewed
frappe,{0} removed their assignment.,,unreviewed
frappe,{0} removed {1} rows from {2},,unreviewed
frappe,{0} role does not have permission on any doctype,,unreviewed
frappe,{0} row #{1}:,,unreviewed
frappe,{0} rows from {1},,unreviewed
frappe,{0} rows to {1},,unreviewed
frappe,{0} should be indexed because it's referred in dashboard connections,,unreviewed
frappe,{0} submitted this document,,unreviewed
frappe,{0} submitted this document {1},,unreviewed
frappe,{0} viewed this,,unreviewed
frappe,{0} with the role <strong>{1}</strong>,,unreviewed
frappe,{0}: Other permission rules may also apply,,unreviewed
frappe,{0}: You can increase the limit for the field if required via {1},,unreviewed
frappe,{0}: fieldname cannot be set to reserved keyword {1},,unreviewed
frappe,{0}: {1},,unreviewed
frappe,{1} saved,,unreviewed
frappe,{count} cell copied,,unreviewed
frappe,{count} cells copied,,unreviewed
frappe,{count} row selected,,unreviewed
frappe,{count} rows selected,,unreviewed
frappe,{} Invalid python code on line {},,unreviewed
frappe,{} Possibly invalid python code. <br>{},,unreviewed
frappe,{} does not support automated log clearing.,,unreviewed
frappe,{} field cannot be empty.,,unreviewed
frappe,{} has been disabled. It can only be enabled if {} is checked.,,unreviewed
frappe,{} not found in PATH! This is required to access the console.,,unreviewed
frappe,{} not found in PATH! This is required to restore the database.,,unreviewed
frappe,{} not found in PATH! This is required to take a backup.,,unreviewed
frappe,← Back to upload files,,unreviewed
